ISO-10303-21;
HEADER;
/*Generated by software containing ST-Developer
 * from STEP Tools, Inc. (www.steptools.com) 
 */
/*OPTION: using custom renumber hook */
/*description */
/*implementation_level */
FILE_DESCRIPTION(('STEP AP242 Edition 2','STEP AP242 Edition 2''CAx-IF Rec.Pracs.---Representation and Presentation of Product Manufa
cturing Information (PMI)---4.0---2014-10-13','STEP AP242 Edition 2''CAx-IF Rec.Pracs.---Representation and Presentation of Product Manufa
cturing Information (PMI)---4.0---2014-10-13''CAx-IF Rec.Pracs.---3D Tessellated Geometry---0.4---2014-09-14','STEP AP242 Edition 2''CAx-IF Rec.Pracs.---Representation and Presentation of Product Manufa
cturing Information (PMI)---4.0---2014-10-13''CAx-IF Rec.Pracs.---3D Tessellated Geometry---0.4---2014-09-14''2;1','STEP AP242 Edition 2''CAx-IF Rec.Pracs.---Representation and Presentation of Product Manufa
cturing Information (PMI)---4.0---2014-10-13''CAx-IF Rec.Pracs.---3D Tessellated Geometry---0.4---2014-09-14''2;1''CAx-IF Rec.Pracs.---User Defined Attributes---1.5---2016-08-15'),'2;1');
/*name */
/*time_stamp */
/*author */
/*organization */
/*preprocessor_version */
/*originating_system */
/*authorisation */
FILE_NAME('/vol/tmp/translate-3489420181576779183/bracketDCmotorLtype - Part 1.step','2026-03-07T05:10:03',(''),(''),'ST-DEVELOPER v20','ONSHAPE BY PTC INC, 1.211','  ');
FILE_SCHEMA(('AP242_MANAGED_MODEL_BASED_3D_ENGINEERING_MIM_LF { 1 0 10303 442 3 1 4 }'));
ENDSEC;
DATA;
#10=SHAPE_REPRESENTATION_RELATIONSHIP('','',#718,#11);
#11=ADVANCED_BREP_SHAPE_REPRESENTATION('',(#716),#1202);
#12=VERTEX_LOOP('',#391);
#13=CONICAL_SURFACE('',#783,2.,1.02974425867665);
#14=CONICAL_SURFACE('',#793,3.,0.785398163397448);
#15=ELLIPSE('',#780,2.91654792185391,2.06231081319844);
#16=CIRCLE('',#722,7.125);
#17=CIRCLE('',#723,7.125);
#18=CIRCLE('',#725,3.);
#19=CIRCLE('',#726,4.875);
#20=CIRCLE('',#727,2.);
#21=CIRCLE('',#728,2.1);
#22=CIRCLE('',#729,1.5);
#23=CIRCLE('',#730,1.5);
#24=CIRCLE('',#731,1.5);
#25=CIRCLE('',#732,10.);
#26=CIRCLE('',#733,10.);
#27=CIRCLE('',#734,1.5);
#28=CIRCLE('',#735,7.125);
#29=CIRCLE('',#737,2.);
#30=CIRCLE('',#739,2.);
#31=CIRCLE('',#741,10.);
#32=CIRCLE('',#742,10.);
#33=CIRCLE('',#745,1.5);
#34=CIRCLE('',#746,1.5);
#35=CIRCLE('',#748,1.5);
#36=CIRCLE('',#749,1.5);
#37=CIRCLE('',#751,1.5);
#38=CIRCLE('',#752,1.5);
#39=CIRCLE('',#754,1.5);
#40=CIRCLE('',#755,1.5);
#41=CIRCLE('',#757,10.);
#42=CIRCLE('',#758,10.);
#43=CIRCLE('',#763,10.);
#44=CIRCLE('',#765,10.);
#45=CIRCLE('',#767,1.5);
#46=CIRCLE('',#769,7.125);
#47=CIRCLE('',#771,1.5);
#48=CIRCLE('',#773,1.5);
#49=CIRCLE('',#775,1.5);
#50=CIRCLE('',#778,2.1);
#51=CIRCLE('',#781,1.25);
#52=CIRCLE('',#782,2.5);
#53=CIRCLE('',#784,2.);
#54=CIRCLE('',#787,2.5);
#55=CIRCLE('',#789,4.875);
#56=CIRCLE('',#792,1.25);
#57=CIRCLE('',#799,2.06231081319844);
#58=CYLINDRICAL_SURFACE('',#721,7.125);
#59=CYLINDRICAL_SURFACE('',#740,10.);
#60=CYLINDRICAL_SURFACE('',#744,1.5);
#61=CYLINDRICAL_SURFACE('',#747,1.5);
#62=CYLINDRICAL_SURFACE('',#750,1.5);
#63=CYLINDRICAL_SURFACE('',#753,1.5);
#64=CYLINDRICAL_SURFACE('',#756,10.);
#65=CYLINDRICAL_SURFACE('',#762,10.);
#66=CYLINDRICAL_SURFACE('',#764,10.);
#67=CYLINDRICAL_SURFACE('',#766,1.5);
#68=CYLINDRICAL_SURFACE('',#768,7.125);
#69=CYLINDRICAL_SURFACE('',#770,1.5);
#70=CYLINDRICAL_SURFACE('',#772,1.5);
#71=CYLINDRICAL_SURFACE('',#774,1.5);
#72=CYLINDRICAL_SURFACE('',#776,2.);
#73=CYLINDRICAL_SURFACE('',#777,2.1);
#74=CYLINDRICAL_SURFACE('',#785,2.);
#75=CYLINDRICAL_SURFACE('',#786,2.5);
#76=CYLINDRICAL_SURFACE('',#790,4.875);
#77=CYLINDRICAL_SURFACE('',#791,1.25);
#78=CYLINDRICAL_SURFACE('',#800,2.06231081319844);
#79=ORIENTED_EDGE('',*,*,#247,.F.);
#80=ORIENTED_EDGE('',*,*,#248,.T.);
#81=ORIENTED_EDGE('',*,*,#249,.F.);
#82=ORIENTED_EDGE('',*,*,#250,.T.);
#83=ORIENTED_EDGE('',*,*,#251,.T.);
#84=ORIENTED_EDGE('',*,*,#252,.F.);
#85=ORIENTED_EDGE('',*,*,#253,.T.);
#86=ORIENTED_EDGE('',*,*,#254,.T.);
#87=ORIENTED_EDGE('',*,*,#255,.T.);
#88=ORIENTED_EDGE('',*,*,#256,.T.);
#89=ORIENTED_EDGE('',*,*,#257,.F.);
#90=ORIENTED_EDGE('',*,*,#258,.F.);
#91=ORIENTED_EDGE('',*,*,#259,.F.);
#92=ORIENTED_EDGE('',*,*,#251,.F.);
#93=ORIENTED_EDGE('',*,*,#260,.F.);
#94=ORIENTED_EDGE('',*,*,#261,.T.);
#95=ORIENTED_EDGE('',*,*,#262,.T.);
#96=ORIENTED_EDGE('',*,*,#263,.T.);
#97=ORIENTED_EDGE('',*,*,#264,.T.);
#98=ORIENTED_EDGE('',*,*,#265,.T.);
#99=ORIENTED_EDGE('',*,*,#266,.T.);
#100=ORIENTED_EDGE('',*,*,#267,.T.);
#101=ORIENTED_EDGE('',*,*,#268,.F.);
#102=ORIENTED_EDGE('',*,*,#269,.T.);
#103=ORIENTED_EDGE('',*,*,#249,.T.);
#104=ORIENTED_EDGE('',*,*,#270,.F.);
#105=ORIENTED_EDGE('',*,*,#271,.T.);
#106=ORIENTED_EDGE('',*,*,#272,.T.);
#107=ORIENTED_EDGE('',*,*,#273,.F.);
#108=ORIENTED_EDGE('',*,*,#274,.T.);
#109=ORIENTED_EDGE('',*,*,#268,.T.);
#110=ORIENTED_EDGE('',*,*,#275,.T.);
#111=ORIENTED_EDGE('',*,*,#276,.F.);
#112=ORIENTED_EDGE('',*,*,#277,.T.);
#113=ORIENTED_EDGE('',*,*,#278,.T.);
#114=ORIENTED_EDGE('',*,*,#279,.T.);
#115=ORIENTED_EDGE('',*,*,#280,.T.);
#116=ORIENTED_EDGE('',*,*,#281,.F.);
#117=ORIENTED_EDGE('',*,*,#282,.F.);
#118=ORIENTED_EDGE('',*,*,#283,.T.);
#119=ORIENTED_EDGE('',*,*,#266,.F.);
#120=ORIENTED_EDGE('',*,*,#284,.F.);
#121=ORIENTED_EDGE('',*,*,#285,.F.);
#122=ORIENTED_EDGE('',*,*,#286,.T.);
#123=ORIENTED_EDGE('',*,*,#281,.T.);
#124=ORIENTED_EDGE('',*,*,#287,.T.);
#125=ORIENTED_EDGE('',*,*,#288,.F.);
#126=ORIENTED_EDGE('',*,*,#289,.F.);
#127=ORIENTED_EDGE('',*,*,#285,.T.);
#128=ORIENTED_EDGE('',*,*,#290,.T.);
#129=ORIENTED_EDGE('',*,*,#291,.F.);
#130=ORIENTED_EDGE('',*,*,#292,.T.);
#131=ORIENTED_EDGE('',*,*,#293,.F.);
#132=ORIENTED_EDGE('',*,*,#294,.F.);
#133=ORIENTED_EDGE('',*,*,#295,.T.);
#134=ORIENTED_EDGE('',*,*,#296,.F.);
#135=ORIENTED_EDGE('',*,*,#297,.T.);
#136=ORIENTED_EDGE('',*,*,#298,.F.);
#137=ORIENTED_EDGE('',*,*,#277,.F.);
#138=ORIENTED_EDGE('',*,*,#299,.T.);
#139=ORIENTED_EDGE('',*,*,#288,.T.);
#140=ORIENTED_EDGE('',*,*,#296,.T.);
#141=ORIENTED_EDGE('',*,*,#294,.T.);
#142=ORIENTED_EDGE('',*,*,#292,.F.);
#143=ORIENTED_EDGE('',*,*,#290,.F.);
#144=ORIENTED_EDGE('',*,*,#276,.T.);
#145=ORIENTED_EDGE('',*,*,#300,.T.);
#146=ORIENTED_EDGE('',*,*,#282,.T.);
#147=ORIENTED_EDGE('',*,*,#286,.F.);
#148=ORIENTED_EDGE('',*,*,#289,.T.);
#149=ORIENTED_EDGE('',*,*,#299,.F.);
#150=ORIENTED_EDGE('',*,*,#297,.F.);
#151=ORIENTED_EDGE('',*,*,#295,.F.);
#152=ORIENTED_EDGE('',*,*,#293,.T.);
#153=ORIENTED_EDGE('',*,*,#291,.T.);
#154=ORIENTED_EDGE('',*,*,#280,.F.);
#155=ORIENTED_EDGE('',*,*,#301,.T.);
#156=ORIENTED_EDGE('',*,*,#272,.F.);
#157=ORIENTED_EDGE('',*,*,#298,.T.);
#158=ORIENTED_EDGE('',*,*,#287,.F.);
#159=ORIENTED_EDGE('',*,*,#284,.T.);
#160=ORIENTED_EDGE('',*,*,#264,.F.);
#161=ORIENTED_EDGE('',*,*,#302,.T.);
#162=ORIENTED_EDGE('',*,*,#303,.F.);
#163=ORIENTED_EDGE('',*,*,#304,.T.);
#164=ORIENTED_EDGE('',*,*,#269,.F.);
#165=ORIENTED_EDGE('',*,*,#274,.F.);
#166=ORIENTED_EDGE('',*,*,#305,.F.);
#167=ORIENTED_EDGE('',*,*,#250,.F.);
#168=ORIENTED_EDGE('',*,*,#304,.F.);
#169=ORIENTED_EDGE('',*,*,#306,.F.);
#170=ORIENTED_EDGE('',*,*,#278,.F.);
#171=ORIENTED_EDGE('',*,*,#265,.F.);
#172=ORIENTED_EDGE('',*,*,#270,.T.);
#173=ORIENTED_EDGE('',*,*,#307,.F.);
#174=ORIENTED_EDGE('',*,*,#271,.F.);
#175=ORIENTED_EDGE('',*,*,#308,.T.);
#176=ORIENTED_EDGE('',*,*,#259,.T.);
#177=ORIENTED_EDGE('',*,*,#309,.F.);
#178=ORIENTED_EDGE('',*,*,#258,.T.);
#179=ORIENTED_EDGE('',*,*,#310,.F.);
#180=ORIENTED_EDGE('',*,*,#257,.T.);
#181=ORIENTED_EDGE('',*,*,#311,.F.);
#182=ORIENTED_EDGE('',*,*,#275,.F.);
#183=ORIENTED_EDGE('',*,*,#267,.F.);
#184=ORIENTED_EDGE('',*,*,#283,.F.);
#185=ORIENTED_EDGE('',*,*,#300,.F.);
#186=ORIENTED_EDGE('',*,*,#256,.F.);
#187=ORIENTED_EDGE('',*,*,#312,.F.);
#188=ORIENTED_EDGE('',*,*,#313,.F.);
#189=ORIENTED_EDGE('',*,*,#314,.T.);
#190=ORIENTED_EDGE('',*,*,#315,.T.);
#191=ORIENTED_EDGE('',*,*,#312,.T.);
#192=ORIENTED_EDGE('',*,*,#311,.T.);
#193=ORIENTED_EDGE('',*,*,#310,.T.);
#194=ORIENTED_EDGE('',*,*,#309,.T.);
#195=ORIENTED_EDGE('',*,*,#273,.T.);
#196=ORIENTED_EDGE('',*,*,#301,.F.);
#197=ORIENTED_EDGE('',*,*,#279,.F.);
#198=ORIENTED_EDGE('',*,*,#306,.T.);
#199=ORIENTED_EDGE('',*,*,#303,.T.);
#200=ORIENTED_EDGE('',*,*,#316,.T.);
#201=ORIENTED_EDGE('',*,*,#317,.F.);
#202=ORIENTED_EDGE('',*,*,#318,.T.);
#203=ORIENTED_EDGE('',*,*,#319,.T.);
#204=ORIENTED_EDGE('',*,*,#247,.T.);
#205=ORIENTED_EDGE('',*,*,#305,.T.);
#206=ORIENTED_EDGE('',*,*,#307,.T.);
#207=ORIENTED_EDGE('',*,*,#308,.F.);
#208=ORIENTED_EDGE('',*,*,#320,.F.);
#209=ORIENTED_EDGE('',*,*,#320,.T.);
#210=ORIENTED_EDGE('',*,*,#255,.F.);
#211=ORIENTED_EDGE('',*,*,#315,.F.);
#212=ORIENTED_EDGE('',*,*,#321,.F.);
#213=ORIENTED_EDGE('',*,*,#321,.T.);
#214=ORIENTED_EDGE('',*,*,#322,.F.);
#215=ORIENTED_EDGE('',*,*,#322,.T.);
#216=ORIENTED_EDGE('',*,*,#254,.F.);
#217=ORIENTED_EDGE('',*,*,#314,.F.);
#218=ORIENTED_EDGE('',*,*,#323,.F.);
#219=ORIENTED_EDGE('',*,*,#323,.T.);
#220=ORIENTED_EDGE('',*,*,#253,.F.);
#221=ORIENTED_EDGE('',*,*,#252,.T.);
#222=ORIENTED_EDGE('',*,*,#324,.T.);
#223=ORIENTED_EDGE('',*,*,#325,.T.);
#224=ORIENTED_EDGE('',*,*,#260,.T.);
#225=ORIENTED_EDGE('',*,*,#248,.F.);
#226=ORIENTED_EDGE('',*,*,#319,.F.);
#227=ORIENTED_EDGE('',*,*,#317,.T.);
#228=ORIENTED_EDGE('',*,*,#326,.T.);
#229=ORIENTED_EDGE('',*,*,#262,.F.);
#230=ORIENTED_EDGE('',*,*,#327,.T.);
#231=ORIENTED_EDGE('',*,*,#328,.F.);
#232=ORIENTED_EDGE('',*,*,#328,.T.);
#233=ORIENTED_EDGE('',*,*,#329,.T.);
#234=ORIENTED_EDGE('',*,*,#324,.F.);
#235=ORIENTED_EDGE('',*,*,#318,.F.);
#236=ORIENTED_EDGE('',*,*,#330,.F.);
#237=ORIENTED_EDGE('',*,*,#325,.F.);
#238=ORIENTED_EDGE('',*,*,#329,.F.);
#239=ORIENTED_EDGE('',*,*,#327,.F.);
#240=ORIENTED_EDGE('',*,*,#261,.F.);
#241=ORIENTED_EDGE('',*,*,#313,.T.);
#242=ORIENTED_EDGE('',*,*,#330,.T.);
#243=ORIENTED_EDGE('',*,*,#316,.F.);
#244=ORIENTED_EDGE('',*,*,#302,.F.);
#245=ORIENTED_EDGE('',*,*,#263,.F.);
#246=ORIENTED_EDGE('',*,*,#326,.F.);
#247=EDGE_CURVE('',#331,#332,#399,.T.);
#248=EDGE_CURVE('',#331,#333,#400,.T.);
#249=EDGE_CURVE('',#334,#333,#401,.T.);
#250=EDGE_CURVE('',#334,#332,#402,.T.);
#251=EDGE_CURVE('',#335,#335,#16,.T.);
#252=EDGE_CURVE('',#336,#336,#17,.F.);
#253=EDGE_CURVE('',#337,#337,#18,.T.);
#254=EDGE_CURVE('',#338,#338,#19,.T.);
#255=EDGE_CURVE('',#339,#339,#20,.T.);
#256=EDGE_CURVE('',#340,#340,#21,.T.);
#257=EDGE_CURVE('',#341,#341,#22,.T.);
#258=EDGE_CURVE('',#342,#342,#23,.T.);
#259=EDGE_CURVE('',#343,#343,#24,.T.);
#260=EDGE_CURVE('',#344,#333,#403,.T.);
#261=EDGE_CURVE('',#344,#345,#404,.T.);
#262=EDGE_CURVE('',#345,#346,#405,.T.);
#263=EDGE_CURVE('',#346,#347,#406,.T.);
#264=EDGE_CURVE('',#347,#348,#407,.T.);
#265=EDGE_CURVE('',#348,#349,#25,.T.);
#266=EDGE_CURVE('',#349,#350,#408,.T.);
#267=EDGE_CURVE('',#350,#351,#409,.F.);
#268=EDGE_CURVE('',#352,#351,#410,.T.);
#269=EDGE_CURVE('',#352,#334,#26,.T.);
#270=EDGE_CURVE('',#353,#353,#27,.T.);
#271=EDGE_CURVE('',#354,#354,#28,.T.);
#272=EDGE_CURVE('',#355,#356,#411,.T.);
#273=EDGE_CURVE('',#357,#356,#412,.T.);
#274=EDGE_CURVE('',#357,#352,#413,.F.);
#275=EDGE_CURVE('',#351,#358,#29,.T.);
#276=EDGE_CURVE('',#359,#358,#414,.T.);
#277=EDGE_CURVE('',#359,#355,#415,.T.);
#278=EDGE_CURVE('',#349,#360,#416,.F.);
#279=EDGE_CURVE('',#360,#361,#417,.T.);
#280=EDGE_CURVE('',#361,#362,#418,.T.);
#281=EDGE_CURVE('',#363,#362,#419,.T.);
#282=EDGE_CURVE('',#364,#363,#420,.T.);
#283=EDGE_CURVE('',#364,#350,#30,.T.);
#284=EDGE_CURVE('',#365,#362,#31,.F.);
#285=EDGE_CURVE('',#366,#365,#421,.T.);
#286=EDGE_CURVE('',#366,#363,#32,.F.);
#287=EDGE_CURVE('',#365,#367,#422,.T.);
#288=EDGE_CURVE('',#368,#367,#423,.T.);
#289=EDGE_CURVE('',#366,#368,#424,.T.);
#290=EDGE_CURVE('',#369,#369,#33,.T.);
#291=EDGE_CURVE('',#370,#370,#34,.T.);
#292=EDGE_CURVE('',#371,#371,#35,.T.);
#293=EDGE_CURVE('',#372,#372,#36,.T.);
#294=EDGE_CURVE('',#373,#373,#37,.F.);
#295=EDGE_CURVE('',#374,#374,#38,.F.);
#296=EDGE_CURVE('',#375,#375,#39,.F.);
#297=EDGE_CURVE('',#376,#376,#40,.F.);
#298=EDGE_CURVE('',#355,#367,#41,.F.);
#299=EDGE_CURVE('',#359,#368,#42,.F.);
#300=EDGE_CURVE('',#358,#364,#425,.T.);
#301=EDGE_CURVE('',#361,#356,#426,.T.);
#302=EDGE_CURVE('',#347,#377,#427,.T.);
#303=EDGE_CURVE('',#378,#377,#428,.T.);
#304=EDGE_CURVE('',#378,#348,#429,.T.);
#305=EDGE_CURVE('',#332,#357,#43,.T.);
#306=EDGE_CURVE('',#360,#378,#44,.T.);
#307=EDGE_CURVE('',#379,#379,#45,.T.);
#308=EDGE_CURVE('',#380,#380,#46,.T.);
#309=EDGE_CURVE('',#381,#381,#47,.T.);
#310=EDGE_CURVE('',#382,#382,#48,.T.);
#311=EDGE_CURVE('',#383,#383,#49,.T.);
#312=EDGE_CURVE('',#384,#384,#50,.F.);
#313=EDGE_CURVE('',#385,#385,#15,.T.);
#314=EDGE_CURVE('',#386,#386,#51,.F.);
#315=EDGE_CURVE('',#387,#387,#52,.F.);
#316=EDGE_CURVE('',#377,#388,#430,.T.);
#317=EDGE_CURVE('',#389,#388,#431,.T.);
#318=EDGE_CURVE('',#389,#390,#432,.T.);
#319=EDGE_CURVE('',#390,#331,#433,.T.);
#320=EDGE_CURVE('',#392,#392,#53,.T.);
#321=EDGE_CURVE('',#393,#393,#54,.T.);
#322=EDGE_CURVE('',#394,#394,#55,.T.);
#323=EDGE_CURVE('',#395,#395,#56,.T.);
#324=EDGE_CURVE('',#390,#396,#434,.T.);
#325=EDGE_CURVE('',#396,#344,#435,.F.);
#326=EDGE_CURVE('',#388,#346,#436,.T.);
#327=EDGE_CURVE('',#345,#397,#437,.F.);
#328=EDGE_CURVE('',#389,#397,#438,.T.);
#329=EDGE_CURVE('',#397,#396,#439,.T.);
#330=EDGE_CURVE('',#398,#398,#57,.T.);
#331=VERTEX_POINT('',#1012);
#332=VERTEX_POINT('',#1013);
#333=VERTEX_POINT('',#1015);
#334=VERTEX_POINT('',#1017);
#335=VERTEX_POINT('',#1021);
#336=VERTEX_POINT('',#1023);
#337=VERTEX_POINT('',#1026);
#338=VERTEX_POINT('',#1028);
#339=VERTEX_POINT('',#1030);
#340=VERTEX_POINT('',#1032);
#341=VERTEX_POINT('',#1034);
#342=VERTEX_POINT('',#1036);
#343=VERTEX_POINT('',#1038);
#344=VERTEX_POINT('',#1040);
#345=VERTEX_POINT('',#1042);
#346=VERTEX_POINT('',#1044);
#347=VERTEX_POINT('',#1046);
#348=VERTEX_POINT('',#1048);
#349=VERTEX_POINT('',#1050);
#350=VERTEX_POINT('',#1052);
#351=VERTEX_POINT('',#1054);
#352=VERTEX_POINT('',#1056);
#353=VERTEX_POINT('',#1059);
#354=VERTEX_POINT('',#1061);
#355=VERTEX_POINT('',#1064);
#356=VERTEX_POINT('',#1065);
#357=VERTEX_POINT('',#1067);
#358=VERTEX_POINT('',#1070);
#359=VERTEX_POINT('',#1072);
#360=VERTEX_POINT('',#1076);
#361=VERTEX_POINT('',#1078);
#362=VERTEX_POINT('',#1080);
#363=VERTEX_POINT('',#1082);
#364=VERTEX_POINT('',#1084);
#365=VERTEX_POINT('',#1088);
#366=VERTEX_POINT('',#1090);
#367=VERTEX_POINT('',#1094);
#368=VERTEX_POINT('',#1096);
#369=VERTEX_POINT('',#1100);
#370=VERTEX_POINT('',#1102);
#371=VERTEX_POINT('',#1105);
#372=VERTEX_POINT('',#1107);
#373=VERTEX_POINT('',#1110);
#374=VERTEX_POINT('',#1112);
#375=VERTEX_POINT('',#1115);
#376=VERTEX_POINT('',#1117);
#377=VERTEX_POINT('',#1127);
#378=VERTEX_POINT('',#1129);
#379=VERTEX_POINT('',#1137);
#380=VERTEX_POINT('',#1140);
#381=VERTEX_POINT('',#1143);
#382=VERTEX_POINT('',#1146);
#383=VERTEX_POINT('',#1149);
#384=VERTEX_POINT('',#1153);
#385=VERTEX_POINT('',#1156);
#386=VERTEX_POINT('',#1158);
#387=VERTEX_POINT('',#1160);
#388=VERTEX_POINT('',#1162);
#389=VERTEX_POINT('',#1164);
#390=VERTEX_POINT('',#1166);
#391=VERTEX_POINT('',#1169);
#392=VERTEX_POINT('',#1171);
#393=VERTEX_POINT('',#1175);
#394=VERTEX_POINT('',#1178);
#395=VERTEX_POINT('',#1182);
#396=VERTEX_POINT('',#1187);
#397=VERTEX_POINT('',#1192);
#398=VERTEX_POINT('',#1198);
#399=LINE('',#1011,#440);
#400=LINE('',#1014,#441);
#401=LINE('',#1016,#442);
#402=LINE('',#1018,#443);
#403=LINE('',#1039,#444);
#404=LINE('',#1041,#445);
#405=LINE('',#1043,#446);
#406=LINE('',#1045,#447);
#407=LINE('',#1047,#448);
#408=LINE('',#1051,#449);
#409=LINE('',#1053,#450);
#410=LINE('',#1055,#451);
#411=LINE('',#1063,#452);
#412=LINE('',#1066,#453);
#413=LINE('',#1068,#454);
#414=LINE('',#1071,#455);
#415=LINE('',#1073,#456);
#416=LINE('',#1075,#457);
#417=LINE('',#1077,#458);
#418=LINE('',#1079,#459);
#419=LINE('',#1081,#460);
#420=LINE('',#1083,#461);
#421=LINE('',#1089,#462);
#422=LINE('',#1093,#463);
#423=LINE('',#1095,#464);
#424=LINE('',#1097,#465);
#425=LINE('',#1122,#466);
#426=LINE('',#1124,#467);
#427=LINE('',#1126,#468);
#428=LINE('',#1128,#469);
#429=LINE('',#1130,#470);
#430=LINE('',#1161,#471);
#431=LINE('',#1163,#472);
#432=LINE('',#1165,#473);
#433=LINE('',#1167,#474);
#434=LINE('',#1186,#475);
#435=LINE('',#1188,#476);
#436=LINE('',#1190,#477);
#437=LINE('',#1191,#478);
#438=LINE('',#1193,#479);
#439=LINE('',#1195,#480);
#440=VECTOR('',#806,1000.);
#441=VECTOR('',#807,1000.);
#442=VECTOR('',#808,1000.);
#443=VECTOR('',#809,1000.);
#444=VECTOR('',#832,1000.);
#445=VECTOR('',#833,1000.);
#446=VECTOR('',#834,1000.);
#447=VECTOR('',#835,1000.);
#448=VECTOR('',#836,1000.);
#449=VECTOR('',#839,1000.);
#450=VECTOR('',#840,1000.);
#451=VECTOR('',#841,1000.);
#452=VECTOR('',#850,1000.);
#453=VECTOR('',#851,1000.);
#454=VECTOR('',#852,1000.);
#455=VECTOR('',#855,1000.);
#456=VECTOR('',#856,1000.);
#457=VECTOR('',#859,1000.);
#458=VECTOR('',#860,1000.);
#459=VECTOR('',#861,1000.);
#460=VECTOR('',#862,1000.);
#461=VECTOR('',#863,1000.);
#462=VECTOR('',#870,1000.);
#463=VECTOR('',#875,1000.);
#464=VECTOR('',#876,1000.);
#465=VECTOR('',#877,1000.);
#466=VECTOR('',#910,1000.);
#467=VECTOR('',#913,1000.);
#468=VECTOR('',#916,1000.);
#469=VECTOR('',#917,1000.);
#470=VECTOR('',#918,1000.);
#471=VECTOR('',#961,1000.);
#472=VECTOR('',#962,1000.);
#473=VECTOR('',#963,1000.);
#474=VECTOR('',#964,1000.);
#475=VECTOR('',#991,1000.);
#476=VECTOR('',#992,1000.);
#477=VECTOR('',#995,1000.);
#478=VECTOR('',#996,1000.);
#479=VECTOR('',#997,1000.);
#480=VECTOR('',#1000,1000.);
#481=EDGE_LOOP('',(#79,#80,#81,#82));
#482=EDGE_LOOP('',(#83));
#483=EDGE_LOOP('',(#84));
#484=EDGE_LOOP('',(#85));
#485=EDGE_LOOP('',(#86));
#486=EDGE_LOOP('',(#87));
#487=EDGE_LOOP('',(#88));
#488=EDGE_LOOP('',(#89));
#489=EDGE_LOOP('',(#90));
#490=EDGE_LOOP('',(#91));
#491=EDGE_LOOP('',(#92));
#492=EDGE_LOOP('',(#93,#94,#95,#96,#97,#98,#99,#100,#101,#102,#103));
#493=EDGE_LOOP('',(#104));
#494=EDGE_LOOP('',(#105));
#495=EDGE_LOOP('',(#106,#107,#108,#109,#110,#111,#112));
#496=EDGE_LOOP('',(#113,#114,#115,#116,#117,#118,#119));
#497=EDGE_LOOP('',(#120,#121,#122,#123));
#498=EDGE_LOOP('',(#124,#125,#126,#127));
#499=EDGE_LOOP('',(#128));
#500=EDGE_LOOP('',(#129));
#501=EDGE_LOOP('',(#130));
#502=EDGE_LOOP('',(#131));
#503=EDGE_LOOP('',(#132));
#504=EDGE_LOOP('',(#133));
#505=EDGE_LOOP('',(#134));
#506=EDGE_LOOP('',(#135));
#507=EDGE_LOOP('',(#136,#137,#138,#139));
#508=EDGE_LOOP('',(#140));
#509=EDGE_LOOP('',(#141));
#510=EDGE_LOOP('',(#142));
#511=EDGE_LOOP('',(#143));
#512=EDGE_LOOP('',(#144,#145,#146,#147,#148,#149));
#513=EDGE_LOOP('',(#150));
#514=EDGE_LOOP('',(#151));
#515=EDGE_LOOP('',(#152));
#516=EDGE_LOOP('',(#153));
#517=EDGE_LOOP('',(#154,#155,#156,#157,#158,#159));
#518=EDGE_LOOP('',(#160,#161,#162,#163));
#519=EDGE_LOOP('',(#164,#165,#166,#167));
#520=EDGE_LOOP('',(#168,#169,#170,#171));
#521=EDGE_LOOP('',(#172));
#522=EDGE_LOOP('',(#173));
#523=EDGE_LOOP('',(#174));
#524=EDGE_LOOP('',(#175));
#525=EDGE_LOOP('',(#176));
#526=EDGE_LOOP('',(#177));
#527=EDGE_LOOP('',(#178));
#528=EDGE_LOOP('',(#179));
#529=EDGE_LOOP('',(#180));
#530=EDGE_LOOP('',(#181));
#531=EDGE_LOOP('',(#182,#183,#184,#185));
#532=EDGE_LOOP('',(#186));
#533=EDGE_LOOP('',(#187));
#534=EDGE_LOOP('',(#188));
#535=EDGE_LOOP('',(#189));
#536=EDGE_LOOP('',(#190));
#537=EDGE_LOOP('',(#191));
#538=EDGE_LOOP('',(#192));
#539=EDGE_LOOP('',(#193));
#540=EDGE_LOOP('',(#194));
#541=EDGE_LOOP('',(#195,#196,#197,#198,#199,#200,#201,#202,#203,#204,#205));
#542=EDGE_LOOP('',(#206));
#543=EDGE_LOOP('',(#207));
#544=EDGE_LOOP('',(#208));
#545=EDGE_LOOP('',(#209));
#546=EDGE_LOOP('',(#210));
#547=EDGE_LOOP('',(#211));
#548=EDGE_LOOP('',(#212));
#549=EDGE_LOOP('',(#213));
#550=EDGE_LOOP('',(#214));
#551=EDGE_LOOP('',(#215));
#552=EDGE_LOOP('',(#216));
#553=EDGE_LOOP('',(#217));
#554=EDGE_LOOP('',(#218));
#555=EDGE_LOOP('',(#219));
#556=EDGE_LOOP('',(#220));
#557=EDGE_LOOP('',(#221));
#558=EDGE_LOOP('',(#222,#223,#224,#225,#226));
#559=EDGE_LOOP('',(#227,#228,#229,#230,#231));
#560=EDGE_LOOP('',(#232,#233,#234,#235));
#561=EDGE_LOOP('',(#236));
#562=EDGE_LOOP('',(#237,#238,#239,#240));
#563=EDGE_LOOP('',(#241));
#564=EDGE_LOOP('',(#242));
#565=EDGE_LOOP('',(#243,#244,#245,#246));
#566=FACE_BOUND('',#481,.T.);
#567=FACE_BOUND('',#482,.T.);
#568=FACE_BOUND('',#483,.T.);
#569=FACE_BOUND('',#484,.T.);
#570=FACE_BOUND('',#485,.T.);
#571=FACE_BOUND('',#486,.T.);
#572=FACE_BOUND('',#487,.T.);
#573=FACE_BOUND('',#488,.T.);
#574=FACE_BOUND('',#489,.T.);
#575=FACE_BOUND('',#490,.T.);
#576=FACE_BOUND('',#491,.T.);
#577=FACE_BOUND('',#492,.T.);
#578=FACE_BOUND('',#493,.T.);
#579=FACE_BOUND('',#494,.T.);
#580=FACE_BOUND('',#495,.T.);
#581=FACE_BOUND('',#496,.T.);
#582=FACE_BOUND('',#497,.T.);
#583=FACE_BOUND('',#498,.T.);
#584=FACE_BOUND('',#499,.T.);
#585=FACE_BOUND('',#500,.T.);
#586=FACE_BOUND('',#501,.T.);
#587=FACE_BOUND('',#502,.T.);
#588=FACE_BOUND('',#503,.T.);
#589=FACE_BOUND('',#504,.T.);
#590=FACE_BOUND('',#505,.T.);
#591=FACE_BOUND('',#506,.T.);
#592=FACE_BOUND('',#507,.T.);
#593=FACE_BOUND('',#508,.T.);
#594=FACE_BOUND('',#509,.T.);
#595=FACE_BOUND('',#510,.T.);
#596=FACE_BOUND('',#511,.T.);
#597=FACE_BOUND('',#512,.T.);
#598=FACE_BOUND('',#513,.T.);
#599=FACE_BOUND('',#514,.T.);
#600=FACE_BOUND('',#515,.T.);
#601=FACE_BOUND('',#516,.T.);
#602=FACE_BOUND('',#517,.T.);
#603=FACE_BOUND('',#518,.T.);
#604=FACE_BOUND('',#519,.T.);
#605=FACE_BOUND('',#520,.T.);
#606=FACE_BOUND('',#521,.T.);
#607=FACE_BOUND('',#522,.T.);
#608=FACE_BOUND('',#523,.T.);
#609=FACE_BOUND('',#524,.T.);
#610=FACE_BOUND('',#525,.T.);
#611=FACE_BOUND('',#526,.T.);
#612=FACE_BOUND('',#527,.T.);
#613=FACE_BOUND('',#528,.T.);
#614=FACE_BOUND('',#529,.T.);
#615=FACE_BOUND('',#530,.T.);
#616=FACE_BOUND('',#531,.T.);
#617=FACE_BOUND('',#532,.T.);
#618=FACE_BOUND('',#533,.T.);
#619=FACE_BOUND('',#534,.T.);
#620=FACE_BOUND('',#535,.T.);
#621=FACE_BOUND('',#536,.T.);
#622=FACE_BOUND('',#537,.T.);
#623=FACE_BOUND('',#538,.T.);
#624=FACE_BOUND('',#539,.T.);
#625=FACE_BOUND('',#540,.T.);
#626=FACE_BOUND('',#541,.T.);
#627=FACE_BOUND('',#542,.T.);
#628=FACE_BOUND('',#543,.T.);
#629=FACE_BOUND('',#12,.T.);
#630=FACE_BOUND('',#544,.T.);
#631=FACE_BOUND('',#545,.T.);
#632=FACE_BOUND('',#546,.T.);
#633=FACE_BOUND('',#547,.T.);
#634=FACE_BOUND('',#548,.T.);
#635=FACE_BOUND('',#549,.T.);
#636=FACE_BOUND('',#550,.T.);
#637=FACE_BOUND('',#551,.T.);
#638=FACE_BOUND('',#552,.T.);
#639=FACE_BOUND('',#553,.T.);
#640=FACE_BOUND('',#554,.T.);
#641=FACE_BOUND('',#555,.T.);
#642=FACE_BOUND('',#556,.T.);
#643=FACE_BOUND('',#557,.T.);
#644=FACE_BOUND('',#558,.T.);
#645=FACE_BOUND('',#559,.T.);
#646=FACE_BOUND('',#560,.T.);
#647=FACE_BOUND('',#561,.T.);
#648=FACE_BOUND('',#562,.T.);
#649=FACE_BOUND('',#563,.T.);
#650=FACE_BOUND('',#564,.T.);
#651=FACE_BOUND('',#565,.T.);
#652=PLANE('',#720);
#653=PLANE('',#724);
#654=PLANE('',#736);
#655=PLANE('',#738);
#656=PLANE('',#743);
#657=PLANE('',#759);
#658=PLANE('',#760);
#659=PLANE('',#761);
#660=PLANE('',#779);
#661=PLANE('',#788);
#662=PLANE('',#794);
#663=PLANE('',#795);
#664=PLANE('',#796);
#665=PLANE('',#797);
#666=PLANE('',#798);
#667=PLANE('',#801);
#668=ADVANCED_FACE('',(#566),#652,.T.);
#669=ADVANCED_FACE('',(#567,#568),#58,.F.);
#670=ADVANCED_FACE('',(#569,#570,#571,#572,#573,#574,#575,#576,#577,#578,#579),#653,.T.);
#671=ADVANCED_FACE('',(#580),#654,.F.);
#672=ADVANCED_FACE('',(#581),#655,.F.);
#673=ADVANCED_FACE('',(#582),#59,.T.);
#674=ADVANCED_FACE('',(#583),#656,.F.);
#675=ADVANCED_FACE('',(#584,#585),#60,.F.);
#676=ADVANCED_FACE('',(#586,#587),#61,.F.);
#677=ADVANCED_FACE('',(#588,#589),#62,.F.);
#678=ADVANCED_FACE('',(#590,#591),#63,.F.);
#679=ADVANCED_FACE('',(#592),#64,.T.);
#680=ADVANCED_FACE('',(#593,#594,#595,#596,#597),#657,.T.);
#681=ADVANCED_FACE('',(#598,#599,#600,#601,#602),#658,.F.);
#682=ADVANCED_FACE('',(#603),#659,.T.);
#683=ADVANCED_FACE('',(#604),#65,.T.);
#684=ADVANCED_FACE('',(#605),#66,.T.);
#685=ADVANCED_FACE('',(#606,#607),#67,.F.);
#686=ADVANCED_FACE('',(#608,#609),#68,.F.);
#687=ADVANCED_FACE('',(#610,#611),#69,.F.);
#688=ADVANCED_FACE('',(#612,#613),#70,.F.);
#689=ADVANCED_FACE('',(#614,#615),#71,.F.);
#690=ADVANCED_FACE('',(#616),#72,.F.);
#691=ADVANCED_FACE('',(#617,#618),#73,.F.);
#692=ADVANCED_FACE('',(#619,#620,#621,#622,#623,#624,#625,#626,#627,#628),#660,.T.);
#693=ADVANCED_FACE('',(#629,#630),#13,.F.);
#694=ADVANCED_FACE('',(#631,#632),#74,.F.);
#695=ADVANCED_FACE('',(#633,#634),#75,.F.);
#696=ADVANCED_FACE('',(#635,#636),#661,.T.);
#697=ADVANCED_FACE('',(#637,#638),#76,.F.);
#698=ADVANCED_FACE('',(#639,#640),#77,.F.);
#699=ADVANCED_FACE('',(#641,#642),#14,.F.);
#700=ADVANCED_FACE('',(#643),#662,.F.);
#701=ADVANCED_FACE('',(#644),#663,.T.);
#702=ADVANCED_FACE('',(#645),#664,.F.);
#703=ADVANCED_FACE('',(#646),#665,.T.);
#704=ADVANCED_FACE('',(#647,#648),#666,.F.);
#705=ADVANCED_FACE('',(#649,#650),#78,.F.);
#706=ADVANCED_FACE('',(#651),#667,.F.);
#707=CLOSED_SHELL('',(#668,#669,#670,#671,#672,#673,#674,#675,#676,#677,#678,#679,#680,#681,#682,#683,#684,#685,#686,#687,#688,#689,#690,#691,#692,#693,#694,#695,#696,#697,#698,#699,#700,#701,#702,#703,#704,#705,#706));
#708=STYLED_ITEM('',(#709),#716);
#709=PRESENTATION_STYLE_ASSIGNMENT((#710));
#710=SURFACE_STYLE_USAGE(.BOTH.,#711);
#711=SURFACE_SIDE_STYLE('',(#712));
#712=SURFACE_STYLE_FILL_AREA(#713);
#713=FILL_AREA_STYLE('',(#714));
#714=FILL_AREA_STYLE_COLOUR('',#715);
#715=COLOUR_RGB('',0.796078431372549,0.823529411764706,0.937254901960784);
#716=MANIFOLD_SOLID_BREP('Part 1',#707);
#717=SHAPE_DEFINITION_REPRESENTATION(#1207,#718);
#718=SHAPE_REPRESENTATION('Part 1',(#719),#1202);
#719=AXIS2_PLACEMENT_3D('',#1009,#802,#803);
#720=AXIS2_PLACEMENT_3D('',#1010,#804,#805);
#721=AXIS2_PLACEMENT_3D('',#1019,#810,#811);
#722=AXIS2_PLACEMENT_3D('',#1020,#812,#813);
#723=AXIS2_PLACEMENT_3D('',#1022,#814,#815);
#724=AXIS2_PLACEMENT_3D('',#1024,#816,#817);
#725=AXIS2_PLACEMENT_3D('',#1025,#818,#819);
#726=AXIS2_PLACEMENT_3D('',#1027,#820,#821);
#727=AXIS2_PLACEMENT_3D('',#1029,#822,#823);
#728=AXIS2_PLACEMENT_3D('',#1031,#824,#825);
#729=AXIS2_PLACEMENT_3D('',#1033,#826,#827);
#730=AXIS2_PLACEMENT_3D('',#1035,#828,#829);
#731=AXIS2_PLACEMENT_3D('',#1037,#830,#831);
#732=AXIS2_PLACEMENT_3D('',#1049,#837,#838);
#733=AXIS2_PLACEMENT_3D('',#1057,#842,#843);
#734=AXIS2_PLACEMENT_3D('',#1058,#844,#845);
#735=AXIS2_PLACEMENT_3D('',#1060,#846,#847);
#736=AXIS2_PLACEMENT_3D('',#1062,#848,#849);
#737=AXIS2_PLACEMENT_3D('',#1069,#853,#854);
#738=AXIS2_PLACEMENT_3D('',#1074,#857,#858);
#739=AXIS2_PLACEMENT_3D('',#1085,#864,#865);
#740=AXIS2_PLACEMENT_3D('',#1086,#866,#867);
#741=AXIS2_PLACEMENT_3D('',#1087,#868,#869);
#742=AXIS2_PLACEMENT_3D('',#1091,#871,#872);
#743=AXIS2_PLACEMENT_3D('',#1092,#873,#874);
#744=AXIS2_PLACEMENT_3D('',#1098,#878,#879);
#745=AXIS2_PLACEMENT_3D('',#1099,#880,#881);
#746=AXIS2_PLACEMENT_3D('',#1101,#882,#883);
#747=AXIS2_PLACEMENT_3D('',#1103,#884,#885);
#748=AXIS2_PLACEMENT_3D('',#1104,#886,#887);
#749=AXIS2_PLACEMENT_3D('',#1106,#888,#889);
#750=AXIS2_PLACEMENT_3D('',#1108,#890,#891);
#751=AXIS2_PLACEMENT_3D('',#1109,#892,#893);
#752=AXIS2_PLACEMENT_3D('',#1111,#894,#895);
#753=AXIS2_PLACEMENT_3D('',#1113,#896,#897);
#754=AXIS2_PLACEMENT_3D('',#1114,#898,#899);
#755=AXIS2_PLACEMENT_3D('',#1116,#900,#901);
#756=AXIS2_PLACEMENT_3D('',#1118,#902,#903);
#757=AXIS2_PLACEMENT_3D('',#1119,#904,#905);
#758=AXIS2_PLACEMENT_3D('',#1120,#906,#907);
#759=AXIS2_PLACEMENT_3D('',#1121,#908,#909);
#760=AXIS2_PLACEMENT_3D('',#1123,#911,#912);
#761=AXIS2_PLACEMENT_3D('',#1125,#914,#915);
#762=AXIS2_PLACEMENT_3D('',#1131,#919,#920);
#763=AXIS2_PLACEMENT_3D('',#1132,#921,#922);
#764=AXIS2_PLACEMENT_3D('',#1133,#923,#924);
#765=AXIS2_PLACEMENT_3D('',#1134,#925,#926);
#766=AXIS2_PLACEMENT_3D('',#1135,#927,#928);
#767=AXIS2_PLACEMENT_3D('',#1136,#929,#930);
#768=AXIS2_PLACEMENT_3D('',#1138,#931,#932);
#769=AXIS2_PLACEMENT_3D('',#1139,#933,#934);
#770=AXIS2_PLACEMENT_3D('',#1141,#935,#936);
#771=AXIS2_PLACEMENT_3D('',#1142,#937,#938);
#772=AXIS2_PLACEMENT_3D('',#1144,#939,#940);
#773=AXIS2_PLACEMENT_3D('',#1145,#941,#942);
#774=AXIS2_PLACEMENT_3D('',#1147,#943,#944);
#775=AXIS2_PLACEMENT_3D('',#1148,#945,#946);
#776=AXIS2_PLACEMENT_3D('',#1150,#947,#948);
#777=AXIS2_PLACEMENT_3D('',#1151,#949,#950);
#778=AXIS2_PLACEMENT_3D('',#1152,#951,#952);
#779=AXIS2_PLACEMENT_3D('',#1154,#953,#954);
#780=AXIS2_PLACEMENT_3D('',#1155,#955,#956);
#781=AXIS2_PLACEMENT_3D('',#1157,#957,#958);
#782=AXIS2_PLACEMENT_3D('',#1159,#959,#960);
#783=AXIS2_PLACEMENT_3D('',#1168,#965,#966);
#784=AXIS2_PLACEMENT_3D('',#1170,#967,#968);
#785=AXIS2_PLACEMENT_3D('',#1172,#969,#970);
#786=AXIS2_PLACEMENT_3D('',#1173,#971,#972);
#787=AXIS2_PLACEMENT_3D('',#1174,#973,#974);
#788=AXIS2_PLACEMENT_3D('',#1176,#975,#976);
#789=AXIS2_PLACEMENT_3D('',#1177,#977,#978);
#790=AXIS2_PLACEMENT_3D('',#1179,#979,#980);
#791=AXIS2_PLACEMENT_3D('',#1180,#981,#982);
#792=AXIS2_PLACEMENT_3D('',#1181,#983,#984);
#793=AXIS2_PLACEMENT_3D('',#1183,#985,#986);
#794=AXIS2_PLACEMENT_3D('',#1184,#987,#988);
#795=AXIS2_PLACEMENT_3D('',#1185,#989,#990);
#796=AXIS2_PLACEMENT_3D('',#1189,#993,#994);
#797=AXIS2_PLACEMENT_3D('',#1194,#998,#999);
#798=AXIS2_PLACEMENT_3D('',#1196,#1001,#1002);
#799=AXIS2_PLACEMENT_3D('',#1197,#1003,#1004);
#800=AXIS2_PLACEMENT_3D('',#1199,#1005,#1006);
#801=AXIS2_PLACEMENT_3D('',#1200,#1007,#1008);
#802=DIRECTION('',(0.,0.,1.));
#803=DIRECTION('',(1.,0.,0.));
#804=DIRECTION('',(0.,1.,0.));
#805=DIRECTION('',(0.,0.,1.));
#806=DIRECTION('',(1.,0.,-1.83697019872103E-16));
#807=DIRECTION('',(0.,0.,1.));
#808=DIRECTION('',(-1.,0.,0.));
#809=DIRECTION('',(0.,0.,-1.));
#810=DIRECTION('',(0.,0.,1.));
#811=DIRECTION('',(1.,0.,0.));
#812=DIRECTION('',(0.,0.,1.));
#813=DIRECTION('',(1.,0.,0.));
#814=DIRECTION('',(-1.83697019872103E-16,0.,-1.));
#815=DIRECTION('',(-1.,0.,1.83697019872103E-16));
#816=DIRECTION('',(0.,0.,1.));
#817=DIRECTION('',(1.,0.,0.));
#818=DIRECTION('',(0.,0.,-1.));
#819=DIRECTION('',(-1.,0.,0.));
#820=DIRECTION('',(0.,0.,-1.));
#821=DIRECTION('',(-1.,0.,0.));
#822=DIRECTION('',(0.,0.,-1.));
#823=DIRECTION('',(-1.,0.,0.));
#824=DIRECTION('',(0.,0.,-1.));
#825=DIRECTION('',(-1.,0.,0.));
#826=DIRECTION('',(0.,0.,1.));
#827=DIRECTION('',(1.,0.,0.));
#828=DIRECTION('',(0.,0.,1.));
#829=DIRECTION('',(1.,0.,0.));
#830=DIRECTION('',(0.,0.,1.));
#831=DIRECTION('',(1.,0.,0.));
#832=DIRECTION('',(0.,-1.,0.));
#833=DIRECTION('',(-1.,0.,0.));
#834=DIRECTION('',(0.,-1.,0.));
#835=DIRECTION('',(-0.707106781186547,-0.707106781186548,0.));
#836=DIRECTION('',(-1.,0.,0.));
#837=DIRECTION('',(0.,0.,1.));
#838=DIRECTION('',(1.,0.,0.));
#839=DIRECTION('',(0.,-1.,0.));
#840=DIRECTION('',(-1.,0.,0.));
#841=DIRECTION('',(0.,-1.,0.));
#842=DIRECTION('',(0.,0.,1.));
#843=DIRECTION('',(1.,0.,0.));
#844=DIRECTION('',(0.,0.,1.));
#845=DIRECTION('',(1.,0.,0.));
#846=DIRECTION('',(0.,0.,-1.));
#847=DIRECTION('',(-1.,0.,0.));
#848=DIRECTION('',(-1.,0.,0.));
#849=DIRECTION('',(0.,0.,1.));
#850=DIRECTION('',(0.,0.,-1.));
#851=DIRECTION('',(0.,-1.,0.));
#852=DIRECTION('',(0.,0.,-1.));
#853=DIRECTION('',(-1.,0.,0.));
#854=DIRECTION('',(0.,0.,1.));
#855=DIRECTION('',(0.,0.,-1.));
#856=DIRECTION('',(0.,-1.,0.));
#857=DIRECTION('',(1.,0.,0.));
#858=DIRECTION('',(0.,0.,-1.));
#859=DIRECTION('',(0.,0.,1.));
#860=DIRECTION('',(0.,-1.,0.));
#861=DIRECTION('',(0.,0.,1.));
#862=DIRECTION('',(0.,-1.,0.));
#863=DIRECTION('',(0.,0.,1.));
#864=DIRECTION('',(1.,0.,0.));
#865=DIRECTION('',(0.,0.,-1.));
#866=DIRECTION('',(0.,-1.,0.));
#867=DIRECTION('',(0.,0.,-1.));
#868=DIRECTION('',(0.,1.,0.));
#869=DIRECTION('',(0.,0.,1.));
#870=DIRECTION('',(0.,-1.,0.));
#871=DIRECTION('',(0.,1.,0.));
#872=DIRECTION('',(0.,0.,1.));
#873=DIRECTION('',(0.,0.,-1.));
#874=DIRECTION('',(-1.,0.,0.));
#875=DIRECTION('',(1.,0.,0.));
#876=DIRECTION('',(0.,-1.,0.));
#877=DIRECTION('',(1.,0.,0.));
#878=DIRECTION('',(0.,-1.,0.));
#879=DIRECTION('',(0.,0.,-1.));
#880=DIRECTION('',(0.,1.,0.));
#881=DIRECTION('',(0.,0.,1.));
#882=DIRECTION('',(0.,1.,0.));
#883=DIRECTION('',(0.,0.,1.));
#884=DIRECTION('',(0.,-1.,0.));
#885=DIRECTION('',(0.,0.,-1.));
#886=DIRECTION('',(0.,1.,0.));
#887=DIRECTION('',(0.,0.,1.));
#888=DIRECTION('',(0.,1.,0.));
#889=DIRECTION('',(0.,0.,1.));
#890=DIRECTION('',(0.,-1.,0.));
#891=DIRECTION('',(0.,0.,-1.));
#892=DIRECTION('',(0.,1.,0.));
#893=DIRECTION('',(0.,0.,1.));
#894=DIRECTION('',(0.,1.,0.));
#895=DIRECTION('',(0.,0.,1.));
#896=DIRECTION('',(0.,-1.,0.));
#897=DIRECTION('',(0.,0.,-1.));
#898=DIRECTION('',(0.,1.,0.));
#899=DIRECTION('',(0.,0.,1.));
#900=DIRECTION('',(0.,1.,0.));
#901=DIRECTION('',(0.,0.,1.));
#902=DIRECTION('',(0.,-1.,0.));
#903=DIRECTION('',(0.,0.,-1.));
#904=DIRECTION('',(0.,1.,0.));
#905=DIRECTION('',(0.,0.,1.));
#906=DIRECTION('',(0.,1.,0.));
#907=DIRECTION('',(0.,0.,1.));
#908=DIRECTION('',(0.,1.,0.));
#909=DIRECTION('',(0.,0.,1.));
#910=DIRECTION('',(-1.,0.,0.));
#911=DIRECTION('',(0.,1.,0.));
#912=DIRECTION('',(0.,0.,1.));
#913=DIRECTION('',(1.,0.,0.));
#914=DIRECTION('',(0.,1.,0.));
#915=DIRECTION('',(0.,0.,1.));
#916=DIRECTION('',(0.,0.,-1.));
#917=DIRECTION('',(1.,0.,-1.83697019872103E-16));
#918=DIRECTION('',(0.,0.,1.));
#919=DIRECTION('',(0.,0.,1.));
#920=DIRECTION('',(1.,0.,0.));
#921=DIRECTION('',(-1.83697019872103E-16,0.,-1.));
#922=DIRECTION('',(-1.,0.,1.83697019872103E-16));
#923=DIRECTION('',(0.,0.,-1.));
#924=DIRECTION('',(-1.,0.,0.));
#925=DIRECTION('',(-1.83697019872103E-16,0.,-1.));
#926=DIRECTION('',(-1.,0.,1.83697019872103E-16));
#927=DIRECTION('',(0.,0.,1.));
#928=DIRECTION('',(1.,0.,0.));
#929=DIRECTION('',(0.,0.,1.));
#930=DIRECTION('',(1.,0.,0.));
#931=DIRECTION('',(0.,0.,1.));
#932=DIRECTION('',(1.,0.,0.));
#933=DIRECTION('',(0.,0.,-1.));
#934=DIRECTION('',(-1.,0.,0.));
#935=DIRECTION('',(0.,0.,1.));
#936=DIRECTION('',(1.,0.,0.));
#937=DIRECTION('',(0.,0.,1.));
#938=DIRECTION('',(1.,0.,0.));
#939=DIRECTION('',(0.,0.,1.));
#940=DIRECTION('',(1.,0.,0.));
#941=DIRECTION('',(0.,0.,1.));
#942=DIRECTION('',(1.,0.,0.));
#943=DIRECTION('',(0.,0.,1.));
#944=DIRECTION('',(1.,0.,0.));
#945=DIRECTION('',(0.,0.,1.));
#946=DIRECTION('',(1.,0.,0.));
#947=DIRECTION('',(1.,0.,0.));
#948=DIRECTION('',(0.,0.,-1.));
#949=DIRECTION('',(0.,0.,-1.));
#950=DIRECTION('',(-1.,0.,0.));
#951=DIRECTION('',(-1.83697019872103E-16,0.,-1.));
#952=DIRECTION('',(-1.,0.,1.83697019872103E-16));
#953=DIRECTION('',(-1.83697019872103E-16,0.,-1.));
#954=DIRECTION('',(-1.,0.,1.83697019872103E-16));
#955=DIRECTION('',(-1.83697019872103E-16,0.,-1.));
#956=DIRECTION('',(-1.83697019872103E-16,1.,3.37445951098918E-32));
#957=DIRECTION('',(-1.83697019872103E-16,0.,-1.));
#958=DIRECTION('',(-1.,0.,1.83697019872103E-16));
#959=DIRECTION('',(-1.83697019872103E-16,0.,-1.));
#960=DIRECTION('',(-1.,0.,1.83697019872103E-16));
#961=DIRECTION('',(0.707106781186547,0.707106781186548,-1.29893408435324E-16));
#962=DIRECTION('',(0.,-1.,0.));
#963=DIRECTION('',(1.,0.,-1.83697019872103E-16));
#964=DIRECTION('',(0.,-1.,0.));
#965=DIRECTION('',(0.,0.,1.));
#966=DIRECTION('',(1.,0.,0.));
#967=DIRECTION('',(0.,0.,-1.));
#968=DIRECTION('',(-1.,0.,0.));
#969=DIRECTION('',(0.,0.,-1.));
#970=DIRECTION('',(-1.,0.,0.));
#971=DIRECTION('',(0.,0.,-1.));
#972=DIRECTION('',(-1.,0.,0.));
#973=DIRECTION('',(0.,0.,-1.));
#974=DIRECTION('',(-1.,0.,0.));
#975=DIRECTION('',(0.,0.,1.));
#976=DIRECTION('',(1.,0.,0.));
#977=DIRECTION('',(0.,0.,-1.));
#978=DIRECTION('',(-1.,0.,0.));
#979=DIRECTION('',(0.,0.,-1.));
#980=DIRECTION('',(-1.,0.,0.));
#981=DIRECTION('',(0.,0.,-1.));
#982=DIRECTION('',(-1.,0.,0.));
#983=DIRECTION('',(0.,0.,-1.));
#984=DIRECTION('',(-1.,0.,0.));
#985=DIRECTION('',(0.,0.,1.));
#986=DIRECTION('',(1.,0.,0.));
#987=DIRECTION('',(-1.83697019872103E-16,0.,-1.));
#988=DIRECTION('',(1.,0.,-1.83697019872103E-16));
#989=DIRECTION('',(1.,0.,0.));
#990=DIRECTION('',(0.,0.,-1.));
#991=DIRECTION('',(0.,0.,1.));
#992=DIRECTION('',(0.,0.707106781186547,-0.707106781186548));
#993=DIRECTION('',(1.,0.,0.));
#994=DIRECTION('',(0.,0.,-1.));
#995=DIRECTION('',(0.,0.,1.));
#996=DIRECTION('',(0.,-0.707106781186547,0.707106781186548));
#997=DIRECTION('',(0.,0.,1.));
#998=DIRECTION('',(0.,1.,0.));
#999=DIRECTION('',(-1.,0.,0.));
#1000=DIRECTION('',(1.,0.,0.));
#1001=DIRECTION('',(0.,-0.707106781186548,-0.707106781186547));
#1002=DIRECTION('',(-1.,0.,0.));
#1003=DIRECTION('',(0.,0.707106781186548,0.707106781186547));
#1004=DIRECTION('',(0.,-0.707106781186547,0.707106781186548));
#1005=DIRECTION('',(0.,0.707106781186548,0.707106781186547));
#1006=DIRECTION('',(0.,-0.707106781186547,0.707106781186548));
#1007=DIRECTION('',(0.707106781186548,-0.707106781186547,0.));
#1008=DIRECTION('',(0.,0.,1.));
#1009=CARTESIAN_POINT('',(0.,0.,0.));
#1010=CARTESIAN_POINT('',(0.,42.,0.));
#1011=CARTESIAN_POINT('',(-9.18485099360516E-16,42.,-5.));
#1012=CARTESIAN_POINT('',(10.4356458041236,42.,-5.));
#1013=CARTESIAN_POINT('',(22.2,42.,-5.));
#1014=CARTESIAN_POINT('',(10.4356458041236,42.,-1.5));
#1015=CARTESIAN_POINT('',(10.4356458041236,42.,2.));
#1016=CARTESIAN_POINT('',(0.,42.,2.));
#1017=CARTESIAN_POINT('',(22.2,42.,2.));
#1018=CARTESIAN_POINT('',(22.2,42.,-1.18300880797634E-14));
#1019=CARTESIAN_POINT('',(-19.25,22.,-1.17093834628434E-14));
#1020=CARTESIAN_POINT('',(-19.25,22.,2.));
#1021=CARTESIAN_POINT('',(-12.125,22.,2.));
#1022=CARTESIAN_POINT('',(-19.25,22.,-2.));
#1023=CARTESIAN_POINT('',(-26.375,22.,-2.));
#1024=CARTESIAN_POINT('',(0.,42.,2.));
#1025=CARTESIAN_POINT('',(-12.245359313857,10.1679062416305,2.));
#1026=CARTESIAN_POINT('',(-15.245359313857,10.1679062416305,2.));
#1027=CARTESIAN_POINT('',(5.02294499707619,9.93189097794979,2.));
#1028=CARTESIAN_POINT('',(0.14794499707619,9.93189097794979,2.));
#1029=CARTESIAN_POINT('',(0.,33.4015230524705,2.));
#1030=CARTESIAN_POINT('',(-2.,33.4015230524705,2.));
#1031=CARTESIAN_POINT('',(0.,21.4799920969807,2.));
#1032=CARTESIAN_POINT('',(-2.1,21.4799920969807,2.));
#1033=CARTESIAN_POINT('',(25.,9.75,2.));
#1034=CARTESIAN_POINT('',(26.5,9.75,2.));
#1035=CARTESIAN_POINT('',(-24.9999999999997,9.75,2.));
#1036=CARTESIAN_POINT('',(-23.4999999999997,9.75,2.));
#1037=CARTESIAN_POINT('',(-25.,36.25,2.));
#1038=CARTESIAN_POINT('',(-23.5,36.25,2.));
#1039=CARTESIAN_POINT('',(10.4356458041236,67.,2.));
#1040=CARTESIAN_POINT('',(10.4356458041236,62.,2.));
#1041=CARTESIAN_POINT('',(0.,62.,2.));
#1042=CARTESIAN_POINT('',(-8.91540837510273,62.,2.));
#1043=CARTESIAN_POINT('',(-8.91540837510273,67.,2.));
#1044=CARTESIAN_POINT('',(-8.91540837510273,45.,2.));
#1045=CARTESIAN_POINT('',(-8.91540837510273,45.,2.));
#1046=CARTESIAN_POINT('',(-11.9154083751027,42.,2.));
#1047=CARTESIAN_POINT('',(0.,42.,2.));
#1048=CARTESIAN_POINT('',(-22.2,42.,2.));
#1049=CARTESIAN_POINT('',(-22.2,32.,2.));
#1050=CARTESIAN_POINT('',(-32.2,32.,2.));
#1051=CARTESIAN_POINT('',(-32.2,42.,2.));
#1052=CARTESIAN_POINT('',(-32.2,4.,2.));
#1053=CARTESIAN_POINT('',(32.2,4.,2.));
#1054=CARTESIAN_POINT('',(32.2,4.,2.));
#1055=CARTESIAN_POINT('',(32.2,42.,2.));
#1056=CARTESIAN_POINT('',(32.2,32.,2.));
#1057=CARTESIAN_POINT('',(22.2,32.,2.));
#1058=CARTESIAN_POINT('',(25.,36.25,2.));
#1059=CARTESIAN_POINT('',(26.5,36.25,2.));
#1060=CARTESIAN_POINT('',(19.25,22.,2.));
#1061=CARTESIAN_POINT('',(12.125,22.,2.));
#1062=CARTESIAN_POINT('',(32.2,2.,0.));
#1063=CARTESIAN_POINT('',(32.2,0.,0.));
#1064=CARTESIAN_POINT('',(32.2,0.,10.));
#1065=CARTESIAN_POINT('',(32.2,0.,-5.));
#1066=CARTESIAN_POINT('',(32.2,42.,-5.));
#1067=CARTESIAN_POINT('',(32.2,32.,-5.));
#1068=CARTESIAN_POINT('',(32.2,32.,2.));
#1069=CARTESIAN_POINT('',(32.2,4.,4.));
#1070=CARTESIAN_POINT('',(32.2,2.,4.));
#1071=CARTESIAN_POINT('',(32.2,2.,0.));
#1072=CARTESIAN_POINT('',(32.2,2.,10.));
#1073=CARTESIAN_POINT('',(32.2,2.,10.));
#1074=CARTESIAN_POINT('',(-32.2,2.,0.));
#1075=CARTESIAN_POINT('',(-32.2,32.,0.));
#1076=CARTESIAN_POINT('',(-32.2,32.,-5.));
#1077=CARTESIAN_POINT('',(-32.2,42.,-5.));
#1078=CARTESIAN_POINT('',(-32.2,0.,-5.));
#1079=CARTESIAN_POINT('',(-32.2,0.,0.));
#1080=CARTESIAN_POINT('',(-32.2,0.,10.));
#1081=CARTESIAN_POINT('',(-32.2,2.,10.));
#1082=CARTESIAN_POINT('',(-32.2,2.,10.));
#1083=CARTESIAN_POINT('',(-32.2,2.,0.));
#1084=CARTESIAN_POINT('',(-32.2,2.,4.));
#1085=CARTESIAN_POINT('',(-32.2,4.,4.));
#1086=CARTESIAN_POINT('',(-22.2,2.,10.));
#1087=CARTESIAN_POINT('',(-22.2,0.,10.));
#1088=CARTESIAN_POINT('',(-22.2,0.,20.));
#1089=CARTESIAN_POINT('',(-22.2,2.,20.));
#1090=CARTESIAN_POINT('',(-22.2,2.,20.));
#1091=CARTESIAN_POINT('',(-22.2,2.,10.));
#1092=CARTESIAN_POINT('',(0.,2.,20.));
#1093=CARTESIAN_POINT('',(0.,0.,20.));
#1094=CARTESIAN_POINT('',(22.2,0.,20.));
#1095=CARTESIAN_POINT('',(22.2,2.,20.));
#1096=CARTESIAN_POINT('',(22.2,2.,20.));
#1097=CARTESIAN_POINT('',(0.,2.,20.));
#1098=CARTESIAN_POINT('',(15.,2.,16.5));
#1099=CARTESIAN_POINT('',(15.,2.,16.5));
#1100=CARTESIAN_POINT('',(15.,2.,18.));
#1101=CARTESIAN_POINT('',(15.,0.,16.5));
#1102=CARTESIAN_POINT('',(15.,0.,18.));
#1103=CARTESIAN_POINT('',(29.,2.,9.));
#1104=CARTESIAN_POINT('',(29.,2.,9.));
#1105=CARTESIAN_POINT('',(29.,2.,10.5));
#1106=CARTESIAN_POINT('',(29.,0.,9.));
#1107=CARTESIAN_POINT('',(29.,0.,10.5));
#1108=CARTESIAN_POINT('',(-29.,2.,9.));
#1109=CARTESIAN_POINT('',(-29.,2.,9.));
#1110=CARTESIAN_POINT('',(-29.,2.,10.5));
#1111=CARTESIAN_POINT('',(-29.,0.,9.));
#1112=CARTESIAN_POINT('',(-29.,0.,10.5));
#1113=CARTESIAN_POINT('',(-15.,2.,16.5));
#1114=CARTESIAN_POINT('',(-15.,2.,16.5));
#1115=CARTESIAN_POINT('',(-15.,2.,18.));
#1116=CARTESIAN_POINT('',(-15.,0.,16.5));
#1117=CARTESIAN_POINT('',(-15.,0.,18.));
#1118=CARTESIAN_POINT('',(22.2,2.,10.));
#1119=CARTESIAN_POINT('',(22.2,0.,10.));
#1120=CARTESIAN_POINT('',(22.2,2.,10.));
#1121=CARTESIAN_POINT('',(0.,2.,0.));
#1122=CARTESIAN_POINT('',(-32.2,2.,4.));
#1123=CARTESIAN_POINT('',(0.,0.,0.));
#1124=CARTESIAN_POINT('',(-32.202,0.,-5.));
#1125=CARTESIAN_POINT('',(0.,42.,0.));
#1126=CARTESIAN_POINT('',(-11.9154083751027,42.,0.));
#1127=CARTESIAN_POINT('',(-11.9154083751027,42.,-5.));
#1128=CARTESIAN_POINT('',(-9.18485099360516E-16,42.,-5.));
#1129=CARTESIAN_POINT('',(-22.2,42.,-5.));
#1130=CARTESIAN_POINT('',(-22.2,42.,2.));
#1131=CARTESIAN_POINT('',(22.2,32.,0.));
#1132=CARTESIAN_POINT('',(22.2,32.,-5.));
#1133=CARTESIAN_POINT('',(-22.2,32.,0.));
#1134=CARTESIAN_POINT('',(-22.2,32.,-5.));
#1135=CARTESIAN_POINT('',(25.,36.25,-1.17093834628434E-14));
#1136=CARTESIAN_POINT('',(25.,36.25,-5.));
#1137=CARTESIAN_POINT('',(26.5,36.25,-5.));
#1138=CARTESIAN_POINT('',(19.25,22.,-1.17093834628434E-14));
#1139=CARTESIAN_POINT('',(19.25,22.,-5.));
#1140=CARTESIAN_POINT('',(12.125,22.,-5.));
#1141=CARTESIAN_POINT('',(-25.,36.25,-1.17093834628434E-14));
#1142=CARTESIAN_POINT('',(-25.,36.25,-5.));
#1143=CARTESIAN_POINT('',(-23.5,36.25,-5.));
#1144=CARTESIAN_POINT('',(-24.9999999999997,9.75,-1.17093834628434E-14));
#1145=CARTESIAN_POINT('',(-24.9999999999997,9.75,-5.));
#1146=CARTESIAN_POINT('',(-23.4999999999997,9.75,-5.));
#1147=CARTESIAN_POINT('',(25.,9.75,-1.17093834628434E-14));
#1148=CARTESIAN_POINT('',(25.,9.75,-5.));
#1149=CARTESIAN_POINT('',(26.5,9.75,-5.));
#1150=CARTESIAN_POINT('',(0.,4.,4.));
#1151=CARTESIAN_POINT('',(0.,21.4799920969807,2.));
#1152=CARTESIAN_POINT('',(-9.18485099360515E-16,21.4799920969807,-5.));
#1153=CARTESIAN_POINT('',(-2.1,21.4799920969807,-5.));
#1154=CARTESIAN_POINT('',(-9.18485099360516E-16,42.,-5.));
#1155=CARTESIAN_POINT('',(3.62619911428394,59.73272962024,-5.));
#1156=CARTESIAN_POINT('',(3.62619911428393,62.6492775420939,-5.));
#1157=CARTESIAN_POINT('',(-12.245359313857,10.1679062416305,-5.));
#1158=CARTESIAN_POINT('',(-13.495359313857,10.1679062416305,-5.));
#1159=CARTESIAN_POINT('',(5.02294499707619,9.93189097794979,-5.));
#1160=CARTESIAN_POINT('',(2.52294499707619,9.93189097794979,-5.));
#1161=CARTESIAN_POINT('',(-8.91540837510273,45.,-5.));
#1162=CARTESIAN_POINT('',(-8.91540837510273,45.,-5.));
#1163=CARTESIAN_POINT('',(-8.91540837510273,67.,-5.));
#1164=CARTESIAN_POINT('',(-8.91540837510273,67.,-5.));
#1165=CARTESIAN_POINT('',(-9.18485099360516E-16,67.,-5.));
#1166=CARTESIAN_POINT('',(10.4356458041236,67.,-5.));
#1167=CARTESIAN_POINT('',(10.4356458041236,67.,-5.));
#1168=CARTESIAN_POINT('',(0.,33.4015230524705,-1.));
#1169=CARTESIAN_POINT('',(0.,33.4015230524705,-2.20172123805512));
#1170=CARTESIAN_POINT('',(0.,33.4015230524705,-1.));
#1171=CARTESIAN_POINT('',(-2.,33.4015230524705,-1.));
#1172=CARTESIAN_POINT('',(0.,33.4015230524705,2.));
#1173=CARTESIAN_POINT('',(5.02294499707619,9.93189097794979,2.));
#1174=CARTESIAN_POINT('',(5.02294499707619,9.93189097794979,8.67361737988404E-16));
#1175=CARTESIAN_POINT('',(2.52294499707619,9.93189097794979,8.67361737988404E-16));
#1176=CARTESIAN_POINT('',(9.89794499707619,9.93189097794979,8.67361737988404E-16));
#1177=CARTESIAN_POINT('',(5.02294499707619,9.93189097794979,8.67361737988404E-16));
#1178=CARTESIAN_POINT('',(0.14794499707619,9.93189097794979,8.67361737988404E-16));
#1179=CARTESIAN_POINT('',(5.02294499707619,9.93189097794979,2.));
#1180=CARTESIAN_POINT('',(-12.245359313857,10.1679062416305,2.));
#1181=CARTESIAN_POINT('',(-12.245359313857,10.1679062416305,0.25));
#1182=CARTESIAN_POINT('',(-13.495359313857,10.1679062416305,0.25));
#1183=CARTESIAN_POINT('',(-12.245359313857,10.1679062416305,2.));
#1184=CARTESIAN_POINT('',(-3.67394039744207E-16,21.,-2.));
#1185=CARTESIAN_POINT('',(10.4356458041236,67.,-1.5));
#1186=CARTESIAN_POINT('',(10.4356458041236,67.,-1.5));
#1187=CARTESIAN_POINT('',(10.4356458041236,67.,-3.));
#1188=CARTESIAN_POINT('',(10.4356458041236,66.25,-2.25));
#1189=CARTESIAN_POINT('',(-8.91540837510273,67.,-1.5));
#1190=CARTESIAN_POINT('',(-8.91540837510273,45.,-1.5));
#1191=CARTESIAN_POINT('',(-8.91540837510273,62.,2.));
#1192=CARTESIAN_POINT('',(-8.91540837510273,67.,-3.));
#1193=CARTESIAN_POINT('',(-8.91540837510273,67.,-1.5));
#1194=CARTESIAN_POINT('',(0.,67.,-1.5));
#1195=CARTESIAN_POINT('',(0.,67.,-3.));
#1196=CARTESIAN_POINT('',(0.,62.,2.));
#1197=CARTESIAN_POINT('',(3.62619911428394,64.36636481012,-0.366364810119976));
#1198=CARTESIAN_POINT('',(3.62619911428394,62.9080908491931,1.09190915080698));
#1199=CARTESIAN_POINT('',(3.62619911428394,46.6886952804563,-18.0440343397837));
#1200=CARTESIAN_POINT('',(-8.91540837510273,45.,-1.5));
#1201=MECHANICAL_DESIGN_GEOMETRIC_PRESENTATION_REPRESENTATION('',(#708),#1202);
#1202=(
GEOMETRIC_REPRESENTATION_CONTEXT(3)
GLOBAL_UNCERTAINTY_ASSIGNED_CONTEXT((#1203))
GLOBAL_UNIT_ASSIGNED_CONTEXT((#1206,#1205,#1204))
REPRESENTATION_CONTEXT('Part 1','TOP_LEVEL_ASSEMBLY_PART')
);
#1203=UNCERTAINTY_MEASURE_WITH_UNIT(LENGTH_MEASURE(1.E-05),#1206,'DISTANCE_ACCURACY_VALUE','Maximum Tolerance applied to model');
#1204=(
NAMED_UNIT(*)
SI_UNIT($,.STERADIAN.)
SOLID_ANGLE_UNIT()
);
#1205=(
NAMED_UNIT(*)
PLANE_ANGLE_UNIT()
SI_UNIT($,.RADIAN.)
);
#1206=(
LENGTH_UNIT()
NAMED_UNIT(*)
SI_UNIT(.MILLI.,.METRE.)
);
#1207=PRODUCT_DEFINITION_SHAPE('','',#1208);
#1208=PRODUCT_DEFINITION('','',#1210,#1209);
#1209=PRODUCT_DEFINITION_CONTEXT('',#1216,'design');
#1210=PRODUCT_DEFINITION_FORMATION_WITH_SPECIFIED_SOURCE('','',#1212,.NOT_KNOWN.);
#1211=PRODUCT_RELATED_PRODUCT_CATEGORY('','',(#1212));
#1212=PRODUCT('Part 1','Part 1','Part 1',(#1214));
#1213=PRODUCT_CATEGORY('','');
#1214=PRODUCT_CONTEXT('',#1216,'mechanical');
#1215=APPLICATION_PROTOCOL_DEFINITION('international standard','ap242_managed_model_based_3d_engineering',2020,#1216);
#1216=APPLICATION_CONTEXT('managed model based 3d engineering');
#1217=SHAPE_ASPECT('hole_callout.F1o4PoHqU8b4XgQ_69.JFD.1',$,#1207,.T.);
#1218=GEOMETRIC_ITEM_SPECIFIC_USAGE('','',#1217,#11,#691);
#1219=DIMENSIONAL_SIZE(#1217,'diameter');
#1220=(
LENGTH_UNIT()
NAMED_UNIT(*)
SI_UNIT(.MILLI.,.METRE.)
);
#1222=PRECISION_QUALIFIER(3);
#1221=(
LENGTH_MEASURE_WITH_UNIT()
MEASURE_REPRESENTATION_ITEM()
MEASURE_WITH_UNIT(POSITIVE_LENGTH_MEASURE(4.2),#1220)
QUALIFIED_REPRESENTATION_ITEM((#1222))
REPRESENTATION_ITEM('nominal value')
);
#1223=COMPOUND_REPRESENTATION_ITEM('modifiers',SET_REPRESENTATION_ITEM((#1224)));
#1224=DESCRIPTIVE_REPRESENTATION_ITEM('dimensional note','diameter');
#1225=SHAPE_DIMENSION_REPRESENTATION('',(#1221,#1223),#1202);
#1226=DIMENSIONAL_CHARACTERISTIC_REPRESENTATION(#1219,#1225);
#1227=PRESENTATION_STYLE_ASSIGNMENT((NULL_STYLE(.NULL.)));
#1228=CARTESIAN_POINT('',(0.,0.0214799920969807,0.002));
#1229=DIRECTION('',(0.,0.,1.));
#1230=DIRECTION('',(1.,0.,0.));
#1231=AXIS2_PLACEMENT_3D('',#1228,#1229,#1230);
#1232=PLANE('',#1231);
#1233=ANNOTATION_PLANE('',(#1227),#1232,(#1260));
#1234=CARTESIAN_POINT('',(0.,0.,0.));
#1235=DIRECTION('',(0.,0.,1.));
#1236=DIRECTION('',(1.,0.,0.));
#1237=AXIS2_PLACEMENT_3D('',#1234,#1235,#1236);
#1238=CARTESIAN_POINT('',(0.,0.,0.));
#1239=DIRECTION('',(0.,0.,1.));
#1240=DIRECTION('',(1.,0.,0.));
#1241=AXIS2_PLACEMENT_3D('',#1238,#1239,#1240);
#1242=SHAPE_REPRESENTATION('',(#1241,#716),#1202);
#1243=REPRESENTATION_MAP(#1237,#1242);
#1244=MAPPED_ITEM('',#1243,#1237);
#1245=PRESENTATION_STYLE_ASSIGNMENT((NULL_STYLE(.NULL.)));
#1246=STYLED_ITEM('',(#1245),#1244);
#1247=DRAUGHTING_MODEL('',(#1233,#1237,#1244,#1246,#1292,#1296,#1303,#1305,#1363,#1367,#1374,#1376,#1432,#1436,#1443,#1445),#1202);
#1248=DRAUGHTING_PRE_DEFINED_CURVE_FONT('continuous');
#1249=COLOUR_RGB('',0.,0.,0.);
#1250=CURVE_STYLE('',#1248,POSITIVE_LENGTH_MEASURE(0.02),#1249);
#1251=PRESENTATION_STYLE_ASSIGNMENT((#1250));
#1252=COORDINATES_LIST('coordinates',4167,((1.4849242,22.9649163,2.0000000),(2.8991378,25.7933435,2.0000000),(4.3133514,24.3791299,2.0000000),(30.1986913,32.0893088,2.0000000),(30.2040326,32.2216997,2.0000000),(30.2040326,33.9118580,2.0000000),(30.1986913,32.0893088,2.0000000),(30.2040326,33.9118580,2.0000000),(30.1987244,34.0424795,2.0000000),(30.1986913,32.0893088,2.0000000),(30.1987244,34.0424795,2.0000000),(30.1827998,34.1671148,2.0000000),(30.1986913,32.0893088,2.0000000),(30.1827998,34.1671148,2.0000000),(30.1562587,34.2857639,2.0000000),(30.1986913,32.0893088,2.0000000),(30.1562587,34.2857639,2.0000000),(30.1191013,34.3984268,2.0000000),(30.1986913,32.0893088,2.0000000),(30.1191013,34.3984268,2.0000000),(30.0713275,34.5051034,2.0000000),(30.1986913,32.0893088,2.0000000),(30.0713275,34.5051034,2.0000000),(30.0129373,34.6057939,2.0000000),(30.1986913,32.0893088,2.0000000),(30.0129373,34.6057939,2.0000000),(29.9439306,34.7004982,2.0000000),(30.1986913,32.0893088,2.0000000),(29.9439306,34.7004982,2.0000000),(29.8643076,34.7892163,2.0000000),(30.1986913,32.0893088,2.0000000),(29.8643076,34.7892163,2.0000000),(29.7876280,34.8609019,2.0000000),(30.1986913,32.0893088,2.0000000),(29.7876280,34.8609019,2.0000000),(29.7078727,34.9230294,2.0000000),(30.1986913,32.0893088,2.0000000),(29.7078727,34.9230294,2.0000000),(29.6250416,34.9755988,2.0000000),(29.6250416,34.9755988,2.0000000),(29.5391347,35.0186101,2.0000000),(29.4501520,35.0520633,2.0000000),(29.6250416,34.9755988,2.0000000),(29.4501520,35.0520633,2.0000000),(29.3580935,35.0759585,2.0000000),(29.6250416,34.9755988,2.0000000),(29.3580935,35.0759585,2.0000000),(29.2629593,35.0902956,2.0000000),(29.6250416,34.9755988,2.0000000),(29.2629593,35.0902956,2.0000000),(29.1647492,35.0950747,2.0000000),(29.6250416,34.9755988,2.0000000),(29.1647492,35.0950747,2.0000000),(29.0676637,35.0902956,2.0000000),(29.6250416,34.9755988,2.0000000),(29.0676637,35.0902956,2.0000000),(28.9732571,35.0759585,2.0000000),(29.6250416,34.9755988,2.0000000),(28.9732571,35.0759585,2.0000000),(28.8815293,35.0520633,2.0000000),(29.6250416,34.9755988,2.0000000),(28.8815293,35.0520633,2.0000000),(28.7924805,35.0186101,2.0000000),(29.6250416,34.9755988,2.0000000),(28.7924805,35.0186101,2.0000000),(28.7061106,34.9755988,2.0000000),(29.6250416,34.9755988,2.0000000),(28.7061106,34.9755988,2.0000000),(28.6224196,34.9230294,2.0000000),(29.6250416,34.9755988,2.0000000),(28.6224196,34.9230294,2.0000000),(28.5414074,34.8609019,2.0000000),(29.6250416,34.9755988,2.0000000),(28.5414074,34.8609019,2.0000000),(28.4630742,34.7892163,2.0000000),(29.6250416,34.9755988,2.0000000),(28.4630742,34.7892163,2.0000000),(28.3834512,34.7022346,2.0000000),(29.6250416,34.9755988,2.0000000),(28.3834512,34.7022346,2.0000000),(28.3144446,34.6090351,2.0000000),(29.6250416,34.9755988,2.0000000),(28.3144446,34.6090351,2.0000000),(28.2560543,34.5096179,2.0000000),(29.6250416,34.9755988,2.0000000),(28.2560543,34.5096179,2.0000000),(28.2082805,34.4039830,2.0000000),(29.6250416,34.9755988,2.0000000),(28.2082805,34.4039830,2.0000000),(28.1711231,34.2921304,2.0000000),(28.1711231,34.2921304,2.0000000),(28.1445821,34.1740601,2.0000000),(28.1286574,34.0497721,2.0000000),(28.1711231,34.2921304,2.0000000),(28.1286574,34.0497721,2.0000000),(28.1233492,33.9192663,2.0000000),(28.1711231,34.2921304,2.0000000),(28.1233492,33.9192663,2.0000000),(28.1233492,33.9118580,2.0000000),(28.1711231,34.2921304,2.0000000),(28.1233492,33.9118580,2.0000000),(28.1233492,32.2174663,2.0000000),(28.1711231,34.2921304,2.0000000),(28.1233492,32.2174663,2.0000000),(28.1286574,32.0861503,2.0000000),(28.1711231,34.2921304,2.0000000),(28.1286574,32.0861503,2.0000000),(28.1445821,31.9610189,2.0000000),(28.1711231,34.2921304,2.0000000),(28.1445821,31.9610189,2.0000000),(28.1711231,31.8420722,2.0000000),(28.1711231,34.2921304,2.0000000),(28.1711231,31.8420722,2.0000000),(28.2082805,31.7293101,2.0000000),(28.1711231,34.2921304,2.0000000),(28.2082805,31.7293101,2.0000000),(28.2560543,31.6227326,2.0000000),(28.1711231,34.2921304,2.0000000),(28.2560543,31.6227326,2.0000000),(28.3144446,31.5223398,2.0000000),(28.1711231,34.2921304,2.0000000),(28.3144446,31.5223398,2.0000000),(28.3834512,31.4281316,2.0000000),(28.1711231,34.2921304,2.0000000),(28.3834512,31.4281316,2.0000000),(28.4630742,31.3401080,2.0000000),(28.4630742,31.3401080,2.0000000),(28.7668159,31.6364413,2.0000000),(28.6728227,31.7527919,2.0000000),(28.4630742,31.3401080,2.0000000),(28.6728227,31.7527919,2.0000000),(28.6056847,31.8891184,2.0000000),(28.4630742,31.3401080,2.0000000),(28.6056847,31.8891184,2.0000000),(28.5654018,32.0454210,2.0000000),(28.1711231,34.2921304,2.0000000),(28.4630742,31.3401080,2.0000000),(28.5654018,32.0454210,2.0000000),(28.1711231,34.2921304,2.0000000),(28.5654018,32.0454210,2.0000000),(28.5553311,32.1310633,2.0000000),(28.1711231,34.2921304,2.0000000),(28.5553311,32.1310633,2.0000000),(28.5519742,32.2216997,2.0000000),(28.1711231,34.2921304,2.0000000),(28.5519742,32.2216997,2.0000000),(28.5519742,33.9192663,2.0000000),(28.1711231,34.2921304,2.0000000),(28.5519742,33.9192663,2.0000000),(28.5552981,34.0075710,2.0000000),(28.1711231,34.2921304,2.0000000),(28.5552981,34.0075710,2.0000000),(28.5652696,34.0909809,2.0000000),(28.1711231,34.2921304,2.0000000),(28.5652696,34.0909809,2.0000000),(28.5818887,34.1694960,2.0000000),(28.1711231,34.2921304,2.0000000),(28.5818887,34.1694960,2.0000000),(28.6051555,34.2431163,2.0000000),(28.1711231,34.2921304,2.0000000),(28.6051555,34.2431163,2.0000000),(28.6716321,34.3756726,2.0000000),(28.1711231,34.2921304,2.0000000),(28.6716321,34.3756726,2.0000000),(28.7646992,34.4886497,2.0000000),(28.1711231,34.2921304,2.0000000),(28.7646992,34.4886497,2.0000000),(28.8599492,34.5673632,2.0000000),(28.1711231,34.2921304,2.0000000),(28.8599492,34.5673632,2.0000000),(28.9583742,34.6235872,2.0000000),(29.6250416,34.9755988,2.0000000),(28.1711231,34.2921304,2.0000000),(28.9583742,34.6235872,2.0000000),(29.6250416,34.9755988,2.0000000),(28.9583742,34.6235872,2.0000000),(29.0599742,34.6573215,2.0000000),(29.6250416,34.9755988,2.0000000),(29.0599742,34.6573215,2.0000000),(29.1647492,34.6685663,2.0000000),(29.6250416,34.9755988,2.0000000),(29.1647492,34.6685663,2.0000000),(29.2738237,34.6573215,2.0000000),(29.6250416,34.9755988,2.0000000),(29.2738237,34.6573215,2.0000000),(29.3766805,34.6235872,2.0000000),(29.6250416,34.9755988,2.0000000),(29.3766805,34.6235872,2.0000000),(29.4733196,34.5673632,2.0000000),(29.6250416,34.9755988,2.0000000),(29.4733196,34.5673632,2.0000000),(29.5637409,34.4886497,2.0000000),(29.6250416,34.9755988,2.0000000),(29.5637409,34.4886497,2.0000000),(29.6568081,34.3700502,2.0000000),(29.6250416,34.9755988,2.0000000),(29.6568081,34.3700502,2.0000000),(29.7232847,34.2343851,2.0000000),(29.6250416,34.9755988,2.0000000),(29.7232847,34.2343851,2.0000000),(29.7631706,34.0816544,2.0000000),(30.1986913,32.0893088,2.0000000),(29.6250416,34.9755988,2.0000000),(29.7631706,34.0816544,2.0000000),(30.1986913,32.0893088,2.0000000),(29.7631706,34.0816544,2.0000000),(29.7731421,33.9988894,2.0000000),(30.1986913,32.0893088,2.0000000),(29.7731421,33.9988894,2.0000000),(29.7764659,33.9118580,2.0000000),(30.1986913,32.0893088,2.0000000),(29.7764659,33.9118580,2.0000000),(29.7764659,32.2216997,2.0000000),(30.1986913,32.0893088,2.0000000),(29.7764659,32.2216997,2.0000000),(29.7731421,32.1320555,2.0000000),(30.1986913,32.0893088,2.0000000),(29.7731421,32.1320555,2.0000000),(29.7631706,32.0472731,2.0000000),(30.1986913,32.0893088,2.0000000),(29.7631706,32.0472731,2.0000000),(29.7465515,31.9673524,2.0000000),(30.1986913,32.0893088,2.0000000),(29.7465515,31.9673524,2.0000000),(29.7232847,31.8922934,2.0000000),(30.1986913,32.0893088,2.0000000),(29.7232847,31.8922934,2.0000000),(29.6568081,31.7567606,2.0000000),(30.1986913,32.0893088,2.0000000),(29.6568081,31.7567606,2.0000000),(29.5637409,31.6406747,2.0000000),(30.1986913,32.0893088,2.0000000),(29.5637409,31.6406747,2.0000000),(29.4725258,31.5628872,2.0000000),(28.8583617,31.5605059,2.0000000),(28.7668159,31.6364413,2.0000000),(28.4630742,31.3401080,2.0000000),(28.9551992,31.5062663,2.0000000),(28.8583617,31.5605059,2.0000000),(28.4630742,31.3401080,2.0000000),(29.0573284,31.4737226,2.0000000),(28.9551992,31.5062663,2.0000000),(28.4630742,31.3401080,2.0000000),(29.1647492,31.4628747,2.0000000),(29.0573284,31.4737226,2.0000000),(28.4630742,31.3401080,2.0000000),(29.2730300,31.4739872,2.0000000),(29.1647492,31.4628747,2.0000000),(28.4630742,31.3401080,2.0000000),(29.2730300,31.4739872,2.0000000),(28.4630742,31.3401080,2.0000000),(28.5399522,31.2694146,2.0000000),(29.2730300,31.4739872,2.0000000),(28.5399522,31.2694146,2.0000000),(28.6197737,31.2081471,2.0000000),(29.3756222,31.5073247,2.0000000),(29.2730300,31.4739872,2.0000000),(28.6197737,31.2081471,2.0000000),(29.3756222,31.5073247,2.0000000),(28.6197737,31.2081471,2.0000000),(28.7025387,31.1563053,2.0000000),(29.3756222,31.5073247,2.0000000),(28.7025387,31.1563053,2.0000000),(28.7882472,31.1138893,2.0000000),(29.4725258,31.5628872,2.0000000),(29.3756222,31.5073247,2.0000000),(28.7882472,31.1138893,2.0000000),(29.4725258,31.5628872,2.0000000),(28.7882472,31.1138893,2.0000000),(28.8768991,31.0808990,2.0000000),(30.1986913,32.0893088,2.0000000),(29.4725258,31.5628872,2.0000000),(28.8768991,31.0808990,2.0000000),(30.1986913,32.0893088,2.0000000),(28.8768991,31.0808990,2.0000000),(28.9684946,31.0573346,2.0000000),(30.1986913,32.0893088,2.0000000),(28.9684946,31.0573346,2.0000000),(29.0630335,31.0431959,2.0000000),(30.1986913,32.0893088,2.0000000),(29.0630335,31.0431959,2.0000000),(29.1605159,31.0384830,2.0000000),(30.1986913,32.0893088,2.0000000),(29.1605159,31.0384830,2.0000000),(29.2596850,31.0431132,2.0000000),(30.1986913,32.0893088,2.0000000),(29.2596850,31.0431132,2.0000000),(29.3555800,31.0570038,2.0000000),(30.1986913,32.0893088,2.0000000),(29.3555800,31.0570038,2.0000000),(29.4482007,31.0801549,2.0000000),(30.1986913,32.0893088,2.0000000),(29.4482007,31.0801549,2.0000000),(29.5375472,31.1125663,2.0000000),(30.1986913,32.0893088,2.0000000),(29.5375472,31.1125663,2.0000000),(29.6236194,31.1542382,2.0000000),(30.1986913,32.0893088,2.0000000),(29.6236194,31.1542382,2.0000000),(29.7064175,31.2051705,2.0000000),(30.1986913,32.0893088,2.0000000),(29.7064175,31.2051705,2.0000000),(29.7859413,31.2653632,2.0000000),(30.1986913,32.0893088,2.0000000),(29.7859413,31.2653632,2.0000000),(29.8621909,31.3348163,2.0000000),(30.1986913,32.0893088,2.0000000),(29.8621909,31.3348163,2.0000000),(29.9423100,31.4241463,2.0000000),(30.1986913,32.0893088,2.0000000),(29.9423100,31.4241463,2.0000000),(30.0117466,31.5196278,2.0000000),(30.1986913,32.0893088,2.0000000),(30.0117466,31.5196278,2.0000000),(30.0705007,31.6212609,2.0000000),(30.1986913,32.0893088,2.0000000),(30.0705007,31.6212609,2.0000000),(30.1185722,31.7290455,2.0000000),(30.1986913,32.0893088,2.0000000),(30.1185722,31.7290455,2.0000000),(30.1559611,31.8429817,2.0000000),(30.1986913,32.0893088,2.0000000),(30.1559611,31.8429817,2.0000000),(30.1826675,31.9630695,2.0000000),(23.8994913,32.0893088,2.0000000),(23.9048326,32.2216997,2.0000000),(23.9048326,33.9118580,2.0000000),(23.8994913,32.0893088,2.0000000),(23.9048326,33.9118580,2.0000000),(23.8995244,34.0424795,2.0000000),(23.8994913,32.0893088,2.0000000),(23.8995244,34.0424795,2.0000000),(23.8835998,34.1671148,2.0000000),(23.8994913,32.0893088,2.0000000),(23.8835998,34.1671148,2.0000000),(23.8570587,34.2857639,2.0000000),(23.8994913,32.0893088,2.0000000),(23.8570587,34.2857639,2.0000000),(23.8199013,34.3984268,2.0000000),(23.8994913,32.0893088,2.0000000),(23.8199013,34.3984268,2.0000000),(23.7721275,34.5051034,2.0000000),(23.8994913,32.0893088,2.0000000),(23.7721275,34.5051034,2.0000000),(23.7137373,34.6057939,2.0000000),(23.8994913,32.0893088,2.0000000),(23.7137373,34.6057939,2.0000000),(23.6447306,34.7004982,2.0000000),(23.8994913,32.0893088,2.0000000),(23.6447306,34.7004982,2.0000000),(23.5651076,34.7892163,2.0000000),(23.8994913,32.0893088,2.0000000),(23.5651076,34.7892163,2.0000000),(23.4884280,34.8609019,2.0000000),(23.8994913,32.0893088,2.0000000),(23.4884280,34.8609019,2.0000000),(23.4086727,34.9230294,2.0000000),(23.8994913,32.0893088,2.0000000),(23.4086727,34.9230294,2.0000000),(23.3258416,34.9755988,2.0000000),(23.3258416,34.9755988,2.0000000),(23.2399347,35.0186101,2.0000000),(23.1509520,35.0520633,2.0000000),(23.3258416,34.9755988,2.0000000),(23.1509520,35.0520633,2.0000000),(23.0588935,35.0759585,2.0000000),(23.3258416,34.9755988,2.0000000),(23.0588935,35.0759585,2.0000000),(22.9637593,35.0902956,2.0000000),(23.3258416,34.9755988,2.0000000),(22.9637593,35.0902956,2.0000000),(22.8655492,35.0950747,2.0000000),(23.3258416,34.9755988,2.0000000),(22.8655492,35.0950747,2.0000000),(22.7684637,35.0902956,2.0000000),(23.3258416,34.9755988,2.0000000),(22.7684637,35.0902956,2.0000000),(22.6740571,35.0759585,2.0000000),(23.3258416,34.9755988,2.0000000),(22.6740571,35.0759585,2.0000000),(22.5823293,35.0520633,2.0000000),(23.3258416,34.9755988,2.0000000),(22.5823293,35.0520633,2.0000000),(22.4932805,35.0186101,2.0000000),(23.3258416,34.9755988,2.0000000),(22.4932805,35.0186101,2.0000000),(22.4069106,34.9755988,2.0000000),(23.3258416,34.9755988,2.0000000),(22.4069106,34.9755988,2.0000000),(22.3232196,34.9230294,2.0000000),(23.3258416,34.9755988,2.0000000),(22.3232196,34.9230294,2.0000000),(22.2422074,34.8609019,2.0000000),(23.3258416,34.9755988,2.0000000),(22.2422074,34.8609019,2.0000000),(22.1638742,34.7892163,2.0000000),(23.3258416,34.9755988,2.0000000),(22.1638742,34.7892163,2.0000000),(22.0842512,34.7022346,2.0000000),(23.3258416,34.9755988,2.0000000),(22.0842512,34.7022346,2.0000000),(22.0152446,34.6090351,2.0000000),(23.3258416,34.9755988,2.0000000),(22.0152446,34.6090351,2.0000000),(21.9568543,34.5096179,2.0000000),(23.3258416,34.9755988,2.0000000),(21.9568543,34.5096179,2.0000000),(21.9090805,34.4039830,2.0000000),(23.3258416,34.9755988,2.0000000),(21.9090805,34.4039830,2.0000000),(21.8719231,34.2921304,2.0000000),(21.8719231,34.2921304,2.0000000),(21.8453821,34.1740601,2.0000000),(21.8294574,34.0497721,2.0000000),(21.8719231,34.2921304,2.0000000),(21.8294574,34.0497721,2.0000000),(21.8241492,33.9192663,2.0000000),(21.8719231,34.2921304,2.0000000),(21.8241492,33.9192663,2.0000000),(21.8241492,33.9118580,2.0000000),(21.8719231,34.2921304,2.0000000),(21.8241492,33.9118580,2.0000000),(21.8241492,32.2174663,2.0000000),(21.8719231,34.2921304,2.0000000),(21.8241492,32.2174663,2.0000000),(21.8294574,32.0861503,2.0000000),(21.8719231,34.2921304,2.0000000),(21.8294574,32.0861503,2.0000000),(21.8453821,31.9610189,2.0000000),(21.8719231,34.2921304,2.0000000),(21.8453821,31.9610189,2.0000000),(21.8719231,31.8420722,2.0000000),(21.8719231,34.2921304,2.0000000),(21.8719231,31.8420722,2.0000000),(21.9090805,31.7293101,2.0000000),(21.8719231,34.2921304,2.0000000),(21.9090805,31.7293101,2.0000000),(21.9568543,31.6227326,2.0000000),(21.8719231,34.2921304,2.0000000),(21.9568543,31.6227326,2.0000000),(22.0152446,31.5223398,2.0000000),(21.8719231,34.2921304,2.0000000),(22.0152446,31.5223398,2.0000000),(22.0842512,31.4281316,2.0000000),(21.8719231,34.2921304,2.0000000),(22.0842512,31.4281316,2.0000000),(22.1638742,31.3401080,2.0000000),(22.1638742,31.3401080,2.0000000),(22.4676159,31.6364413,2.0000000),(22.3736227,31.7527919,2.0000000),(22.1638742,31.3401080,2.0000000),(22.3736227,31.7527919,2.0000000),(22.3064847,31.8891184,2.0000000),(22.1638742,31.3401080,2.0000000),(22.3064847,31.8891184,2.0000000),(22.2662018,32.0454210,2.0000000),(21.8719231,34.2921304,2.0000000),(22.1638742,31.3401080,2.0000000),(22.2662018,32.0454210,2.0000000),(21.8719231,34.2921304,2.0000000),(22.2662018,32.0454210,2.0000000),(22.2561311,32.1310633,2.0000000),(21.8719231,34.2921304,2.0000000),(22.2561311,32.1310633,2.0000000),(22.2527742,32.2216997,2.0000000),(21.8719231,34.2921304,2.0000000),(22.2527742,32.2216997,2.0000000),(22.2527742,33.9192663,2.0000000),(21.8719231,34.2921304,2.0000000),(22.2527742,33.9192663,2.0000000),(22.2560981,34.0075710,2.0000000),(21.8719231,34.2921304,2.0000000),(22.2560981,34.0075710,2.0000000),(22.2660696,34.0909809,2.0000000),(21.8719231,34.2921304,2.0000000),(22.2660696,34.0909809,2.0000000),(22.2826887,34.1694960,2.0000000),(21.8719231,34.2921304,2.0000000),(22.2826887,34.1694960,2.0000000),(22.3059555,34.2431163,2.0000000),(21.8719231,34.2921304,2.0000000),(22.3059555,34.2431163,2.0000000),(22.3724321,34.3756726,2.0000000),(21.8719231,34.2921304,2.0000000),(22.3724321,34.3756726,2.0000000),(22.4654992,34.4886497,2.0000000),(21.8719231,34.2921304,2.0000000),(22.4654992,34.4886497,2.0000000),(22.5607492,34.5673632,2.0000000),(21.8719231,34.2921304,2.0000000),(22.5607492,34.5673632,2.0000000),(22.6591742,34.6235872,2.0000000),(23.3258416,34.9755988,2.0000000),(21.8719231,34.2921304,2.0000000),(22.6591742,34.6235872,2.0000000),(23.3258416,34.9755988,2.0000000),(22.6591742,34.6235872,2.0000000),(22.7607742,34.6573215,2.0000000),(23.3258416,34.9755988,2.0000000),(22.7607742,34.6573215,2.0000000),(22.8655492,34.6685663,2.0000000),(23.3258416,34.9755988,2.0000000),(22.8655492,34.6685663,2.0000000),(22.9746237,34.6573215,2.0000000),(23.3258416,34.9755988,2.0000000),(22.9746237,34.6573215,2.0000000),(23.0774805,34.6235872,2.0000000),(23.3258416,34.9755988,2.0000000),(23.0774805,34.6235872,2.0000000),(23.1741196,34.5673632,2.0000000),(23.3258416,34.9755988,2.0000000),(23.1741196,34.5673632,2.0000000),(23.2645409,34.4886497,2.0000000),(23.3258416,34.9755988,2.0000000),(23.2645409,34.4886497,2.0000000),(23.3576081,34.3700502,2.0000000),(23.3258416,34.9755988,2.0000000),(23.3576081,34.3700502,2.0000000),(23.4240847,34.2343851,2.0000000),(23.3258416,34.9755988,2.0000000),(23.4240847,34.2343851,2.0000000),(23.4639706,34.0816544,2.0000000),(23.8994913,32.0893088,2.0000000),(23.3258416,34.9755988,2.0000000),(23.4639706,34.0816544,2.0000000),(23.8994913,32.0893088,2.0000000),(23.4639706,34.0816544,2.0000000),(23.4739421,33.9988894,2.0000000),(23.8994913,32.0893088,2.0000000),(23.4739421,33.9988894,2.0000000),(23.4772659,33.9118580,2.0000000),(23.8994913,32.0893088,2.0000000),(23.4772659,33.9118580,2.0000000),(23.4772659,32.2216997,2.0000000),(23.8994913,32.0893088,2.0000000),(23.4772659,32.2216997,2.0000000),(23.4739421,32.1320555,2.0000000),(23.8994913,32.0893088,2.0000000),(23.4739421,32.1320555,2.0000000),(23.4639706,32.0472731,2.0000000),(23.8994913,32.0893088,2.0000000),(23.4639706,32.0472731,2.0000000),(23.4473515,31.9673524,2.0000000),(23.8994913,32.0893088,2.0000000),(23.4473515,31.9673524,2.0000000),(23.4240847,31.8922934,2.0000000),(23.8994913,32.0893088,2.0000000),(23.4240847,31.8922934,2.0000000),(23.3576081,31.7567606,2.0000000),(23.8994913,32.0893088,2.0000000),(23.3576081,31.7567606,2.0000000),(23.2645409,31.6406747,2.0000000),(23.8994913,32.0893088,2.0000000),(23.2645409,31.6406747,2.0000000),(23.1733258,31.5628872,2.0000000),(22.5591617,31.5605059,2.0000000),(22.4676159,31.6364413,2.0000000),(22.1638742,31.3401080,2.0000000),(22.6559992,31.5062663,2.0000000),(22.5591617,31.5605059,2.0000000),(22.1638742,31.3401080,2.0000000),(22.7581284,31.4737226,2.0000000),(22.6559992,31.5062663,2.0000000),(22.1638742,31.3401080,2.0000000),(22.8655492,31.4628747,2.0000000),(22.7581284,31.4737226,2.0000000),(22.1638742,31.3401080,2.0000000),(22.9738300,31.4739872,2.0000000),(22.8655492,31.4628747,2.0000000),(22.1638742,31.3401080,2.0000000),(22.9738300,31.4739872,2.0000000),(22.1638742,31.3401080,2.0000000),(22.2407522,31.2694146,2.0000000),(22.9738300,31.4739872,2.0000000),(22.2407522,31.2694146,2.0000000),(22.3205737,31.2081471,2.0000000),(23.0764222,31.5073247,2.0000000),(22.9738300,31.4739872,2.0000000),(22.3205737,31.2081471,2.0000000),(23.0764222,31.5073247,2.0000000),(22.3205737,31.2081471,2.0000000),(22.4033387,31.1563053,2.0000000),(23.0764222,31.5073247,2.0000000),(22.4033387,31.1563053,2.0000000),(22.4890472,31.1138893,2.0000000),(23.1733258,31.5628872,2.0000000),(23.0764222,31.5073247,2.0000000),(22.4890472,31.1138893,2.0000000),(23.1733258,31.5628872,2.0000000),(22.4890472,31.1138893,2.0000000),(22.5776991,31.0808990,2.0000000),(23.8994913,32.0893088,2.0000000),(23.1733258,31.5628872,2.0000000),(22.5776991,31.0808990,2.0000000),(23.8994913,32.0893088,2.0000000),(22.5776991,31.0808990,2.0000000),(22.6692946,31.0573346,2.0000000),(23.8994913,32.0893088,2.0000000),(22.6692946,31.0573346,2.0000000),(22.7638335,31.0431959,2.0000000),(23.8994913,32.0893088,2.0000000),(22.7638335,31.0431959,2.0000000),(22.8613159,31.0384830,2.0000000),(23.8994913,32.0893088,2.0000000),(22.8613159,31.0384830,2.0000000),(22.9604850,31.0431132,2.0000000),(23.8994913,32.0893088,2.0000000),(22.9604850,31.0431132,2.0000000),(23.0563800,31.0570038,2.0000000),(23.8994913,32.0893088,2.0000000),(23.0563800,31.0570038,2.0000000),(23.1490007,31.0801549,2.0000000),(23.8994913,32.0893088,2.0000000),(23.1490007,31.0801549,2.0000000),(23.2383472,31.1125663,2.0000000),(23.8994913,32.0893088,2.0000000),(23.2383472,31.1125663,2.0000000),(23.3244194,31.1542382,2.0000000),(23.8994913,32.0893088,2.0000000),(23.3244194,31.1542382,2.0000000),(23.4072175,31.2051705,2.0000000),(23.8994913,32.0893088,2.0000000),(23.4072175,31.2051705,2.0000000),(23.4867413,31.2653632,2.0000000),(23.8994913,32.0893088,2.0000000),(23.4867413,31.2653632,2.0000000),(23.5629909,31.3348163,2.0000000),(23.8994913,32.0893088,2.0000000),(23.5629909,31.3348163,2.0000000),(23.6431100,31.4241463,2.0000000),(23.8994913,32.0893088,2.0000000),(23.6431100,31.4241463,2.0000000),(23.7125466,31.5196278,2.0000000),(23.8994913,32.0893088,2.0000000),(23.7125466,31.5196278,2.0000000),(23.7713007,31.6212609,2.0000000),(23.8994913,32.0893088,2.0000000),(23.7713007,31.6212609,2.0000000),(23.8193722,31.7290455,2.0000000),(23.8994913,32.0893088,2.0000000),(23.8193722,31.7290455,2.0000000),(23.8567611,31.8429817,2.0000000),(23.8994913,32.0893088,2.0000000),(23.8567611,31.8429817,2.0000000),(23.8834675,31.9630695,2.0000000),(25.8847262,34.8753051,2.0000000),(25.8225326,34.8093247,2.0000000),(25.7664740,34.7366965,2.0000000),(25.8847262,34.8753051,2.0000000),(25.7664740,34.7366965,2.0000000),(25.7178899,34.6595705,2.0000000),(25.8847262,34.8753051,2.0000000),(25.7178899,34.6595705,2.0000000),(25.6767802,34.5779465,2.0000000),(25.8847262,34.8753051,2.0000000),(25.6767802,34.5779465,2.0000000),(25.6431451,34.4918247,2.0000000),(25.8847262,34.8753051,2.0000000),(25.6431451,34.4918247,2.0000000),(25.6169844,34.4012049,2.0000000),(25.8847262,34.8753051,2.0000000),(25.6169844,34.4012049,2.0000000),(25.5982982,34.3060872,2.0000000),(25.8847262,34.8753051,2.0000000),(25.5982982,34.3060872,2.0000000),(25.5870865,34.2064715,2.0000000),(25.8847262,34.8753051,2.0000000),(25.5870865,34.2064715,2.0000000),(25.5833492,34.1023580,2.0000000),(25.8847262,34.8753051,2.0000000),(25.5833492,34.1023580,2.0000000),(25.5870699,33.9981618,2.0000000),(25.8847262,34.8753051,2.0000000),(25.5870699,33.9981618,2.0000000),(25.5982321,33.8977689,2.0000000),(25.8847262,34.8753051,2.0000000),(25.5982321,33.8977689,2.0000000),(25.6168356,33.8011795,2.0000000),(25.8847262,34.8753051,2.0000000),(25.6168356,33.8011795,2.0000000),(25.6428805,33.7083934,2.0000000),(25.8847262,34.8753051,2.0000000),(25.6428805,33.7083934,2.0000000),(25.6763668,33.6194107,2.0000000),(25.8847262,34.8753051,2.0000000),(25.6763668,33.6194107,2.0000000),(25.7172946,33.5342314,2.0000000),(25.7172946,33.5342314,2.0000000),(26.0778555,33.7562830,2.0000000),(26.0394909,33.8589413,2.0000000),(25.7172946,33.5342314,2.0000000),(26.0394909,33.8589413,2.0000000),(26.0164722,33.9742997,2.0000000),(25.8847262,34.8753051,2.0000000),(25.7172946,33.5342314,2.0000000),(26.0164722,33.9742997,2.0000000),(25.8847262,34.8753051,2.0000000),(26.0164722,33.9742997,2.0000000),(26.0087992,34.1023580,2.0000000),(25.8847262,34.8753051,2.0000000),(26.0087992,34.1023580,2.0000000),(26.0165383,34.2278366,2.0000000),(25.8847262,34.8753051,2.0000000),(26.0165383,34.2278366,2.0000000),(26.0397555,34.3386309,2.0000000),(25.8847262,34.8753051,2.0000000),(26.0397555,34.3386309,2.0000000),(26.0784508,34.4347408,2.0000000),(25.8847262,34.8753051,2.0000000),(26.0784508,34.4347408,2.0000000),(26.1326242,34.5161663,2.0000000),(25.8847262,34.8753051,2.0000000),(26.1326242,34.5161663,2.0000000),(26.1991669,34.5809893,2.0000000),(25.8847262,34.8753051,2.0000000),(26.1991669,34.5809893,2.0000000),(26.2749701,34.6272913,2.0000000),(25.8847262,34.8753051,2.0000000),(26.2749701,34.6272913,2.0000000),(26.3600336,34.6550726,2.0000000),(25.8847262,34.8753051,2.0000000),(26.3600336,34.6550726,2.0000000),(26.4543576,34.6643330,2.0000000),(25.8847262,34.8753051,2.0000000),(26.4543576,34.6643330,2.0000000),(26.5486815,34.6550726,2.0000000),(25.8847262,34.8753051,2.0000000),(26.5486815,34.6550726,2.0000000),(26.6337451,34.6272913,2.0000000),(26.1315659,33.6663247,2.0000000),(26.0778555,33.7562830,2.0000000),(25.7172946,33.5342314,2.0000000),(26.1942722,33.6015018,2.0000000),(26.1315659,33.6663247,2.0000000),(25.7172946,33.5342314,2.0000000),(26.2638576,33.5551997,2.0000000),(26.1942722,33.6015018,2.0000000),(25.7172946,33.5342314,2.0000000),(26.3403222,33.5274184,2.0000000),(26.2638576,33.5551997,2.0000000),(25.7172946,33.5342314,2.0000000),(26.4236659,33.5181580,2.0000000),(26.3403222,33.5274184,2.0000000),(25.7172946,33.5342314,2.0000000),(26.4236659,33.5181580,2.0000000),(25.7172946,33.5342314,2.0000000),(25.7656637,33.4528555,2.0000000),(26.4861076,33.5181580,2.0000000),(26.4236659,33.5181580,2.0000000),(25.7656637,33.4528555,2.0000000),(26.4861076,33.5181580,2.0000000),(25.7656637,33.4528555,2.0000000),(25.8214742,33.3752830,2.0000000),(26.5709727,33.5274184,2.0000000),(26.4861076,33.5181580,2.0000000),(25.8214742,33.3752830,2.0000000),(26.5709727,33.5274184,2.0000000),(25.8214742,33.3752830,2.0000000),(25.8701576,33.3265997,2.0000000),(26.5709727,33.5274184,2.0000000),(25.8701576,33.3265997,2.0000000),(25.7849617,33.2503997,2.0000000),(26.5709727,33.5274184,2.0000000),(25.7849617,33.2503997,2.0000000),(25.7008242,33.1572663,2.0000000),(26.6477680,33.5551997,2.0000000),(26.5709727,33.5274184,2.0000000),(25.7008242,33.1572663,2.0000000),(26.6477680,33.5551997,2.0000000),(25.7008242,33.1572663,2.0000000),(25.6336035,33.0649268,2.0000000),(26.6477680,33.5551997,2.0000000),(25.6336035,33.0649268,2.0000000),(25.5753456,32.9672955,2.0000000),(26.6477680,33.5551997,2.0000000),(25.5753456,32.9672955,2.0000000),(25.5260504,32.8643726,2.0000000),(26.6477680,33.5551997,2.0000000),(25.5260504,32.8643726,2.0000000),(25.4857180,32.7561580,2.0000000),(26.7164935,33.6015018,2.0000000),(26.6477680,33.5551997,2.0000000),(25.4857180,32.7561580,2.0000000),(26.7164935,33.6015018,2.0000000),(25.4857180,32.7561580,2.0000000),(25.4543483,32.6426518,2.0000000),(26.7164935,33.6015018,2.0000000),(25.4543483,32.6426518,2.0000000),(25.4319414,32.5238538,2.0000000),(26.7164935,33.6015018,2.0000000),(25.4319414,32.5238538,2.0000000),(25.4184973,32.3997643,2.0000000),(26.7164935,33.6015018,2.0000000),(25.4184973,32.3997643,2.0000000),(25.4140159,32.2703830,2.0000000),(25.4140159,32.2703830,2.0000000),(25.4185304,32.1423081,2.0000000),(25.4320737,32.0194919,2.0000000),(25.4140159,32.2703830,2.0000000),(25.4320737,32.0194919,2.0000000),(25.4546460,31.9019342,2.0000000),(25.4140159,32.2703830,2.0000000),(25.4546460,31.9019342,2.0000000),(25.4862472,31.7896351,2.0000000),(25.4140159,32.2703830,2.0000000),(25.4862472,31.7896351,2.0000000),(25.5268772,31.6825946,2.0000000),(25.4140159,32.2703830,2.0000000),(25.5268772,31.6825946,2.0000000),(25.5765362,31.5808127,2.0000000),(25.4140159,32.2703830,2.0000000),(25.5765362,31.5808127,2.0000000),(25.6352241,31.4842894,2.0000000),(25.4140159,32.2703830,2.0000000),(25.6352241,31.4842894,2.0000000),(25.7029409,31.3930247,2.0000000),(25.4140159,32.2703830,2.0000000),(25.7029409,31.3930247,2.0000000),(25.7776526,31.3106731,2.0000000),(25.4140159,32.2703830,2.0000000),(25.7776526,31.3106731,2.0000000),(25.8578544,31.2393018,2.0000000),(25.4140159,32.2703830,2.0000000),(25.8578544,31.2393018,2.0000000),(25.9435464,31.1789106,2.0000000),(25.4140159,32.2703830,2.0000000),(25.9435464,31.1789106,2.0000000),(26.0347284,31.1294997,2.0000000),(25.4140159,32.2703830,2.0000000),(26.0347284,31.1294997,2.0000000),(26.1314005,31.0910689,2.0000000),(25.4140159,32.2703830,2.0000000),(26.1314005,31.0910689,2.0000000),(26.2335628,31.0636184,2.0000000),(25.4140159,32.2703830,2.0000000),(26.2335628,31.0636184,2.0000000),(26.3412151,31.0471481,2.0000000),(25.4140159,32.2703830,2.0000000),(26.3412151,31.0471481,2.0000000),(26.4543576,31.0416580,2.0000000),(25.4140159,32.2703830,2.0000000),(26.4543576,31.0416580,2.0000000),(26.5677315,31.0471481,2.0000000),(26.5677315,31.0471481,2.0000000),(26.6755492,31.0636184,2.0000000),(26.7778107,31.0910689,2.0000000),(26.5677315,31.0471481,2.0000000),(26.7778107,31.0910689,2.0000000),(26.8745159,31.1294997,2.0000000),(26.5677315,31.0471481,2.0000000),(26.8745159,31.1294997,2.0000000),(26.9656649,31.1789106,2.0000000),(26.5677315,31.0471481,2.0000000),(26.9656649,31.1789106,2.0000000),(27.0512576,31.2393018,2.0000000),(26.5677315,31.0471481,2.0000000),(27.0512576,31.2393018,2.0000000),(27.1312940,31.3106731,2.0000000),(26.5677315,31.0471481,2.0000000),(27.1312940,31.3106731,2.0000000),(27.2057742,31.3930247,2.0000000),(26.5677315,31.0471481,2.0000000),(27.2057742,31.3930247,2.0000000),(27.2734910,31.4842894,2.0000000),(26.5677315,31.0471481,2.0000000),(27.2734910,31.4842894,2.0000000),(27.3321789,31.5808127,2.0000000),(26.5677315,31.0471481,2.0000000),(27.3321789,31.5808127,2.0000000),(27.3818379,31.6825946,2.0000000),(26.5677315,31.0471481,2.0000000),(27.3818379,31.6825946,2.0000000),(27.4224680,31.7896351,2.0000000),(26.5677315,31.0471481,2.0000000),(27.4224680,31.7896351,2.0000000),(27.4540692,31.9019342,2.0000000),(26.5677315,31.0471481,2.0000000),(27.4540692,31.9019342,2.0000000),(27.4766414,32.0194919,2.0000000),(26.5677315,31.0471481,2.0000000),(27.4766414,32.0194919,2.0000000),(27.4901848,32.1423081,2.0000000),(26.5677315,31.0471481,2.0000000),(27.4901848,32.1423081,2.0000000),(27.4946992,32.2703830,2.0000000),(26.5677315,31.0471481,2.0000000),(27.4946992,32.2703830,2.0000000),(27.4902179,32.3997643,2.0000000),(26.5677315,31.0471481,2.0000000),(27.4902179,32.3997643,2.0000000),(27.4767737,32.5238538,2.0000000),(26.5677315,31.0471481,2.0000000),(27.4767737,32.5238538,2.0000000),(27.4543668,32.6426518,2.0000000),(27.4543668,32.6426518,2.0000000),(27.4229972,32.7561580,2.0000000),(27.3826647,32.8643726,2.0000000),(27.4543668,32.6426518,2.0000000),(27.3826647,32.8643726,2.0000000),(27.3333696,32.9672955,2.0000000),(27.4543668,32.6426518,2.0000000),(27.3333696,32.9672955,2.0000000),(26.9695013,32.7476252,2.0000000),(27.4543668,32.6426518,2.0000000),(26.9695013,32.7476252,2.0000000),(27.0237409,32.6066684,2.0000000),(27.4543668,32.6426518,2.0000000),(27.0237409,32.6066684,2.0000000),(27.0562847,32.4475877,2.0000000),(27.4543668,32.6426518,2.0000000),(27.0562847,32.4475877,2.0000000),(27.0644206,32.3612508,2.0000000),(27.4543668,32.6426518,2.0000000),(27.0644206,32.3612508,2.0000000),(27.0671326,32.2703830,2.0000000),(27.4543668,32.6426518,2.0000000),(27.0671326,32.2703830,2.0000000),(27.0643544,32.1796971,2.0000000),(27.4543668,32.6426518,2.0000000),(27.0643544,32.1796971,2.0000000),(27.0560201,32.0939059,2.0000000),(27.4543668,32.6426518,2.0000000),(27.0560201,32.0939059,2.0000000),(27.0421294,32.0130096,2.0000000),(27.4543668,32.6426518,2.0000000),(27.0421294,32.0130096,2.0000000),(27.0226826,31.9370080,2.0000000),(27.4543668,32.6426518,2.0000000),(27.0226826,31.9370080,2.0000000),(26.9671201,31.7996893,2.0000000),(26.5677315,31.0471481,2.0000000),(27.4543668,32.6426518,2.0000000),(26.9671201,31.7996893,2.0000000),(26.5677315,31.0471481,2.0000000),(26.9671201,31.7996893,2.0000000),(26.8893326,31.6819497,2.0000000),(26.5677315,31.0471481,2.0000000),(26.8893326,31.6819497,2.0000000),(26.7958685,31.5879564,2.0000000),(26.5677315,31.0471481,2.0000000),(26.7958685,31.5879564,2.0000000),(26.6922180,31.5208184,2.0000000),(26.5677315,31.0471481,2.0000000),(26.6922180,31.5208184,2.0000000),(26.5783810,31.4805356,2.0000000),(26.5677315,31.0471481,2.0000000),(26.5783810,31.4805356,2.0000000),(26.4543576,31.4671080,2.0000000),(26.5677315,31.0471481,2.0000000),(26.4543576,31.4671080,2.0000000),(26.3303341,31.4805356,2.0000000),(26.5677315,31.0471481,2.0000000),(26.3303341,31.4805356,2.0000000),(26.2164972,31.5208184,2.0000000),(26.5677315,31.0471481,2.0000000),(26.2164972,31.5208184,2.0000000),(26.1128466,31.5879564,2.0000000),(25.4140159,32.2703830,2.0000000),(26.5677315,31.0471481,2.0000000),(26.1128466,31.5879564,2.0000000),(25.4140159,32.2703830,2.0000000),(26.1128466,31.5879564,2.0000000),(26.0193826,31.6819497,2.0000000),(25.4140159,32.2703830,2.0000000),(26.0193826,31.6819497,2.0000000),(25.9420581,31.7996893,2.0000000),(25.4140159,32.2703830,2.0000000),(25.9420581,31.7996893,2.0000000),(25.8868263,31.9370080,2.0000000),(25.4140159,32.2703830,2.0000000),(25.8868263,31.9370080,2.0000000),(25.8536873,32.0939059,2.0000000),(25.4140159,32.2703830,2.0000000),(25.8536873,32.0939059,2.0000000),(25.8454025,32.1796971,2.0000000),(25.4140159,32.2703830,2.0000000),(25.8454025,32.1796971,2.0000000),(25.8426409,32.2703830,2.0000000),(25.4140159,32.2703830,2.0000000),(25.8426409,32.2703830,2.0000000),(25.8453529,32.3612508,2.0000000),(25.4140159,32.2703830,2.0000000),(25.8453529,32.3612508,2.0000000),(25.8534888,32.4475877,2.0000000),(25.4140159,32.2703830,2.0000000),(25.8534888,32.4475877,2.0000000),(25.8670487,32.5293936,2.0000000),(25.4140159,32.2703830,2.0000000),(25.8670487,32.5293936,2.0000000),(25.8860326,32.6066684,2.0000000),(25.4140159,32.2703830,2.0000000),(25.8860326,32.6066684,2.0000000),(25.9402722,32.7476252,2.0000000),(25.4140159,32.2703830,2.0000000),(25.9402722,32.7476252,2.0000000),(26.0162076,32.8704580,2.0000000),(25.4140159,32.2703830,2.0000000),(26.0162076,32.8704580,2.0000000),(26.1086794,32.9676924,2.0000000),(26.7164935,33.6015018,2.0000000),(25.4140159,32.2703830,2.0000000),(26.1086794,32.9676924,2.0000000),(26.7164935,33.6015018,2.0000000),(26.1086794,32.9676924,2.0000000),(26.2125284,33.0371455,2.0000000),(26.7771492,33.6663247,2.0000000),(26.7164935,33.6015018,2.0000000),(26.2125284,33.0371455,2.0000000),(26.7771492,33.6663247,2.0000000),(26.2125284,33.0371455,2.0000000),(26.3277544,33.0788174,2.0000000),(26.7771492,33.6663247,2.0000000),(26.3277544,33.0788174,2.0000000),(26.4543576,33.0927080,2.0000000),(26.8308597,33.7562830,2.0000000),(26.7771492,33.6663247,2.0000000),(26.4543576,33.0927080,2.0000000),(26.8308597,33.7562830,2.0000000),(26.4543576,33.0927080,2.0000000),(26.5814237,33.0788174,2.0000000),(26.8692242,33.8589413,2.0000000),(26.8308597,33.7562830,2.0000000),(26.5814237,33.0788174,2.0000000),(26.8692242,33.8589413,2.0000000),(26.5814237,33.0788174,2.0000000),(26.6969805,33.0371455,2.0000000),(26.8692242,33.8589413,2.0000000),(26.6969805,33.0371455,2.0000000),(26.8010279,32.9676924,2.0000000),(26.8922430,33.9742997,2.0000000),(26.8692242,33.8589413,2.0000000),(26.8010279,32.9676924,2.0000000),(26.8922430,33.9742997,2.0000000),(26.8010279,32.9676924,2.0000000),(26.8935659,32.8704580,2.0000000),(26.8999159,34.1023580,2.0000000),(26.8922430,33.9742997,2.0000000),(26.8935659,32.8704580,2.0000000),(26.8999159,34.1023580,2.0000000),(26.8935659,32.8704580,2.0000000),(26.9695013,32.7476252,2.0000000),(26.9695013,32.7476252,2.0000000),(27.3333696,32.9672955,2.0000000),(27.2751116,33.0649268,2.0000000),(26.9695013,32.7476252,2.0000000),(27.2751116,33.0649268,2.0000000),(27.2078909,33.1572663,2.0000000),(26.9695013,32.7476252,2.0000000),(27.2078909,33.1572663,2.0000000),(27.1240180,33.2503997,2.0000000),(26.9695013,32.7476252,2.0000000),(27.1240180,33.2503997,2.0000000),(27.0396159,33.3265997,2.0000000),(26.8999159,34.1023580,2.0000000),(26.9695013,32.7476252,2.0000000),(27.0396159,33.3265997,2.0000000),(26.8921768,34.2278366,2.0000000),(26.8999159,34.1023580,2.0000000),(27.0396159,33.3265997,2.0000000),(26.8921768,34.2278366,2.0000000),(27.0396159,33.3265997,2.0000000),(27.0872409,33.3752830,2.0000000),(26.8689597,34.3386309,2.0000000),(26.8921768,34.2278366,2.0000000),(27.0872409,33.3752830,2.0000000),(26.8689597,34.3386309,2.0000000),(27.0872409,33.3752830,2.0000000),(27.1432995,33.4528555,2.0000000),(26.8689597,34.3386309,2.0000000),(27.1432995,33.4528555,2.0000000),(27.1918836,33.5342314,2.0000000),(26.8689597,34.3386309,2.0000000),(27.1918836,33.5342314,2.0000000),(27.2329933,33.6194107,2.0000000),(26.8302643,34.4347408,2.0000000),(26.8689597,34.3386309,2.0000000),(27.2329933,33.6194107,2.0000000),(26.8302643,34.4347408,2.0000000),(27.2329933,33.6194107,2.0000000),(27.2666284,33.7083934,2.0000000),(26.8302643,34.4347408,2.0000000),(27.2666284,33.7083934,2.0000000),(27.2927891,33.8011795,2.0000000),(26.7760909,34.5161663,2.0000000),(26.8302643,34.4347408,2.0000000),(27.2927891,33.8011795,2.0000000),(26.7760909,34.5161663,2.0000000),(27.2927891,33.8011795,2.0000000),(27.3114753,33.8977689,2.0000000),(26.7760909,34.5161663,2.0000000),(27.3114753,33.8977689,2.0000000),(27.3226870,33.9981618,2.0000000),(26.7095482,34.5809893,2.0000000),(26.7760909,34.5161663,2.0000000),(27.3226870,33.9981618,2.0000000),(26.7095482,34.5809893,2.0000000),(27.3226870,33.9981618,2.0000000),(27.3264242,34.1023580,2.0000000),(26.7095482,34.5809893,2.0000000),(27.3264242,34.1023580,2.0000000),(27.3226705,34.2064715,2.0000000),(26.7095482,34.5809893,2.0000000),(27.3226705,34.2064715,2.0000000),(27.3114091,34.3060872,2.0000000),(26.6337451,34.6272913,2.0000000),(26.7095482,34.5809893,2.0000000),(27.3114091,34.3060872,2.0000000),(26.6337451,34.6272913,2.0000000),(27.3114091,34.3060872,2.0000000),(27.2926403,34.4012049,2.0000000),(26.6337451,34.6272913,2.0000000),(27.2926403,34.4012049,2.0000000),(27.2663638,34.4918247,2.0000000),(25.8847262,34.8753051,2.0000000),(26.6337451,34.6272913,2.0000000),(27.2663638,34.4918247,2.0000000),(25.8847262,34.8753051,2.0000000),(27.2663638,34.4918247,2.0000000),(27.2325798,34.5779465,2.0000000),(25.8847262,34.8753051,2.0000000),(27.2325798,34.5779465,2.0000000),(27.1912883,34.6595705,2.0000000),(25.8847262,34.8753051,2.0000000),(27.1912883,34.6595705,2.0000000),(27.1424892,34.7366965,2.0000000),(25.8847262,34.8753051,2.0000000),(27.1424892,34.7366965,2.0000000),(27.0861826,34.8093247,2.0000000),(25.8847262,34.8753051,2.0000000),(27.0861826,34.8093247,2.0000000),(27.0239890,34.8753051,2.0000000),(25.8847262,34.8753051,2.0000000),(27.0239890,34.8753051,2.0000000),(26.9569998,34.9324882,2.0000000),(25.8847262,34.8753051,2.0000000),(26.9569998,34.9324882,2.0000000),(26.8852150,34.9808739,2.0000000),(25.8847262,34.8753051,2.0000000),(26.8852150,34.9808739,2.0000000),(26.8086347,35.0204622,2.0000000),(25.8847262,34.8753051,2.0000000),(26.8086347,35.0204622,2.0000000),(26.7272587,35.0512531,2.0000000),(25.8847262,34.8753051,2.0000000),(26.7272587,35.0512531,2.0000000),(26.6410873,35.0732465,2.0000000),(25.8847262,34.8753051,2.0000000),(26.6410873,35.0732465,2.0000000),(26.5501202,35.0864426,2.0000000),(25.8847262,34.8753051,2.0000000),(26.5501202,35.0864426,2.0000000),(26.4543576,35.0908413,2.0000000),(25.8847262,34.8753051,2.0000000),(26.4543576,35.0908413,2.0000000),(26.3585949,35.0864426,2.0000000),(25.8847262,34.8753051,2.0000000),(26.3585949,35.0864426,2.0000000),(26.2676279,35.0732465,2.0000000),(25.8847262,34.8753051,2.0000000),(26.2676279,35.0732465,2.0000000),(26.1814564,35.0512531,2.0000000),(25.8847262,34.8753051,2.0000000),(26.1814564,35.0512531,2.0000000),(26.1000805,35.0204622,2.0000000),(25.8847262,34.8753051,2.0000000),(26.1000805,35.0204622,2.0000000),(26.0235002,34.9808739,2.0000000),(25.8847262,34.8753051,2.0000000),(26.0235002,34.9808739,2.0000000),(25.9517154,34.9324882,2.0000000),(13.1923826,34.9627830,2.0000000),(13.1182992,35.0559163,2.0000000),(12.9881242,35.0908413,2.0000000),(13.1923826,34.9627830,2.0000000),(12.9881242,35.0908413,2.0000000),(12.9111305,35.0757601,2.0000000),(13.1923826,34.9627830,2.0000000),(12.9111305,35.0757601,2.0000000),(12.8452492,35.0305163,2.0000000),(13.1923826,34.9627830,2.0000000),(12.8452492,35.0305163,2.0000000),(12.8000055,34.9619893,2.0000000),(13.1923826,34.9627830,2.0000000),(12.8000055,34.9619893,2.0000000),(12.7849242,34.8770580,2.0000000),(13.1923826,34.9627830,2.0000000),(12.7849242,34.8770580,2.0000000),(12.7849242,31.2501497,2.0000000),(13.1923826,34.9627830,2.0000000),(12.7849242,31.2501497,2.0000000),(12.8013284,31.1678643,2.0000000),(13.1923826,34.9627830,2.0000000),(12.8013284,31.1678643,2.0000000),(12.8505409,31.0988080,2.0000000),(13.1923826,34.9627830,2.0000000),(12.8505409,31.0988080,2.0000000),(12.9180097,31.0535643,2.0000000),(13.1923826,34.9627830,2.0000000),(12.9180097,31.0535643,2.0000000),(12.9997659,31.0384830,2.0000000),(13.1923826,34.9627830,2.0000000),(12.9997659,31.0384830,2.0000000),(13.0815222,31.0535643,2.0000000),(13.1923826,34.9627830,2.0000000),(13.0815222,31.0535643,2.0000000),(13.1489909,31.0988080,2.0000000),(13.1923826,34.9627830,2.0000000),(13.1489909,31.0988080,2.0000000),(13.1958222,31.1678643,2.0000000),(13.1923826,34.9627830,2.0000000),(13.1958222,31.1678643,2.0000000),(13.2114326,31.2501497,2.0000000),(13.1923826,34.9627830,2.0000000),(13.2114326,31.2501497,2.0000000),(13.2114326,33.7150080,2.0000000),(13.1923826,34.9627830,2.0000000),(13.2114326,33.7150080,2.0000000),(14.1141909,31.1686580,2.0000000),(13.1923826,34.9627830,2.0000000),(14.1141909,31.1686580,2.0000000),(14.1864222,31.0710268,2.0000000),(13.1923826,34.9627830,2.0000000),(14.1864222,31.0710268,2.0000000),(14.3099826,31.0384830,2.0000000),(13.1923826,34.9627830,2.0000000),(14.3099826,31.0384830,2.0000000),(14.4335430,31.0710268,2.0000000),(13.1923826,34.9627830,2.0000000),(14.4335430,31.0710268,2.0000000),(14.5057742,31.1686580,2.0000000),(15.4085326,33.7150080,2.0000000),(15.4085326,31.2501497,2.0000000),(15.4241430,31.1366434,2.0000000),(15.4085326,33.7150080,2.0000000),(15.4241430,31.1366434,2.0000000),(15.4709742,31.0988080,2.0000000),(15.4085326,33.7150080,2.0000000),(15.4709742,31.0988080,2.0000000),(15.6191409,31.0384830,2.0000000),(15.4085326,33.7150080,2.0000000),(15.6191409,31.0384830,2.0000000),(15.6519492,31.0268413,2.0000000),(15.4085326,33.7150080,2.0000000),(15.6519492,31.0268413,2.0000000),(15.7715409,31.0988080,2.0000000),(15.4085326,33.7150080,2.0000000),(15.7715409,31.0988080,2.0000000),(15.8167847,31.1668059,2.0000000),(15.4085326,33.7150080,2.0000000),(15.8167847,31.1668059,2.0000000),(15.8318659,31.2501497,2.0000000),(15.4085326,33.7150080,2.0000000),(15.8318659,31.2501497,2.0000000),(15.8318659,34.8770580,2.0000000),(15.4085326,33.7150080,2.0000000),(15.8318659,34.8770580,2.0000000),(15.8167847,34.9580205,2.0000000),(14.5057742,31.1686580,2.0000000),(15.4085326,33.7150080,2.0000000),(15.8167847,34.9580205,2.0000000),(14.5057742,31.1686580,2.0000000),(15.8167847,34.9580205,2.0000000),(15.7715409,35.0252247,2.0000000),(14.5057742,31.1686580,2.0000000),(15.7715409,35.0252247,2.0000000),(15.7051305,35.0744372,2.0000000),(14.5057742,31.1686580,2.0000000),(15.7051305,35.0744372,2.0000000),(15.6307826,35.0908413,2.0000000),(14.5057742,31.1686580,2.0000000),(15.6307826,35.0908413,2.0000000),(15.5037826,35.0559163,2.0000000),(14.5057742,31.1686580,2.0000000),(15.5037826,35.0559163,2.0000000),(15.4244076,34.9585497,2.0000000),(14.5057742,31.1686580,2.0000000),(15.4244076,34.9585497,2.0000000),(14.3089242,31.9073747,2.0000000),(13.1923826,34.9627830,2.0000000),(14.5057742,31.1686580,2.0000000),(14.3089242,31.9073747,2.0000000),(16.4446409,31.9581747,2.0000000),(16.4467576,31.9094913,2.0000000),(16.4706858,31.8173998,2.0000000),(16.4446409,31.9581747,2.0000000),(16.4706858,31.8173998,2.0000000),(16.4985498,31.7310960,2.0000000),(16.4446409,31.9581747,2.0000000),(16.4985498,31.7310960,2.0000000),(16.5303494,31.6505800,2.0000000),(16.4446409,31.9581747,2.0000000),(16.5303494,31.6505800,2.0000000),(16.5660847,31.5758518,2.0000000),(16.4446409,31.9581747,2.0000000),(16.5660847,31.5758518,2.0000000),(16.6057556,31.5069113,2.0000000),(16.4446409,31.9581747,2.0000000),(16.6057556,31.5069113,2.0000000),(16.6493623,31.4437585,2.0000000),(16.4446409,31.9581747,2.0000000),(16.6493623,31.4437585,2.0000000),(16.7483826,31.3348163,2.0000000),(16.4446409,31.9581747,2.0000000),(16.7483826,31.3348163,2.0000000),(16.8293616,31.2653632,2.0000000),(16.4446409,31.9581747,2.0000000),(16.8293616,31.2653632,2.0000000),(16.9124904,31.2051705,2.0000000),(16.4446409,31.9581747,2.0000000),(16.9124904,31.2051705,2.0000000),(16.9977689,31.1542382,2.0000000),(16.4446409,31.9581747,2.0000000),(16.9977689,31.1542382,2.0000000),(17.0851972,31.1125663,2.0000000),(16.4446409,31.9581747,2.0000000),(17.0851972,31.1125663,2.0000000),(17.1747752,31.0801549,2.0000000),(16.4446409,31.9581747,2.0000000),(17.1747752,31.0801549,2.0000000),(17.2665029,31.0570038,2.0000000),(16.4446409,31.9581747,2.0000000),(17.2665029,31.0570038,2.0000000),(17.3603804,31.0431132,2.0000000),(16.4446409,31.9581747,2.0000000),(17.3603804,31.0431132,2.0000000),(17.4564076,31.0384830,2.0000000),(16.4446409,31.9581747,2.0000000),(17.4564076,31.0384830,2.0000000),(17.5516576,31.0431959,2.0000000),(16.4446409,31.9581747,2.0000000),(17.5516576,31.0431959,2.0000000),(17.6442617,31.0573346,2.0000000),(16.4446409,31.9581747,2.0000000),(17.6442617,31.0573346,2.0000000),(17.7342201,31.0808990,2.0000000),(16.4446409,31.9581747,2.0000000),(17.7342201,31.0808990,2.0000000),(17.8215326,31.1138893,2.0000000),(17.8215326,31.1138893,2.0000000),(17.9061992,31.1563053,2.0000000),(17.9882201,31.2081471,2.0000000),(17.8215326,31.1138893,2.0000000),(17.9882201,31.2081471,2.0000000),(18.0675951,31.2694146,2.0000000),(17.8215326,31.1138893,2.0000000),(18.0675951,31.2694146,2.0000000),(18.1443242,31.3401080,2.0000000),(17.8215326,31.1138893,2.0000000),(18.1443242,31.3401080,2.0000000),(18.2244434,31.4283465,2.0000000),(17.8215326,31.1138893,2.0000000),(18.2244434,31.4283465,2.0000000),(18.2938800,31.5231997,2.0000000),(17.8215326,31.1138893,2.0000000),(18.2938800,31.5231997,2.0000000),(18.3526340,31.6246674,2.0000000),(17.8215326,31.1138893,2.0000000),(18.3526340,31.6246674,2.0000000),(18.4007055,31.7327497,2.0000000),(17.8215326,31.1138893,2.0000000),(18.4007055,31.7327497,2.0000000),(18.4380944,31.8474465,2.0000000),(17.8215326,31.1138893,2.0000000),(18.4380944,31.8474465,2.0000000),(18.4648008,31.9687580,2.0000000),(17.8215326,31.1138893,2.0000000),(18.4648008,31.9687580,2.0000000),(18.4808246,32.0966840,2.0000000),(17.8215326,31.1138893,2.0000000),(18.4808246,32.0966840,2.0000000),(18.4861659,32.2312247,2.0000000),(17.8215326,31.1138893,2.0000000),(18.4861659,32.2312247,2.0000000),(18.4848761,32.3345073,2.0000000),(17.8215326,31.1138893,2.0000000),(18.4848761,32.3345073,2.0000000),(18.4810065,32.4337467,2.0000000),(17.8215326,31.1138893,2.0000000),(18.4810065,32.4337467,2.0000000),(18.4745573,32.5289429,2.0000000),(17.8215326,31.1138893,2.0000000),(18.4745573,32.5289429,2.0000000),(18.4655284,32.6200960,2.0000000),(17.8215326,31.1138893,2.0000000),(18.4655284,32.6200960,2.0000000),(18.4539198,32.7072060,2.0000000),(17.8215326,31.1138893,2.0000000),(18.4539198,32.7072060,2.0000000),(18.4397315,32.7902727,2.0000000),(17.8215326,31.1138893,2.0000000),(18.4397315,32.7902727,2.0000000),(18.4229636,32.8692963,2.0000000),(17.8215326,31.1138893,2.0000000),(18.4229636,32.8692963,2.0000000),(18.4036159,32.9442768,2.0000000),(17.8215326,31.1138893,2.0000000),(18.4036159,32.9442768,2.0000000),(18.3571815,33.0821081,2.0000000),(18.3571815,33.0821081,2.0000000),(18.3004284,33.2037669,2.0000000),(18.2333565,33.3092529,2.0000000),(18.3571815,33.0821081,2.0000000),(18.2333565,33.3092529,2.0000000),(18.1559659,33.3985663,2.0000000),(18.3571815,33.0821081,2.0000000),(18.1559659,33.3985663,2.0000000),(18.0764752,33.4680195,2.0000000),(18.3571815,33.0821081,2.0000000),(18.0764752,33.4680195,2.0000000),(17.9946362,33.5282122,2.0000000),(18.3571815,33.0821081,2.0000000),(17.9946362,33.5282122,2.0000000),(17.9104491,33.5791445,2.0000000),(18.3571815,33.0821081,2.0000000),(17.9104491,33.5791445,2.0000000),(17.8239138,33.6208163,2.0000000),(18.3571815,33.0821081,2.0000000),(17.8239138,33.6208163,2.0000000),(17.7350304,33.6532278,2.0000000),(18.3571815,33.0821081,2.0000000),(17.7350304,33.6532278,2.0000000),(17.6437987,33.6763788,2.0000000),(18.3571815,33.0821081,2.0000000),(17.6437987,33.6763788,2.0000000),(17.5502189,33.6902695,2.0000000),(18.3571815,33.0821081,2.0000000),(17.5502189,33.6902695,2.0000000),(17.4542909,33.6948997,2.0000000),(18.3571815,33.0821081,2.0000000),(17.4542909,33.6948997,2.0000000),(17.3689793,33.6916420,2.0000000),(18.3571815,33.0821081,2.0000000),(17.3689793,33.6916420,2.0000000),(17.2866112,33.6818689,2.0000000),(18.3571815,33.0821081,2.0000000),(17.2866112,33.6818689,2.0000000),(17.2071866,33.6655805,2.0000000),(18.3571815,33.0821081,2.0000000),(17.2071866,33.6655805,2.0000000),(17.1307055,33.6427768,2.0000000),(18.3571815,33.0821081,2.0000000),(17.1307055,33.6427768,2.0000000),(16.9865737,33.5776231,2.0000000),(18.3571815,33.0821081,2.0000000),(16.9865737,33.5776231,2.0000000),(16.8542159,33.4864080,2.0000000),(16.8965492,34.6643330,2.0000000),(18.1718409,34.6643330,2.0000000),(18.2533326,34.6802080,2.0000000),(16.8965492,34.6643330,2.0000000),(18.2533326,34.6802080,2.0000000),(18.3221242,34.7278330,2.0000000),(16.8965492,34.6643330,2.0000000),(18.3221242,34.7278330,2.0000000),(18.3689555,34.7971538,2.0000000),(16.8965492,34.6643330,2.0000000),(18.3689555,34.7971538,2.0000000),(18.3845659,34.8781163,2.0000000),(16.8965492,34.6643330,2.0000000),(18.3845659,34.8781163,2.0000000),(18.3689555,34.9588143,2.0000000),(16.8965492,34.6643330,2.0000000),(18.3689555,34.9588143,2.0000000),(18.3221242,35.0273413,2.0000000),(16.8965492,34.6643330,2.0000000),(18.3221242,35.0273413,2.0000000),(18.2533326,35.0749663,2.0000000),(16.8965492,34.6643330,2.0000000),(18.2533326,35.0749663,2.0000000),(18.1718409,35.0908413,2.0000000),(16.8965492,34.6643330,2.0000000),(18.1718409,35.0908413,2.0000000),(16.6996992,35.0908413,2.0000000),(16.8542159,33.4864080,2.0000000),(16.8965492,34.6643330,2.0000000),(16.6996992,35.0908413,2.0000000),(16.8542159,33.4864080,2.0000000),(16.6996992,35.0908413,2.0000000),(16.6192659,35.0768184,2.0000000),(16.8542159,33.4864080,2.0000000),(16.6192659,35.0768184,2.0000000),(16.5494159,35.0347497,2.0000000),(16.8542159,33.4864080,2.0000000),(16.5494159,35.0347497,2.0000000),(16.5017909,34.9696622,2.0000000),(16.8542159,33.4864080,2.0000000),(16.5017909,34.9696622,2.0000000),(16.4859159,34.8908163,2.0000000),(16.8542159,33.4864080,2.0000000),(16.4859159,34.8908163,2.0000000),(16.4054826,32.8260080,2.0000000),(16.8542159,33.4864080,2.0000000),(16.4054826,32.8260080,2.0000000),(16.4187117,32.7466330,2.0000000),(16.8542159,33.4864080,2.0000000),(16.4187117,32.7466330,2.0000000),(16.4583992,32.6757247,2.0000000),(16.8542159,33.4864080,2.0000000),(16.4583992,32.6757247,2.0000000),(16.5234867,32.6217497,2.0000000),(16.8542159,33.4864080,2.0000000),(16.5234867,32.6217497,2.0000000),(16.6065659,32.6037580,2.0000000),(16.8542159,33.4864080,2.0000000),(16.6065659,32.6037580,2.0000000),(16.6877930,32.6172518,2.0000000),(16.8542159,33.4864080,2.0000000),(16.6877930,32.6172518,2.0000000),(16.7600242,32.6577330,2.0000000),(16.8542159,33.4864080,2.0000000),(16.7600242,32.6577330,2.0000000),(16.8224659,32.7593330,2.0000000),(16.8542159,33.4864080,2.0000000),(16.8224659,32.7593330,2.0000000),(16.8564649,32.8444627,2.0000000),(16.8542159,33.4864080,2.0000000),(16.8564649,32.8444627,2.0000000),(16.9055451,32.9284018,2.0000000),(16.8542159,33.4864080,2.0000000),(16.9055451,32.9284018,2.0000000),(16.9697065,33.0111502,2.0000000),(16.8542159,33.4864080,2.0000000),(16.9697065,33.0111502,2.0000000),(17.0489492,33.0927080,2.0000000),(16.8542159,33.4864080,2.0000000),(17.0489492,33.0927080,2.0000000),(17.1445300,33.1704955,2.0000000),(16.8542159,33.4864080,2.0000000),(17.1445300,33.1704955,2.0000000),(17.2439472,33.2260580,2.0000000),(16.8542159,33.4864080,2.0000000),(17.2439472,33.2260580,2.0000000),(17.3472008,33.2593955,2.0000000),(16.8542159,33.4864080,2.0000000),(17.3472008,33.2593955,2.0000000),(17.4542909,33.2705080,2.0000000),(16.8542159,33.4864080,2.0000000),(17.4542909,33.2705080,2.0000000),(17.5607857,33.2593955,2.0000000),(18.3571815,33.0821081,2.0000000),(16.8542159,33.4864080,2.0000000),(17.5607857,33.2593955,2.0000000),(18.3571815,33.0821081,2.0000000),(17.5607857,33.2593955,2.0000000),(17.6633117,33.2260580,2.0000000),(18.3571815,33.0821081,2.0000000),(17.6633117,33.2260580,2.0000000),(17.7618690,33.1704955,2.0000000),(18.3571815,33.0821081,2.0000000),(17.7618690,33.1704955,2.0000000),(17.8564576,33.0927080,2.0000000),(18.3571815,33.0821081,2.0000000),(17.8564576,33.0927080,2.0000000),(17.9467466,32.9641205,2.0000000),(18.3571815,33.0821081,2.0000000),(17.9467466,32.9641205,2.0000000),(17.9822173,32.8779986,2.0000000),(18.3571815,33.0821081,2.0000000),(17.9822173,32.8779986,2.0000000),(18.0112388,32.7773247,2.0000000),(18.3571815,33.0821081,2.0000000),(18.0112388,32.7773247,2.0000000),(18.0338111,32.6620986,2.0000000),(18.3571815,33.0821081,2.0000000),(18.0338111,32.6620986,2.0000000),(18.0499341,32.5323205,2.0000000),(18.3571815,33.0821081,2.0000000),(18.0499341,32.5323205,2.0000000),(18.0596080,32.3879903,2.0000000),(18.3571815,33.0821081,2.0000000),(18.0596080,32.3879903,2.0000000),(18.0628326,32.2291080,2.0000000),(18.3571815,33.0821081,2.0000000),(18.0628326,32.2291080,2.0000000),(18.0593930,32.1376614,2.0000000),(18.3571815,33.0821081,2.0000000),(18.0593930,32.1376614,2.0000000),(18.0490742,32.0511757,2.0000000),(18.3571815,33.0821081,2.0000000),(18.0490742,32.0511757,2.0000000),(18.0318763,31.9696510,2.0000000),(17.8215326,31.1138893,2.0000000),(18.3571815,33.0821081,2.0000000),(18.0318763,31.9696510,2.0000000),(17.8215326,31.1138893,2.0000000),(18.0318763,31.9696510,2.0000000),(18.0077992,31.8930872,2.0000000),(17.8215326,31.1138893,2.0000000),(18.0077992,31.8930872,2.0000000),(17.9390076,31.7548424,2.0000000),(17.8215326,31.1138893,2.0000000),(17.9390076,31.7548424,2.0000000),(17.8426992,31.6364413,2.0000000),(17.8215326,31.1138893,2.0000000),(17.8426992,31.6364413,2.0000000),(17.7514180,31.5605059,2.0000000),(17.8215326,31.1138893,2.0000000),(17.7514180,31.5605059,2.0000000),(17.6553742,31.5062663,2.0000000),(17.8215326,31.1138893,2.0000000),(17.6553742,31.5062663,2.0000000),(17.5545680,31.4737226,2.0000000),(17.8215326,31.1138893,2.0000000),(17.5545680,31.4737226,2.0000000),(17.4489992,31.4628747,2.0000000),(17.8215326,31.1138893,2.0000000),(17.4489992,31.4628747,2.0000000),(17.3464071,31.4741195,2.0000000),(17.8215326,31.1138893,2.0000000),(17.3464071,31.4741195,2.0000000),(17.2439472,31.5078538,2.0000000),(17.8215326,31.1138893,2.0000000),(17.2439472,31.5078538,2.0000000),(17.1416196,31.5640778,2.0000000),(16.4446409,31.9581747,2.0000000),(17.8215326,31.1138893,2.0000000),(17.1416196,31.5640778,2.0000000),(16.4446409,31.9581747,2.0000000),(17.1416196,31.5640778,2.0000000),(17.0394242,31.6427913,2.0000000),(16.4446409,31.9581747,2.0000000),(17.0394242,31.6427913,2.0000000),(16.9372951,31.7856663,2.0000000),(16.4446409,31.9581747,2.0000000),(16.9372951,31.7856663,2.0000000),(16.8977399,31.8856788,2.0000000),(16.4446409,31.9581747,2.0000000),(16.8977399,31.8856788,2.0000000),(16.8658576,32.0047413,2.0000000),(16.4446409,31.9581747,2.0000000),(16.8658576,32.0047413,2.0000000),(16.8218044,32.0774356,2.0000000),(16.4446409,31.9581747,2.0000000),(16.8218044,32.0774356,2.0000000),(16.7732534,32.1293601,2.0000000),(16.4446409,31.9581747,2.0000000),(16.7732534,32.1293601,2.0000000),(16.6626576,32.1708997,2.0000000),(16.4446409,31.9581747,2.0000000),(16.6626576,32.1708997,2.0000000),(16.6552492,32.1708997,2.0000000),(16.4446409,31.9581747,2.0000000),(16.6552492,32.1708997,2.0000000),(16.5813643,32.1552231,2.0000000),(16.4446409,31.9581747,2.0000000),(16.5813643,32.1552231,2.0000000),(16.5216347,32.1145434,2.0000000),(19.3749013,31.0133476,2.0000000),(19.4365492,31.0691747,2.0000000),(20.1562159,32.0650663,2.0000000),(20.1562159,32.0650663,2.0000000),(20.8737659,31.0691747,2.0000000),(20.9359430,31.0133476,2.0000000),(20.1562159,32.0650663,2.0000000),(20.9359430,31.0133476,2.0000000),(21.0145242,30.9855663,2.0000000),(20.1562159,32.0650663,2.0000000),(21.0145242,30.9855663,2.0000000),(21.0970742,30.9879476,2.0000000),(20.1562159,32.0650663,2.0000000),(21.0970742,30.9879476,2.0000000),(21.1711576,31.0226080,2.0000000),(20.1562159,32.0650663,2.0000000),(21.1711576,31.0226080,2.0000000),(21.2277784,31.0824038,2.0000000),(20.1562159,32.0650663,2.0000000),(21.2277784,31.0824038,2.0000000),(21.2558242,31.1601913,2.0000000),(20.1562159,32.0650663,2.0000000),(21.2558242,31.1601913,2.0000000),(21.2542367,31.2432705,2.0000000),(20.1562159,32.0650663,2.0000000),(21.2542367,31.2432705,2.0000000),(21.2219576,31.3189413,2.0000000),(20.1562159,32.0650663,2.0000000),(21.2219576,31.3189413,2.0000000),(20.4176242,32.4301913,2.0000000),(19.3749013,31.0133476,2.0000000),(20.1562159,32.0650663,2.0000000),(20.4176242,32.4301913,2.0000000),(19.3749013,31.0133476,2.0000000),(20.4176242,32.4301913,2.0000000),(21.2219576,33.5393247,2.0000000),(19.3749013,31.0133476,2.0000000),(21.2219576,33.5393247,2.0000000),(21.2542367,33.6134080,2.0000000),(19.3749013,31.0133476,2.0000000),(21.2542367,33.6134080,2.0000000),(21.2558242,33.6959580,2.0000000),(19.3749013,31.0133476,2.0000000),(21.2558242,33.6959580,2.0000000),(21.2277784,33.7740101,2.0000000),(19.3749013,31.0133476,2.0000000),(21.2277784,33.7740101,2.0000000),(21.1711576,33.8345997,2.0000000),(19.3749013,31.0133476,2.0000000),(21.1711576,33.8345997,2.0000000),(21.0970742,33.8700538,2.0000000),(19.3749013,31.0133476,2.0000000),(21.0970742,33.8700538,2.0000000),(21.0145242,33.8726997,2.0000000),(19.3749013,31.0133476,2.0000000),(21.0145242,33.8726997,2.0000000),(20.9359430,33.8443893,2.0000000),(19.3749013,31.0133476,2.0000000),(20.9359430,33.8443893,2.0000000),(20.8737659,33.7869747,2.0000000),(19.3749013,31.0133476,2.0000000),(20.8737659,33.7869747,2.0000000),(20.1562159,32.7910830,2.0000000),(20.1562159,32.7910830,2.0000000),(19.4365492,33.7869747,2.0000000),(19.3754305,33.8454476,2.0000000),(20.1562159,32.7910830,2.0000000),(19.3754305,33.8454476,2.0000000),(19.2979076,33.8726997,2.0000000),(20.1562159,32.7910830,2.0000000),(19.2979076,33.8726997,2.0000000),(19.2113888,33.8703184,2.0000000),(20.1562159,32.7910830,2.0000000),(19.2113888,33.8703184,2.0000000),(19.1380992,33.8356580,2.0000000),(20.1562159,32.7910830,2.0000000),(19.1380992,33.8356580,2.0000000),(19.0822722,33.7750684,2.0000000),(20.1562159,32.7910830,2.0000000),(19.0822722,33.7750684,2.0000000),(19.0544909,33.6991330,2.0000000),(20.1562159,32.7910830,2.0000000),(19.0544909,33.6991330,2.0000000),(19.0574013,33.6142018,2.0000000),(20.1562159,32.7910830,2.0000000),(19.0574013,33.6142018,2.0000000),(19.0936492,33.5393247,2.0000000),(20.1562159,32.7910830,2.0000000),(19.0936492,33.5393247,2.0000000),(19.8926909,32.4301913,2.0000000),(19.3749013,31.0133476,2.0000000),(20.1562159,32.7910830,2.0000000),(19.8926909,32.4301913,2.0000000),(19.3749013,31.0133476,2.0000000),(19.8926909,32.4301913,2.0000000),(19.0894159,31.3189413,2.0000000),(19.3749013,31.0133476,2.0000000),(19.0894159,31.3189413,2.0000000),(19.0563430,31.2435351,2.0000000),(19.3749013,31.0133476,2.0000000),(19.0563430,31.2435351,2.0000000),(19.0544909,31.1612497,2.0000000),(19.3749013,31.0133476,2.0000000),(19.0544909,31.1612497,2.0000000),(19.0825367,31.0800226,2.0000000),(19.3749013,31.0133476,2.0000000),(19.0825367,31.0800226,2.0000000),(19.1391576,31.0204913,2.0000000),(19.3749013,31.0133476,2.0000000),(19.1391576,31.0204913,2.0000000),(19.2137701,30.9874184,2.0000000),(19.3749013,31.0133476,2.0000000),(19.2137701,30.9874184,2.0000000),(19.2957909,30.9855663,2.0000000),(24.3630909,31.0689101,2.0000000),(24.4361159,30.9622830,2.0000000),(24.5427430,30.8892580,2.0000000),(24.3630909,31.0689101,2.0000000),(24.5427430,30.8892580,2.0000000),(24.6678909,30.8649163,2.0000000),(24.3630909,31.0689101,2.0000000),(24.6678909,30.8649163,2.0000000),(24.7927742,30.8892580,2.0000000),(24.3630909,31.0689101,2.0000000),(24.7927742,30.8892580,2.0000000),(24.8986076,30.9622830,2.0000000),(24.3630909,31.0689101,2.0000000),(24.8986076,30.9622830,2.0000000),(24.9716326,31.0689101,2.0000000),(24.3630909,31.0689101,2.0000000),(24.9716326,31.0689101,2.0000000),(24.9959742,31.1940580,2.0000000),(24.3630909,31.0689101,2.0000000),(24.9959742,31.1940580,2.0000000),(24.9716326,31.3192059,2.0000000),(24.3630909,31.0689101,2.0000000),(24.9716326,31.3192059,2.0000000),(24.8986076,31.4258330,2.0000000),(24.3630909,31.0689101,2.0000000),(24.8986076,31.4258330,2.0000000),(24.7927742,31.4988580,2.0000000),(24.3630909,31.0689101,2.0000000),(24.7927742,31.4988580,2.0000000),(24.6678909,31.5231997,2.0000000),(24.3630909,31.0689101,2.0000000),(24.6678909,31.5231997,2.0000000),(24.5427430,31.4988580,2.0000000),(24.3630909,31.0689101,2.0000000),(24.5427430,31.4988580,2.0000000),(24.4361159,31.4258330,2.0000000),(24.3630909,31.0689101,2.0000000),(24.4361159,31.4258330,2.0000000),(24.3630909,31.3192059,2.0000000),(24.3630909,31.0689101,2.0000000),(24.3630909,31.3192059,2.0000000),(24.3387492,31.1940580,2.0000000),(39.3117576,32.7931997,2.0000000),(40.6939409,31.0035580,2.0000000),(40.7661722,30.9416455,2.0000000),(39.3117576,32.7931997,2.0000000),(40.7661722,30.9416455,2.0000000),(40.8579826,30.9210080,2.0000000),(39.3117576,32.7931997,2.0000000),(40.8579826,30.9210080,2.0000000),(40.9902742,30.9665163,2.0000000),(39.3117576,32.7931997,2.0000000),(40.9902742,30.9665163,2.0000000),(41.0545680,31.0400705,2.0000000),(39.3117576,32.7931997,2.0000000),(41.0545680,31.0400705,2.0000000),(41.0759992,31.1358497,2.0000000),(39.3117576,32.7931997,2.0000000),(41.0759992,31.1358497,2.0000000),(41.0315492,31.2681413,2.0000000),(39.3117576,32.7931997,2.0000000),(41.0315492,31.2681413,2.0000000),(39.8557409,32.7931997,2.0000000),(39.8557409,32.7931997,2.0000000),(39.9414659,32.7931997,2.0000000),(40.0607103,32.7983094,2.0000000),(39.3117576,32.7931997,2.0000000),(39.8557409,32.7931997,2.0000000),(40.0607103,32.7983094,2.0000000),(38.4481576,32.7931997,2.0000000),(39.3117576,32.7931997,2.0000000),(40.0607103,32.7983094,2.0000000),(38.4481576,32.7931997,2.0000000),(40.0607103,32.7983094,2.0000000),(40.1744977,32.8136387,2.0000000),(38.4481576,32.7931997,2.0000000),(40.1744977,32.8136387,2.0000000),(40.2828280,32.8391876,2.0000000),(38.4481576,32.7931997,2.0000000),(40.2828280,32.8391876,2.0000000),(40.3857013,32.8749559,2.0000000),(38.4481576,32.7931997,2.0000000),(40.3857013,32.8749559,2.0000000),(40.4831176,32.9209438,2.0000000),(38.4481576,32.7931997,2.0000000),(40.4831176,32.9209438,2.0000000),(40.5750768,32.9771512,2.0000000),(38.4481576,32.7931997,2.0000000),(40.5750768,32.9771512,2.0000000),(40.6615791,33.0435782,2.0000000),(38.4481576,32.7931997,2.0000000),(40.6615791,33.0435782,2.0000000),(40.7426242,33.1202247,2.0000000),(38.4481576,32.7931997,2.0000000),(40.7426242,33.1202247,2.0000000),(40.8190227,33.2099515,2.0000000),(38.4481576,32.7931997,2.0000000),(40.8190227,33.2099515,2.0000000),(40.8852347,33.3023903,2.0000000),(38.4481576,32.7931997,2.0000000),(40.8852347,33.3023903,2.0000000),(40.9412602,33.3975411,2.0000000),(40.9412602,33.3975411,2.0000000),(40.9870992,33.4954038,2.0000000),(40.5915472,33.6446288,2.0000000),(40.9412602,33.3975411,2.0000000),(40.5915472,33.6446288,2.0000000),(40.5270550,33.5270215,2.0000000),(40.9412602,33.3975411,2.0000000),(40.5270550,33.5270215,2.0000000),(40.4367659,33.4207913,2.0000000),(40.9412602,33.3975411,2.0000000),(40.4367659,33.4207913,2.0000000),(40.3268315,33.3328174,2.0000000),(40.9412602,33.3975411,2.0000000),(40.3268315,33.3328174,2.0000000),(40.2076367,33.2699788,2.0000000),(40.9412602,33.3975411,2.0000000),(40.2076367,33.2699788,2.0000000),(40.0791815,33.2322757,2.0000000),(38.4481576,32.7931997,2.0000000),(40.9412602,33.3975411,2.0000000),(40.0791815,33.2322757,2.0000000),(38.4481576,32.7931997,2.0000000),(40.0791815,33.2322757,2.0000000),(39.9414659,33.2197080,2.0000000),(38.4481576,32.7931997,2.0000000),(39.9414659,33.2197080,2.0000000),(38.4481576,33.2197080,2.0000000),(40.6302425,33.7736132,2.0000000),(40.5915472,33.6446288,2.0000000),(40.9870992,33.4954038,2.0000000),(40.6431409,33.9139747,2.0000000),(40.6302425,33.7736132,2.0000000),(40.9870992,33.4954038,2.0000000),(40.6302425,34.0530132,2.0000000),(40.6431409,33.9139747,2.0000000),(40.9870992,33.4954038,2.0000000),(40.5915472,34.1812038,2.0000000),(40.6302425,34.0530132,2.0000000),(40.9870992,33.4954038,2.0000000),(40.5270550,34.2985465,2.0000000),(40.5915472,34.1812038,2.0000000),(40.9870992,33.4954038,2.0000000),(40.5270550,34.2985465,2.0000000),(40.9870992,33.4954038,2.0000000),(41.0227518,33.5959786,2.0000000),(40.5270550,34.2985465,2.0000000),(41.0227518,33.5959786,2.0000000),(41.0482180,33.6992653,2.0000000),(40.4367659,34.4050413,2.0000000),(40.5270550,34.2985465,2.0000000),(41.0482180,33.6992653,2.0000000),(40.4367659,34.4050413,2.0000000),(41.0482180,33.6992653,2.0000000),(41.0634977,33.8052640,2.0000000),(40.4367659,34.4050413,2.0000000),(41.0634977,33.8052640,2.0000000),(41.0685909,33.9139747,2.0000000),(40.3296097,34.4930153,2.0000000),(40.4367659,34.4050413,2.0000000),(41.0685909,33.9139747,2.0000000),(40.3296097,34.4930153,2.0000000),(41.0685909,33.9139747,2.0000000),(41.0634977,34.0265880,2.0000000),(40.3296097,34.4930153,2.0000000),(41.0634977,34.0265880,2.0000000),(41.0482180,34.1352986,2.0000000),(40.2123992,34.5558538,2.0000000),(40.3296097,34.4930153,2.0000000),(41.0482180,34.1352986,2.0000000),(40.2123992,34.5558538,2.0000000),(41.0482180,34.1352986,2.0000000),(41.0227518,34.2401067,2.0000000),(40.2123992,34.5558538,2.0000000),(41.0227518,34.2401067,2.0000000),(40.9870992,34.3410122,2.0000000),(40.0851347,34.5935570,2.0000000),(40.2123992,34.5558538,2.0000000),(40.9870992,34.3410122,2.0000000),(40.0851347,34.5935570,2.0000000),(40.9870992,34.3410122,2.0000000),(40.9412602,34.4380150,2.0000000),(40.0851347,34.5935570,2.0000000),(40.9412602,34.4380150,2.0000000),(40.8852347,34.5311153,2.0000000),(39.9478159,34.6061247,2.0000000),(40.0851347,34.5935570,2.0000000),(40.8852347,34.5311153,2.0000000),(39.9478159,34.6061247,2.0000000),(40.8852347,34.5311153,2.0000000),(40.8190227,34.6203130,2.0000000),(38.4481576,34.6061247,2.0000000),(39.9478159,34.6061247,2.0000000),(40.8190227,34.6203130,2.0000000),(38.4481576,34.6061247,2.0000000),(40.8190227,34.6203130,2.0000000),(40.7426242,34.7056080,2.0000000),(38.4481576,34.6061247,2.0000000),(40.7426242,34.7056080,2.0000000),(40.6555598,34.7837428,2.0000000),(38.4481576,34.6061247,2.0000000),(40.6555598,34.7837428,2.0000000),(40.5647581,34.8514596,2.0000000),(38.4481576,34.6061247,2.0000000),(40.5647581,34.8514596,2.0000000),(40.4702192,34.9087584,2.0000000),(38.4481576,34.6061247,2.0000000),(40.4702192,34.9087584,2.0000000),(40.3719430,34.9556393,2.0000000),(38.4481576,34.6061247,2.0000000),(40.3719430,34.9556393,2.0000000),(40.2699296,34.9921021,2.0000000),(38.4481576,34.6061247,2.0000000),(40.2699296,34.9921021,2.0000000),(40.1641789,35.0181471,2.0000000),(38.4481576,34.6061247,2.0000000),(40.1641789,35.0181471,2.0000000),(40.0546910,35.0337740,2.0000000),(38.4481576,34.6061247,2.0000000),(40.0546910,35.0337740,2.0000000),(39.9414659,35.0389830,2.0000000),(38.4481576,34.6061247,2.0000000),(39.9414659,35.0389830,2.0000000),(38.2354326,35.0389830,2.0000000),(38.4481576,33.2197080,2.0000000),(38.4481576,34.6061247,2.0000000),(38.2354326,35.0389830,2.0000000),(38.4481576,32.7931997,2.0000000),(38.4481576,33.2197080,2.0000000),(38.2354326,35.0389830,2.0000000),(38.4481576,32.7931997,2.0000000),(38.2354326,35.0389830,2.0000000),(38.1494430,35.0223143,2.0000000),(38.4481576,32.7931997,2.0000000),(38.1494430,35.0223143,2.0000000),(38.0777409,34.9723080,2.0000000),(38.4481576,32.7931997,2.0000000),(38.0777409,34.9723080,2.0000000),(38.0356722,34.8979601,2.0000000),(38.4481576,32.7931997,2.0000000),(38.0356722,34.8979601,2.0000000),(38.0216492,34.8188497,2.0000000),(38.4481576,32.7931997,2.0000000),(38.0216492,34.8188497,2.0000000),(38.0216492,31.1919413,2.0000000),(38.4481576,32.7931997,2.0000000),(38.0216492,31.1919413,2.0000000),(38.0445357,31.1085976,2.0000000),(38.4481576,32.7931997,2.0000000),(38.0445357,31.1085976,2.0000000),(38.0877951,31.0490663,2.0000000),(38.4481576,32.7931997,2.0000000),(38.0877951,31.0490663,2.0000000),(38.2354326,31.0014413,2.0000000),(38.4481576,32.7931997,2.0000000),(38.2354326,31.0014413,2.0000000),(38.3094498,31.0133476,2.0000000),(38.4481576,32.7931997,2.0000000),(38.3094498,31.0133476,2.0000000),(38.3695763,31.0490663,2.0000000),(38.4481576,32.7931997,2.0000000),(38.3695763,31.0490663,2.0000000),(38.4481576,31.1919413,2.0000000),(37.0596242,32.7984913,2.0000000),(37.0575076,31.1919413,2.0000000),(37.0736472,31.1099205,2.0000000),(37.0596242,32.7984913,2.0000000),(37.0736472,31.1099205,2.0000000),(37.1220659,31.0416580,2.0000000),(37.0596242,32.7984913,2.0000000),(37.1220659,31.0416580,2.0000000),(37.1908576,30.9956205,2.0000000),(37.0596242,32.7984913,2.0000000),(37.1908576,30.9956205,2.0000000),(37.2681159,30.9802747,2.0000000),(37.0596242,32.7984913,2.0000000),(37.2681159,30.9802747,2.0000000),(37.3509305,30.9956205,2.0000000),(37.0596242,32.7984913,2.0000000),(37.3509305,30.9956205,2.0000000),(37.4194576,31.0416580,2.0000000),(37.0596242,32.7984913,2.0000000),(37.4194576,31.0416580,2.0000000),(37.4654951,31.1099205,2.0000000),(37.0596242,32.7984913,2.0000000),(37.4654951,31.1099205,2.0000000),(37.4808409,31.1919413,2.0000000),(37.0596242,32.7984913,2.0000000),(37.4808409,31.1919413,2.0000000),(37.4808409,34.8188497,2.0000000),(37.0596242,32.7984913,2.0000000),(37.4808409,34.8188497,2.0000000),(37.4654951,34.9003413,2.0000000),(37.0596242,32.7984913,2.0000000),(37.4654951,34.9003413,2.0000000),(37.4194576,34.9691330,2.0000000),(37.0596242,32.7984913,2.0000000),(37.4194576,34.9691330,2.0000000),(37.3519888,35.0167580,2.0000000),(37.0596242,32.7984913,2.0000000),(37.3519888,35.0167580,2.0000000),(37.2723492,35.0326330,2.0000000),(37.0596242,32.7984913,2.0000000),(37.2723492,35.0326330,2.0000000),(37.1903284,35.0162288,2.0000000),(37.0596242,32.7984913,2.0000000),(37.1903284,35.0162288,2.0000000),(37.1199492,34.9670163,2.0000000),(37.0596242,32.7984913,2.0000000),(37.1199492,34.9670163,2.0000000),(37.0731180,34.9024580,2.0000000),(37.0596242,32.7984913,2.0000000),(37.0731180,34.9024580,2.0000000),(37.0575076,34.8188497,2.0000000),(37.0596242,32.7984913,2.0000000),(37.0575076,34.8188497,2.0000000),(37.0575076,33.2197080,2.0000000),(34.8582909,32.7984913,2.0000000),(37.0596242,32.7984913,2.0000000),(37.0575076,33.2197080,2.0000000),(34.8582909,32.7984913,2.0000000),(37.0575076,33.2197080,2.0000000),(34.8646409,33.2197080,2.0000000),(34.8582909,32.7984913,2.0000000),(34.8646409,33.2197080,2.0000000),(34.8646409,34.8188497,2.0000000),(34.8582909,32.7984913,2.0000000),(34.8646409,34.8188497,2.0000000),(34.8482367,34.9003413,2.0000000),(34.8582909,32.7984913,2.0000000),(34.8482367,34.9003413,2.0000000),(34.7990242,34.9691330,2.0000000),(34.8582909,32.7984913,2.0000000),(34.7990242,34.9691330,2.0000000),(34.7294388,35.0167580,2.0000000),(34.8582909,32.7984913,2.0000000),(34.7294388,35.0167580,2.0000000),(34.6519159,35.0326330,2.0000000),(34.8582909,32.7984913,2.0000000),(34.6519159,35.0326330,2.0000000),(34.5696305,35.0167580,2.0000000),(34.8582909,32.7984913,2.0000000),(34.5696305,35.0167580,2.0000000),(34.4984576,34.9691330,2.0000000),(34.8582909,32.7984913,2.0000000),(34.4984576,34.9691330,2.0000000),(34.4500388,34.9003413,2.0000000),(34.8582909,32.7984913,2.0000000),(34.4500388,34.9003413,2.0000000),(34.4338992,34.8188497,2.0000000),(34.8582909,32.7984913,2.0000000),(34.4338992,34.8188497,2.0000000),(34.4338992,31.1919413,2.0000000),(34.8582909,32.7984913,2.0000000),(34.4338992,31.1919413,2.0000000),(34.4495097,31.1099205,2.0000000),(34.8582909,32.7984913,2.0000000),(34.4495097,31.1099205,2.0000000),(34.4963409,31.0416580,2.0000000),(34.8582909,32.7984913,2.0000000),(34.4963409,31.0416580,2.0000000),(34.5659263,30.9956205,2.0000000),(34.8582909,32.7984913,2.0000000),(34.5659263,30.9956205,2.0000000),(34.6476826,30.9802747,2.0000000),(34.8582909,32.7984913,2.0000000),(34.6476826,30.9802747,2.0000000),(34.7254701,30.9953559,2.0000000),(34.8582909,32.7984913,2.0000000),(34.7254701,30.9953559,2.0000000),(34.7979659,31.0405997,2.0000000),(34.8582909,32.7984913,2.0000000),(34.7979659,31.0405997,2.0000000),(34.8432097,31.1054226,2.0000000),(34.8582909,32.7984913,2.0000000),(34.8432097,31.1054226,2.0000000),(34.8582909,31.1919413,2.0000000),(42.0401409,32.5106247,2.0000000),(42.0401409,34.8188497,2.0000000),(42.0247951,34.9003413,2.0000000),(42.0401409,32.5106247,2.0000000),(42.0247951,34.9003413,2.0000000),(41.9787576,34.9691330,2.0000000),(42.0401409,32.5106247,2.0000000),(41.9787576,34.9691330,2.0000000),(41.9112888,35.0167580,2.0000000),(42.0451184,32.3981602,2.0000000),(42.0401409,32.5106247,2.0000000),(41.9112888,35.0167580,2.0000000),(42.0451184,32.3981602,2.0000000),(41.9112888,35.0167580,2.0000000),(41.8316492,35.0326330,2.0000000),(42.0451184,32.3981602,2.0000000),(41.8316492,35.0326330,2.0000000),(41.7483055,35.0162288,2.0000000),(42.0451184,32.3981602,2.0000000),(41.7483055,35.0162288,2.0000000),(41.6739576,34.9670163,2.0000000),(42.0451184,32.3981602,2.0000000),(41.6739576,34.9670163,2.0000000),(41.6287138,34.9024580,2.0000000),(42.0451184,32.3981602,2.0000000),(41.6287138,34.9024580,2.0000000),(41.6136326,34.8188497,2.0000000),(42.0451184,32.3981602,2.0000000),(41.6136326,34.8188497,2.0000000),(41.6136326,32.5106247,2.0000000),(42.0451184,32.3981602,2.0000000),(41.6136326,32.5106247,2.0000000),(41.6205779,32.3555292,2.0000000),(42.0451184,32.3981602,2.0000000),(41.6205779,32.3555292,2.0000000),(41.6414138,32.2061554,2.0000000),(42.0451184,32.3981602,2.0000000),(41.6414138,32.2061554,2.0000000),(41.6761404,32.0625032,2.0000000),(42.0451184,32.3981602,2.0000000),(41.6761404,32.0625032,2.0000000),(41.7247576,31.9245726,2.0000000),(42.0451184,32.3981602,2.0000000),(41.7247576,31.9245726,2.0000000),(41.7872654,31.7923636,2.0000000),(42.0451184,32.3981602,2.0000000),(41.7872654,31.7923636,2.0000000),(41.8636638,31.6658762,2.0000000),(42.0451184,32.3981602,2.0000000),(41.8636638,31.6658762,2.0000000),(41.9539529,31.5451105,2.0000000),(42.0451184,32.3981602,2.0000000),(41.9539529,31.5451105,2.0000000),(42.0581326,31.4300663,2.0000000),(42.0451184,32.3981602,2.0000000),(42.0581326,31.4300663,2.0000000),(42.1707128,31.3246464,2.0000000),(42.1707128,31.3246464,2.0000000),(42.2893784,31.2332825,2.0000000),(42.4141294,31.1559745,2.0000000),(42.1707128,31.3246464,2.0000000),(42.4141294,31.1559745,2.0000000),(42.5449659,31.0927226,2.0000000),(42.1707128,31.3246464,2.0000000),(42.5449659,31.0927226,2.0000000),(42.6818878,31.0435266,2.0000000),(42.1707128,31.3246464,2.0000000),(42.6818878,31.0435266,2.0000000),(42.8248951,31.0083866,2.0000000),(42.1707128,31.3246464,2.0000000),(42.8248951,31.0083866,2.0000000),(42.9739878,30.9873027,2.0000000),(42.1707128,31.3246464,2.0000000),(42.9739878,30.9873027,2.0000000),(43.1291659,30.9802747,2.0000000),(42.1707128,31.3246464,2.0000000),(43.1291659,30.9802747,2.0000000),(43.2845590,30.9873027,2.0000000),(42.1707128,31.3246464,2.0000000),(43.2845590,30.9873027,2.0000000),(43.4342966,31.0083866,2.0000000),(42.1707128,31.3246464,2.0000000),(43.4342966,31.0083866,2.0000000),(43.5783788,31.0435266,2.0000000),(42.1707128,31.3246464,2.0000000),(43.5783788,31.0435266,2.0000000),(43.7168055,31.0927226,2.0000000),(42.1707128,31.3246464,2.0000000),(43.7168055,31.0927226,2.0000000),(43.8495767,31.1559745,2.0000000),(42.1707128,31.3246464,2.0000000),(43.8495767,31.1559745,2.0000000),(43.9766925,31.2332825,2.0000000),(42.1707128,31.3246464,2.0000000),(43.9766925,31.2332825,2.0000000),(44.0981528,31.3246464,2.0000000),(42.1707128,31.3246464,2.0000000),(44.0981528,31.3246464,2.0000000),(44.2139576,31.4300663,2.0000000),(44.2139576,31.4300663,2.0000000),(44.3186334,31.5437710,2.0000000),(44.4093524,31.6636934,2.0000000),(44.2139576,31.4300663,2.0000000),(44.4093524,31.6636934,2.0000000),(44.4861146,31.7898335,2.0000000),(44.2139576,31.4300663,2.0000000),(44.4861146,31.7898335,2.0000000),(44.5489201,31.9221913,2.0000000),(44.2139576,31.4300663,2.0000000),(44.5489201,31.9221913,2.0000000),(44.5977688,32.0607669,2.0000000),(44.2139576,31.4300663,2.0000000),(44.5977688,32.0607669,2.0000000),(44.6326607,32.2055601,2.0000000),(44.2139576,31.4300663,2.0000000),(44.6326607,32.2055601,2.0000000),(44.6535959,32.3565710,2.0000000),(44.2139576,31.4300663,2.0000000),(44.6535959,32.3565710,2.0000000),(44.6605742,32.5137997,2.0000000),(44.2139576,31.4300663,2.0000000),(44.6605742,32.5137997,2.0000000),(44.6605742,34.8188497,2.0000000),(44.2139576,31.4300663,2.0000000),(44.6605742,34.8188497,2.0000000),(44.6452284,34.9003413,2.0000000),(44.2139576,31.4300663,2.0000000),(44.6452284,34.9003413,2.0000000),(44.5991909,34.9691330,2.0000000),(44.2139576,31.4300663,2.0000000),(44.5991909,34.9691330,2.0000000),(44.5309284,35.0167580,2.0000000),(44.2139576,31.4300663,2.0000000),(44.5309284,35.0167580,2.0000000),(44.4489076,35.0326330,2.0000000),(44.2139576,31.4300663,2.0000000),(44.4489076,35.0326330,2.0000000),(44.3668867,35.0167580,2.0000000),(44.2139576,31.4300663,2.0000000),(44.3668867,35.0167580,2.0000000),(44.2986242,34.9691330,2.0000000),(44.2986242,34.9691330,2.0000000),(44.2525867,34.9003413,2.0000000),(44.2372409,34.8188497,2.0000000),(44.2986242,34.9691330,2.0000000),(44.2372409,34.8188497,2.0000000),(44.2372409,32.5137997,2.0000000),(44.2139576,31.4300663,2.0000000),(44.2986242,34.9691330,2.0000000),(44.2372409,32.5137997,2.0000000),(44.2139576,31.4300663,2.0000000),(44.2372409,32.5137997,2.0000000),(44.2321311,32.4017817,2.0000000),(44.2139576,31.4300663,2.0000000),(44.2321311,32.4017817,2.0000000),(44.2168018,32.2937986,2.0000000),(44.2139576,31.4300663,2.0000000),(44.2168018,32.2937986,2.0000000),(44.1912530,32.1898505,2.0000000),(44.2139576,31.4300663,2.0000000),(44.1912530,32.1898505,2.0000000),(44.1554847,32.0899372,2.0000000),(44.2139576,31.4300663,2.0000000),(44.1554847,32.0899372,2.0000000),(44.1094968,31.9940588,2.0000000),(44.2139576,31.4300663,2.0000000),(44.1094968,31.9940588,2.0000000),(44.0532893,31.9022153,2.0000000),(44.2139576,31.4300663,2.0000000),(44.0532893,31.9022153,2.0000000),(43.9868624,31.8144067,2.0000000),(44.2139576,31.4300663,2.0000000),(43.9868624,31.8144067,2.0000000),(43.9102159,31.7306330,2.0000000),(44.2139576,31.4300663,2.0000000),(43.9102159,31.7306330,2.0000000),(43.8283439,31.6542346,2.0000000),(44.2139576,31.4300663,2.0000000),(43.8283439,31.6542346,2.0000000),(43.7420071,31.5880226,2.0000000),(44.2139576,31.4300663,2.0000000),(43.7420071,31.5880226,2.0000000),(43.6512054,31.5319971,2.0000000),(44.2139576,31.4300663,2.0000000),(43.6512054,31.5319971,2.0000000),(43.5559388,31.4861580,2.0000000),(44.2139576,31.4300663,2.0000000),(43.5559388,31.4861580,2.0000000),(43.4562074,31.4505054,2.0000000),(44.2139576,31.4300663,2.0000000),(43.4562074,31.4505054,2.0000000),(43.3520112,31.4250393,2.0000000),(44.2139576,31.4300663,2.0000000),(43.3520112,31.4250393,2.0000000),(43.2433502,31.4097596,2.0000000),(42.1707128,31.3246464,2.0000000),(44.2139576,31.4300663,2.0000000),(43.2433502,31.4097596,2.0000000),(42.1707128,31.3246464,2.0000000),(43.2433502,31.4097596,2.0000000),(43.1302242,31.4046663,2.0000000),(42.1707128,31.3246464,2.0000000),(43.1302242,31.4046663,2.0000000),(43.0190827,31.4097265,2.0000000),(42.1707128,31.3246464,2.0000000),(43.0190827,31.4097265,2.0000000),(42.9121414,31.4249070,2.0000000),(42.1707128,31.3246464,2.0000000),(42.9121414,31.4249070,2.0000000),(42.8094004,31.4502077,2.0000000),(42.1707128,31.3246464,2.0000000),(42.8094004,31.4502077,2.0000000),(42.7108597,31.4856288,2.0000000),(42.1707128,31.3246464,2.0000000),(42.7108597,31.4856288,2.0000000),(42.6165192,31.5311702,2.0000000),(42.1707128,31.3246464,2.0000000),(42.6165192,31.5311702,2.0000000),(42.5263789,31.5868320,2.0000000),(42.1707128,31.3246464,2.0000000),(42.5263789,31.5868320,2.0000000),(42.4404390,31.6526140,2.0000000),(42.1707128,31.3246464,2.0000000),(42.4404390,31.6526140,2.0000000),(42.3586992,31.7285163,2.0000000),(42.1707128,31.3246464,2.0000000),(42.3586992,31.7285163,2.0000000),(42.2840371,31.8115790,2.0000000),(42.1707128,31.3246464,2.0000000),(42.2840371,31.8115790,2.0000000),(42.2193300,31.8988419,2.0000000),(42.1707128,31.3246464,2.0000000),(42.2193300,31.8988419,2.0000000),(42.1645778,31.9903050,2.0000000),(42.1707128,31.3246464,2.0000000),(42.1645778,31.9903050,2.0000000),(42.1197805,32.0859684,2.0000000),(42.1707128,31.3246464,2.0000000),(42.1197805,32.0859684,2.0000000),(42.0849382,32.1858321,2.0000000),(42.1707128,31.3246464,2.0000000),(42.0849382,32.1858321,2.0000000),(42.0600508,32.2898960,2.0000000),(42.0451184,32.3981602,2.0000000),(42.1707128,31.3246464,2.0000000),(42.0600508,32.2898960,2.0000000),(33.8377930,34.6593059,2.0000000),(33.8909742,34.8188497,2.0000000),(33.8758930,34.8987538,2.0000000),(33.8377930,34.6593059,2.0000000),(33.8758930,34.8987538,2.0000000),(33.8306492,34.9670163,2.0000000),(33.8377930,34.6593059,2.0000000),(33.8306492,34.9670163,2.0000000),(33.7623867,35.0162288,2.0000000),(33.8377930,34.6593059,2.0000000),(33.7623867,35.0162288,2.0000000),(33.6782492,35.0326330,2.0000000),(33.8377930,34.6593059,2.0000000),(33.6782492,35.0326330,2.0000000),(31.0578159,35.0326330,2.0000000),(33.8377930,34.6593059,2.0000000),(31.0578159,35.0326330,2.0000000),(30.9646826,35.0122601,2.0000000),(33.8377930,34.6593059,2.0000000),(30.9646826,35.0122601,2.0000000),(30.8905992,34.9511413,2.0000000),(33.8377930,34.6593059,2.0000000),(30.8905992,34.9511413,2.0000000),(30.8440326,34.8188497,2.0000000),(33.8377930,34.6593059,2.0000000),(30.8440326,34.8188497,2.0000000),(30.8440326,34.8029747,2.0000000),(33.8377930,34.6593059,2.0000000),(30.8440326,34.8029747,2.0000000),(30.9043576,34.6738580,2.0000000),(33.8377930,34.6593059,2.0000000),(30.9043576,34.6738580,2.0000000),(30.9755305,34.6230580,2.0000000),(33.8377930,34.6593059,2.0000000),(30.9755305,34.6230580,2.0000000),(31.0578159,34.6061247,2.0000000),(33.8377930,34.6593059,2.0000000),(31.0578159,34.6061247,2.0000000),(32.1574242,34.6061247,2.0000000),(32.1574242,34.6061247,2.0000000),(32.1574242,31.1919413,2.0000000),(32.1727701,31.1099205,2.0000000),(32.1574242,34.6061247,2.0000000),(32.1727701,31.1099205,2.0000000),(32.2188076,31.0416580,2.0000000),(32.1574242,34.6061247,2.0000000),(32.2188076,31.0416580,2.0000000),(32.2870701,30.9956205,2.0000000),(32.1574242,34.6061247,2.0000000),(32.2870701,30.9956205,2.0000000),(32.3690909,30.9802747,2.0000000),(32.1574242,34.6061247,2.0000000),(32.3690909,30.9802747,2.0000000),(32.4511117,30.9956205,2.0000000),(32.1574242,34.6061247,2.0000000),(32.4511117,30.9956205,2.0000000),(32.5193742,31.0416580,2.0000000),(32.1574242,34.6061247,2.0000000),(32.5193742,31.0416580,2.0000000),(32.5654117,31.1099205,2.0000000),(32.1574242,34.6061247,2.0000000),(32.5654117,31.1099205,2.0000000),(32.5807576,31.1919413,2.0000000),(32.1574242,34.6061247,2.0000000),(32.5807576,31.1919413,2.0000000),(32.5807576,34.6061247,2.0000000),(33.8377930,34.6593059,2.0000000),(32.1574242,34.6061247,2.0000000),(32.5807576,34.6061247,2.0000000),(33.8377930,34.6593059,2.0000000),(32.5807576,34.6061247,2.0000000),(33.6782492,34.6061247,2.0000000),(33.8377930,34.6593059,2.0000000),(33.6782492,34.6061247,2.0000000),(33.7713164,34.6194200,2.0000000),(16.9640451,36.9788080,2.0000000),(17.0610975,36.9381283,2.0000000),(17.1591091,36.9028726,2.0000000),(16.9640451,36.9788080,2.0000000),(17.1591091,36.9028726,2.0000000),(17.2580798,36.8730408,2.0000000),(16.9640451,36.9788080,2.0000000),(17.2580798,36.8730408,2.0000000),(17.3580097,36.8486330,2.0000000),(16.9640451,36.9788080,2.0000000),(17.3580097,36.8486330,2.0000000),(17.4588986,36.8296491,2.0000000),(16.9640451,36.9788080,2.0000000),(17.4588986,36.8296491,2.0000000),(17.5607466,36.8160893,2.0000000),(16.9640451,36.9788080,2.0000000),(17.5607466,36.8160893,2.0000000),(17.6635538,36.8079533,2.0000000),(16.9640451,36.9788080,2.0000000),(17.6635538,36.8079533,2.0000000),(17.7673201,36.8052413,2.0000000),(16.9640451,36.9788080,2.0000000),(17.7673201,36.8052413,2.0000000),(17.9031009,36.8095574,2.0000000),(16.9640451,36.9788080,2.0000000),(17.9031009,36.8095574,2.0000000),(18.0363352,36.8225054,2.0000000),(16.9640451,36.9788080,2.0000000),(18.0363352,36.8225054,2.0000000),(18.1670228,36.8440855,2.0000000),(16.9640451,36.9788080,2.0000000),(18.1670228,36.8440855,2.0000000),(18.2951638,36.8742976,2.0000000),(16.9640451,36.9788080,2.0000000),(18.2951638,36.8742976,2.0000000),(18.4207582,36.9131417,2.0000000),(16.9640451,36.9788080,2.0000000),(18.4207582,36.9131417,2.0000000),(18.5438060,36.9606179,2.0000000),(16.9640451,36.9788080,2.0000000),(18.5438060,36.9606179,2.0000000),(18.6643072,37.0167261,2.0000000),(16.9640451,36.9788080,2.0000000),(18.6643072,37.0167261,2.0000000),(18.7822617,37.0814663,2.0000000),(16.9640451,36.9788080,2.0000000),(18.7822617,37.0814663,2.0000000),(18.8958341,37.1538630,2.0000000),(16.9640451,36.9788080,2.0000000),(18.8958341,37.1538630,2.0000000),(19.0031888,37.2324111,2.0000000),(16.9640451,36.9788080,2.0000000),(19.0031888,37.2324111,2.0000000),(19.1043258,37.3171109,2.0000000),(16.9640451,36.9788080,2.0000000),(19.1043258,37.3171109,2.0000000),(19.1992451,37.4079622,2.0000000),(16.9640451,36.9788080,2.0000000),(19.1992451,37.4079622,2.0000000),(19.2879466,37.5049650,2.0000000),(19.2879466,37.5049650,2.0000000),(19.3704305,37.6081195,2.0000000),(19.4466966,37.7174255,2.0000000),(19.2879466,37.5049650,2.0000000),(19.4466966,37.7174255,2.0000000),(19.5167451,37.8328830,2.0000000),(19.2879466,37.5049650,2.0000000),(19.5167451,37.8328830,2.0000000),(19.5797490,37.9526566,2.0000000),(19.2879466,37.5049650,2.0000000),(19.5797490,37.9526566,2.0000000),(19.6343524,38.0749106,2.0000000),(19.2879466,37.5049650,2.0000000),(19.6343524,38.0749106,2.0000000),(19.6805552,38.1996451,2.0000000),(19.2879466,37.5049650,2.0000000),(19.6805552,38.1996451,2.0000000),(19.7183576,38.3268601,2.0000000),(19.2879466,37.5049650,2.0000000),(19.7183576,38.3268601,2.0000000),(19.7477594,38.4565555,2.0000000),(19.2879466,37.5049650,2.0000000),(19.7477594,38.4565555,2.0000000),(19.7687607,38.5887314,2.0000000),(19.2879466,37.5049650,2.0000000),(19.7687607,38.5887314,2.0000000),(19.7813615,38.7233878,2.0000000),(19.2879466,37.5049650,2.0000000),(19.7813615,38.7233878,2.0000000),(19.7855617,38.8605247,2.0000000),(19.2879466,37.5049650,2.0000000),(19.7855617,38.8605247,2.0000000),(19.7813615,38.9921549,2.0000000),(19.2879466,37.5049650,2.0000000),(19.7813615,38.9921549,2.0000000),(19.7687607,39.1229913,2.0000000),(19.2879466,37.5049650,2.0000000),(19.7687607,39.1229913,2.0000000),(19.7477594,39.2530340,2.0000000),(19.2879466,37.5049650,2.0000000),(19.7477594,39.2530340,2.0000000),(19.7183576,39.3822830,2.0000000),(19.2879466,37.5049650,2.0000000),(19.7183576,39.3822830,2.0000000),(19.6805552,39.5107382,2.0000000),(19.2879466,37.5049650,2.0000000),(19.6805552,39.5107382,2.0000000),(19.6343524,39.6383997,2.0000000),(19.6343524,39.6383997,2.0000000),(19.2425706,39.4969137,2.0000000),(19.2791327,39.3990344,2.0000000),(19.6343524,39.6383997,2.0000000),(19.2791327,39.3990344,2.0000000),(19.3090472,39.2978809,2.0000000),(19.6343524,39.6383997,2.0000000),(19.3090472,39.2978809,2.0000000),(19.3323140,39.1934532,2.0000000),(19.6343524,39.6383997,2.0000000),(19.3323140,39.1934532,2.0000000),(19.3489331,39.0857512,2.0000000),(19.6343524,39.6383997,2.0000000),(19.3489331,39.0857512,2.0000000),(19.3589046,38.9747751,2.0000000),(19.6343524,39.6383997,2.0000000),(19.3589046,38.9747751,2.0000000),(19.3622284,38.8605247,2.0000000),(19.6343524,39.6383997,2.0000000),(19.3622284,38.8605247,2.0000000),(19.3588715,38.7504911,2.0000000),(19.2879466,37.5049650,2.0000000),(19.6343524,39.6383997,2.0000000),(19.3588715,38.7504911,2.0000000),(19.2879466,37.5049650,2.0000000),(19.3588715,38.7504911,2.0000000),(19.3488008,38.6426403,2.0000000),(19.2879466,37.5049650,2.0000000),(19.3488008,38.6426403,2.0000000),(19.3320163,38.5369723,2.0000000),(19.2879466,37.5049650,2.0000000),(19.3320163,38.5369723,2.0000000),(19.3085180,38.4334872,2.0000000),(19.2879466,37.5049650,2.0000000),(19.3085180,38.4334872,2.0000000),(19.2783059,38.3321848,2.0000000),(19.2879466,37.5049650,2.0000000),(19.2783059,38.3321848,2.0000000),(19.2413800,38.2330653,2.0000000),(19.2879466,37.5049650,2.0000000),(19.2413800,38.2330653,2.0000000),(19.1977403,38.1361286,2.0000000),(19.2879466,37.5049650,2.0000000),(19.1977403,38.1361286,2.0000000),(19.1473867,38.0413747,2.0000000),(19.2879466,37.5049650,2.0000000),(19.1473867,38.0413747,2.0000000),(19.0915431,37.9501596,2.0000000),(19.2879466,37.5049650,2.0000000),(19.0915431,37.9501596,2.0000000),(19.0309039,37.8638393,2.0000000),(19.2879466,37.5049650,2.0000000),(19.0309039,37.8638393,2.0000000),(18.9654692,37.7824137,2.0000000),(19.2879466,37.5049650,2.0000000),(18.9654692,37.7824137,2.0000000),(18.8952388,37.7058830,2.0000000),(19.2879466,37.5049650,2.0000000),(18.8952388,37.7058830,2.0000000),(18.8202129,37.6342471,2.0000000),(19.2879466,37.5049650,2.0000000),(18.8202129,37.6342471,2.0000000),(18.7403914,37.5675059,2.0000000),(19.2879466,37.5049650,2.0000000),(18.7403914,37.5675059,2.0000000),(18.6557744,37.5056596,2.0000000),(19.2879466,37.5049650,2.0000000),(18.6557744,37.5056596,2.0000000),(18.5663617,37.4487080,2.0000000),(19.2879466,37.5049650,2.0000000),(18.5663617,37.4487080,2.0000000),(18.4737741,37.3976103,2.0000000),(19.2879466,37.5049650,2.0000000),(18.4737741,37.3976103,2.0000000),(18.3791029,37.3533257,2.0000000),(19.2879466,37.5049650,2.0000000),(18.3791029,37.3533257,2.0000000),(18.2823481,37.3158541,2.0000000),(19.2879466,37.5049650,2.0000000),(18.2823481,37.3158541,2.0000000),(18.1835097,37.2851955,2.0000000),(16.9640451,36.9788080,2.0000000),(19.2879466,37.5049650,2.0000000),(18.1835097,37.2851955,2.0000000),(16.9640451,36.9788080,2.0000000),(18.1835097,37.2851955,2.0000000),(18.0825877,37.2613499,2.0000000),(16.9640451,36.9788080,2.0000000),(18.0825877,37.2613499,2.0000000),(17.9795821,37.2443174,2.0000000),(16.9640451,36.9788080,2.0000000),(17.9795821,37.2443174,2.0000000),(17.8744929,37.2340978,2.0000000),(16.9640451,36.9788080,2.0000000),(17.8744929,37.2340978,2.0000000),(17.7673201,37.2306913,2.0000000),(16.9640451,36.9788080,2.0000000),(17.7673201,37.2306913,2.0000000),(17.6137294,37.2377689,2.0000000),(16.9640451,36.9788080,2.0000000),(17.6137294,37.2377689,2.0000000),(17.4641076,37.2590018,2.0000000),(16.9640451,36.9788080,2.0000000),(17.4641076,37.2590018,2.0000000),(17.3184544,37.2943898,2.0000000),(16.9640451,36.9788080,2.0000000),(17.3184544,37.2943898,2.0000000),(17.1767701,37.3439330,2.0000000),(16.9640451,36.9788080,2.0000000),(17.1767701,37.3439330,2.0000000),(18.7737951,40.1273497,2.0000000),(16.4031284,36.0040830,2.0000000),(16.9640451,36.9788080,2.0000000),(18.7737951,40.1273497,2.0000000),(19.1993608,39.5915188,2.0000000),(19.2425706,39.4969137,2.0000000),(19.6343524,39.6383997,2.0000000),(19.1495034,39.6828497,2.0000000),(19.1993608,39.5915188,2.0000000),(19.6343524,39.6383997,2.0000000),(19.0815716,39.7868309,2.0000000),(19.1495034,39.6828497,2.0000000),(19.6343524,39.6383997,2.0000000),(18.9963097,39.8955747,2.0000000),(19.0815716,39.7868309,2.0000000),(19.6343524,39.6383997,2.0000000),(18.9471798,39.9517325,2.0000000),(18.9963097,39.8955747,2.0000000),(19.6343524,39.6383997,2.0000000),(18.8937175,40.0090809,2.0000000),(18.9471798,39.9517325,2.0000000),(19.6343524,39.6383997,2.0000000),(18.8359225,40.0676200,2.0000000),(18.8937175,40.0090809,2.0000000),(19.6343524,39.6383997,2.0000000),(18.7737951,40.1273497,2.0000000),(18.8359225,40.0676200,2.0000000),(19.6343524,39.6383997,2.0000000),(18.7737951,40.1273497,2.0000000),(19.6343524,39.6383997,2.0000000),(19.5797490,39.7652674,2.0000000),(18.7737951,40.1273497,2.0000000),(19.5797490,39.7652674,2.0000000),(19.5167451,39.8913413,2.0000000),(18.7737951,40.1273497,2.0000000),(19.5167451,39.8913413,2.0000000),(19.4665569,39.9780585,2.0000000),(18.7737951,40.1273497,2.0000000),(19.4665569,39.9780585,2.0000000),(19.4117716,40.0614684,2.0000000),(18.7737951,40.1273497,2.0000000),(19.4117716,40.0614684,2.0000000),(19.3523892,40.1415710,2.0000000),(18.7737951,40.1273497,2.0000000),(19.3523892,40.1415710,2.0000000),(19.2884097,40.2183663,2.0000000),(18.7737951,40.1273497,2.0000000),(19.2884097,40.2183663,2.0000000),(19.2198330,40.2918544,2.0000000),(18.7737951,40.1273497,2.0000000),(19.2198330,40.2918544,2.0000000),(19.1466591,40.3620351,2.0000000),(18.7737951,40.1273497,2.0000000),(19.1466591,40.3620351,2.0000000),(19.0688882,40.4289085,2.0000000),(18.7737951,40.1273497,2.0000000),(19.0688882,40.4289085,2.0000000),(18.9865201,40.4924747,2.0000000),(18.7737951,40.1273497,2.0000000),(18.9865201,40.4924747,2.0000000),(19.5283867,41.4449747,2.0000000),(16.4031284,36.0040830,2.0000000),(18.7737951,40.1273497,2.0000000),(19.5283867,41.4449747,2.0000000),(16.4031284,36.0040830,2.0000000),(19.5283867,41.4449747,2.0000000),(19.5569617,41.5486913,2.0000000),(16.4031284,36.0040830,2.0000000),(19.5569617,41.5486913,2.0000000),(19.5495534,41.6090163,2.0000000),(16.4031284,36.0040830,2.0000000),(19.5495534,41.6090163,2.0000000),(19.5109242,41.6841580,2.0000000),(16.4031284,36.0040830,2.0000000),(19.5109242,41.6841580,2.0000000),(19.4458367,41.7381330,2.0000000),(16.4031284,36.0040830,2.0000000),(19.4458367,41.7381330,2.0000000),(19.3431784,41.7688247,2.0000000),(16.4031284,36.0040830,2.0000000),(19.3431784,41.7688247,2.0000000),(19.2828534,41.7614163,2.0000000),(16.4031284,36.0040830,2.0000000),(19.2828534,41.7614163,2.0000000),(19.2071826,41.7227872,2.0000000),(16.4031284,36.0040830,2.0000000),(19.2071826,41.7227872,2.0000000),(19.1516201,41.6576997,2.0000000),(16.4031284,36.0040830,2.0000000),(19.1516201,41.6576997,2.0000000),(18.6161034,40.7295413,2.0000000),(18.6161034,40.7295413,2.0000000),(18.5154956,40.7739417,2.0000000),(18.4115805,40.8124221,2.0000000),(18.6161034,40.7295413,2.0000000),(18.4115805,40.8124221,2.0000000),(18.3043581,40.8449824,2.0000000),(18.6161034,40.7295413,2.0000000),(18.3043581,40.8449824,2.0000000),(18.1938284,40.8716226,2.0000000),(18.6161034,40.7295413,2.0000000),(18.1938284,40.8716226,2.0000000),(18.0799914,40.8923428,2.0000000),(18.6161034,40.7295413,2.0000000),(18.0799914,40.8923428,2.0000000),(17.9628472,40.9071429,2.0000000),(18.6161034,40.7295413,2.0000000),(17.9628472,40.9071429,2.0000000),(17.8423956,40.9160230,2.0000000),(18.6161034,40.7295413,2.0000000),(17.8423956,40.9160230,2.0000000),(17.7186367,40.9189830,2.0000000),(18.6161034,40.7295413,2.0000000),(17.7186367,40.9189830,2.0000000),(17.5940345,40.9146505,2.0000000),(18.6161034,40.7295413,2.0000000),(17.5940345,40.9146505,2.0000000),(17.4705237,40.9016528,2.0000000),(18.6161034,40.7295413,2.0000000),(17.4705237,40.9016528,2.0000000),(17.3481043,40.8799900,2.0000000),(18.6161034,40.7295413,2.0000000),(17.3481043,40.8799900,2.0000000),(17.2267763,40.8496622,2.0000000),(18.6161034,40.7295413,2.0000000),(17.2267763,40.8496622,2.0000000),(17.1065397,40.8106692,2.0000000),(18.6161034,40.7295413,2.0000000),(17.1065397,40.8106692,2.0000000),(16.9873946,40.7630111,2.0000000),(18.6161034,40.7295413,2.0000000),(16.9873946,40.7630111,2.0000000),(16.8693408,40.7066880,2.0000000),(18.6161034,40.7295413,2.0000000),(16.8693408,40.7066880,2.0000000),(16.7523784,40.6416997,2.0000000),(18.6161034,40.7295413,2.0000000),(16.7523784,40.6416997,2.0000000),(16.6392690,40.5695346,2.0000000),(18.6161034,40.7295413,2.0000000),(16.6392690,40.5695346,2.0000000),(16.5322451,40.4911518,2.0000000),(18.6161034,40.7295413,2.0000000),(16.5322451,40.4911518,2.0000000),(16.4313065,40.4065512,2.0000000),(18.6161034,40.7295413,2.0000000),(16.4313065,40.4065512,2.0000000),(16.3364534,40.3157330,2.0000000),(18.6161034,40.7295413,2.0000000),(16.3364534,40.3157330,2.0000000),(16.2476857,40.2186971,2.0000000),(16.2476857,40.2186971,2.0000000),(16.1650034,40.1154434,2.0000000),(16.0884065,40.0059721,2.0000000),(16.2476857,40.2186971,2.0000000),(16.0884065,40.0059721,2.0000000),(16.0178951,39.8902830,2.0000000),(16.2476857,40.2186971,2.0000000),(16.0178951,39.8902830,2.0000000),(15.9546431,39.7704764,2.0000000),(16.2476857,40.2186971,2.0000000),(15.9546431,39.7704764,2.0000000),(15.8998248,39.6481231,2.0000000),(16.2476857,40.2186971,2.0000000),(15.8998248,39.6481231,2.0000000),(15.8534400,39.5232232,2.0000000),(16.2476857,40.2186971,2.0000000),(15.8534400,39.5232232,2.0000000),(15.8154888,39.3957768,2.0000000),(16.2476857,40.2186971,2.0000000),(15.8154888,39.3957768,2.0000000),(15.7859712,39.2657837,2.0000000),(16.2476857,40.2186971,2.0000000),(15.7859712,39.2657837,2.0000000),(15.7648873,39.1332439,2.0000000),(16.2476857,40.2186971,2.0000000),(15.7648873,39.1332439,2.0000000),(15.7522369,38.9981576,2.0000000),(16.2476857,40.2186971,2.0000000),(15.7522369,38.9981576,2.0000000),(15.7480201,38.8605247,2.0000000),(16.2476857,40.2186971,2.0000000),(15.7480201,38.8605247,2.0000000),(15.7522203,38.7224618,2.0000000),(16.2476857,40.2186971,2.0000000),(15.7522203,38.7224618,2.0000000),(15.7648211,38.5871439,2.0000000),(16.2476857,40.2186971,2.0000000),(15.7648211,38.5871439,2.0000000),(15.7858224,38.4545712,2.0000000),(16.2476857,40.2186971,2.0000000),(15.7858224,38.4545712,2.0000000),(15.8152242,38.3247434,2.0000000),(16.2476857,40.2186971,2.0000000),(15.8152242,38.3247434,2.0000000),(15.8530266,38.1976607,2.0000000),(16.2476857,40.2186971,2.0000000),(15.8530266,38.1976607,2.0000000),(15.8992294,38.0733231,2.0000000),(16.2476857,40.2186971,2.0000000),(15.8992294,38.0733231,2.0000000),(15.9538328,37.9517305,2.0000000),(16.2476857,40.2186971,2.0000000),(15.9538328,37.9517305,2.0000000),(16.0168367,37.8328830,2.0000000),(16.0168367,37.8328830,2.0000000),(16.3851367,38.0413747,2.0000000),(16.3357754,38.1361120,2.0000000),(16.0168367,37.8328830,2.0000000),(16.3357754,38.1361120,2.0000000),(16.2929956,38.2329991,2.0000000),(16.0168367,37.8328830,2.0000000),(16.2929956,38.2329991,2.0000000),(16.2567973,38.3320360,2.0000000),(16.0168367,37.8328830,2.0000000),(16.2567973,38.3320360,2.0000000),(16.2271805,38.4332226,2.0000000),(16.0168367,37.8328830,2.0000000),(16.2271805,38.4332226,2.0000000),(16.2041452,38.5365589,2.0000000),(16.0168367,37.8328830,2.0000000),(16.2041452,38.5365589,2.0000000),(16.1876914,38.6420450,2.0000000),(16.0168367,37.8328830,2.0000000),(16.1876914,38.6420450,2.0000000),(16.1778192,38.7496808,2.0000000),(16.0168367,37.8328830,2.0000000),(16.1778192,38.7496808,2.0000000),(16.1745284,38.8594663,2.0000000),(16.0168367,37.8328830,2.0000000),(16.1745284,38.8594663,2.0000000),(16.1778688,38.9692850,2.0000000),(16.2476857,40.2186971,2.0000000),(16.0168367,37.8328830,2.0000000),(16.1778688,38.9692850,2.0000000),(16.2476857,40.2186971,2.0000000),(16.1778688,38.9692850,2.0000000),(16.1878899,39.0770200,2.0000000),(16.2476857,40.2186971,2.0000000),(16.1878899,39.0770200,2.0000000),(16.2045917,39.1826714,2.0000000),(16.2476857,40.2186971,2.0000000),(16.2045917,39.1826714,2.0000000),(16.2279742,39.2862393,2.0000000),(16.2476857,40.2186971,2.0000000),(16.2279742,39.2862393,2.0000000),(16.2580375,39.3877235,2.0000000),(16.2476857,40.2186971,2.0000000),(16.2580375,39.3877235,2.0000000),(16.2947815,39.4871241,2.0000000),(16.2476857,40.2186971,2.0000000),(16.2947815,39.4871241,2.0000000),(16.3382063,39.5844412,2.0000000),(16.2476857,40.2186971,2.0000000),(16.3382063,39.5844412,2.0000000),(16.3883117,39.6796747,2.0000000),(16.2476857,40.2186971,2.0000000),(16.3883117,39.6796747,2.0000000),(16.4441554,39.7716174,2.0000000),(16.2476857,40.2186971,2.0000000),(16.4441554,39.7716174,2.0000000),(16.5047946,39.8585330,2.0000000),(16.2476857,40.2186971,2.0000000),(16.5047946,39.8585330,2.0000000),(16.5702293,39.9404215,2.0000000),(16.2476857,40.2186971,2.0000000),(16.5702293,39.9404215,2.0000000),(16.6404597,40.0172830,2.0000000),(16.2476857,40.2186971,2.0000000),(16.6404597,40.0172830,2.0000000),(16.7154856,40.0891174,2.0000000),(16.2476857,40.2186971,2.0000000),(16.7154856,40.0891174,2.0000000),(16.7953071,40.1559247,2.0000000),(16.2476857,40.2186971,2.0000000),(16.7953071,40.1559247,2.0000000),(16.8799241,40.2177049,2.0000000),(16.2476857,40.2186971,2.0000000),(16.8799241,40.2177049,2.0000000),(16.9693367,40.2744580,2.0000000),(16.2476857,40.2186971,2.0000000),(16.9693367,40.2744580,2.0000000),(17.0614117,40.3255557,2.0000000),(16.2476857,40.2186971,2.0000000),(17.0614117,40.3255557,2.0000000),(17.1540159,40.3698403,2.0000000),(16.2476857,40.2186971,2.0000000),(17.1540159,40.3698403,2.0000000),(17.2471492,40.4073119,2.0000000),(16.2476857,40.2186971,2.0000000),(17.2471492,40.4073119,2.0000000),(17.3408117,40.4379705,2.0000000),(16.2476857,40.2186971,2.0000000),(17.3408117,40.4379705,2.0000000),(17.4350034,40.4618161,2.0000000),(18.6161034,40.7295413,2.0000000),(16.2476857,40.2186971,2.0000000),(17.4350034,40.4618161,2.0000000),(18.6161034,40.7295413,2.0000000),(17.4350034,40.4618161,2.0000000),(17.5297242,40.4788486,2.0000000),(18.6161034,40.7295413,2.0000000),(17.5297242,40.4788486,2.0000000),(17.6249742,40.4890682,2.0000000),(18.6161034,40.7295413,2.0000000),(17.6249742,40.4890682,2.0000000),(17.7207534,40.4924747,2.0000000),(18.6161034,40.7295413,2.0000000),(17.7207534,40.4924747,2.0000000),(17.7271034,40.4924747,2.0000000),(18.6161034,40.7295413,2.0000000),(17.7271034,40.4924747,2.0000000),(17.8208155,40.4903911,2.0000000),(18.6161034,40.7295413,2.0000000),(17.8208155,40.4903911,2.0000000),(17.9119810,40.4841403,2.0000000),(18.6161034,40.7295413,2.0000000),(17.9119810,40.4841403,2.0000000),(18.0005999,40.4737223,2.0000000),(18.6161034,40.7295413,2.0000000),(18.0005999,40.4737223,2.0000000),(18.0866722,40.4591372,2.0000000),(18.6161034,40.7295413,2.0000000),(18.0866722,40.4591372,2.0000000),(18.1701978,40.4403848,2.0000000),(18.6161034,40.7295413,2.0000000),(18.1701978,40.4403848,2.0000000),(18.2511768,40.4174653,2.0000000),(18.6161034,40.7295413,2.0000000),(18.2511768,40.4174653,2.0000000),(18.3296093,40.3903786,2.0000000),(18.6161034,40.7295413,2.0000000),(18.3296093,40.3903786,2.0000000),(18.4054951,40.3591247,2.0000000),(16.4031284,36.0040830,2.0000000),(18.6161034,40.7295413,2.0000000),(18.4054951,40.3591247,2.0000000),(16.4031284,36.0040830,2.0000000),(18.4054951,40.3591247,2.0000000),(16.8010617,37.5640663,2.0000000),(16.4031284,36.0040830,2.0000000),(16.8010617,37.5640663,2.0000000),(16.6806102,37.6669231,2.0000000),(16.4275197,37.9721034,2.0000000),(16.3851367,38.0413747,2.0000000),(16.0168367,37.8328830,2.0000000),(16.4726477,37.9055773,2.0000000),(16.4275197,37.9721034,2.0000000),(16.0168367,37.8328830,2.0000000),(16.5711388,37.7807601,2.0000000),(16.4726477,37.9055773,2.0000000),(16.0168367,37.8328830,2.0000000),(16.6806102,37.6669231,2.0000000),(16.5711388,37.7807601,2.0000000),(16.0168367,37.8328830,2.0000000),(16.6806102,37.6669231,2.0000000),(16.0168367,37.8328830,2.0000000),(16.0747805,37.7378314,2.0000000),(16.6806102,37.6669231,2.0000000),(16.0747805,37.7378314,2.0000000),(16.1364284,37.6468809,2.0000000),(16.6806102,37.6669231,2.0000000),(16.1364284,37.6468809,2.0000000),(16.2017805,37.5600314,2.0000000),(16.6806102,37.6669231,2.0000000),(16.2017805,37.5600314,2.0000000),(16.2708367,37.4772830,2.0000000),(16.6806102,37.6669231,2.0000000),(16.2708367,37.4772830,2.0000000),(16.3435972,37.3986356,2.0000000),(16.6806102,37.6669231,2.0000000),(16.3435972,37.3986356,2.0000000),(16.4200617,37.3240893,2.0000000),(16.6806102,37.6669231,2.0000000),(16.4200617,37.3240893,2.0000000),(16.5002305,37.2536439,2.0000000),(16.6806102,37.6669231,2.0000000),(16.5002305,37.2536439,2.0000000),(16.5841034,37.1872997,2.0000000),(16.4031284,36.0040830,2.0000000),(16.6806102,37.6669231,2.0000000),(16.5841034,37.1872997,2.0000000),(16.4031284,36.0040830,2.0000000),(16.5841034,37.1872997,2.0000000),(16.0284784,36.2168080,2.0000000),(16.4031284,36.0040830,2.0000000),(16.0284784,36.2168080,2.0000000),(16.0009617,36.1152080,2.0000000),(16.4031284,36.0040830,2.0000000),(16.0009617,36.1152080,2.0000000),(16.0073117,36.0548830,2.0000000),(16.4031284,36.0040830,2.0000000),(16.0073117,36.0548830,2.0000000),(16.0464701,35.9778893,2.0000000),(16.4031284,36.0040830,2.0000000),(16.0464701,35.9778893,2.0000000),(16.1089117,35.9225913,2.0000000),(16.4031284,36.0040830,2.0000000),(16.1089117,35.9225913,2.0000000),(16.2136867,35.8950747,2.0000000),(16.4031284,36.0040830,2.0000000),(16.2136867,35.8950747,2.0000000),(16.2740117,35.9024830,2.0000000),(16.4031284,36.0040830,2.0000000),(16.2740117,35.9024830,2.0000000),(16.3465076,35.9379372,2.0000000),(21.9551451,38.5271497,2.0000000),(21.5498034,38.5271497,2.0000000),(20.8597701,38.5133913,2.0000000),(22.1975034,38.5271497,2.0000000),(21.9551451,38.5271497,2.0000000),(20.8597701,38.5133913,2.0000000),(21.5498034,39.8627663,2.0000000),(21.5498034,38.5271497,2.0000000),(21.9551451,38.5271497,2.0000000),(21.5498034,39.8627663,2.0000000),(21.9551451,38.5271497,2.0000000),(21.9551451,40.7147247,2.0000000),(20.8597701,38.5133913,2.0000000),(21.5498034,39.8627663,2.0000000),(21.9551451,40.7147247,2.0000000),(20.8597701,38.5133913,2.0000000),(21.9551451,40.7147247,2.0000000),(21.9453555,40.7896018,2.0000000),(20.8597701,38.5133913,2.0000000),(21.9453555,40.7896018,2.0000000),(21.9159867,40.8470163,2.0000000),(20.8597701,38.5133913,2.0000000),(21.9159867,40.8470163,2.0000000),(21.8069784,40.9210997,2.0000000),(20.8597701,38.5133913,2.0000000),(21.8069784,40.9210997,2.0000000),(21.7466534,40.9285080,2.0000000),(20.8597701,38.5133913,2.0000000),(21.7466534,40.9285080,2.0000000),(21.6704534,40.9189830,2.0000000),(20.8597701,38.5133913,2.0000000),(21.6704534,40.9189830,2.0000000),(21.5635617,40.8353747,2.0000000),(20.8597701,38.5133913,2.0000000),(21.5635617,40.8353747,2.0000000),(20.2861534,38.4160247,2.0000000),(22.1975034,38.5271497,2.0000000),(20.8597701,38.5133913,2.0000000),(20.2861534,38.4160247,2.0000000),(22.1975034,38.5271497,2.0000000),(20.2861534,38.4160247,2.0000000),(20.2512284,38.2890247,2.0000000),(22.1975034,38.5271497,2.0000000),(20.2512284,38.2890247,2.0000000),(20.2766284,38.2011830,2.0000000),(22.1975034,38.5271497,2.0000000),(20.2766284,38.2011830,2.0000000),(20.3536222,38.1265705,2.0000000),(22.1975034,38.5271497,2.0000000),(20.3536222,38.1265705,2.0000000),(20.4639534,38.1016997,2.0000000),(22.1975034,38.5271497,2.0000000),(20.4639534,38.1016997,2.0000000),(21.5286367,38.1016997,2.0000000),(21.5286367,38.1016997,2.0000000),(21.5286367,37.0899330,2.0000000),(21.5442472,37.0065893,2.0000000),(21.5286367,38.1016997,2.0000000),(21.5442472,37.0065893,2.0000000),(21.5910784,36.9385913,2.0000000),(21.5286367,38.1016997,2.0000000),(21.5910784,36.9385913,2.0000000),(21.6598701,36.8925538,2.0000000),(21.5286367,38.1016997,2.0000000),(21.6598701,36.8925538,2.0000000),(21.7413617,36.8772080,2.0000000),(21.5286367,38.1016997,2.0000000),(21.7413617,36.8772080,2.0000000),(21.8236472,36.8925538,2.0000000),(21.5286367,38.1016997,2.0000000),(21.8236472,36.8925538,2.0000000),(21.8927034,36.9385913,2.0000000),(21.5286367,38.1016997,2.0000000),(21.8927034,36.9385913,2.0000000),(21.9395347,37.0065893,2.0000000),(21.5286367,38.1016997,2.0000000),(21.9395347,37.0065893,2.0000000),(21.9551451,37.0899330,2.0000000),(21.5286367,38.1016997,2.0000000),(21.9551451,37.0899330,2.0000000),(21.9551451,38.1016997,2.0000000),(22.1975034,38.5271497,2.0000000),(21.5286367,38.1016997,2.0000000),(21.9551451,38.1016997,2.0000000),(22.1975034,38.5271497,2.0000000),(21.9551451,38.1016997,2.0000000),(22.1975034,38.1016997,2.0000000),(22.1975034,38.5271497,2.0000000),(22.1975034,38.1016997,2.0000000),(22.2811117,38.1173101,2.0000000),(22.1975034,38.5271497,2.0000000),(22.2811117,38.1173101,2.0000000),(22.3499034,38.1641413,2.0000000),(22.1975034,38.5271497,2.0000000),(22.3499034,38.1641413,2.0000000),(22.3959409,38.2329330,2.0000000),(22.1975034,38.5271497,2.0000000),(22.3959409,38.2329330,2.0000000),(22.4112867,38.3144247,2.0000000),(22.1975034,38.5271497,2.0000000),(22.4112867,38.3144247,2.0000000),(22.3959409,38.3959163,2.0000000),(22.1975034,38.5271497,2.0000000),(22.3959409,38.3959163,2.0000000),(22.3499034,38.4647080,2.0000000),(22.1975034,38.5271497,2.0000000),(22.3499034,38.4647080,2.0000000),(22.2811117,38.5115393,2.0000000),(24.5141951,37.2867830,2.0000000),(25.6857701,38.8774580,2.0000000),(25.7502623,38.9712032,2.0000000),(24.5141951,37.2867830,2.0000000),(25.7502623,38.9712032,2.0000000),(25.8061555,39.0688179,2.0000000),(24.5141951,37.2867830,2.0000000),(25.8061555,39.0688179,2.0000000),(25.8534498,39.1703021,2.0000000),(24.5141951,37.2867830,2.0000000),(25.8534498,39.1703021,2.0000000),(25.8921451,39.2756559,2.0000000),(24.5141951,37.2867830,2.0000000),(25.8921451,39.2756559,2.0000000),(25.9222414,39.3848792,2.0000000),(24.5141951,37.2867830,2.0000000),(25.9222414,39.3848792,2.0000000),(25.9437388,39.4979721,2.0000000),(24.5141951,37.2867830,2.0000000),(25.9437388,39.4979721,2.0000000),(25.9566373,39.6149344,2.0000000),(24.5141951,37.2867830,2.0000000),(25.9566373,39.6149344,2.0000000),(25.9609367,39.7357663,2.0000000),(24.5141951,37.2867830,2.0000000),(25.9609367,39.7357663,2.0000000),(25.9558104,39.8607324,2.0000000),(24.5141951,37.2867830,2.0000000),(25.9558104,39.8607324,2.0000000),(25.9404315,39.9811012,2.0000000),(24.5141951,37.2867830,2.0000000),(25.9404315,39.9811012,2.0000000),(25.9148000,40.0968730,2.0000000),(24.5141951,37.2867830,2.0000000),(25.9148000,40.0968730,2.0000000),(25.8789159,40.2080476,2.0000000),(25.8789159,40.2080476,2.0000000),(25.8327792,40.3146251,2.0000000),(25.7763899,40.4166054,2.0000000),(25.8789159,40.2080476,2.0000000),(25.7763899,40.4166054,2.0000000),(25.7097479,40.5139886,2.0000000),(25.8789159,40.2080476,2.0000000),(25.7097479,40.5139886,2.0000000),(25.6328534,40.6067747,2.0000000),(25.8789159,40.2080476,2.0000000),(25.6328534,40.6067747,2.0000000),(25.5599607,40.6799485,2.0000000),(25.8789159,40.2080476,2.0000000),(25.5599607,40.6799485,2.0000000),(25.4825701,40.7433658,2.0000000),(25.8789159,40.2080476,2.0000000),(25.4825701,40.7433658,2.0000000),(25.4006815,40.7970266,2.0000000),(25.8789159,40.2080476,2.0000000),(25.4006815,40.7970266,2.0000000),(25.3142951,40.8409309,2.0000000),(25.8789159,40.2080476,2.0000000),(25.3142951,40.8409309,2.0000000),(25.2234107,40.8750787,2.0000000),(25.8789159,40.2080476,2.0000000),(25.2234107,40.8750787,2.0000000),(25.1280284,40.8994700,2.0000000),(25.8789159,40.2080476,2.0000000),(25.1280284,40.8994700,2.0000000),(25.0281482,40.9141047,2.0000000),(25.8789159,40.2080476,2.0000000),(25.0281482,40.9141047,2.0000000),(24.9237701,40.9189830,2.0000000),(25.8789159,40.2080476,2.0000000),(24.9237701,40.9189830,2.0000000),(24.8252624,40.9142040,2.0000000),(25.8789159,40.2080476,2.0000000),(24.8252624,40.9142040,2.0000000),(24.7297643,40.8998669,2.0000000),(25.8789159,40.2080476,2.0000000),(24.7297643,40.8998669,2.0000000),(24.6372759,40.8759717,2.0000000),(25.8789159,40.2080476,2.0000000),(24.6372759,40.8759717,2.0000000),(24.5477972,40.8425184,2.0000000),(25.8789159,40.2080476,2.0000000),(24.5477972,40.8425184,2.0000000),(24.4613280,40.7995071,2.0000000),(25.8789159,40.2080476,2.0000000),(24.4613280,40.7995071,2.0000000),(24.3778685,40.7469377,2.0000000),(24.3778685,40.7469377,2.0000000),(24.2974186,40.6848102,2.0000000),(24.2199784,40.6131247,2.0000000),(24.3778685,40.7469377,2.0000000),(24.2199784,40.6131247,2.0000000),(24.1408515,40.5266059,2.0000000),(24.3778685,40.7469377,2.0000000),(24.1408515,40.5266059,2.0000000),(24.0722748,40.4337372,2.0000000),(24.3778685,40.7469377,2.0000000),(24.0722748,40.4337372,2.0000000),(24.0142483,40.3345184,2.0000000),(24.3778685,40.7469377,2.0000000),(24.0142483,40.3345184,2.0000000),(23.9667722,40.2289497,2.0000000),(24.3778685,40.7469377,2.0000000),(23.9667722,40.2289497,2.0000000),(23.9298462,40.1170309,2.0000000),(24.3778685,40.7469377,2.0000000),(23.9298462,40.1170309,2.0000000),(23.9034706,39.9987622,2.0000000),(24.3778685,40.7469377,2.0000000),(23.9034706,39.9987622,2.0000000),(23.8876452,39.8741434,2.0000000),(24.3778685,40.7469377,2.0000000),(23.8876452,39.8741434,2.0000000),(23.8823701,39.7431747,2.0000000),(24.3778685,40.7469377,2.0000000),(23.8823701,39.7431747,2.0000000),(23.8823701,39.7378830,2.0000000),(24.3778685,40.7469377,2.0000000),(23.8823701,39.7378830,2.0000000),(23.8979805,39.6563913,2.0000000),(24.3778685,40.7469377,2.0000000),(23.8979805,39.6563913,2.0000000),(23.9448117,39.5875997,2.0000000),(24.3778685,40.7469377,2.0000000),(23.9448117,39.5875997,2.0000000),(24.0136034,39.5407684,2.0000000),(24.3778685,40.7469377,2.0000000),(24.0136034,39.5407684,2.0000000),(24.0950951,39.5251580,2.0000000),(24.3778685,40.7469377,2.0000000),(24.0950951,39.5251580,2.0000000),(24.1765867,39.5407684,2.0000000),(24.3778685,40.7469377,2.0000000),(24.1765867,39.5407684,2.0000000),(24.2453784,39.5875997,2.0000000),(24.3778685,40.7469377,2.0000000),(24.2453784,39.5875997,2.0000000),(24.2930034,39.6563913,2.0000000),(24.2930034,39.6563913,2.0000000),(24.3088784,39.7378830,2.0000000),(24.3088784,39.7431747,2.0000000),(24.2930034,39.6563913,2.0000000),(24.3088784,39.7431747,2.0000000),(24.3122022,39.8300903,2.0000000),(24.3778685,40.7469377,2.0000000),(24.2930034,39.6563913,2.0000000),(24.3122022,39.8300903,2.0000000),(24.3778685,40.7469377,2.0000000),(24.3122022,39.8300903,2.0000000),(24.3221737,39.9125080,2.0000000),(24.3778685,40.7469377,2.0000000),(24.3221737,39.9125080,2.0000000),(24.3387929,39.9904278,2.0000000),(24.3778685,40.7469377,2.0000000),(24.3387929,39.9904278,2.0000000),(24.3620597,40.0638497,2.0000000),(24.3778685,40.7469377,2.0000000),(24.3620597,40.0638497,2.0000000),(24.4285362,40.1971997,2.0000000),(24.3778685,40.7469377,2.0000000),(24.4285362,40.1971997,2.0000000),(24.5216034,40.3125580,2.0000000),(24.3778685,40.7469377,2.0000000),(24.5216034,40.3125580,2.0000000),(24.6124878,40.3912715,2.0000000),(24.3778685,40.7469377,2.0000000),(24.6124878,40.3912715,2.0000000),(24.7094576,40.4474955,2.0000000),(24.3778685,40.7469377,2.0000000),(24.7094576,40.4474955,2.0000000),(24.8125128,40.4812299,2.0000000),(24.3778685,40.7469377,2.0000000),(24.8125128,40.4812299,2.0000000),(24.9216534,40.4924747,2.0000000),(24.3778685,40.7469377,2.0000000),(24.9216534,40.4924747,2.0000000),(25.0348951,40.4816268,2.0000000),(24.3778685,40.7469377,2.0000000),(25.0348951,40.4816268,2.0000000),(25.1386117,40.4490830,2.0000000),(25.8789159,40.2080476,2.0000000),(24.3778685,40.7469377,2.0000000),(25.1386117,40.4490830,2.0000000),(25.8789159,40.2080476,2.0000000),(25.1386117,40.4490830,2.0000000),(25.2328034,40.3948434,2.0000000),(25.8789159,40.2080476,2.0000000),(25.2328034,40.3948434,2.0000000),(25.3174701,40.3189080,2.0000000),(25.8789159,40.2080476,2.0000000),(25.3174701,40.3189080,2.0000000),(25.3690638,40.2577396,2.0000000),(25.8789159,40.2080476,2.0000000),(25.3690638,40.2577396,2.0000000),(25.4137784,40.1932971,2.0000000),(25.8789159,40.2080476,2.0000000),(25.4137784,40.1932971,2.0000000),(25.4825701,40.0545893,2.0000000),(25.8789159,40.2080476,2.0000000),(25.4825701,40.0545893,2.0000000),(25.5238451,39.9027846,2.0000000),(25.8789159,40.2080476,2.0000000),(25.5238451,39.9027846,2.0000000),(25.5341638,39.8219709,2.0000000),(25.8789159,40.2080476,2.0000000),(25.5341638,39.8219709,2.0000000),(25.5376034,39.7378830,2.0000000),(25.8789159,40.2080476,2.0000000),(25.5376034,39.7378830,2.0000000),(25.5346765,39.6511658,2.0000000),(25.8789159,40.2080476,2.0000000),(25.5346765,39.6511658,2.0000000),(25.5258956,39.5677559,2.0000000),(25.8789159,40.2080476,2.0000000),(25.5258956,39.5677559,2.0000000),(25.5112608,39.4876533,2.0000000),(25.8789159,40.2080476,2.0000000),(25.5112608,39.4876533,2.0000000),(25.4907722,39.4108580,2.0000000),(25.8789159,40.2080476,2.0000000),(25.4907722,39.4108580,2.0000000),(25.4322331,39.2671893,2.0000000),(24.5141951,37.2867830,2.0000000),(25.8789159,40.2080476,2.0000000),(25.4322331,39.2671893,2.0000000),(24.5141951,37.2867830,2.0000000),(25.4322331,39.2671893,2.0000000),(25.3502784,39.1367497,2.0000000),(24.5141951,37.2867830,2.0000000),(25.3502784,39.1367497,2.0000000),(23.9268201,37.2031747,2.0000000),(25.7503284,37.2867830,2.0000000),(24.5141951,37.2867830,2.0000000),(23.9268201,37.2031747,2.0000000),(25.7503284,37.2867830,2.0000000),(23.9268201,37.2031747,2.0000000),(23.8802534,37.0782913,2.0000000),(25.7503284,37.2867830,2.0000000),(23.8802534,37.0782913,2.0000000),(23.8823701,37.0433663,2.0000000),(25.7503284,37.2867830,2.0000000),(23.8823701,37.0433663,2.0000000),(23.9088284,36.9647851,2.0000000),(25.7503284,37.2867830,2.0000000),(23.9088284,36.9647851,2.0000000),(23.9606867,36.9089580,2.0000000),(25.7503284,37.2867830,2.0000000),(23.9606867,36.9089580,2.0000000),(24.0292138,36.8740330,2.0000000),(25.7503284,37.2867830,2.0000000),(24.0292138,36.8740330,2.0000000),(24.0950951,36.8623913,2.0000000),(25.7503284,37.2867830,2.0000000),(24.0950951,36.8623913,2.0000000),(25.7503284,36.8623913,2.0000000),(25.7503284,37.2867830,2.0000000),(25.7503284,36.8623913,2.0000000),(25.8336722,36.8774726,2.0000000),(25.7503284,37.2867830,2.0000000),(25.8336722,36.8774726,2.0000000),(25.9016701,36.9227163,2.0000000),(25.7503284,37.2867830,2.0000000),(25.9016701,36.9227163,2.0000000),(25.9461201,36.9907143,2.0000000),(25.7503284,37.2867830,2.0000000),(25.9461201,36.9907143,2.0000000),(25.9609367,37.0740580,2.0000000),(25.7503284,37.2867830,2.0000000),(25.9609367,37.0740580,2.0000000),(25.9461201,37.1581955,2.0000000),(25.7503284,37.2867830,2.0000000),(25.9461201,37.1581955,2.0000000),(25.9016701,37.2264580,2.0000000),(25.7503284,37.2867830,2.0000000),(25.9016701,37.2264580,2.0000000),(25.8357888,37.2717018,2.0000000),(22.8293284,36.8928184,2.0000000),(22.9023534,36.7861913,2.0000000),(23.0089805,36.7131663,2.0000000),(22.8293284,36.8928184,2.0000000),(23.0089805,36.7131663,2.0000000),(23.1341284,36.6888247,2.0000000),(22.8293284,36.8928184,2.0000000),(23.1341284,36.6888247,2.0000000),(23.2590117,36.7131663,2.0000000),(22.8293284,36.8928184,2.0000000),(23.2590117,36.7131663,2.0000000),(23.3648451,36.7861913,2.0000000),(22.8293284,36.8928184,2.0000000),(23.3648451,36.7861913,2.0000000),(23.4378701,36.8928184,2.0000000),(22.8293284,36.8928184,2.0000000),(23.4378701,36.8928184,2.0000000),(23.4622117,37.0179663,2.0000000),(22.8293284,36.8928184,2.0000000),(23.4622117,37.0179663,2.0000000),(23.4378701,37.1431143,2.0000000),(22.8293284,36.8928184,2.0000000),(23.4378701,37.1431143,2.0000000),(23.3648451,37.2497413,2.0000000),(22.8293284,36.8928184,2.0000000),(23.3648451,37.2497413,2.0000000),(23.2590117,37.3227663,2.0000000),(22.8293284,36.8928184,2.0000000),(23.2590117,37.3227663,2.0000000),(23.1341284,37.3471080,2.0000000),(22.8293284,36.8928184,2.0000000),(23.1341284,37.3471080,2.0000000),(23.0089805,37.3227663,2.0000000),(22.8293284,36.8928184,2.0000000),(23.0089805,37.3227663,2.0000000),(22.9023534,37.2497413,2.0000000),(22.8293284,36.8928184,2.0000000),(22.9023534,37.2497413,2.0000000),(22.8293284,37.1431143,2.0000000),(22.8293284,36.8928184,2.0000000),(22.8293284,37.1431143,2.0000000),(22.8049867,37.0179663,2.0000000),(36.3486617,38.6451538,2.0000000),(37.7308451,36.8555122,2.0000000),(37.8030763,36.7935997,2.0000000),(36.3486617,38.6451538,2.0000000),(37.8030763,36.7935997,2.0000000),(37.8948867,36.7729622,2.0000000),(36.3486617,38.6451538,2.0000000),(37.8948867,36.7729622,2.0000000),(38.0271784,36.8184705,2.0000000),(36.3486617,38.6451538,2.0000000),(38.0271784,36.8184705,2.0000000),(38.0914722,36.8920247,2.0000000),(36.3486617,38.6451538,2.0000000),(38.0914722,36.8920247,2.0000000),(38.1129034,36.9878038,2.0000000),(36.3486617,38.6451538,2.0000000),(38.1129034,36.9878038,2.0000000),(38.0684534,37.1200955,2.0000000),(36.3486617,38.6451538,2.0000000),(38.0684534,37.1200955,2.0000000),(36.8926451,38.6451538,2.0000000),(36.8926451,38.6451538,2.0000000),(36.9783701,38.6451538,2.0000000),(37.0976145,38.6502636,2.0000000),(36.3486617,38.6451538,2.0000000),(36.8926451,38.6451538,2.0000000),(37.0976145,38.6502636,2.0000000),(35.4850617,38.6451538,2.0000000),(36.3486617,38.6451538,2.0000000),(37.0976145,38.6502636,2.0000000),(35.4850617,38.6451538,2.0000000),(37.0976145,38.6502636,2.0000000),(37.2114018,38.6655929,2.0000000),(35.4850617,38.6451538,2.0000000),(37.2114018,38.6655929,2.0000000),(37.3197322,38.6911417,2.0000000),(35.4850617,38.6451538,2.0000000),(37.3197322,38.6911417,2.0000000),(37.4226055,38.7269101,2.0000000),(35.4850617,38.6451538,2.0000000),(37.4226055,38.7269101,2.0000000),(37.5200218,38.7728980,2.0000000),(35.4850617,38.6451538,2.0000000),(37.5200218,38.7728980,2.0000000),(37.6119810,38.8291054,2.0000000),(35.4850617,38.6451538,2.0000000),(37.6119810,38.8291054,2.0000000),(37.6984832,38.8955324,2.0000000),(35.4850617,38.6451538,2.0000000),(37.6984832,38.8955324,2.0000000),(37.7795284,38.9721788,2.0000000),(35.4850617,38.6451538,2.0000000),(37.7795284,38.9721788,2.0000000),(37.8559268,39.0619057,2.0000000),(35.4850617,38.6451538,2.0000000),(37.8559268,39.0619057,2.0000000),(37.9221388,39.1543445,2.0000000),(35.4850617,38.6451538,2.0000000),(37.9221388,39.1543445,2.0000000),(37.9781643,39.2494952,2.0000000),(37.9781643,39.2494952,2.0000000),(38.0240034,39.3473580,2.0000000),(37.6284513,39.4965830,2.0000000),(37.9781643,39.2494952,2.0000000),(37.6284513,39.4965830,2.0000000),(37.5639591,39.3789757,2.0000000),(37.9781643,39.2494952,2.0000000),(37.5639591,39.3789757,2.0000000),(37.4736701,39.2727455,2.0000000),(37.9781643,39.2494952,2.0000000),(37.4736701,39.2727455,2.0000000),(37.3637357,39.1847715,2.0000000),(37.9781643,39.2494952,2.0000000),(37.3637357,39.1847715,2.0000000),(37.2445409,39.1219330,2.0000000),(37.9781643,39.2494952,2.0000000),(37.2445409,39.1219330,2.0000000),(37.1160857,39.0842299,2.0000000),(35.4850617,38.6451538,2.0000000),(37.9781643,39.2494952,2.0000000),(37.1160857,39.0842299,2.0000000),(35.4850617,38.6451538,2.0000000),(37.1160857,39.0842299,2.0000000),(36.9783701,39.0716622,2.0000000),(35.4850617,38.6451538,2.0000000),(36.9783701,39.0716622,2.0000000),(35.4850617,39.0716622,2.0000000),(37.6671466,39.6255674,2.0000000),(37.6284513,39.4965830,2.0000000),(38.0240034,39.3473580,2.0000000),(37.6800451,39.7659288,2.0000000),(37.6671466,39.6255674,2.0000000),(38.0240034,39.3473580,2.0000000),(37.6671466,39.9049674,2.0000000),(37.6800451,39.7659288,2.0000000),(38.0240034,39.3473580,2.0000000),(37.6284513,40.0331580,2.0000000),(37.6671466,39.9049674,2.0000000),(38.0240034,39.3473580,2.0000000),(37.5639591,40.1505007,2.0000000),(37.6284513,40.0331580,2.0000000),(38.0240034,39.3473580,2.0000000),(37.5639591,40.1505007,2.0000000),(38.0240034,39.3473580,2.0000000),(38.0596560,39.4479327,2.0000000),(37.5639591,40.1505007,2.0000000),(38.0596560,39.4479327,2.0000000),(38.0851222,39.5512195,2.0000000),(37.4736701,40.2569955,2.0000000),(37.5639591,40.1505007,2.0000000),(38.0851222,39.5512195,2.0000000),(37.4736701,40.2569955,2.0000000),(38.0851222,39.5512195,2.0000000),(38.1004018,39.6572182,2.0000000),(37.4736701,40.2569955,2.0000000),(38.1004018,39.6572182,2.0000000),(38.1054951,39.7659288,2.0000000),(37.3665138,40.3449695,2.0000000),(37.4736701,40.2569955,2.0000000),(38.1054951,39.7659288,2.0000000),(37.3665138,40.3449695,2.0000000),(38.1054951,39.7659288,2.0000000),(38.1004018,39.8785421,2.0000000),(37.3665138,40.3449695,2.0000000),(38.1004018,39.8785421,2.0000000),(38.0851222,39.9872528,2.0000000),(37.2493034,40.4078080,2.0000000),(37.3665138,40.3449695,2.0000000),(38.0851222,39.9872528,2.0000000),(37.2493034,40.4078080,2.0000000),(38.0851222,39.9872528,2.0000000),(38.0596560,40.0920609,2.0000000),(37.2493034,40.4078080,2.0000000),(38.0596560,40.0920609,2.0000000),(38.0240034,40.1929663,2.0000000),(37.1220388,40.4455111,2.0000000),(37.2493034,40.4078080,2.0000000),(38.0240034,40.1929663,2.0000000),(37.1220388,40.4455111,2.0000000),(38.0240034,40.1929663,2.0000000),(37.9781643,40.2899692,2.0000000),(37.1220388,40.4455111,2.0000000),(37.9781643,40.2899692,2.0000000),(37.9221388,40.3830695,2.0000000),(36.9847201,40.4580788,2.0000000),(37.1220388,40.4455111,2.0000000),(37.9221388,40.3830695,2.0000000),(36.9847201,40.4580788,2.0000000),(37.9221388,40.3830695,2.0000000),(37.8559268,40.4722671,2.0000000),(35.4850617,40.4580788,2.0000000),(36.9847201,40.4580788,2.0000000),(37.8559268,40.4722671,2.0000000),(35.4850617,40.4580788,2.0000000),(37.8559268,40.4722671,2.0000000),(37.7795284,40.5575622,2.0000000),(35.4850617,40.4580788,2.0000000),(37.7795284,40.5575622,2.0000000),(37.6924640,40.6356969,2.0000000),(35.4850617,40.4580788,2.0000000),(37.6924640,40.6356969,2.0000000),(37.6016623,40.7034137,2.0000000),(35.4850617,40.4580788,2.0000000),(37.6016623,40.7034137,2.0000000),(37.5071233,40.7607126,2.0000000),(35.4850617,40.4580788,2.0000000),(37.5071233,40.7607126,2.0000000),(37.4088472,40.8075934,2.0000000),(35.4850617,40.4580788,2.0000000),(37.4088472,40.8075934,2.0000000),(37.3068337,40.8440563,2.0000000),(35.4850617,40.4580788,2.0000000),(37.3068337,40.8440563,2.0000000),(37.2010831,40.8701012,2.0000000),(35.4850617,40.4580788,2.0000000),(37.2010831,40.8701012,2.0000000),(37.0915952,40.8857282,2.0000000),(35.4850617,40.4580788,2.0000000),(37.0915952,40.8857282,2.0000000),(36.9783701,40.8909372,2.0000000),(35.4850617,40.4580788,2.0000000),(36.9783701,40.8909372,2.0000000),(35.2723367,40.8909372,2.0000000),(35.4850617,39.0716622,2.0000000),(35.4850617,40.4580788,2.0000000),(35.2723367,40.8909372,2.0000000),(35.4850617,38.6451538,2.0000000),(35.4850617,39.0716622,2.0000000),(35.2723367,40.8909372,2.0000000),(35.4850617,38.6451538,2.0000000),(35.2723367,40.8909372,2.0000000),(35.1863472,40.8742684,2.0000000),(35.4850617,38.6451538,2.0000000),(35.1863472,40.8742684,2.0000000),(35.1146451,40.8242622,2.0000000),(35.4850617,38.6451538,2.0000000),(35.1146451,40.8242622,2.0000000),(35.0725763,40.7499143,2.0000000),(35.4850617,38.6451538,2.0000000),(35.0725763,40.7499143,2.0000000),(35.0585534,40.6708038,2.0000000),(35.4850617,38.6451538,2.0000000),(35.0585534,40.6708038,2.0000000),(35.0585534,37.0438955,2.0000000),(35.4850617,38.6451538,2.0000000),(35.0585534,37.0438955,2.0000000),(35.0814399,36.9605518,2.0000000),(35.4850617,38.6451538,2.0000000),(35.0814399,36.9605518,2.0000000),(35.1246992,36.9010205,2.0000000),(35.4850617,38.6451538,2.0000000),(35.1246992,36.9010205,2.0000000),(35.2723367,36.8533955,2.0000000),(35.4850617,38.6451538,2.0000000),(35.2723367,36.8533955,2.0000000),(35.3463539,36.8653018,2.0000000),(35.4850617,38.6451538,2.0000000),(35.3463539,36.8653018,2.0000000),(35.4064805,36.9010205,2.0000000),(35.4850617,38.6451538,2.0000000),(35.4064805,36.9010205,2.0000000),(35.4850617,37.0438955,2.0000000),(34.0965284,38.6504455,2.0000000),(34.0944117,37.0438955,2.0000000),(34.1105513,36.9618747,2.0000000),(34.0965284,38.6504455,2.0000000),(34.1105513,36.9618747,2.0000000),(34.1589701,36.8936122,2.0000000),(34.0965284,38.6504455,2.0000000),(34.1589701,36.8936122,2.0000000),(34.2277617,36.8475747,2.0000000),(34.0965284,38.6504455,2.0000000),(34.2277617,36.8475747,2.0000000),(34.3050201,36.8322288,2.0000000),(34.0965284,38.6504455,2.0000000),(34.3050201,36.8322288,2.0000000),(34.3878347,36.8475747,2.0000000),(34.0965284,38.6504455,2.0000000),(34.3878347,36.8475747,2.0000000),(34.4563617,36.8936122,2.0000000),(34.0965284,38.6504455,2.0000000),(34.4563617,36.8936122,2.0000000),(34.5023992,36.9618747,2.0000000),(34.0965284,38.6504455,2.0000000),(34.5023992,36.9618747,2.0000000),(34.5177451,37.0438955,2.0000000),(34.0965284,38.6504455,2.0000000),(34.5177451,37.0438955,2.0000000),(34.5177451,40.6708038,2.0000000),(34.0965284,38.6504455,2.0000000),(34.5177451,40.6708038,2.0000000),(34.5023992,40.7522955,2.0000000),(34.0965284,38.6504455,2.0000000),(34.5023992,40.7522955,2.0000000),(34.4563617,40.8210872,2.0000000),(34.0965284,38.6504455,2.0000000),(34.4563617,40.8210872,2.0000000),(34.3888930,40.8687122,2.0000000),(34.0965284,38.6504455,2.0000000),(34.3888930,40.8687122,2.0000000),(34.3092534,40.8845872,2.0000000),(34.0965284,38.6504455,2.0000000),(34.3092534,40.8845872,2.0000000),(34.2272326,40.8681830,2.0000000),(34.0965284,38.6504455,2.0000000),(34.2272326,40.8681830,2.0000000),(34.1568534,40.8189705,2.0000000),(34.0965284,38.6504455,2.0000000),(34.1568534,40.8189705,2.0000000),(34.1100222,40.7544122,2.0000000),(34.0965284,38.6504455,2.0000000),(34.1100222,40.7544122,2.0000000),(34.0944117,40.6708038,2.0000000),(34.0965284,38.6504455,2.0000000),(34.0944117,40.6708038,2.0000000),(34.0944117,39.0716622,2.0000000),(31.8951951,38.6504455,2.0000000),(34.0965284,38.6504455,2.0000000),(34.0944117,39.0716622,2.0000000),(31.8951951,38.6504455,2.0000000),(34.0944117,39.0716622,2.0000000),(31.9015451,39.0716622,2.0000000),(31.8951951,38.6504455,2.0000000),(31.9015451,39.0716622,2.0000000),(31.9015451,40.6708038,2.0000000),(31.8951951,38.6504455,2.0000000),(31.9015451,40.6708038,2.0000000),(31.8851409,40.7522955,2.0000000),(31.8951951,38.6504455,2.0000000),(31.8851409,40.7522955,2.0000000),(31.8359284,40.8210872,2.0000000),(31.8951951,38.6504455,2.0000000),(31.8359284,40.8210872,2.0000000),(31.7663430,40.8687122,2.0000000),(31.8951951,38.6504455,2.0000000),(31.7663430,40.8687122,2.0000000),(31.6888201,40.8845872,2.0000000),(31.8951951,38.6504455,2.0000000),(31.6888201,40.8845872,2.0000000),(31.6065347,40.8687122,2.0000000),(31.8951951,38.6504455,2.0000000),(31.6065347,40.8687122,2.0000000),(31.5353617,40.8210872,2.0000000),(31.8951951,38.6504455,2.0000000),(31.5353617,40.8210872,2.0000000),(31.4869430,40.7522955,2.0000000),(31.8951951,38.6504455,2.0000000),(31.4869430,40.7522955,2.0000000),(31.4708034,40.6708038,2.0000000),(31.8951951,38.6504455,2.0000000),(31.4708034,40.6708038,2.0000000),(31.4708034,37.0438955,2.0000000),(31.8951951,38.6504455,2.0000000),(31.4708034,37.0438955,2.0000000),(31.4864138,36.9618747,2.0000000),(31.8951951,38.6504455,2.0000000),(31.4864138,36.9618747,2.0000000),(31.5332451,36.8936122,2.0000000),(31.8951951,38.6504455,2.0000000),(31.5332451,36.8936122,2.0000000),(31.6028305,36.8475747,2.0000000),(31.8951951,38.6504455,2.0000000),(31.6028305,36.8475747,2.0000000),(31.6845867,36.8322288,2.0000000),(31.8951951,38.6504455,2.0000000),(31.6845867,36.8322288,2.0000000),(31.7623742,36.8473101,2.0000000),(31.8951951,38.6504455,2.0000000),(31.7623742,36.8473101,2.0000000),(31.8348701,36.8925538,2.0000000),(31.8951951,38.6504455,2.0000000),(31.8348701,36.8925538,2.0000000),(31.8801138,36.9573768,2.0000000),(31.8951951,38.6504455,2.0000000),(31.8801138,36.9573768,2.0000000),(31.8951951,37.0438955,2.0000000),(39.0770451,38.3625788,2.0000000),(39.0770451,40.6708038,2.0000000),(39.0616992,40.7522955,2.0000000),(39.0770451,38.3625788,2.0000000),(39.0616992,40.7522955,2.0000000),(39.0156617,40.8210872,2.0000000),(39.0770451,38.3625788,2.0000000),(39.0156617,40.8210872,2.0000000),(38.9481930,40.8687122,2.0000000),(39.0820225,38.2501144,2.0000000),(39.0770451,38.3625788,2.0000000),(38.9481930,40.8687122,2.0000000),(39.0820225,38.2501144,2.0000000),(38.9481930,40.8687122,2.0000000),(38.8685534,40.8845872,2.0000000),(39.0820225,38.2501144,2.0000000),(38.8685534,40.8845872,2.0000000),(38.7852097,40.8681830,2.0000000),(39.0820225,38.2501144,2.0000000),(38.7852097,40.8681830,2.0000000),(38.7108617,40.8189705,2.0000000),(39.0820225,38.2501144,2.0000000),(38.7108617,40.8189705,2.0000000),(38.6656180,40.7544122,2.0000000),(39.0820225,38.2501144,2.0000000),(38.6656180,40.7544122,2.0000000),(38.6505367,40.6708038,2.0000000),(39.0820225,38.2501144,2.0000000),(38.6505367,40.6708038,2.0000000),(38.6505367,38.3625788,2.0000000),(39.0820225,38.2501144,2.0000000),(38.6505367,38.3625788,2.0000000),(38.6574821,38.2074834,2.0000000),(39.0820225,38.2501144,2.0000000),(38.6574821,38.2074834,2.0000000),(38.6783180,38.0581096,2.0000000),(39.0820225,38.2501144,2.0000000),(38.6783180,38.0581096,2.0000000),(38.7130446,37.9144574,2.0000000),(39.0820225,38.2501144,2.0000000),(38.7130446,37.9144574,2.0000000),(38.7616617,37.7765268,2.0000000),(39.0820225,38.2501144,2.0000000),(38.7616617,37.7765268,2.0000000),(38.8241696,37.6443178,2.0000000),(39.0820225,38.2501144,2.0000000),(38.8241696,37.6443178,2.0000000),(38.9005680,37.5178304,2.0000000),(39.0820225,38.2501144,2.0000000),(38.9005680,37.5178304,2.0000000),(38.9908571,37.3970646,2.0000000),(39.0820225,38.2501144,2.0000000),(38.9908571,37.3970646,2.0000000),(39.0950367,37.2820205,2.0000000),(39.0820225,38.2501144,2.0000000),(39.0950367,37.2820205,2.0000000),(39.2076169,37.1766006,2.0000000),(39.2076169,37.1766006,2.0000000),(39.3262826,37.0852366,2.0000000),(39.4510336,37.0079287,2.0000000),(39.2076169,37.1766006,2.0000000),(39.4510336,37.0079287,2.0000000),(39.5818701,36.9446768,2.0000000),(39.2076169,37.1766006,2.0000000),(39.5818701,36.9446768,2.0000000),(39.7187919,36.8954808,2.0000000),(39.2076169,37.1766006,2.0000000),(39.7187919,36.8954808,2.0000000),(39.8617992,36.8603408,2.0000000),(39.2076169,37.1766006,2.0000000),(39.8617992,36.8603408,2.0000000),(40.0108919,36.8392568,2.0000000),(39.2076169,37.1766006,2.0000000),(40.0108919,36.8392568,2.0000000),(40.1660701,36.8322288,2.0000000),(39.2076169,37.1766006,2.0000000),(40.1660701,36.8322288,2.0000000),(40.3214632,36.8392568,2.0000000),(39.2076169,37.1766006,2.0000000),(40.3214632,36.8392568,2.0000000),(40.4712008,36.8603408,2.0000000),(39.2076169,37.1766006,2.0000000),(40.4712008,36.8603408,2.0000000),(40.6152830,36.8954808,2.0000000),(39.2076169,37.1766006,2.0000000),(40.6152830,36.8954808,2.0000000),(40.7537097,36.9446768,2.0000000),(39.2076169,37.1766006,2.0000000),(40.7537097,36.9446768,2.0000000),(40.8864809,37.0079287,2.0000000),(39.2076169,37.1766006,2.0000000),(40.8864809,37.0079287,2.0000000),(41.0135966,37.0852366,2.0000000),(39.2076169,37.1766006,2.0000000),(41.0135966,37.0852366,2.0000000),(41.1350569,37.1766006,2.0000000),(39.2076169,37.1766006,2.0000000),(41.1350569,37.1766006,2.0000000),(41.2508617,37.2820205,2.0000000),(41.2508617,37.2820205,2.0000000),(41.3555375,37.3957252,2.0000000),(41.4462565,37.5156476,2.0000000),(41.2508617,37.2820205,2.0000000),(41.4462565,37.5156476,2.0000000),(41.5230188,37.6417877,2.0000000),(41.2508617,37.2820205,2.0000000),(41.5230188,37.6417877,2.0000000),(41.5858242,37.7741455,2.0000000),(41.2508617,37.2820205,2.0000000),(41.5858242,37.7741455,2.0000000),(41.6346729,37.9127210,2.0000000),(41.2508617,37.2820205,2.0000000),(41.6346729,37.9127210,2.0000000),(41.6695649,38.0575143,2.0000000),(41.2508617,37.2820205,2.0000000),(41.6695649,38.0575143,2.0000000),(41.6905000,38.2085252,2.0000000),(41.2508617,37.2820205,2.0000000),(41.6905000,38.2085252,2.0000000),(41.6974784,38.3657538,2.0000000),(41.2508617,37.2820205,2.0000000),(41.6974784,38.3657538,2.0000000),(41.6974784,40.6708038,2.0000000),(41.2508617,37.2820205,2.0000000),(41.6974784,40.6708038,2.0000000),(41.6821326,40.7522955,2.0000000),(41.2508617,37.2820205,2.0000000),(41.6821326,40.7522955,2.0000000),(41.6360951,40.8210872,2.0000000),(41.2508617,37.2820205,2.0000000),(41.6360951,40.8210872,2.0000000),(41.5678326,40.8687122,2.0000000),(41.2508617,37.2820205,2.0000000),(41.5678326,40.8687122,2.0000000),(41.4858117,40.8845872,2.0000000),(41.2508617,37.2820205,2.0000000),(41.4858117,40.8845872,2.0000000),(41.4037909,40.8687122,2.0000000),(41.2508617,37.2820205,2.0000000),(41.4037909,40.8687122,2.0000000),(41.3355284,40.8210872,2.0000000),(41.3355284,40.8210872,2.0000000),(41.2894909,40.7522955,2.0000000),(41.2741451,40.6708038,2.0000000),(41.3355284,40.8210872,2.0000000),(41.2741451,40.6708038,2.0000000),(41.2741451,38.3657538,2.0000000),(41.2508617,37.2820205,2.0000000),(41.3355284,40.8210872,2.0000000),(41.2741451,38.3657538,2.0000000),(41.2508617,37.2820205,2.0000000),(41.2741451,38.3657538,2.0000000),(41.2690353,38.2537359,2.0000000),(41.2508617,37.2820205,2.0000000),(41.2690353,38.2537359,2.0000000),(41.2537060,38.1457528,2.0000000),(41.2508617,37.2820205,2.0000000),(41.2537060,38.1457528,2.0000000),(41.2281572,38.0418046,2.0000000),(41.2508617,37.2820205,2.0000000),(41.2281572,38.0418046,2.0000000),(41.1923888,37.9418913,2.0000000),(41.2508617,37.2820205,2.0000000),(41.1923888,37.9418913,2.0000000),(41.1464009,37.8460130,2.0000000),(41.2508617,37.2820205,2.0000000),(41.1464009,37.8460130,2.0000000),(41.0901935,37.7541695,2.0000000),(41.2508617,37.2820205,2.0000000),(41.0901935,37.7541695,2.0000000),(41.0237666,37.6663609,2.0000000),(41.2508617,37.2820205,2.0000000),(41.0237666,37.6663609,2.0000000),(40.9471201,37.5825872,2.0000000),(41.2508617,37.2820205,2.0000000),(40.9471201,37.5825872,2.0000000),(40.8652481,37.5061887,2.0000000),(41.2508617,37.2820205,2.0000000),(40.8652481,37.5061887,2.0000000),(40.7789112,37.4399768,2.0000000),(41.2508617,37.2820205,2.0000000),(40.7789112,37.4399768,2.0000000),(40.6881095,37.3839512,2.0000000),(41.2508617,37.2820205,2.0000000),(40.6881095,37.3839512,2.0000000),(40.5928430,37.3381122,2.0000000),(41.2508617,37.2820205,2.0000000),(40.5928430,37.3381122,2.0000000),(40.4931116,37.3024596,2.0000000),(41.2508617,37.2820205,2.0000000),(40.4931116,37.3024596,2.0000000),(40.3889154,37.2769934,2.0000000),(41.2508617,37.2820205,2.0000000),(40.3889154,37.2769934,2.0000000),(40.2802543,37.2617137,2.0000000),(39.2076169,37.1766006,2.0000000),(41.2508617,37.2820205,2.0000000),(40.2802543,37.2617137,2.0000000),(39.2076169,37.1766006,2.0000000),(40.2802543,37.2617137,2.0000000),(40.1671284,37.2566205,2.0000000),(39.2076169,37.1766006,2.0000000),(40.1671284,37.2566205,2.0000000),(40.0559869,37.2616807,2.0000000),(39.2076169,37.1766006,2.0000000),(40.0559869,37.2616807,2.0000000),(39.9490456,37.2768611,2.0000000),(39.2076169,37.1766006,2.0000000),(39.9490456,37.2768611,2.0000000),(39.8463046,37.3021619,2.0000000),(39.2076169,37.1766006,2.0000000),(39.8463046,37.3021619,2.0000000),(39.7477638,37.3375830,2.0000000),(39.2076169,37.1766006,2.0000000),(39.7477638,37.3375830,2.0000000),(39.6534233,37.3831244,2.0000000),(39.2076169,37.1766006,2.0000000),(39.6534233,37.3831244,2.0000000),(39.5632831,37.4387861,2.0000000),(39.2076169,37.1766006,2.0000000),(39.5632831,37.4387861,2.0000000),(39.4773431,37.5045682,2.0000000),(39.2076169,37.1766006,2.0000000),(39.4773431,37.5045682,2.0000000),(39.3956034,37.5804705,2.0000000),(39.2076169,37.1766006,2.0000000),(39.3956034,37.5804705,2.0000000),(39.3209413,37.6635331,2.0000000),(39.2076169,37.1766006,2.0000000),(39.3209413,37.6635331,2.0000000),(39.2562341,37.7507960,2.0000000),(39.2076169,37.1766006,2.0000000),(39.2562341,37.7507960,2.0000000),(39.2014819,37.8422592,2.0000000),(39.2076169,37.1766006,2.0000000),(39.2014819,37.8422592,2.0000000),(39.1566847,37.9379226,2.0000000),(39.2076169,37.1766006,2.0000000),(39.1566847,37.9379226,2.0000000),(39.1218423,38.0377863,2.0000000),(39.2076169,37.1766006,2.0000000),(39.1218423,38.0377863,2.0000000),(39.0969550,38.1418502,2.0000000),(39.0820225,38.2501144,2.0000000),(39.2076169,37.1766006,2.0000000),(39.0969550,38.1418502,2.0000000),(30.8746972,40.5112601,2.0000000),(30.9278784,40.6708038,2.0000000),(30.9127972,40.7507080,2.0000000),(30.8746972,40.5112601,2.0000000),(30.9127972,40.7507080,2.0000000),(30.8675534,40.8189705,2.0000000),(30.8746972,40.5112601,2.0000000),(30.8675534,40.8189705,2.0000000),(30.7992909,40.8681830,2.0000000),(30.8746972,40.5112601,2.0000000),(30.7992909,40.8681830,2.0000000),(30.7151534,40.8845872,2.0000000),(30.8746972,40.5112601,2.0000000),(30.7151534,40.8845872,2.0000000),(28.0947201,40.8845872,2.0000000),(30.8746972,40.5112601,2.0000000),(28.0947201,40.8845872,2.0000000),(28.0015867,40.8642143,2.0000000),(30.8746972,40.5112601,2.0000000),(28.0015867,40.8642143,2.0000000),(27.9275034,40.8030955,2.0000000),(30.8746972,40.5112601,2.0000000),(27.9275034,40.8030955,2.0000000),(27.8809367,40.6708038,2.0000000),(30.8746972,40.5112601,2.0000000),(27.8809367,40.6708038,2.0000000),(27.8809367,40.6549288,2.0000000),(30.8746972,40.5112601,2.0000000),(27.8809367,40.6549288,2.0000000),(27.9412617,40.5258122,2.0000000),(30.8746972,40.5112601,2.0000000),(27.9412617,40.5258122,2.0000000),(28.0124347,40.4750122,2.0000000),(30.8746972,40.5112601,2.0000000),(28.0124347,40.4750122,2.0000000),(28.0947201,40.4580788,2.0000000),(30.8746972,40.5112601,2.0000000),(28.0947201,40.4580788,2.0000000),(29.1943284,40.4580788,2.0000000),(29.1943284,40.4580788,2.0000000),(29.1943284,37.0438955,2.0000000),(29.2096742,36.9618747,2.0000000),(29.1943284,40.4580788,2.0000000),(29.2096742,36.9618747,2.0000000),(29.2557117,36.8936122,2.0000000),(29.1943284,40.4580788,2.0000000),(29.2557117,36.8936122,2.0000000),(29.3239742,36.8475747,2.0000000),(29.1943284,40.4580788,2.0000000),(29.3239742,36.8475747,2.0000000),(29.4059951,36.8322288,2.0000000),(29.1943284,40.4580788,2.0000000),(29.4059951,36.8322288,2.0000000),(29.4880159,36.8475747,2.0000000),(29.1943284,40.4580788,2.0000000),(29.4880159,36.8475747,2.0000000),(29.5562784,36.8936122,2.0000000),(29.1943284,40.4580788,2.0000000),(29.5562784,36.8936122,2.0000000),(29.6023159,36.9618747,2.0000000),(29.1943284,40.4580788,2.0000000),(29.6023159,36.9618747,2.0000000),(29.6176617,37.0438955,2.0000000),(29.1943284,40.4580788,2.0000000),(29.6176617,37.0438955,2.0000000),(29.6176617,40.4580788,2.0000000),(30.8746972,40.5112601,2.0000000),(29.1943284,40.4580788,2.0000000),(29.6176617,40.4580788,2.0000000),(30.8746972,40.5112601,2.0000000),(29.6176617,40.4580788,2.0000000),(30.7151534,40.4580788,2.0000000),(30.8746972,40.5112601,2.0000000),(30.7151534,40.4580788,2.0000000),(30.8082206,40.4713741,2.0000000)));
#1253=COMPLEX_TRIANGULATED_SURFACE_SET('surface set',#1252,4167,(),(),(),((1,2,3),(4,5,6),(7,8,9),(10,11,12),(13,14,15),(16,17,18),(19,20,21),(22,23,24),(25,26,27),(28,29,30),(31,32,33),(34,35,36),(37,38,39),(40,41,42),(43,44,45),(46,47,48),(49,50,51),(52,53,54),(55,56,57),(58,59,60),(61,62,63),(64,65,66),(67,68,69),(70,71,72),(73,74,75),(76,77,78),(79,80,81),(82,83,84),(85,86,87),(88,89,90),(91,92,93),(94,95,96),(97,98,99),(100,101,102),(103,104,105),(106,107,108),(109,110,111),(112,113,114),(115,116,117),(118,119,120),(121,122,123),(124,125,126),(127,128,129),(130,131,132),(133,134,135),(136,137,138),(139,140,141),(142,143,144),(145,146,147),(148,149,150),(151,152,153),(154,155,156),(157,158,159),(160,161,162),(163,164,165),(166,167,168),(169,170,171),(172,173,174),(175,176,177),(178,179,180),(181,182,183),(184,185,186),(187,188,189),(190,191,192),(193,194,195),(196,197,198),(199,200,201),(202,203,204),(205,206,207),(208,209,210),(211,212,213),(214,215,216),(217,218,219),(220,221,222),(223,224,225),(226,227,228),(229,230,231),(232,233,234),(235,236,237),(238,239,240),(241,242,243),(244,245,246),(247,248,249),(250,251,252),(253,254,255),(256,257,258),(259,260,261),(262,263,264),(265,266,267),(268,269,270),(271,272,273),(274,275,276),(277,278,279),(280,281,282),(283,284,285),(286,287,288),(289,290,291),(292,293,294),(295,296,297),(298,299,300),(301,302,303),(304,305,306),(307,308,309),(310,311,312),(313,314,315),(316,317,318),(319,320,321),(322,323,324),(325,326,327),(328,329,330),(331,332,333),(334,335,336),(337,338,339),(340,341,342),(343,344,345),(346,347,348),(349,350,351),(352,353,354),(355,356,357),(358,359,360),(361,362,363),(364,365,366),(367,368,369),(370,371,372),(373,374,375),(376,377,378),(379,380,381),(382,383,384),(385,386,387),(388,389,390),(391,392,393),(394,395,396),(397,398,399),(400,401,402),(403,404,405),(406,407,408),(409,410,411),(412,413,414),(415,416,417),(418,419,420),(421,422,423),(424,425,426),(427,428,429),(430,431,432),(433,434,435),(436,437,438),(439,440,441),(442,443,444),(445,446,447),(448,449,450),(451,452,453),(454,455,456),(457,458,459),(460,461,462),(463,464,465),(466,467,468),(469,470,471),(472,473,474),(475,476,477),(478,479,480),(481,482,483),(484,485,486),(487,488,489),(490,491,492),(493,494,495),(496,497,498),(499,500,501),(502,503,504),(505,506,507),(508,509,510),(511,512,513),(514,515,516),(517,518,519),(520,521,522),(523,524,525),(526,527,528),(529,530,531),(532,533,534),(535,536,537),(538,539,540),(541,542,543),(544,545,546),(547,548,549),(550,551,552),(553,554,555),(556,557,558),(559,560,561),(562,563,564),(565,566,567),(568,569,570),(571,572,573),(574,575,576),(577,578,579),(580,581,582),(583,584,585),(586,587,588),(589,590,591),(592,593,594),(595,596,597),(598,599,600),(601,602,603),(604,605,606),(607,608,609),(610,611,612),(613,614,615),(616,617,618),(619,620,621),(622,623,624),(625,626,627),(628,629,630),(631,632,633),(634,635,636),(637,638,639),(640,641,642),(643,644,645),(646,647,648),(649,650,651),(652,653,654),(655,656,657),(658,659,660),(661,662,663),(664,665,666),(667,668,669),(670,671,672),(673,674,675),(676,677,678),(679,680,681),(682,683,684),(685,686,687),(688,689,690),(691,692,693),(694,695,696),(697,698,699),(700,701,702),(703,704,705),(706,707,708),(709,710,711),(712,713,714),(715,716,717),(718,719,720),(721,722,723),(724,725,726),(727,728,729),(730,731,732),(733,734,735),(736,737,738),(739,740,741),(742,743,744),(745,746,747),(748,749,750),(751,752,753),(754,755,756),(757,758,759),(760,761,762),(763,764,765),(766,767,768),(769,770,771),(772,773,774),(775,776,777),(778,779,780),(781,782,783),(784,785,786),(787,788,789),(790,791,792),(793,794,795),(796,797,798),(799,800,801),(802,803,804),(805,806,807),(808,809,810),(811,812,813),(814,815,816),(817,818,819),(820,821,822),(823,824,825),(826,827,828),(829,830,831),(832,833,834),(835,836,837),(838,839,840),(841,842,843),(844,845,846),(847,848,849),(850,851,852),(853,854,855),(856,857,858),(859,860,861),(862,863,864),(865,866,867),(868,869,870),(871,872,873),(874,875,876),(877,878,879),(880,881,882),(883,884,885),(886,887,888),(889,890,891),(892,893,894),(895,896,897),(898,899,900),(901,902,903),(904,905,906),(907,908,909),(910,911,912),(913,914,915),(916,917,918),(919,920,921),(922,923,924),(925,926,927),(928,929,930),(931,932,933),(934,935,936),(937,938,939),(940,941,942),(943,944,945),(946,947,948),(949,950,951),(952,953,954),(955,956,957),(958,959,960),(961,962,963),(964,965,966),(967,968,969),(970,971,972),(973,974,975),(976,977,978),(979,980,981),(982,983,984),(985,986,987),(988,989,990),(991,992,993),(994,995,996),(997,998,999),(1000,1001,1002),(1003,1004,1005),(1006,1007,1008),(1009,1010,1011),(1012,1013,1014),(1015,1016,1017),(1018,1019,1020),(1021,1022,1023),(1024,1025,1026),(1027,1028,1029),(1030,1031,1032),(1033,1034,1035),(1036,1037,1038),(1039,1040,1041),(1042,1043,1044),(1045,1046,1047),(1048,1049,1050),(1051,1052,1053),(1054,1055,1056),(1057,1058,1059),(1060,1061,1062),(1063,1064,1065),(1066,1067,1068),(1069,1070,1071),(1072,1073,1074),(1075,1076,1077),(1078,1079,1080),(1081,1082,1083),(1084,1085,1086),(1087,1088,1089),(1090,1091,1092),(1093,1094,1095),(1096,1097,1098),(1099,1100,1101),(1102,1103,1104),(1105,1106,1107),(1108,1109,1110),(1111,1112,1113),(1114,1115,1116),(1117,1118,1119),(1120,1121,1122),(1123,1124,1125),(1126,1127,1128),(1129,1130,1131),(1132,1133,1134),(1135,1136,1137),(1138,1139,1140),(1141,1142,1143),(1144,1145,1146),(1147,1148,1149),(1150,1151,1152),(1153,1154,1155),(1156,1157,1158),(1159,1160,1161),(1162,1163,1164),(1165,1166,1167),(1168,1169,1170),(1171,1172,1173),(1174,1175,1176),(1177,1178,1179),(1180,1181,1182),(1183,1184,1185),(1186,1187,1188),(1189,1190,1191),(1192,1193,1194),(1195,1196,1197),(1198,1199,1200),(1201,1202,1203),(1204,1205,1206),(1207,1208,1209),(1210,1211,1212),(1213,1214,1215),(1216,1217,1218),(1219,1220,1221),(1222,1223,1224),(1225,1226,1227),(1228,1229,1230),(1231,1232,1233),(1234,1235,1236),(1237,1238,1239),(1240,1241,1242),(1243,1244,1245),(1246,1247,1248),(1249,1250,1251),(1252,1253,1254),(1255,1256,1257),(1258,1259,1260),(1261,1262,1263),(1264,1265,1266),(1267,1268,1269),(1270,1271,1272),(1273,1274,1275),(1276,1277,1278),(1279,1280,1281),(1282,1283,1284),(1285,1286,1287),(1288,1289,1290),(1291,1292,1293),(1294,1295,1296),(1297,1298,1299),(1300,1301,1302),(1303,1304,1305),(1306,1307,1308),(1309,1310,1311),(1312,1313,1314),(1315,1316,1317),(1318,1319,1320),(1321,1322,1323),(1324,1325,1326),(1327,1328,1329),(1330,1331,1332),(1333,1334,1335),(1336,1337,1338),(1339,1340,1341),(1342,1343,1344),(1345,1346,1347),(1348,1349,1350),(1351,1352,1353),(1354,1355,1356),(1357,1358,1359),(1360,1361,1362),(1363,1364,1365),(1366,1367,1368),(1369,1370,1371),(1372,1373,1374),(1375,1376,1377),(1378,1379,1380),(1381,1382,1383),(1384,1385,1386),(1387,1388,1389),(1390,1391,1392),(1393,1394,1395),(1396,1397,1398),(1399,1400,1401),(1402,1403,1404),(1405,1406,1407),(1408,1409,1410),(1411,1412,1413),(1414,1415,1416),(1417,1418,1419),(1420,1421,1422),(1423,1424,1425),(1426,1427,1428),(1429,1430,1431),(1432,1433,1434),(1435,1436,1437),(1438,1439,1440),(1441,1442,1443),(1444,1445,1446),(1447,1448,1449),(1450,1451,1452),(1453,1454,1455),(1456,1457,1458),(1459,1460,1461),(1462,1463,1464),(1465,1466,1467),(1468,1469,1470),(1471,1472,1473),(1474,1475,1476),(1477,1478,1479),(1480,1481,1482),(1483,1484,1485),(1486,1487,1488),(1489,1490,1491),(1492,1493,1494),(1495,1496,1497),(1498,1499,1500),(1501,1502,1503),(1504,1505,1506),(1507,1508,1509),(1510,1511,1512),(1513,1514,1515),(1516,1517,1518),(1519,1520,1521),(1522,1523,1524),(1525,1526,1527),(1528,1529,1530),(1531,1532,1533),(1534,1535,1536),(1537,1538,1539),(1540,1541,1542),(1543,1544,1545),(1546,1547,1548),(1549,1550,1551),(1552,1553,1554),(1555,1556,1557),(1558,1559,1560),(1561,1562,1563),(1564,1565,1566),(1567,1568,1569),(1570,1571,1572),(1573,1574,1575),(1576,1577,1578),(1579,1580,1581),(1582,1583,1584),(1585,1586,1587),(1588,1589,1590),(1591,1592,1593),(1594,1595,1596),(1597,1598,1599),(1600,1601,1602),(1603,1604,1605),(1606,1607,1608),(1609,1610,1611),(1612,1613,1614),(1615,1616,1617),(1618,1619,1620),(1621,1622,1623),(1624,1625,1626),(1627,1628,1629),(1630,1631,1632),(1633,1634,1635),(1636,1637,1638),(1639,1640,1641),(1642,1643,1644),(1645,1646,1647),(1648,1649,1650),(1651,1652,1653),(1654,1655,1656),(1657,1658,1659),(1660,1661,1662),(1663,1664,1665),(1666,1667,1668),(1669,1670,1671),(1672,1673,1674),(1675,1676,1677),(1678,1679,1680),(1681,1682,1683),(1684,1685,1686),(1687,1688,1689),(1690,1691,1692),(1693,1694,1695),(1696,1697,1698),(1699,1700,1701),(1702,1703,1704),(1705,1706,1707),(1708,1709,1710),(1711,1712,1713),(1714,1715,1716),(1717,1718,1719),(1720,1721,1722),(1723,1724,1725),(1726,1727,1728),(1729,1730,1731),(1732,1733,1734),(1735,1736,1737),(1738,1739,1740),(1741,1742,1743),(1744,1745,1746),(1747,1748,1749),(1750,1751,1752),(1753,1754,1755),(1756,1757,1758),(1759,1760,1761),(1762,1763,1764),(1765,1766,1767),(1768,1769,1770),(1771,1772,1773),(1774,1775,1776),(1777,1778,1779),(1780,1781,1782),(1783,1784,1785),(1786,1787,1788),(1789,1790,1791),(1792,1793,1794),(1795,1796,1797),(1798,1799,1800),(1801,1802,1803),(1804,1805,1806),(1807,1808,1809),(1810,1811,1812),(1813,1814,1815),(1816,1817,1818),(1819,1820,1821),(1822,1823,1824),(1825,1826,1827),(1828,1829,1830),(1831,1832,1833),(1834,1835,1836),(1837,1838,1839),(1840,1841,1842),(1843,1844,1845),(1846,1847,1848),(1849,1850,1851),(1852,1853,1854),(1855,1856,1857),(1858,1859,1860),(1861,1862,1863),(1864,1865,1866),(1867,1868,1869),(1870,1871,1872),(1873,1874,1875),(1876,1877,1878),(1879,1880,1881),(1882,1883,1884),(1885,1886,1887),(1888,1889,1890),(1891,1892,1893),(1894,1895,1896),(1897,1898,1899),(1900,1901,1902),(1903,1904,1905),(1906,1907,1908),(1909,1910,1911),(1912,1913,1914),(1915,1916,1917),(1918,1919,1920),(1921,1922,1923),(1924,1925,1926),(1927,1928,1929),(1930,1931,1932),(1933,1934,1935),(1936,1937,1938),(1939,1940,1941),(1942,1943,1944),(1945,1946,1947),(1948,1949,1950),(1951,1952,1953),(1954,1955,1956),(1957,1958,1959),(1960,1961,1962),(1963,1964,1965),(1966,1967,1968),(1969,1970,1971),(1972,1973,1974),(1975,1976,1977),(1978,1979,1980),(1981,1982,1983),(1984,1985,1986),(1987,1988,1989),(1990,1991,1992),(1993,1994,1995),(1996,1997,1998),(1999,2000,2001),(2002,2003,2004),(2005,2006,2007),(2008,2009,2010),(2011,2012,2013),(2014,2015,2016),(2017,2018,2019),(2020,2021,2022),(2023,2024,2025),(2026,2027,2028),(2029,2030,2031),(2032,2033,2034),(2035,2036,2037),(2038,2039,2040),(2041,2042,2043),(2044,2045,2046),(2047,2048,2049),(2050,2051,2052),(2053,2054,2055),(2056,2057,2058),(2059,2060,2061),(2062,2063,2064),(2065,2066,2067),(2068,2069,2070),(2071,2072,2073),(2074,2075,2076),(2077,2078,2079),(2080,2081,2082),(2083,2084,2085),(2086,2087,2088),(2089,2090,2091),(2092,2093,2094),(2095,2096,2097),(2098,2099,2100),(2101,2102,2103),(2104,2105,2106),(2107,2108,2109),(2110,2111,2112),(2113,2114,2115),(2116,2117,2118),(2119,2120,2121),(2122,2123,2124),(2125,2126,2127),(2128,2129,2130),(2131,2132,2133),(2134,2135,2136),(2137,2138,2139),(2140,2141,2142),(2143,2144,2145),(2146,2147,2148),(2149,2150,2151),(2152,2153,2154),(2155,2156,2157),(2158,2159,2160),(2161,2162,2163),(2164,2165,2166),(2167,2168,2169),(2170,2171,2172),(2173,2174,2175),(2176,2177,2178),(2179,2180,2181),(2182,2183,2184),(2185,2186,2187),(2188,2189,2190),(2191,2192,2193),(2194,2195,2196),(2197,2198,2199),(2200,2201,2202),(2203,2204,2205),(2206,2207,2208),(2209,2210,2211),(2212,2213,2214),(2215,2216,2217),(2218,2219,2220),(2221,2222,2223),(2224,2225,2226),(2227,2228,2229),(2230,2231,2232),(2233,2234,2235),(2236,2237,2238),(2239,2240,2241),(2242,2243,2244),(2245,2246,2247),(2248,2249,2250),(2251,2252,2253),(2254,2255,2256),(2257,2258,2259),(2260,2261,2262),(2263,2264,2265),(2266,2267,2268),(2269,2270,2271),(2272,2273,2274),(2275,2276,2277),(2278,2279,2280),(2281,2282,2283),(2284,2285,2286),(2287,2288,2289),(2290,2291,2292),(2293,2294,2295),(2296,2297,2298),(2299,2300,2301),(2302,2303,2304),(2305,2306,2307),(2308,2309,2310),(2311,2312,2313),(2314,2315,2316),(2317,2318,2319),(2320,2321,2322),(2323,2324,2325),(2326,2327,2328),(2329,2330,2331),(2332,2333,2334),(2335,2336,2337),(2338,2339,2340),(2341,2342,2343),(2344,2345,2346),(2347,2348,2349),(2350,2351,2352),(2353,2354,2355),(2356,2357,2358),(2359,2360,2361),(2362,2363,2364),(2365,2366,2367),(2368,2369,2370),(2371,2372,2373),(2374,2375,2376),(2377,2378,2379),(2380,2381,2382),(2383,2384,2385),(2386,2387,2388),(2389,2390,2391),(2392,2393,2394),(2395,2396,2397),(2398,2399,2400),(2401,2402,2403),(2404,2405,2406),(2407,2408,2409),(2410,2411,2412),(2413,2414,2415),(2416,2417,2418),(2419,2420,2421),(2422,2423,2424),(2425,2426,2427),(2428,2429,2430),(2431,2432,2433),(2434,2435,2436),(2437,2438,2439),(2440,2441,2442),(2443,2444,2445),(2446,2447,2448),(2449,2450,2451),(2452,2453,2454),(2455,2456,2457),(2458,2459,2460),(2461,2462,2463),(2464,2465,2466),(2467,2468,2469),(2470,2471,2472),(2473,2474,2475),(2476,2477,2478),(2479,2480,2481),(2482,2483,2484),(2485,2486,2487),(2488,2489,2490),(2491,2492,2493),(2494,2495,2496),(2497,2498,2499),(2500,2501,2502),(2503,2504,2505),(2506,2507,2508),(2509,2510,2511),(2512,2513,2514),(2515,2516,2517),(2518,2519,2520),(2521,2522,2523),(2524,2525,2526),(2527,2528,2529),(2530,2531,2532),(2533,2534,2535),(2536,2537,2538),(2539,2540,2541),(2542,2543,2544),(2545,2546,2547),(2548,2549,2550),(2551,2552,2553),(2554,2555,2556),(2557,2558,2559),(2560,2561,2562),(2563,2564,2565),(2566,2567,2568),(2569,2570,2571),(2572,2573,2574),(2575,2576,2577),(2578,2579,2580),(2581,2582,2583),(2584,2585,2586),(2587,2588,2589),(2590,2591,2592),(2593,2594,2595),(2596,2597,2598),(2599,2600,2601),(2602,2603,2604),(2605,2606,2607),(2608,2609,2610),(2611,2612,2613),(2614,2615,2616),(2617,2618,2619),(2620,2621,2622),(2623,2624,2625),(2626,2627,2628),(2629,2630,2631),(2632,2633,2634),(2635,2636,2637),(2638,2639,2640),(2641,2642,2643),(2644,2645,2646),(2647,2648,2649),(2650,2651,2652),(2653,2654,2655),(2656,2657,2658),(2659,2660,2661),(2662,2663,2664),(2665,2666,2667),(2668,2669,2670),(2671,2672,2673),(2674,2675,2676),(2677,2678,2679),(2680,2681,2682),(2683,2684,2685),(2686,2687,2688),(2689,2690,2691),(2692,2693,2694),(2695,2696,2697),(2698,2699,2700),(2701,2702,2703),(2704,2705,2706),(2707,2708,2709),(2710,2711,2712),(2713,2714,2715),(2716,2717,2718),(2719,2720,2721),(2722,2723,2724),(2725,2726,2727),(2728,2729,2730),(2731,2732,2733),(2734,2735,2736),(2737,2738,2739),(2740,2741,2742),(2743,2744,2745),(2746,2747,2748),(2749,2750,2751),(2752,2753,2754),(2755,2756,2757),(2758,2759,2760),(2761,2762,2763),(2764,2765,2766),(2767,2768,2769),(2770,2771,2772),(2773,2774,2775),(2776,2777,2778),(2779,2780,2781),(2782,2783,2784),(2785,2786,2787),(2788,2789,2790),(2791,2792,2793),(2794,2795,2796),(2797,2798,2799),(2800,2801,2802),(2803,2804,2805),(2806,2807,2808),(2809,2810,2811),(2812,2813,2814),(2815,2816,2817),(2818,2819,2820),(2821,2822,2823),(2824,2825,2826),(2827,2828,2829),(2830,2831,2832),(2833,2834,2835),(2836,2837,2838),(2839,2840,2841),(2842,2843,2844),(2845,2846,2847),(2848,2849,2850),(2851,2852,2853),(2854,2855,2856),(2857,2858,2859),(2860,2861,2862),(2863,2864,2865),(2866,2867,2868),(2869,2870,2871),(2872,2873,2874),(2875,2876,2877),(2878,2879,2880),(2881,2882,2883),(2884,2885,2886),(2887,2888,2889),(2890,2891,2892),(2893,2894,2895),(2896,2897,2898),(2899,2900,2901),(2902,2903,2904),(2905,2906,2907),(2908,2909,2910),(2911,2912,2913),(2914,2915,2916),(2917,2918,2919),(2920,2921,2922),(2923,2924,2925),(2926,2927,2928),(2929,2930,2931),(2932,2933,2934),(2935,2936,2937),(2938,2939,2940),(2941,2942,2943),(2944,2945,2946),(2947,2948,2949),(2950,2951,2952),(2953,2954,2955),(2956,2957,2958),(2959,2960,2961),(2962,2963,2964),(2965,2966,2967),(2968,2969,2970),(2971,2972,2973),(2974,2975,2976),(2977,2978,2979),(2980,2981,2982),(2983,2984,2985),(2986,2987,2988),(2989,2990,2991),(2992,2993,2994),(2995,2996,2997),(2998,2999,3000),(3001,3002,3003),(3004,3005,3006),(3007,3008,3009),(3010,3011,3012),(3013,3014,3015),(3016,3017,3018),(3019,3020,3021),(3022,3023,3024),(3025,3026,3027),(3028,3029,3030),(3031,3032,3033),(3034,3035,3036),(3037,3038,3039),(3040,3041,3042),(3043,3044,3045),(3046,3047,3048),(3049,3050,3051),(3052,3053,3054),(3055,3056,3057),(3058,3059,3060),(3061,3062,3063),(3064,3065,3066),(3067,3068,3069),(3070,3071,3072),(3073,3074,3075),(3076,3077,3078),(3079,3080,3081),(3082,3083,3084),(3085,3086,3087),(3088,3089,3090),(3091,3092,3093),(3094,3095,3096),(3097,3098,3099),(3100,3101,3102),(3103,3104,3105),(3106,3107,3108),(3109,3110,3111),(3112,3113,3114),(3115,3116,3117),(3118,3119,3120),(3121,3122,3123),(3124,3125,3126),(3127,3128,3129),(3130,3131,3132),(3133,3134,3135),(3136,3137,3138),(3139,3140,3141),(3142,3143,3144),(3145,3146,3147),(3148,3149,3150),(3151,3152,3153),(3154,3155,3156),(3157,3158,3159),(3160,3161,3162),(3163,3164,3165),(3166,3167,3168),(3169,3170,3171),(3172,3173,3174),(3175,3176,3177),(3178,3179,3180),(3181,3182,3183),(3184,3185,3186),(3187,3188,3189),(3190,3191,3192),(3193,3194,3195),(3196,3197,3198),(3199,3200,3201),(3202,3203,3204),(3205,3206,3207),(3208,3209,3210),(3211,3212,3213),(3214,3215,3216),(3217,3218,3219),(3220,3221,3222),(3223,3224,3225),(3226,3227,3228),(3229,3230,3231),(3232,3233,3234),(3235,3236,3237),(3238,3239,3240),(3241,3242,3243),(3244,3245,3246),(3247,3248,3249),(3250,3251,3252),(3253,3254,3255),(3256,3257,3258),(3259,3260,3261),(3262,3263,3264),(3265,3266,3267),(3268,3269,3270),(3271,3272,3273),(3274,3275,3276),(3277,3278,3279),(3280,3281,3282),(3283,3284,3285),(3286,3287,3288),(3289,3290,3291),(3292,3293,3294),(3295,3296,3297),(3298,3299,3300),(3301,3302,3303),(3304,3305,3306),(3307,3308,3309),(3310,3311,3312),(3313,3314,3315),(3316,3317,3318),(3319,3320,3321),(3322,3323,3324),(3325,3326,3327),(3328,3329,3330),(3331,3332,3333),(3334,3335,3336),(3337,3338,3339),(3340,3341,3342),(3343,3344,3345),(3346,3347,3348),(3349,3350,3351),(3352,3353,3354),(3355,3356,3357),(3358,3359,3360),(3361,3362,3363),(3364,3365,3366),(3367,3368,3369),(3370,3371,3372),(3373,3374,3375),(3376,3377,3378),(3379,3380,3381),(3382,3383,3384),(3385,3386,3387),(3388,3389,3390),(3391,3392,3393),(3394,3395,3396),(3397,3398,3399),(3400,3401,3402),(3403,3404,3405),(3406,3407,3408),(3409,3410,3411),(3412,3413,3414),(3415,3416,3417),(3418,3419,3420),(3421,3422,3423),(3424,3425,3426),(3427,3428,3429),(3430,3431,3432),(3433,3434,3435),(3436,3437,3438),(3439,3440,3441),(3442,3443,3444),(3445,3446,3447),(3448,3449,3450),(3451,3452,3453),(3454,3455,3456),(3457,3458,3459),(3460,3461,3462),(3463,3464,3465),(3466,3467,3468),(3469,3470,3471),(3472,3473,3474),(3475,3476,3477),(3478,3479,3480),(3481,3482,3483),(3484,3485,3486),(3487,3488,3489),(3490,3491,3492),(3493,3494,3495),(3496,3497,3498),(3499,3500,3501),(3502,3503,3504),(3505,3506,3507),(3508,3509,3510),(3511,3512,3513),(3514,3515,3516),(3517,3518,3519),(3520,3521,3522),(3523,3524,3525),(3526,3527,3528),(3529,3530,3531),(3532,3533,3534),(3535,3536,3537),(3538,3539,3540),(3541,3542,3543),(3544,3545,3546),(3547,3548,3549),(3550,3551,3552),(3553,3554,3555),(3556,3557,3558),(3559,3560,3561),(3562,3563,3564),(3565,3566,3567),(3568,3569,3570),(3571,3572,3573),(3574,3575,3576),(3577,3578,3579),(3580,3581,3582),(3583,3584,3585),(3586,3587,3588),(3589,3590,3591),(3592,3593,3594),(3595,3596,3597),(3598,3599,3600),(3601,3602,3603),(3604,3605,3606),(3607,3608,3609),(3610,3611,3612),(3613,3614,3615),(3616,3617,3618),(3619,3620,3621),(3622,3623,3624),(3625,3626,3627),(3628,3629,3630),(3631,3632,3633),(3634,3635,3636),(3637,3638,3639),(3640,3641,3642),(3643,3644,3645),(3646,3647,3648),(3649,3650,3651),(3652,3653,3654),(3655,3656,3657),(3658,3659,3660),(3661,3662,3663),(3664,3665,3666),(3667,3668,3669),(3670,3671,3672),(3673,3674,3675),(3676,3677,3678),(3679,3680,3681),(3682,3683,3684),(3685,3686,3687),(3688,3689,3690),(3691,3692,3693),(3694,3695,3696),(3697,3698,3699),(3700,3701,3702),(3703,3704,3705),(3706,3707,3708),(3709,3710,3711),(3712,3713,3714),(3715,3716,3717),(3718,3719,3720),(3721,3722,3723),(3724,3725,3726),(3727,3728,3729),(3730,3731,3732),(3733,3734,3735),(3736,3737,3738),(3739,3740,3741),(3742,3743,3744),(3745,3746,3747),(3748,3749,3750),(3751,3752,3753),(3754,3755,3756),(3757,3758,3759),(3760,3761,3762),(3763,3764,3765),(3766,3767,3768),(3769,3770,3771),(3772,3773,3774),(3775,3776,3777),(3778,3779,3780),(3781,3782,3783),(3784,3785,3786),(3787,3788,3789),(3790,3791,3792),(3793,3794,3795),(3796,3797,3798),(3799,3800,3801),(3802,3803,3804),(3805,3806,3807),(3808,3809,3810),(3811,3812,3813),(3814,3815,3816),(3817,3818,3819),(3820,3821,3822),(3823,3824,3825),(3826,3827,3828),(3829,3830,3831),(3832,3833,3834),(3835,3836,3837),(3838,3839,3840),(3841,3842,3843),(3844,3845,3846),(3847,3848,3849),(3850,3851,3852),(3853,3854,3855),(3856,3857,3858),(3859,3860,3861),(3862,3863,3864),(3865,3866,3867),(3868,3869,3870),(3871,3872,3873),(3874,3875,3876),(3877,3878,3879),(3880,3881,3882),(3883,3884,3885),(3886,3887,3888),(3889,3890,3891),(3892,3893,3894),(3895,3896,3897),(3898,3899,3900),(3901,3902,3903),(3904,3905,3906),(3907,3908,3909),(3910,3911,3912),(3913,3914,3915),(3916,3917,3918),(3919,3920,3921),(3922,3923,3924),(3925,3926,3927),(3928,3929,3930),(3931,3932,3933),(3934,3935,3936),(3937,3938,3939),(3940,3941,3942),(3943,3944,3945),(3946,3947,3948),(3949,3950,3951),(3952,3953,3954),(3955,3956,3957),(3958,3959,3960),(3961,3962,3963),(3964,3965,3966),(3967,3968,3969),(3970,3971,3972),(3973,3974,3975),(3976,3977,3978),(3979,3980,3981),(3982,3983,3984),(3985,3986,3987),(3988,3989,3990),(3991,3992,3993),(3994,3995,3996),(3997,3998,3999),(4000,4001,4002),(4003,4004,4005),(4006,4007,4008),(4009,4010,4011),(4012,4013,4014),(4015,4016,4017),(4018,4019,4020),(4021,4022,4023),(4024,4025,4026),(4027,4028,4029),(4030,4031,4032),(4033,4034,4035),(4036,4037,4038),(4039,4040,4041),(4042,4043,4044),(4045,4046,4047),(4048,4049,4050),(4051,4052,4053),(4054,4055,4056),(4057,4058,4059),(4060,4061,4062),(4063,4064,4065),(4066,4067,4068),(4069,4070,4071),(4072,4073,4074),(4075,4076,4077),(4078,4079,4080),(4081,4082,4083),(4084,4085,4086),(4087,4088,4089),(4090,4091,4092),(4093,4094,4095),(4096,4097,4098),(4099,4100,4101),(4102,4103,4104),(4105,4106,4107),(4108,4109,4110),(4111,4112,4113),(4114,4115,4116),(4117,4118,4119),(4120,4121,4122),(4123,4124,4125),(4126,4127,4128),(4129,4130,4131),(4132,4133,4134),(4135,4136,4137),(4138,4139,4140),(4141,4142,4143),(4144,4145,4146),(4147,4148,4149),(4150,4151,4152),(4153,4154,4155),(4156,4157,4158),(4159,4160,4161),(4162,4163,4164),(4165,4166,4167)));
#1254=TESSELLATED_GEOMETRIC_SET('hole callout',(#1253));
#1255=COORDINATES_LIST('coordinates',5,((12.7849242,29.2649163,2.0000000),(44.6605742,29.2649163,2.0000000),(1.4849242,22.9649163,2.0000000),(7.7849242,29.2649163,2.0000000),(12.7849242,29.2649163,2.0000000)));
#1256=TESSELLATED_CURVE_SET('curve set',#1255,((1,2),(3,4,5)));
#1257=TESSELLATED_GEOMETRIC_SET('hole callout',(#1256));
#1258=TESSELLATED_ANNOTATION_OCCURRENCE('hole callout',(#1251),#1254);
#1259=TESSELLATED_ANNOTATION_OCCURRENCE('hole callout',(#1251),#1257);
#1260=DRAUGHTING_CALLOUT('hole callout',(#1258,#1259));
#1261=DRAUGHTING_MODEL_ITEM_ASSOCIATION('','',#1219,#1247,#1260);
#1262=DRAUGHTING_MODEL_ITEM_ASSOCIATION('','',#1217,#1247,#1260);
#1263=COMPOSITE_SHAPE_ASPECT('hole_callout.F58fzNw5vIvwMsC_69.JFD.3',$,#1207,$);
#1264=SHAPE_ASPECT('hole_callout.F58fzNw5vIvwMsC_69.JFD.3',$,#1207,.T.);
#1265=GEOMETRIC_ITEM_SPECIFIC_USAGE('','',#1264,#11,#694);
#1266=SHAPE_ASPECT_RELATIONSHIP('','',#1263,#1264);
#1267=SHAPE_ASPECT('hole_callout.F58fzNw5vIvwMsC_69.JFD.3',$,#1207,.T.);
#1268=GEOMETRIC_ITEM_SPECIFIC_USAGE('','',#1267,#11,#693);
#1269=SHAPE_ASPECT_RELATIONSHIP('','',#1263,#1267);
#1270=DIMENSIONAL_SIZE(#1263,'depth');
#1271=(
LENGTH_UNIT()
NAMED_UNIT(*)
SI_UNIT(.MILLI.,.METRE.)
);
#1273=PRECISION_QUALIFIER(3);
#1272=(
LENGTH_MEASURE_WITH_UNIT()
MEASURE_REPRESENTATION_ITEM()
MEASURE_WITH_UNIT(POSITIVE_LENGTH_MEASURE(3.),#1271)
QUALIFIED_REPRESENTATION_ITEM((#1273))
REPRESENTATION_ITEM('nominal value')
);
#1274=COMPOUND_REPRESENTATION_ITEM('modifiers',SET_REPRESENTATION_ITEM((#1275)));
#1275=DESCRIPTIVE_REPRESENTATION_ITEM('dimensional note','depth');
#1276=SHAPE_DIMENSION_REPRESENTATION('',(#1272,#1274),#1202);
#1277=DIMENSIONAL_CHARACTERISTIC_REPRESENTATION(#1270,#1276);
#1278=DIMENSIONAL_SIZE(#1263,'diameter');
#1279=(
LENGTH_UNIT()
NAMED_UNIT(*)
SI_UNIT(.MILLI.,.METRE.)
);
#1281=PRECISION_QUALIFIER(3);
#1280=(
LENGTH_MEASURE_WITH_UNIT()
MEASURE_REPRESENTATION_ITEM()
MEASURE_WITH_UNIT(POSITIVE_LENGTH_MEASURE(4.),#1279)
QUALIFIED_REPRESENTATION_ITEM((#1281))
REPRESENTATION_ITEM('nominal value')
);
#1282=COMPOUND_REPRESENTATION_ITEM('modifiers',SET_REPRESENTATION_ITEM((#1283)));
#1283=DESCRIPTIVE_REPRESENTATION_ITEM('dimensional note','diameter');
#1284=SHAPE_DIMENSION_REPRESENTATION('',(#1280,#1282),#1202);
#1285=DIMENSIONAL_CHARACTERISTIC_REPRESENTATION(#1278,#1284);
#1286=PRESENTATION_STYLE_ASSIGNMENT((NULL_STYLE(.NULL.)));
#1287=CARTESIAN_POINT('',(0.,0.0334015230524705,0.002));
#1288=DIRECTION('',(0.,0.,1.));
#1289=DIRECTION('',(1.,0.,0.));
#1290=AXIS2_PLACEMENT_3D('',#1287,#1288,#1289);
#1291=PLANE('',#1290);
#1292=ANNOTATION_PLANE('',(#1286),#1291,(#1318));
#1293=CARTESIAN_POINT('',(0.,0.,0.));
#1294=DIRECTION('',(0.,0.,1.));
#1295=DIRECTION('',(1.,0.,0.));
#1296=AXIS2_PLACEMENT_3D('',#1293,#1294,#1295);
#1297=CARTESIAN_POINT('',(0.,0.,0.));
#1298=DIRECTION('',(0.,0.,1.));
#1299=DIRECTION('',(1.,0.,0.));
#1300=AXIS2_PLACEMENT_3D('',#1297,#1298,#1299);
#1301=SHAPE_REPRESENTATION('',(#1300,#716),#1202);
#1302=REPRESENTATION_MAP(#1296,#1301);
#1303=MAPPED_ITEM('',#1302,#1296);
#1304=PRESENTATION_STYLE_ASSIGNMENT((NULL_STYLE(.NULL.)));
#1305=STYLED_ITEM('',(#1304),#1303);
#1306=DRAUGHTING_PRE_DEFINED_CURVE_FONT('continuous');
#1307=COLOUR_RGB('',0.,0.,0.);
#1308=CURVE_STYLE('',#1306,POSITIVE_LENGTH_MEASURE(0.02),#1307);
#1309=PRESENTATION_STYLE_ASSIGNMENT((#1308));
#1310=COORDINATES_LIST('coordinates',1341,((1.4142136,34.8157366,2.0000000),(2.8284271,37.6441637,2.0000000),(4.2426407,36.2299502,2.0000000),(13.6302386,43.4994699,2.0000000),(13.7272910,43.4587903,2.0000000),(13.8253026,43.4235345,2.0000000),(13.6302386,43.4994699,2.0000000),(13.8253026,43.4235345,2.0000000),(13.9242733,43.3937028,2.0000000),(13.6302386,43.4994699,2.0000000),(13.9242733,43.3937028,2.0000000),(14.0242031,43.3692949,2.0000000),(13.6302386,43.4994699,2.0000000),(14.0242031,43.3692949,2.0000000),(14.1250921,43.3503111,2.0000000),(13.6302386,43.4994699,2.0000000),(14.1250921,43.3503111,2.0000000),(14.2269401,43.3367512,2.0000000),(13.6302386,43.4994699,2.0000000),(14.2269401,43.3367512,2.0000000),(14.3297473,43.3286153,2.0000000),(13.6302386,43.4994699,2.0000000),(14.3297473,43.3286153,2.0000000),(14.4335136,43.3259033,2.0000000),(13.6302386,43.4994699,2.0000000),(14.4335136,43.3259033,2.0000000),(14.5692944,43.3302193,2.0000000),(13.6302386,43.4994699,2.0000000),(14.5692944,43.3302193,2.0000000),(14.7025287,43.3431673,2.0000000),(13.6302386,43.4994699,2.0000000),(14.7025287,43.3431673,2.0000000),(14.8332163,43.3647474,2.0000000),(13.6302386,43.4994699,2.0000000),(14.8332163,43.3647474,2.0000000),(14.9613573,43.3949595,2.0000000),(13.6302386,43.4994699,2.0000000),(14.9613573,43.3949595,2.0000000),(15.0869517,43.4338037,2.0000000),(13.6302386,43.4994699,2.0000000),(15.0869517,43.4338037,2.0000000),(15.2099995,43.4812798,2.0000000),(13.6302386,43.4994699,2.0000000),(15.2099995,43.4812798,2.0000000),(15.3305007,43.5373880,2.0000000),(13.6302386,43.4994699,2.0000000),(15.3305007,43.5373880,2.0000000),(15.4484552,43.6021283,2.0000000),(13.6302386,43.4994699,2.0000000),(15.4484552,43.6021283,2.0000000),(15.5620276,43.6745249,2.0000000),(13.6302386,43.4994699,2.0000000),(15.5620276,43.6745249,2.0000000),(15.6693823,43.7530731,2.0000000),(13.6302386,43.4994699,2.0000000),(15.6693823,43.7530731,2.0000000),(15.7705193,43.8377728,2.0000000),(13.6302386,43.4994699,2.0000000),(15.7705193,43.8377728,2.0000000),(15.8654386,43.9286241,2.0000000),(13.6302386,43.4994699,2.0000000),(15.8654386,43.9286241,2.0000000),(15.9541401,44.0256270,2.0000000),(15.9541401,44.0256270,2.0000000),(16.0366240,44.1287814,2.0000000),(16.1128901,44.2380874,2.0000000),(15.9541401,44.0256270,2.0000000),(16.1128901,44.2380874,2.0000000),(16.1829386,44.3535449,2.0000000),(15.9541401,44.0256270,2.0000000),(16.1829386,44.3535449,2.0000000),(16.2459425,44.4733185,2.0000000),(15.9541401,44.0256270,2.0000000),(16.2459425,44.4733185,2.0000000),(16.3005459,44.5955726,2.0000000),(15.9541401,44.0256270,2.0000000),(16.3005459,44.5955726,2.0000000),(16.3467487,44.7203071,2.0000000),(15.9541401,44.0256270,2.0000000),(16.3467487,44.7203071,2.0000000),(16.3845511,44.8475220,2.0000000),(15.9541401,44.0256270,2.0000000),(16.3845511,44.8475220,2.0000000),(16.4139529,44.9772175,2.0000000),(15.9541401,44.0256270,2.0000000),(16.4139529,44.9772175,2.0000000),(16.4349542,45.1093934,2.0000000),(15.9541401,44.0256270,2.0000000),(16.4349542,45.1093934,2.0000000),(16.4475550,45.2440498,2.0000000),(15.9541401,44.0256270,2.0000000),(16.4475550,45.2440498,2.0000000),(16.4517552,45.3811866,2.0000000),(15.9541401,44.0256270,2.0000000),(16.4517552,45.3811866,2.0000000),(16.4475550,45.5128168,2.0000000),(15.9541401,44.0256270,2.0000000),(16.4475550,45.5128168,2.0000000),(16.4349542,45.6436533,2.0000000),(15.9541401,44.0256270,2.0000000),(16.4349542,45.6436533,2.0000000),(16.4139529,45.7736960,2.0000000),(15.9541401,44.0256270,2.0000000),(16.4139529,45.7736960,2.0000000),(16.3845511,45.9029449,2.0000000),(15.9541401,44.0256270,2.0000000),(16.3845511,45.9029449,2.0000000),(16.3467487,46.0314002,2.0000000),(15.9541401,44.0256270,2.0000000),(16.3467487,46.0314002,2.0000000),(16.3005459,46.1590616,2.0000000),(16.3005459,46.1590616,2.0000000),(15.9087641,46.0175757,2.0000000),(15.9453262,45.9196964,2.0000000),(16.3005459,46.1590616,2.0000000),(15.9453262,45.9196964,2.0000000),(15.9752406,45.8185429,2.0000000),(16.3005459,46.1590616,2.0000000),(15.9752406,45.8185429,2.0000000),(15.9985074,45.7141151,2.0000000),(16.3005459,46.1590616,2.0000000),(15.9985074,45.7141151,2.0000000),(16.0151266,45.6064132,2.0000000),(16.3005459,46.1590616,2.0000000),(16.0151266,45.6064132,2.0000000),(16.0250981,45.4954370,2.0000000),(16.3005459,46.1590616,2.0000000),(16.0250981,45.4954370,2.0000000),(16.0284219,45.3811866,2.0000000),(16.3005459,46.1590616,2.0000000),(16.0284219,45.3811866,2.0000000),(16.0250650,45.2711530,2.0000000),(15.9541401,44.0256270,2.0000000),(16.3005459,46.1590616,2.0000000),(16.0250650,45.2711530,2.0000000),(15.9541401,44.0256270,2.0000000),(16.0250650,45.2711530,2.0000000),(16.0149943,45.1633022,2.0000000),(15.9541401,44.0256270,2.0000000),(16.0149943,45.1633022,2.0000000),(15.9982098,45.0576343,2.0000000),(15.9541401,44.0256270,2.0000000),(15.9982098,45.0576343,2.0000000),(15.9747115,44.9541491,2.0000000),(15.9541401,44.0256270,2.0000000),(15.9747115,44.9541491,2.0000000),(15.9444994,44.8528468,2.0000000),(15.9541401,44.0256270,2.0000000),(15.9444994,44.8528468,2.0000000),(15.9075735,44.7537272,2.0000000),(15.9541401,44.0256270,2.0000000),(15.9075735,44.7537272,2.0000000),(15.8639337,44.6567905,2.0000000),(15.9541401,44.0256270,2.0000000),(15.8639337,44.6567905,2.0000000),(15.8135802,44.5620366,2.0000000),(15.9541401,44.0256270,2.0000000),(15.8135802,44.5620366,2.0000000),(15.7577366,44.4708215,2.0000000),(15.9541401,44.0256270,2.0000000),(15.7577366,44.4708215,2.0000000),(15.6970974,44.3845012,2.0000000),(15.9541401,44.0256270,2.0000000),(15.6970974,44.3845012,2.0000000),(15.6316627,44.3030757,2.0000000),(15.9541401,44.0256270,2.0000000),(15.6316627,44.3030757,2.0000000),(15.5614323,44.2265449,2.0000000),(15.9541401,44.0256270,2.0000000),(15.5614323,44.2265449,2.0000000),(15.4864064,44.1549090,2.0000000),(15.9541401,44.0256270,2.0000000),(15.4864064,44.1549090,2.0000000),(15.4065849,44.0881679,2.0000000),(15.9541401,44.0256270,2.0000000),(15.4065849,44.0881679,2.0000000),(15.3219679,44.0263215,2.0000000),(15.9541401,44.0256270,2.0000000),(15.3219679,44.0263215,2.0000000),(15.2325552,43.9693699,2.0000000),(15.9541401,44.0256270,2.0000000),(15.2325552,43.9693699,2.0000000),(15.1399676,43.9182723,2.0000000),(15.9541401,44.0256270,2.0000000),(15.1399676,43.9182723,2.0000000),(15.0452964,43.8739877,2.0000000),(15.9541401,44.0256270,2.0000000),(15.0452964,43.8739877,2.0000000),(14.9485416,43.8365160,2.0000000),(15.9541401,44.0256270,2.0000000),(14.9485416,43.8365160,2.0000000),(14.8497031,43.8058574,2.0000000),(13.6302386,43.4994699,2.0000000),(15.9541401,44.0256270,2.0000000),(14.8497031,43.8058574,2.0000000),(13.6302386,43.4994699,2.0000000),(14.8497031,43.8058574,2.0000000),(14.7487811,43.7820119,2.0000000),(13.6302386,43.4994699,2.0000000),(14.7487811,43.7820119,2.0000000),(14.6457755,43.7649793,2.0000000),(13.6302386,43.4994699,2.0000000),(14.6457755,43.7649793,2.0000000),(14.5406863,43.7547598,2.0000000),(13.6302386,43.4994699,2.0000000),(14.5406863,43.7547598,2.0000000),(14.4335136,43.7513533,2.0000000),(13.6302386,43.4994699,2.0000000),(14.4335136,43.7513533,2.0000000),(14.2799229,43.7584309,2.0000000),(13.6302386,43.4994699,2.0000000),(14.2799229,43.7584309,2.0000000),(14.1303011,43.7796637,2.0000000),(13.6302386,43.4994699,2.0000000),(14.1303011,43.7796637,2.0000000),(13.9846479,43.8150517,2.0000000),(13.6302386,43.4994699,2.0000000),(13.9846479,43.8150517,2.0000000),(13.8429636,43.8645949,2.0000000),(13.6302386,43.4994699,2.0000000),(13.8429636,43.8645949,2.0000000),(15.4399886,46.6480116,2.0000000),(13.0693219,42.5247449,2.0000000),(13.6302386,43.4994699,2.0000000),(15.4399886,46.6480116,2.0000000),(15.8655543,46.1121808,2.0000000),(15.9087641,46.0175757,2.0000000),(16.3005459,46.1590616,2.0000000),(15.8156969,46.2035116,2.0000000),(15.8655543,46.1121808,2.0000000),(16.3005459,46.1590616,2.0000000),(15.7477651,46.3074929,2.0000000),(15.8156969,46.2035116,2.0000000),(16.3005459,46.1590616,2.0000000),(15.6625031,46.4162366,2.0000000),(15.7477651,46.3074929,2.0000000),(16.3005459,46.1590616,2.0000000),(15.6133733,46.4723944,2.0000000),(15.6625031,46.4162366,2.0000000),(16.3005459,46.1590616,2.0000000),(15.5599110,46.5297429,2.0000000),(15.6133733,46.4723944,2.0000000),(16.3005459,46.1590616,2.0000000),(15.5021160,46.5882819,2.0000000),(15.5599110,46.5297429,2.0000000),(16.3005459,46.1590616,2.0000000),(15.4399886,46.6480116,2.0000000),(15.5021160,46.5882819,2.0000000),(16.3005459,46.1590616,2.0000000),(15.4399886,46.6480116,2.0000000),(16.3005459,46.1590616,2.0000000),(16.2459425,46.2859293,2.0000000),(15.4399886,46.6480116,2.0000000),(16.2459425,46.2859293,2.0000000),(16.1829386,46.4120033,2.0000000),(15.4399886,46.6480116,2.0000000),(16.1829386,46.4120033,2.0000000),(16.1327504,46.4987205,2.0000000),(15.4399886,46.6480116,2.0000000),(16.1327504,46.4987205,2.0000000),(16.0779651,46.5821304,2.0000000),(15.4399886,46.6480116,2.0000000),(16.0779651,46.5821304,2.0000000),(16.0185827,46.6622330,2.0000000),(15.4399886,46.6480116,2.0000000),(16.0185827,46.6622330,2.0000000),(15.9546031,46.7390283,2.0000000),(15.4399886,46.6480116,2.0000000),(15.9546031,46.7390283,2.0000000),(15.8860265,46.8125163,2.0000000),(15.4399886,46.6480116,2.0000000),(15.8860265,46.8125163,2.0000000),(15.8128526,46.8826970,2.0000000),(15.4399886,46.6480116,2.0000000),(15.8128526,46.8826970,2.0000000),(15.7350817,46.9495705,2.0000000),(15.4399886,46.6480116,2.0000000),(15.7350817,46.9495705,2.0000000),(15.6527136,47.0131366,2.0000000),(15.4399886,46.6480116,2.0000000),(15.6527136,47.0131366,2.0000000),(16.1945802,47.9656366,2.0000000),(13.0693219,42.5247449,2.0000000),(15.4399886,46.6480116,2.0000000),(16.1945802,47.9656366,2.0000000),(13.0693219,42.5247449,2.0000000),(16.1945802,47.9656366,2.0000000),(16.2231552,48.0693533,2.0000000),(13.0693219,42.5247449,2.0000000),(16.2231552,48.0693533,2.0000000),(16.2157469,48.1296783,2.0000000),(13.0693219,42.5247449,2.0000000),(16.2157469,48.1296783,2.0000000),(16.1771177,48.2048199,2.0000000),(13.0693219,42.5247449,2.0000000),(16.1771177,48.2048199,2.0000000),(16.1120302,48.2587949,2.0000000),(13.0693219,42.5247449,2.0000000),(16.1120302,48.2587949,2.0000000),(16.0093719,48.2894866,2.0000000),(13.0693219,42.5247449,2.0000000),(16.0093719,48.2894866,2.0000000),(15.9490469,48.2820783,2.0000000),(13.0693219,42.5247449,2.0000000),(15.9490469,48.2820783,2.0000000),(15.8733761,48.2434491,2.0000000),(13.0693219,42.5247449,2.0000000),(15.8733761,48.2434491,2.0000000),(15.8178136,48.1783616,2.0000000),(13.0693219,42.5247449,2.0000000),(15.8178136,48.1783616,2.0000000),(15.2822969,47.2502033,2.0000000),(15.2822969,47.2502033,2.0000000),(15.1816891,47.2946037,2.0000000),(15.0777740,47.3330840,2.0000000),(15.2822969,47.2502033,2.0000000),(15.0777740,47.3330840,2.0000000),(14.9705516,47.3656443,2.0000000),(15.2822969,47.2502033,2.0000000),(14.9705516,47.3656443,2.0000000),(14.8600219,47.3922845,2.0000000),(15.2822969,47.2502033,2.0000000),(14.8600219,47.3922845,2.0000000),(14.7461849,47.4130047,2.0000000),(15.2822969,47.2502033,2.0000000),(14.7461849,47.4130047,2.0000000),(14.6290406,47.4278048,2.0000000),(15.2822969,47.2502033,2.0000000),(14.6290406,47.4278048,2.0000000),(14.5085891,47.4366849,2.0000000),(15.2822969,47.2502033,2.0000000),(14.5085891,47.4366849,2.0000000),(14.3848302,47.4396449,2.0000000),(15.2822969,47.2502033,2.0000000),(14.3848302,47.4396449,2.0000000),(14.2602280,47.4353124,2.0000000),(15.2822969,47.2502033,2.0000000),(14.2602280,47.4353124,2.0000000),(14.1367172,47.4223147,2.0000000),(15.2822969,47.2502033,2.0000000),(14.1367172,47.4223147,2.0000000),(14.0142978,47.4006520,2.0000000),(15.2822969,47.2502033,2.0000000),(14.0142978,47.4006520,2.0000000),(13.8929698,47.3703241,2.0000000),(15.2822969,47.2502033,2.0000000),(13.8929698,47.3703241,2.0000000),(13.7727332,47.3313311,2.0000000),(15.2822969,47.2502033,2.0000000),(13.7727332,47.3313311,2.0000000),(13.6535880,47.2836731,2.0000000),(15.2822969,47.2502033,2.0000000),(13.6535880,47.2836731,2.0000000),(13.5355343,47.2273499,2.0000000),(15.2822969,47.2502033,2.0000000),(13.5355343,47.2273499,2.0000000),(13.4185719,47.1623616,2.0000000),(15.2822969,47.2502033,2.0000000),(13.4185719,47.1623616,2.0000000),(13.3054625,47.0901965,2.0000000),(15.2822969,47.2502033,2.0000000),(13.3054625,47.0901965,2.0000000),(13.1984386,47.0118137,2.0000000),(15.2822969,47.2502033,2.0000000),(13.1984386,47.0118137,2.0000000),(13.0975000,46.9272132,2.0000000),(15.2822969,47.2502033,2.0000000),(13.0975000,46.9272132,2.0000000),(13.0026469,46.8363949,2.0000000),(15.2822969,47.2502033,2.0000000),(13.0026469,46.8363949,2.0000000),(12.9138792,46.7393590,2.0000000),(12.9138792,46.7393590,2.0000000),(12.8311969,46.6361054,2.0000000),(12.7546000,46.5266340,2.0000000),(12.9138792,46.7393590,2.0000000),(12.7546000,46.5266340,2.0000000),(12.6840886,46.4109449,2.0000000),(12.9138792,46.7393590,2.0000000),(12.6840886,46.4109449,2.0000000),(12.6208366,46.2911383,2.0000000),(12.9138792,46.7393590,2.0000000),(12.6208366,46.2911383,2.0000000),(12.5660182,46.1687851,2.0000000),(12.9138792,46.7393590,2.0000000),(12.5660182,46.1687851,2.0000000),(12.5196335,46.0438852,2.0000000),(12.9138792,46.7393590,2.0000000),(12.5196335,46.0438852,2.0000000),(12.4816823,45.9164387,2.0000000),(12.9138792,46.7393590,2.0000000),(12.4816823,45.9164387,2.0000000),(12.4521647,45.7864456,2.0000000),(12.9138792,46.7393590,2.0000000),(12.4521647,45.7864456,2.0000000),(12.4310807,45.6539059,2.0000000),(12.9138792,46.7393590,2.0000000),(12.4310807,45.6539059,2.0000000),(12.4184304,45.5188196,2.0000000),(12.9138792,46.7393590,2.0000000),(12.4184304,45.5188196,2.0000000),(12.4142136,45.3811866,2.0000000),(12.9138792,46.7393590,2.0000000),(12.4142136,45.3811866,2.0000000),(12.4184138,45.2431237,2.0000000),(12.9138792,46.7393590,2.0000000),(12.4184138,45.2431237,2.0000000),(12.4310146,45.1078059,2.0000000),(12.9138792,46.7393590,2.0000000),(12.4310146,45.1078059,2.0000000),(12.4520159,44.9752331,2.0000000),(12.9138792,46.7393590,2.0000000),(12.4520159,44.9752331,2.0000000),(12.4814177,44.8454054,2.0000000),(12.9138792,46.7393590,2.0000000),(12.4814177,44.8454054,2.0000000),(12.5192201,44.7183227,2.0000000),(12.9138792,46.7393590,2.0000000),(12.5192201,44.7183227,2.0000000),(12.5654229,44.5939851,2.0000000),(12.9138792,46.7393590,2.0000000),(12.5654229,44.5939851,2.0000000),(12.6200263,44.4723925,2.0000000),(12.9138792,46.7393590,2.0000000),(12.6200263,44.4723925,2.0000000),(12.6830302,44.3535449,2.0000000),(12.6830302,44.3535449,2.0000000),(13.0513302,44.5620366,2.0000000),(13.0019689,44.6567740,2.0000000),(12.6830302,44.3535449,2.0000000),(13.0019689,44.6567740,2.0000000),(12.9591891,44.7536611,2.0000000),(12.6830302,44.3535449,2.0000000),(12.9591891,44.7536611,2.0000000),(12.9229908,44.8526979,2.0000000),(12.6830302,44.3535449,2.0000000),(12.9229908,44.8526979,2.0000000),(12.8933740,44.9538845,2.0000000),(12.6830302,44.3535449,2.0000000),(12.8933740,44.9538845,2.0000000),(12.8703387,45.0572209,2.0000000),(12.6830302,44.3535449,2.0000000),(12.8703387,45.0572209,2.0000000),(12.8538849,45.1627069,2.0000000),(12.6830302,44.3535449,2.0000000),(12.8538849,45.1627069,2.0000000),(12.8440127,45.2703427,2.0000000),(12.6830302,44.3535449,2.0000000),(12.8440127,45.2703427,2.0000000),(12.8407219,45.3801283,2.0000000),(12.6830302,44.3535449,2.0000000),(12.8407219,45.3801283,2.0000000),(12.8440623,45.4899469,2.0000000),(12.9138792,46.7393590,2.0000000),(12.6830302,44.3535449,2.0000000),(12.8440623,45.4899469,2.0000000),(12.9138792,46.7393590,2.0000000),(12.8440623,45.4899469,2.0000000),(12.8540834,45.5976819,2.0000000),(12.9138792,46.7393590,2.0000000),(12.8540834,45.5976819,2.0000000),(12.8707852,45.7033334,2.0000000),(12.9138792,46.7393590,2.0000000),(12.8707852,45.7033334,2.0000000),(12.8941677,45.8069012,2.0000000),(12.9138792,46.7393590,2.0000000),(12.8941677,45.8069012,2.0000000),(12.9242310,45.9083854,2.0000000),(12.9138792,46.7393590,2.0000000),(12.9242310,45.9083854,2.0000000),(12.9609750,46.0077861,2.0000000),(12.9138792,46.7393590,2.0000000),(12.9609750,46.0077861,2.0000000),(13.0043998,46.1051032,2.0000000),(12.9138792,46.7393590,2.0000000),(13.0043998,46.1051032,2.0000000),(13.0545052,46.2003366,2.0000000),(12.9138792,46.7393590,2.0000000),(13.0545052,46.2003366,2.0000000),(13.1103488,46.2922793,2.0000000),(12.9138792,46.7393590,2.0000000),(13.1103488,46.2922793,2.0000000),(13.1709880,46.3791949,2.0000000),(12.9138792,46.7393590,2.0000000),(13.1709880,46.3791949,2.0000000),(13.2364228,46.4610835,2.0000000),(12.9138792,46.7393590,2.0000000),(13.2364228,46.4610835,2.0000000),(13.3066531,46.5379449,2.0000000),(12.9138792,46.7393590,2.0000000),(13.3066531,46.5379449,2.0000000),(13.3816791,46.6097793,2.0000000),(12.9138792,46.7393590,2.0000000),(13.3816791,46.6097793,2.0000000),(13.4615005,46.6765866,2.0000000),(12.9138792,46.7393590,2.0000000),(13.4615005,46.6765866,2.0000000),(13.5461176,46.7383668,2.0000000),(12.9138792,46.7393590,2.0000000),(13.5461176,46.7383668,2.0000000),(13.6355302,46.7951199,2.0000000),(12.9138792,46.7393590,2.0000000),(13.6355302,46.7951199,2.0000000),(13.7276052,46.8462176,2.0000000),(12.9138792,46.7393590,2.0000000),(13.7276052,46.8462176,2.0000000),(13.8202094,46.8905022,2.0000000),(12.9138792,46.7393590,2.0000000),(13.8202094,46.8905022,2.0000000),(13.9133427,46.9279739,2.0000000),(12.9138792,46.7393590,2.0000000),(13.9133427,46.9279739,2.0000000),(14.0070052,46.9586324,2.0000000),(12.9138792,46.7393590,2.0000000),(14.0070052,46.9586324,2.0000000),(14.1011969,46.9824780,2.0000000),(15.2822969,47.2502033,2.0000000),(12.9138792,46.7393590,2.0000000),(14.1011969,46.9824780,2.0000000),(15.2822969,47.2502033,2.0000000),(14.1011969,46.9824780,2.0000000),(14.1959177,46.9995106,2.0000000),(15.2822969,47.2502033,2.0000000),(14.1959177,46.9995106,2.0000000),(14.2911677,47.0097301,2.0000000),(15.2822969,47.2502033,2.0000000),(14.2911677,47.0097301,2.0000000),(14.3869469,47.0131366,2.0000000),(15.2822969,47.2502033,2.0000000),(14.3869469,47.0131366,2.0000000),(14.3932969,47.0131366,2.0000000),(15.2822969,47.2502033,2.0000000),(14.3932969,47.0131366,2.0000000),(14.4870090,47.0110530,2.0000000),(15.2822969,47.2502033,2.0000000),(14.4870090,47.0110530,2.0000000),(14.5781745,47.0048022,2.0000000),(15.2822969,47.2502033,2.0000000),(14.5781745,47.0048022,2.0000000),(14.6667934,46.9943843,2.0000000),(15.2822969,47.2502033,2.0000000),(14.6667934,46.9943843,2.0000000),(14.7528656,46.9797991,2.0000000),(15.2822969,47.2502033,2.0000000),(14.7528656,46.9797991,2.0000000),(14.8363913,46.9610468,2.0000000),(15.2822969,47.2502033,2.0000000),(14.8363913,46.9610468,2.0000000),(14.9173703,46.9381272,2.0000000),(15.2822969,47.2502033,2.0000000),(14.9173703,46.9381272,2.0000000),(14.9958028,46.9110405,2.0000000),(15.2822969,47.2502033,2.0000000),(14.9958028,46.9110405,2.0000000),(15.0716886,46.8797866,2.0000000),(13.0693219,42.5247449,2.0000000),(15.2822969,47.2502033,2.0000000),(15.0716886,46.8797866,2.0000000),(13.0693219,42.5247449,2.0000000),(15.0716886,46.8797866,2.0000000),(13.4672552,44.0847283,2.0000000),(13.0693219,42.5247449,2.0000000),(13.4672552,44.0847283,2.0000000),(13.3468037,44.1875851,2.0000000),(13.0937132,44.4927654,2.0000000),(13.0513302,44.5620366,2.0000000),(12.6830302,44.3535449,2.0000000),(13.1388412,44.4262392,2.0000000),(13.0937132,44.4927654,2.0000000),(12.6830302,44.3535449,2.0000000),(13.2373323,44.3014220,2.0000000),(13.1388412,44.4262392,2.0000000),(12.6830302,44.3535449,2.0000000),(13.3468037,44.1875851,2.0000000),(13.2373323,44.3014220,2.0000000),(12.6830302,44.3535449,2.0000000),(13.3468037,44.1875851,2.0000000),(12.6830302,44.3535449,2.0000000),(12.7409740,44.2584934,2.0000000),(13.3468037,44.1875851,2.0000000),(12.7409740,44.2584934,2.0000000),(12.8026219,44.1675429,2.0000000),(13.3468037,44.1875851,2.0000000),(12.8026219,44.1675429,2.0000000),(12.8679740,44.0806934,2.0000000),(13.3468037,44.1875851,2.0000000),(12.8679740,44.0806934,2.0000000),(12.9370302,43.9979449,2.0000000),(13.3468037,44.1875851,2.0000000),(12.9370302,43.9979449,2.0000000),(13.0097906,43.9192976,2.0000000),(13.3468037,44.1875851,2.0000000),(13.0097906,43.9192976,2.0000000),(13.0862552,43.8447512,2.0000000),(13.3468037,44.1875851,2.0000000),(13.0862552,43.8447512,2.0000000),(13.1664240,43.7743059,2.0000000),(13.3468037,44.1875851,2.0000000),(13.1664240,43.7743059,2.0000000),(13.2502969,43.7079616,2.0000000),(13.0693219,42.5247449,2.0000000),(13.3468037,44.1875851,2.0000000),(13.2502969,43.7079616,2.0000000),(13.0693219,42.5247449,2.0000000),(13.2502969,43.7079616,2.0000000),(12.6946719,42.7374699,2.0000000),(13.0693219,42.5247449,2.0000000),(12.6946719,42.7374699,2.0000000),(12.6671552,42.6358699,2.0000000),(13.0693219,42.5247449,2.0000000),(12.6671552,42.6358699,2.0000000),(12.6735052,42.5755449,2.0000000),(13.0693219,42.5247449,2.0000000),(12.6735052,42.5755449,2.0000000),(12.7126636,42.4985512,2.0000000),(13.0693219,42.5247449,2.0000000),(12.7126636,42.4985512,2.0000000),(12.7751052,42.4432533,2.0000000),(13.0693219,42.5247449,2.0000000),(12.7751052,42.4432533,2.0000000),(12.8798802,42.4157366,2.0000000),(13.0693219,42.5247449,2.0000000),(12.8798802,42.4157366,2.0000000),(12.9402052,42.4231449,2.0000000),(13.0693219,42.5247449,2.0000000),(12.9402052,42.4231449,2.0000000),(13.0127011,42.4585991,2.0000000),(18.6213386,45.0478116,2.0000000),(18.2159969,45.0478116,2.0000000),(17.5259636,45.0340533,2.0000000),(18.8636969,45.0478116,2.0000000),(18.6213386,45.0478116,2.0000000),(17.5259636,45.0340533,2.0000000),(18.2159969,46.3834283,2.0000000),(18.2159969,45.0478116,2.0000000),(18.6213386,45.0478116,2.0000000),(18.2159969,46.3834283,2.0000000),(18.6213386,45.0478116,2.0000000),(18.6213386,47.2353866,2.0000000),(17.5259636,45.0340533,2.0000000),(18.2159969,46.3834283,2.0000000),(18.6213386,47.2353866,2.0000000),(17.5259636,45.0340533,2.0000000),(18.6213386,47.2353866,2.0000000),(18.6115490,47.3102637,2.0000000),(17.5259636,45.0340533,2.0000000),(18.6115490,47.3102637,2.0000000),(18.5821802,47.3676783,2.0000000),(17.5259636,45.0340533,2.0000000),(18.5821802,47.3676783,2.0000000),(18.4731719,47.4417616,2.0000000),(17.5259636,45.0340533,2.0000000),(18.4731719,47.4417616,2.0000000),(18.4128469,47.4491699,2.0000000),(17.5259636,45.0340533,2.0000000),(18.4128469,47.4491699,2.0000000),(18.3366469,47.4396449,2.0000000),(17.5259636,45.0340533,2.0000000),(18.3366469,47.4396449,2.0000000),(18.2297552,47.3560366,2.0000000),(17.5259636,45.0340533,2.0000000),(18.2297552,47.3560366,2.0000000),(16.9523469,44.9366866,2.0000000),(18.8636969,45.0478116,2.0000000),(17.5259636,45.0340533,2.0000000),(16.9523469,44.9366866,2.0000000),(18.8636969,45.0478116,2.0000000),(16.9523469,44.9366866,2.0000000),(16.9174219,44.8096866,2.0000000),(18.8636969,45.0478116,2.0000000),(16.9174219,44.8096866,2.0000000),(16.9428219,44.7218449,2.0000000),(18.8636969,45.0478116,2.0000000),(16.9428219,44.7218449,2.0000000),(17.0198156,44.6472324,2.0000000),(18.8636969,45.0478116,2.0000000),(17.0198156,44.6472324,2.0000000),(17.1301469,44.6223616,2.0000000),(18.8636969,45.0478116,2.0000000),(17.1301469,44.6223616,2.0000000),(18.1948302,44.6223616,2.0000000),(18.1948302,44.6223616,2.0000000),(18.1948302,43.6105949,2.0000000),(18.2104406,43.5272512,2.0000000),(18.1948302,44.6223616,2.0000000),(18.2104406,43.5272512,2.0000000),(18.2572719,43.4592533,2.0000000),(18.1948302,44.6223616,2.0000000),(18.2572719,43.4592533,2.0000000),(18.3260636,43.4132158,2.0000000),(18.1948302,44.6223616,2.0000000),(18.3260636,43.4132158,2.0000000),(18.4075552,43.3978699,2.0000000),(18.1948302,44.6223616,2.0000000),(18.4075552,43.3978699,2.0000000),(18.4898406,43.4132158,2.0000000),(18.1948302,44.6223616,2.0000000),(18.4898406,43.4132158,2.0000000),(18.5588969,43.4592533,2.0000000),(18.1948302,44.6223616,2.0000000),(18.5588969,43.4592533,2.0000000),(18.6057281,43.5272512,2.0000000),(18.1948302,44.6223616,2.0000000),(18.6057281,43.5272512,2.0000000),(18.6213386,43.6105949,2.0000000),(18.1948302,44.6223616,2.0000000),(18.6213386,43.6105949,2.0000000),(18.6213386,44.6223616,2.0000000),(18.8636969,45.0478116,2.0000000),(18.1948302,44.6223616,2.0000000),(18.6213386,44.6223616,2.0000000),(18.8636969,45.0478116,2.0000000),(18.6213386,44.6223616,2.0000000),(18.8636969,44.6223616,2.0000000),(18.8636969,45.0478116,2.0000000),(18.8636969,44.6223616,2.0000000),(18.9473052,44.6379720,2.0000000),(18.8636969,45.0478116,2.0000000),(18.9473052,44.6379720,2.0000000),(19.0160969,44.6848033,2.0000000),(18.8636969,45.0478116,2.0000000),(19.0160969,44.6848033,2.0000000),(19.0621344,44.7535949,2.0000000),(18.8636969,45.0478116,2.0000000),(19.0621344,44.7535949,2.0000000),(19.0774802,44.8350866,2.0000000),(18.8636969,45.0478116,2.0000000),(19.0774802,44.8350866,2.0000000),(19.0621344,44.9165783,2.0000000),(18.8636969,45.0478116,2.0000000),(19.0621344,44.9165783,2.0000000),(19.0160969,44.9853699,2.0000000),(18.8636969,45.0478116,2.0000000),(19.0160969,44.9853699,2.0000000),(18.9473052,45.0322012,2.0000000),(22.8104052,43.4333241,2.0000000),(22.9098886,43.3243158,2.0000000),(23.0231302,43.2967991,2.0000000),(22.8104052,43.4333241,2.0000000),(23.0231302,43.2967991,2.0000000),(23.1242011,43.3221991,2.0000000),(22.8104052,43.4333241,2.0000000),(23.1242011,43.3221991,2.0000000),(23.2009302,43.3983991,2.0000000),(22.8104052,43.4333241,2.0000000),(23.2009302,43.3983991,2.0000000),(23.2083386,43.4047491,2.0000000),(22.8104052,43.4333241,2.0000000),(23.2083386,43.4047491,2.0000000),(24.4539969,45.5722158,2.0000000),(22.8104052,43.4333241,2.0000000),(24.4539969,45.5722158,2.0000000),(24.4815136,45.6791074,2.0000000),(22.8104052,43.4333241,2.0000000),(24.4815136,45.6791074,2.0000000),(24.4537323,45.7883804,2.0000000),(22.8104052,43.4333241,2.0000000),(24.4537323,45.7883804,2.0000000),(24.3703886,45.8664324,2.0000000),(22.8104052,43.4333241,2.0000000),(24.3703886,45.8664324,2.0000000),(24.2634969,45.8960658,2.0000000),(22.8104052,43.4333241,2.0000000),(24.2634969,45.8960658,2.0000000),(24.1547531,45.8682845,2.0000000),(22.8104052,43.4333241,2.0000000),(24.1547531,45.8682845,2.0000000),(24.0782886,45.7849408,2.0000000),(22.8104052,43.4333241,2.0000000),(24.0782886,45.7849408,2.0000000),(23.2358552,44.3191491,2.0000000),(22.8104052,43.4333241,2.0000000),(23.2358552,44.3191491,2.0000000),(23.2358552,46.9268824,2.0000000),(23.2358552,46.9268824,2.0000000),(24.8222969,46.9268824,2.0000000),(24.9072281,46.9427574,2.0000000),(23.2358552,46.9268824,2.0000000),(24.9072281,46.9427574,2.0000000),(24.9778719,46.9903824,2.0000000),(23.2358552,46.9268824,2.0000000),(24.9778719,46.9903824,2.0000000),(25.0254969,47.0599679,2.0000000),(23.2358552,46.9268824,2.0000000),(25.0254969,47.0599679,2.0000000),(25.0413719,47.1417241,2.0000000),(23.2358552,46.9268824,2.0000000),(25.0413719,47.1417241,2.0000000),(25.0254969,47.2237449,2.0000000),(23.2358552,46.9268824,2.0000000),(25.0254969,47.2237449,2.0000000),(24.9778719,47.2941241,2.0000000),(23.2358552,46.9268824,2.0000000),(24.9778719,47.2941241,2.0000000),(24.9072281,47.3433366,2.0000000),(23.2358552,46.9268824,2.0000000),(24.9072281,47.3433366,2.0000000),(24.8222969,47.3597408,2.0000000),(23.2358552,46.9268824,2.0000000),(24.8222969,47.3597408,2.0000000),(23.0157219,47.3597408,2.0000000),(22.8104052,43.4333241,2.0000000),(23.2358552,46.9268824,2.0000000),(23.0157219,47.3597408,2.0000000),(23.0157219,47.3597408,2.0000000),(21.2102052,47.3597408,2.0000000),(21.1273906,47.3433366,2.0000000),(23.0157219,47.3597408,2.0000000),(21.1273906,47.3433366,2.0000000),(21.0588636,47.2941241,2.0000000),(23.0157219,47.3597408,2.0000000),(21.0588636,47.2941241,2.0000000),(21.0128261,47.2237449,2.0000000),(23.0157219,47.3597408,2.0000000),(21.0128261,47.2237449,2.0000000),(20.9974802,47.1417241,2.0000000),(23.0157219,47.3597408,2.0000000),(20.9974802,47.1417241,2.0000000),(21.0128261,47.0599679,2.0000000),(23.0157219,47.3597408,2.0000000),(21.0128261,47.0599679,2.0000000),(21.0588636,46.9903824,2.0000000),(23.0157219,47.3597408,2.0000000),(21.0588636,46.9903824,2.0000000),(21.1273906,46.9427574,2.0000000),(23.0157219,47.3597408,2.0000000),(21.1273906,46.9427574,2.0000000),(21.2102052,46.9268824,2.0000000),(23.0157219,47.3597408,2.0000000),(21.2102052,46.9268824,2.0000000),(22.8029969,46.9268824,2.0000000),(22.8104052,43.4333241,2.0000000),(23.0157219,47.3597408,2.0000000),(22.8029969,46.9268824,2.0000000),(22.8104052,43.4333241,2.0000000),(22.8029969,46.9268824,2.0000000),(22.8029969,44.3149158,2.0000000),(22.8104052,43.4333241,2.0000000),(22.8029969,44.3149158,2.0000000),(21.9468052,45.8039908,2.0000000),(22.8104052,43.4333241,2.0000000),(21.9468052,45.8039908,2.0000000),(21.8671656,45.8833658,2.0000000),(22.8104052,43.4333241,2.0000000),(21.8671656,45.8833658,2.0000000),(21.7594802,45.9098241,2.0000000),(22.8104052,43.4333241,2.0000000),(21.7594802,45.9098241,2.0000000),(21.6483552,45.8823074,2.0000000),(22.8104052,43.4333241,2.0000000),(21.6483552,45.8823074,2.0000000),(21.5665990,45.8026679,2.0000000),(22.8104052,43.4333241,2.0000000),(21.5665990,45.8026679,2.0000000),(21.5393469,45.6928658,2.0000000),(22.8104052,43.4333241,2.0000000),(21.5393469,45.6928658,2.0000000),(21.5710969,45.5838574,2.0000000),(27.6596886,45.6441824,2.0000000),(27.7073136,45.6928658,2.0000000),(27.7633722,45.7704383,2.0000000),(27.6596886,45.6441824,2.0000000),(27.7633722,45.7704383,2.0000000),(27.8119563,45.8518142,2.0000000),(27.6596886,45.6441824,2.0000000),(27.8119563,45.8518142,2.0000000),(27.8530659,45.9369935,2.0000000),(27.6596886,45.6441824,2.0000000),(27.8530659,45.9369935,2.0000000),(27.8867011,46.0259762,2.0000000),(27.6596886,45.6441824,2.0000000),(27.8867011,46.0259762,2.0000000),(27.9128617,46.1187623,2.0000000),(27.6596886,45.6441824,2.0000000),(27.9128617,46.1187623,2.0000000),(27.9315479,46.2153517,2.0000000),(27.6596886,45.6441824,2.0000000),(27.9315479,46.2153517,2.0000000),(27.9427597,46.3157446,2.0000000),(27.6596886,45.6441824,2.0000000),(27.9427597,46.3157446,2.0000000),(27.9464969,46.4199408,2.0000000),(27.6596886,45.6441824,2.0000000),(27.9464969,46.4199408,2.0000000),(27.9427762,46.5240543,2.0000000),(27.6596886,45.6441824,2.0000000),(27.9427762,46.5240543,2.0000000),(27.9316141,46.6236699,2.0000000),(27.6596886,45.6441824,2.0000000),(27.9316141,46.6236699,2.0000000),(27.9130106,46.7187877,2.0000000),(27.6596886,45.6441824,2.0000000),(27.9130106,46.7187877,2.0000000),(27.8869656,46.8094074,2.0000000),(27.6596886,45.6441824,2.0000000),(27.8869656,46.8094074,2.0000000),(27.8534793,46.8955293,2.0000000),(27.6596886,45.6441824,2.0000000),(27.8534793,46.8955293,2.0000000),(27.8125516,46.9771533,2.0000000),(27.6596886,45.6441824,2.0000000),(27.8125516,46.9771533,2.0000000),(27.7641824,47.0542793,2.0000000),(27.6596886,45.6441824,2.0000000),(27.7641824,47.0542793,2.0000000),(27.7083719,47.1269074,2.0000000),(27.6596886,45.6441824,2.0000000),(27.7083719,47.1269074,2.0000000),(27.6466248,47.1928879,2.0000000),(27.6596886,45.6441824,2.0000000),(27.6466248,47.1928879,2.0000000),(27.5799167,47.2500710,2.0000000),(27.6596886,45.6441824,2.0000000),(27.5799167,47.2500710,2.0000000),(27.5082477,47.2984567,2.0000000),(27.6596886,45.6441824,2.0000000),(27.5082477,47.2984567,2.0000000),(27.4316177,47.3380449,2.0000000),(27.4316177,47.3380449,2.0000000),(27.3500268,47.3688358,2.0000000),(27.2634750,47.3908293,2.0000000),(27.4316177,47.3380449,2.0000000),(27.2634750,47.3908293,2.0000000),(27.1719623,47.4040254,2.0000000),(27.4316177,47.3380449,2.0000000),(27.1719623,47.4040254,2.0000000),(27.0754886,47.4084241,2.0000000),(27.4316177,47.3380449,2.0000000),(27.0754886,47.4084241,2.0000000),(26.9799740,47.4040420,2.0000000),(27.4316177,47.3380449,2.0000000),(26.9799740,47.4040420,2.0000000),(26.8886927,47.3908955,2.0000000),(27.4316177,47.3380449,2.0000000),(26.8886927,47.3908955,2.0000000),(26.8016448,47.3689847,2.0000000),(27.4316177,47.3380449,2.0000000),(26.8016448,47.3689847,2.0000000),(26.7188302,47.3383095,2.0000000),(27.4316177,47.3380449,2.0000000),(26.7188302,47.3383095,2.0000000),(26.6402490,47.2988701,2.0000000),(27.4316177,47.3380449,2.0000000),(26.6402490,47.2988701,2.0000000),(26.5659011,47.2506663,2.0000000),(27.4316177,47.3380449,2.0000000),(26.5659011,47.2506663,2.0000000),(26.4957865,47.1936982,2.0000000),(27.4316177,47.3380449,2.0000000),(26.4957865,47.1936982,2.0000000),(26.4299052,47.1279658,2.0000000),(27.4316177,47.3380449,2.0000000),(26.4299052,47.1279658,2.0000000),(26.3701259,47.0555526,2.0000000),(27.4316177,47.3380449,2.0000000),(26.3701259,47.0555526,2.0000000),(26.3183172,46.9785423,2.0000000),(27.4316177,47.3380449,2.0000000),(26.3183172,46.9785423,2.0000000),(26.2744791,46.8969349,2.0000000),(27.4316177,47.3380449,2.0000000),(26.2744791,46.8969349,2.0000000),(26.2386115,46.8107304,2.0000000),(27.4316177,47.3380449,2.0000000),(26.2386115,46.8107304,2.0000000),(26.2107145,46.7199287,2.0000000),(27.4316177,47.3380449,2.0000000),(26.2107145,46.7199287,2.0000000),(26.1907880,46.6245298,2.0000000),(27.4316177,47.3380449,2.0000000),(26.1907880,46.6245298,2.0000000),(26.1788322,46.5245339,2.0000000),(26.1788322,46.5245339,2.0000000),(26.1748469,46.4199408,2.0000000),(26.1901927,46.3376554,2.0000000),(26.1788322,46.5245339,2.0000000),(26.1901927,46.3376554,2.0000000),(26.2362302,46.2685991,2.0000000),(26.1788322,46.5245339,2.0000000),(26.2362302,46.2685991,2.0000000),(26.3044927,46.2217679,2.0000000),(26.1788322,46.5245339,2.0000000),(26.3044927,46.2217679,2.0000000),(26.3865136,46.2061574,2.0000000),(26.1788322,46.5245339,2.0000000),(26.3865136,46.2061574,2.0000000),(26.4693281,46.2217679,2.0000000),(26.1788322,46.5245339,2.0000000),(26.4693281,46.2217679,2.0000000),(26.5378552,46.2685991,2.0000000),(26.1788322,46.5245339,2.0000000),(26.5378552,46.2685991,2.0000000),(26.5838927,46.3376554,2.0000000),(26.1788322,46.5245339,2.0000000),(26.5838927,46.3376554,2.0000000),(26.5992386,46.4199408,2.0000000),(26.1788322,46.5245339,2.0000000),(26.5992386,46.4199408,2.0000000),(26.6079037,46.5462132,2.0000000),(26.1788322,46.5245339,2.0000000),(26.6079037,46.5462132,2.0000000),(26.6338990,46.6572720,2.0000000),(26.1788322,46.5245339,2.0000000),(26.6338990,46.6572720,2.0000000),(26.6772245,46.7531173,2.0000000),(26.1788322,46.5245339,2.0000000),(26.6772245,46.7531173,2.0000000),(26.7378802,46.8337491,2.0000000),(26.1788322,46.5245339,2.0000000),(26.7378802,46.8337491,2.0000000),(26.8093839,46.8985720,2.0000000),(27.4316177,47.3380449,2.0000000),(26.1788322,46.5245339,2.0000000),(26.8093839,46.8985720,2.0000000),(27.4316177,47.3380449,2.0000000),(26.8093839,46.8985720,2.0000000),(26.8894865,46.9448741,2.0000000),(27.4316177,47.3380449,2.0000000),(26.8894865,46.9448741,2.0000000),(26.9781880,46.9726554,2.0000000),(27.4316177,47.3380449,2.0000000),(26.9781880,46.9726554,2.0000000),(27.0754886,46.9819158,2.0000000),(27.4316177,47.3380449,2.0000000),(27.0754886,46.9819158,2.0000000),(27.1693495,46.9727215,2.0000000),(27.4316177,47.3380449,2.0000000),(27.1693495,46.9727215,2.0000000),(27.2540823,46.9451387,2.0000000),(27.4316177,47.3380449,2.0000000),(27.2540823,46.9451387,2.0000000),(27.3296870,46.8991673,2.0000000),(27.4316177,47.3380449,2.0000000),(27.3296870,46.8991673,2.0000000),(27.3961636,46.8348074,2.0000000),(27.4316177,47.3380449,2.0000000),(27.3961636,46.8348074,2.0000000),(27.4503370,46.7537127,2.0000000),(27.4316177,47.3380449,2.0000000),(27.4503370,46.7537127,2.0000000),(27.4890323,46.6575366,2.0000000),(27.4316177,47.3380449,2.0000000),(27.4890323,46.6575366,2.0000000),(27.5122495,46.5462793,2.0000000),(27.6596886,45.6441824,2.0000000),(27.4316177,47.3380449,2.0000000),(27.5122495,46.5462793,2.0000000),(27.6596886,45.6441824,2.0000000),(27.5122495,46.5462793,2.0000000),(27.5199886,46.4199408,2.0000000),(27.6596886,45.6441824,2.0000000),(27.5199886,46.4199408,2.0000000),(27.5123156,46.2918824,2.0000000),(27.6596886,45.6441824,2.0000000),(27.5123156,46.2918824,2.0000000),(27.4892969,46.1765241,2.0000000),(27.6596886,45.6441824,2.0000000),(27.4892969,46.1765241,2.0000000),(27.4509323,46.0738658,2.0000000),(27.6596886,45.6441824,2.0000000),(27.4509323,46.0738658,2.0000000),(27.3972219,45.9839074,2.0000000),(27.6596886,45.6441824,2.0000000),(27.3972219,45.9839074,2.0000000),(27.3349787,45.9190845,2.0000000),(27.7440906,45.5679824,2.0000000),(27.6596886,45.6441824,2.0000000),(27.3349787,45.9190845,2.0000000),(27.7440906,45.5679824,2.0000000),(27.3349787,45.9190845,2.0000000),(27.2657240,45.8727824,2.0000000),(27.7440906,45.5679824,2.0000000),(27.2657240,45.8727824,2.0000000),(27.1894578,45.8450012,2.0000000),(27.7440906,45.5679824,2.0000000),(27.1894578,45.8450012,2.0000000),(27.1061802,45.8357408,2.0000000),(27.7440906,45.5679824,2.0000000),(27.1061802,45.8357408,2.0000000),(27.0638469,45.8357408,2.0000000),(27.7440906,45.5679824,2.0000000),(27.0638469,45.8357408,2.0000000),(26.9971719,45.8357408,2.0000000),(27.7440906,45.5679824,2.0000000),(26.9971719,45.8357408,2.0000000),(26.9156802,45.8201304,2.0000000),(27.7440906,45.5679824,2.0000000),(26.9156802,45.8201304,2.0000000),(26.8468886,45.7732991,2.0000000),(27.7440906,45.5679824,2.0000000),(26.8468886,45.7732991,2.0000000),(26.8000573,45.7047720,2.0000000),(27.7440906,45.5679824,2.0000000),(26.8000573,45.7047720,2.0000000),(26.7844469,45.6240741,2.0000000),(27.7440906,45.5679824,2.0000000),(26.7844469,45.6240741,2.0000000),(26.8000573,45.5431116,2.0000000),(27.7440906,45.5679824,2.0000000),(26.8000573,45.5431116,2.0000000),(26.8468886,45.4737908,2.0000000),(27.7440906,45.5679824,2.0000000),(26.8468886,45.4737908,2.0000000),(26.9156802,45.4261658,2.0000000),(27.7440906,45.5679824,2.0000000),(26.9156802,45.4261658,2.0000000),(26.9971719,45.4102908,2.0000000),(27.7440906,45.5679824,2.0000000),(26.9971719,45.4102908,2.0000000),(27.0638469,45.4102908,2.0000000),(27.7440906,45.5679824,2.0000000),(27.0638469,45.4102908,2.0000000),(27.1942203,45.3963340,2.0000000),(27.7440906,45.5679824,2.0000000),(27.1942203,45.3963340,2.0000000),(27.3122906,45.3544637,2.0000000),(27.7440906,45.5679824,2.0000000),(27.3122906,45.3544637,2.0000000),(27.4180578,45.2846798,2.0000000),(27.7440906,45.5679824,2.0000000),(27.4180578,45.2846798,2.0000000),(27.5115219,45.1869824,2.0000000),(27.7440906,45.5679824,2.0000000),(27.5115219,45.1869824,2.0000000),(27.5883834,45.0658033,2.0000000),(27.7440906,45.5679824,2.0000000),(27.5883834,45.0658033,2.0000000),(27.6432844,44.9255741,2.0000000),(27.7440906,45.5679824,2.0000000),(27.6432844,44.9255741,2.0000000),(27.6762250,44.7662949,2.0000000),(27.7440906,45.5679824,2.0000000),(27.6762250,44.7662949,2.0000000),(27.6844602,44.6795116,2.0000000),(27.7440906,45.5679824,2.0000000),(27.6844602,44.6795116,2.0000000),(27.6872052,44.5879658,2.0000000),(27.7440906,45.5679824,2.0000000),(27.6872052,44.5879658,2.0000000),(27.6844271,44.4972798,2.0000000),(26.4654255,44.5524620,2.0000000),(26.4627136,44.6525241,2.0000000),(26.4468386,44.7345449,2.0000000),(26.4735615,44.4581215,2.0000000),(26.4654255,44.5524620,2.0000000),(26.4468386,44.7345449,2.0000000),(26.4735615,44.4581215,2.0000000),(26.4468386,44.7345449,2.0000000),(26.3992136,44.8028074,2.0000000),(26.4871214,44.3695026,2.0000000),(26.4735615,44.4581215,2.0000000),(26.3992136,44.8028074,2.0000000),(26.4871214,44.3695026,2.0000000),(26.3992136,44.8028074,2.0000000),(26.3298927,44.8488449,2.0000000),(26.5061052,44.2866054,2.0000000),(26.4871214,44.3695026,2.0000000),(26.3298927,44.8488449,2.0000000),(26.5061052,44.2866054,2.0000000),(26.3298927,44.8488449,2.0000000),(26.2468136,44.8641908,2.0000000),(26.5603448,44.1379757,2.0000000),(26.5061052,44.2866054,2.0000000),(26.2468136,44.8641908,2.0000000),(26.5603448,44.1379757,2.0000000),(26.2468136,44.8641908,2.0000000),(26.1639990,44.8488449,2.0000000),(26.5603448,44.1379757,2.0000000),(26.1639990,44.8488449,2.0000000),(26.0954719,44.8028074,2.0000000),(26.6362802,44.0122324,2.0000000),(26.5603448,44.1379757,2.0000000),(26.0954719,44.8028074,2.0000000),(26.6362802,44.0122324,2.0000000),(26.0954719,44.8028074,2.0000000),(26.0494344,44.7345449,2.0000000),(26.6362802,44.0122324,2.0000000),(26.0494344,44.7345449,2.0000000),(26.0340886,44.6525241,2.0000000),(26.7268339,43.9126830,2.0000000),(26.6362802,44.0122324,2.0000000),(26.0340886,44.6525241,2.0000000),(26.7268339,43.9126830,2.0000000),(26.0340886,44.6525241,2.0000000),(26.0385038,44.5155526,2.0000000),(26.7268339,43.9126830,2.0000000),(26.0385038,44.5155526,2.0000000),(26.0517495,44.3845673,2.0000000),(26.7268339,43.9126830,2.0000000),(26.0517495,44.3845673,2.0000000),(26.0738257,44.2595683,2.0000000),(26.8302198,43.8415762,2.0000000),(26.7268339,43.9126830,2.0000000),(26.0738257,44.2595683,2.0000000),(26.8302198,43.8415762,2.0000000),(26.0738257,44.2595683,2.0000000),(26.1047323,44.1405554,2.0000000),(26.8302198,43.8415762,2.0000000),(26.1047323,44.1405554,2.0000000),(26.1444694,44.0275287,2.0000000),(26.9464380,43.7989121,2.0000000),(26.8302198,43.8415762,2.0000000),(26.1444694,44.0275287,2.0000000),(26.9464380,43.7989121,2.0000000),(26.1444694,44.0275287,2.0000000),(26.1930370,43.9204882,2.0000000),(26.9464380,43.7989121,2.0000000),(26.1930370,43.9204882,2.0000000),(26.2504350,43.8194339,2.0000000),(27.0754886,43.7846908,2.0000000),(26.9464380,43.7989121,2.0000000),(26.2504350,43.8194339,2.0000000),(27.0754886,43.7846908,2.0000000),(26.2504350,43.8194339,2.0000000),(26.3166636,43.7243658,2.0000000),(27.0754886,43.7846908,2.0000000),(26.3166636,43.7243658,2.0000000),(26.3887129,43.6387896,2.0000000),(27.1990490,43.7981184,2.0000000),(27.0754886,43.7846908,2.0000000),(26.3887129,43.6387896,2.0000000),(27.1990490,43.7981184,2.0000000),(26.3887129,43.6387896,2.0000000),(26.4672776,43.5646236,2.0000000),(27.1990490,43.7981184,2.0000000),(26.4672776,43.5646236,2.0000000),(26.5523577,43.5018677,2.0000000),(27.3125552,43.8384012,2.0000000),(27.1990490,43.7981184,2.0000000),(26.5523577,43.5018677,2.0000000),(27.3125552,43.8384012,2.0000000),(26.5523577,43.5018677,2.0000000),(26.6439531,43.4505220,2.0000000),(27.3125552,43.8384012,2.0000000),(26.6439531,43.4505220,2.0000000),(26.7420640,43.4105865,2.0000000),(27.4160073,43.9055392,2.0000000),(27.3125552,43.8384012,2.0000000),(26.7420640,43.4105865,2.0000000),(27.4160073,43.9055392,2.0000000),(26.7420640,43.4105865,2.0000000),(26.8466901,43.3820611,2.0000000),(27.4160073,43.9055392,2.0000000),(26.8466901,43.3820611,2.0000000),(26.9578317,43.3649459,2.0000000),(27.5094052,43.9995324,2.0000000),(27.4160073,43.9055392,2.0000000),(26.9578317,43.3649459,2.0000000),(27.5094052,43.9995324,2.0000000),(26.9578317,43.3649459,2.0000000),(27.0754886,43.3592408,2.0000000),(27.5094052,43.9995324,2.0000000),(27.0754886,43.3592408,2.0000000),(27.1886145,43.3647309,2.0000000),(27.5871927,44.1172720,2.0000000),(27.5094052,43.9995324,2.0000000),(27.1886145,43.3647309,2.0000000),(27.5871927,44.1172720,2.0000000),(27.1886145,43.3647309,2.0000000),(27.2962172,43.3812012,2.0000000),(27.6427552,44.2545908,2.0000000),(27.5871927,44.1172720,2.0000000),(27.2962172,43.3812012,2.0000000),(27.6427552,44.2545908,2.0000000),(27.2962172,43.3812012,2.0000000),(27.3982968,43.4086517,2.0000000),(27.6427552,44.2545908,2.0000000),(27.3982968,43.4086517,2.0000000),(27.4948531,43.4470824,2.0000000),(27.6622021,44.3305923,2.0000000),(27.6427552,44.2545908,2.0000000),(27.4948531,43.4470824,2.0000000),(27.6622021,44.3305923,2.0000000),(27.4948531,43.4470824,2.0000000),(27.5858863,43.4964934,2.0000000),(27.6760927,44.4114887,2.0000000),(27.6622021,44.3305923,2.0000000),(27.5858863,43.4964934,2.0000000),(27.6760927,44.4114887,2.0000000),(27.5858863,43.4964934,2.0000000),(27.6713964,43.5568845,2.0000000),(27.6844271,44.4972798,2.0000000),(27.6760927,44.4114887,2.0000000),(27.6713964,43.5568845,2.0000000),(27.7440906,45.5679824,2.0000000),(27.6844271,44.4972798,2.0000000),(27.6713964,43.5568845,2.0000000),(27.7440906,45.5679824,2.0000000),(27.6713964,43.5568845,2.0000000),(27.7513832,43.6282559,2.0000000),(27.7440906,45.5679824,2.0000000),(27.7513832,43.6282559,2.0000000),(27.8258469,43.7106074,2.0000000),(27.7440906,45.5679824,2.0000000),(27.8258469,43.7106074,2.0000000),(27.8935637,43.8018722,2.0000000),(27.7440906,45.5679824,2.0000000),(27.8935637,43.8018722,2.0000000),(27.9522516,43.8983955,2.0000000),(27.7440906,45.5679824,2.0000000),(27.9522516,43.8983955,2.0000000),(28.0019106,44.0001774,2.0000000),(27.7440906,45.5679824,2.0000000),(28.0019106,44.0001774,2.0000000),(28.0425406,44.1072179,2.0000000),(27.7440906,45.5679824,2.0000000),(28.0425406,44.1072179,2.0000000),(28.0741418,44.2195170,2.0000000),(27.7440906,45.5679824,2.0000000),(28.0741418,44.2195170,2.0000000),(28.0967141,44.3370746,2.0000000),(27.7440906,45.5679824,2.0000000),(28.0967141,44.3370746,2.0000000),(28.1102574,44.4598909,2.0000000),(27.7440906,45.5679824,2.0000000),(28.1102574,44.4598909,2.0000000),(28.1147719,44.5879658,2.0000000),(27.7440906,45.5679824,2.0000000),(28.1147719,44.5879658,2.0000000),(28.1102905,44.7173470,2.0000000),(27.7440906,45.5679824,2.0000000),(28.1102905,44.7173470,2.0000000),(28.0968464,44.8414366,2.0000000),(27.7440906,45.5679824,2.0000000),(28.0968464,44.8414366,2.0000000),(28.0744395,44.9602345,2.0000000),(27.7440906,45.5679824,2.0000000),(28.0744395,44.9602345,2.0000000),(28.0430698,45.0737408,2.0000000),(27.7440906,45.5679824,2.0000000),(28.0430698,45.0737408,2.0000000),(28.0027374,45.1819554,2.0000000),(27.7440906,45.5679824,2.0000000),(28.0027374,45.1819554,2.0000000),(27.9534422,45.2848783,2.0000000),(27.7440906,45.5679824,2.0000000),(27.9534422,45.2848783,2.0000000),(27.8951843,45.3825095,2.0000000),(27.7440906,45.5679824,2.0000000),(27.8951843,45.3825095,2.0000000),(27.8279636,45.4748491,2.0000000)));
#1311=COMPLEX_TRIANGULATED_SURFACE_SET('surface set',#1310,1341,(),(),(),((1,2,3),(4,5,6),(7,8,9),(10,11,12),(13,14,15),(16,17,18),(19,20,21),(22,23,24),(25,26,27),(28,29,30),(31,32,33),(34,35,36),(37,38,39),(40,41,42),(43,44,45),(46,47,48),(49,50,51),(52,53,54),(55,56,57),(58,59,60),(61,62,63),(64,65,66),(67,68,69),(70,71,72),(73,74,75),(76,77,78),(79,80,81),(82,83,84),(85,86,87),(88,89,90),(91,92,93),(94,95,96),(97,98,99),(100,101,102),(103,104,105),(106,107,108),(109,110,111),(112,113,114),(115,116,117),(118,119,120),(121,122,123),(124,125,126),(127,128,129),(130,131,132),(133,134,135),(136,137,138),(139,140,141),(142,143,144),(145,146,147),(148,149,150),(151,152,153),(154,155,156),(157,158,159),(160,161,162),(163,164,165),(166,167,168),(169,170,171),(172,173,174),(175,176,177),(178,179,180),(181,182,183),(184,185,186),(187,188,189),(190,191,192),(193,194,195),(196,197,198),(199,200,201),(202,203,204),(205,206,207),(208,209,210),(211,212,213),(214,215,216),(217,218,219),(220,221,222),(223,224,225),(226,227,228),(229,230,231),(232,233,234),(235,236,237),(238,239,240),(241,242,243),(244,245,246),(247,248,249),(250,251,252),(253,254,255),(256,257,258),(259,260,261),(262,263,264),(265,266,267),(268,269,270),(271,272,273),(274,275,276),(277,278,279),(280,281,282),(283,284,285),(286,287,288),(289,290,291),(292,293,294),(295,296,297),(298,299,300),(301,302,303),(304,305,306),(307,308,309),(310,311,312),(313,314,315),(316,317,318),(319,320,321),(322,323,324),(325,326,327),(328,329,330),(331,332,333),(334,335,336),(337,338,339),(340,341,342),(343,344,345),(346,347,348),(349,350,351),(352,353,354),(355,356,357),(358,359,360),(361,362,363),(364,365,366),(367,368,369),(370,371,372),(373,374,375),(376,377,378),(379,380,381),(382,383,384),(385,386,387),(388,389,390),(391,392,393),(394,395,396),(397,398,399),(400,401,402),(403,404,405),(406,407,408),(409,410,411),(412,413,414),(415,416,417),(418,419,420),(421,422,423),(424,425,426),(427,428,429),(430,431,432),(433,434,435),(436,437,438),(439,440,441),(442,443,444),(445,446,447),(448,449,450),(451,452,453),(454,455,456),(457,458,459),(460,461,462),(463,464,465),(466,467,468),(469,470,471),(472,473,474),(475,476,477),(478,479,480),(481,482,483),(484,485,486),(487,488,489),(490,491,492),(493,494,495),(496,497,498),(499,500,501),(502,503,504),(505,506,507),(508,509,510),(511,512,513),(514,515,516),(517,518,519),(520,521,522),(523,524,525),(526,527,528),(529,530,531),(532,533,534),(535,536,537),(538,539,540),(541,542,543),(544,545,546),(547,548,549),(550,551,552),(553,554,555),(556,557,558),(559,560,561),(562,563,564),(565,566,567),(568,569,570),(571,572,573),(574,575,576),(577,578,579),(580,581,582),(583,584,585),(586,587,588),(589,590,591),(592,593,594),(595,596,597),(598,599,600),(601,602,603),(604,605,606),(607,608,609),(610,611,612),(613,614,615),(616,617,618),(619,620,621),(622,623,624),(625,626,627),(628,629,630),(631,632,633),(634,635,636),(637,638,639),(640,641,642),(643,644,645),(646,647,648),(649,650,651),(652,653,654),(655,656,657),(658,659,660),(661,662,663),(664,665,666),(667,668,669),(670,671,672),(673,674,675),(676,677,678),(679,680,681),(682,683,684),(685,686,687),(688,689,690),(691,692,693),(694,695,696),(697,698,699),(700,701,702),(703,704,705),(706,707,708),(709,710,711),(712,713,714),(715,716,717),(718,719,720),(721,722,723),(724,725,726),(727,728,729),(730,731,732),(733,734,735),(736,737,738),(739,740,741),(742,743,744),(745,746,747),(748,749,750),(751,752,753),(754,755,756),(757,758,759),(760,761,762),(763,764,765),(766,767,768),(769,770,771),(772,773,774),(775,776,777),(778,779,780),(781,782,783),(784,785,786),(787,788,789),(790,791,792),(793,794,795),(796,797,798),(799,800,801),(802,803,804),(805,806,807),(808,809,810),(811,812,813),(814,815,816),(817,818,819),(820,821,822),(823,824,825),(826,827,828),(829,830,831),(832,833,834),(835,836,837),(838,839,840),(841,842,843),(844,845,846),(847,848,849),(850,851,852),(853,854,855),(856,857,858),(859,860,861),(862,863,864),(865,866,867),(868,869,870),(871,872,873),(874,875,876),(877,878,879),(880,881,882),(883,884,885),(886,887,888),(889,890,891),(892,893,894),(895,896,897),(898,899,900),(901,902,903),(904,905,906),(907,908,909),(910,911,912),(913,914,915),(916,917,918),(919,920,921),(922,923,924),(925,926,927),(928,929,930),(931,932,933),(934,935,936),(937,938,939),(940,941,942),(943,944,945),(946,947,948),(949,950,951),(952,953,954),(955,956,957),(958,959,960),(961,962,963),(964,965,966),(967,968,969),(970,971,972),(973,974,975),(976,977,978),(979,980,981),(982,983,984),(985,986,987),(988,989,990),(991,992,993),(994,995,996),(997,998,999),(1000,1001,1002),(1003,1004,1005),(1006,1007,1008),(1009,1010,1011),(1012,1013,1014),(1015,1016,1017),(1018,1019,1020),(1021,1022,1023),(1024,1025,1026),(1027,1028,1029),(1030,1031,1032),(1033,1034,1035),(1036,1037,1038),(1039,1040,1041),(1042,1043,1044),(1045,1046,1047),(1048,1049,1050),(1051,1052,1053),(1054,1055,1056),(1057,1058,1059),(1060,1061,1062),(1063,1064,1065),(1066,1067,1068),(1069,1070,1071),(1072,1073,1074),(1075,1076,1077),(1078,1079,1080),(1081,1082,1083),(1084,1085,1086),(1087,1088,1089),(1090,1091,1092),(1093,1094,1095),(1096,1097,1098),(1099,1100,1101),(1102,1103,1104),(1105,1106,1107),(1108,1109,1110),(1111,1112,1113),(1114,1115,1116),(1117,1118,1119),(1120,1121,1122),(1123,1124,1125),(1126,1127,1128),(1129,1130,1131),(1132,1133,1134),(1135,1136,1137),(1138,1139,1140),(1141,1142,1143),(1144,1145,1146),(1147,1148,1149),(1150,1151,1152),(1153,1154,1155),(1156,1157,1158),(1159,1160,1161),(1162,1163,1164),(1165,1166,1167),(1168,1169,1170),(1171,1172,1173),(1174,1175,1176),(1177,1178,1179),(1180,1181,1182),(1183,1184,1185),(1186,1187,1188),(1189,1190,1191),(1192,1193,1194),(1195,1196,1197),(1198,1199,1200),(1201,1202,1203),(1204,1205,1206),(1207,1208,1209),(1210,1211,1212),(1213,1214,1215),(1216,1217,1218),(1219,1220,1221),(1222,1223,1224),(1225,1226,1227),(1228,1229,1230),(1231,1232,1233),(1234,1235,1236),(1237,1238,1239),(1240,1241,1242),(1243,1244,1245),(1246,1247,1248),(1249,1250,1251),(1252,1253,1254),(1255,1256,1257),(1258,1259,1260),(1261,1262,1263),(1264,1265,1266),(1267,1268,1269),(1270,1271,1272),(1273,1274,1275),(1276,1277,1278),(1279,1280,1281),(1282,1283,1284),(1285,1286,1287),(1288,1289,1290),(1291,1292,1293),(1294,1295,1296),(1297,1298,1299),(1300,1301,1302),(1303,1304,1305),(1306,1307,1308),(1309,1310,1311),(1312,1313,1314),(1315,1316,1317),(1318,1319,1320),(1321,1322,1323),(1324,1325,1326),(1327,1328,1329),(1330,1331,1332),(1333,1334,1335),(1336,1337,1338),(1339,1340,1341)));
#1312=TESSELLATED_GEOMETRIC_SET('hole callout',(#1311));
#1313=COORDINATES_LIST('coordinates',5,((12.4142136,40.8157366,2.0000000),(28.7547719,40.8157366,2.0000000),(1.4142136,34.8157366,2.0000000),(7.4142136,40.8157366,2.0000000),(12.4142136,40.8157366,2.0000000)));
#1314=TESSELLATED_CURVE_SET('curve set',#1313,((1,2),(3,4,5)));
#1315=TESSELLATED_GEOMETRIC_SET('hole callout',(#1314));
#1316=TESSELLATED_ANNOTATION_OCCURRENCE('hole callout',(#1309),#1312);
#1317=TESSELLATED_ANNOTATION_OCCURRENCE('hole callout',(#1309),#1315);
#1318=DRAUGHTING_CALLOUT('hole callout',(#1316,#1317));
#1319=DRAUGHTING_MODEL_ITEM_ASSOCIATION('','',#1270,#1247,#1318);
#1320=DRAUGHTING_MODEL_ITEM_ASSOCIATION('','',#1278,#1247,#1318);
#1321=DRAUGHTING_MODEL_ITEM_ASSOCIATION('','',#1263,#1247,#1318);
#1322=COMPOSITE_SHAPE_ASPECT('hole_callout.FVTOz4Yu6pPb4yC_69.JFD.0',$,#1207,$);
#1323=SHAPE_ASPECT('hole_callout.FVTOz4Yu6pPb4yC_69.JFD.0',$,#1207,.T.);
#1324=GEOMETRIC_ITEM_SPECIFIC_USAGE('','',#1323,#11,#695);
#1325=SHAPE_ASPECT_RELATIONSHIP('','',#1322,#1323);
#1326=SHAPE_ASPECT('hole_callout.FVTOz4Yu6pPb4yC_69.JFD.0',$,#1207,.T.);
#1327=GEOMETRIC_ITEM_SPECIFIC_USAGE('','',#1326,#11,#697);
#1328=SHAPE_ASPECT_RELATIONSHIP('','',#1322,#1326);
#1329=SHAPE_ASPECT('hole_callout.FVTOz4Yu6pPb4yC_69.JFD.0',$,#1207,.T.);
#1330=GEOMETRIC_ITEM_SPECIFIC_USAGE('','',#1329,#11,#696);
#1331=SHAPE_ASPECT_RELATIONSHIP('','',#1322,#1329);
#1332=DIMENSIONAL_SIZE(#1322,'diameter');
#1333=(
LENGTH_UNIT()
NAMED_UNIT(*)
SI_UNIT(.MILLI.,.METRE.)
);
#1335=PRECISION_QUALIFIER(3);
#1334=(
LENGTH_MEASURE_WITH_UNIT()
MEASURE_REPRESENTATION_ITEM()
MEASURE_WITH_UNIT(POSITIVE_LENGTH_MEASURE(5.),#1333)
QUALIFIED_REPRESENTATION_ITEM((#1335))
REPRESENTATION_ITEM('nominal value')
);
#1336=COMPOUND_REPRESENTATION_ITEM('modifiers',SET_REPRESENTATION_ITEM((#1337)));
#1337=DESCRIPTIVE_REPRESENTATION_ITEM('dimensional note','diameter');
#1338=SHAPE_DIMENSION_REPRESENTATION('',(#1334,#1336),#1202);
#1339=DIMENSIONAL_CHARACTERISTIC_REPRESENTATION(#1332,#1338);
#1340=DIMENSIONAL_SIZE(#1322,'depth');
#1341=(
LENGTH_UNIT()
NAMED_UNIT(*)
SI_UNIT(.MILLI.,.METRE.)
);
#1343=PRECISION_QUALIFIER(3);
#1342=(
LENGTH_MEASURE_WITH_UNIT()
MEASURE_REPRESENTATION_ITEM()
MEASURE_WITH_UNIT(POSITIVE_LENGTH_MEASURE(2.),#1341)
QUALIFIED_REPRESENTATION_ITEM((#1343))
REPRESENTATION_ITEM('nominal value')
);
#1344=COMPOUND_REPRESENTATION_ITEM('modifiers',SET_REPRESENTATION_ITEM((#1345)));
#1345=DESCRIPTIVE_REPRESENTATION_ITEM('dimensional note','depth');
#1346=SHAPE_DIMENSION_REPRESENTATION('',(#1342,#1344),#1202);
#1347=DIMENSIONAL_CHARACTERISTIC_REPRESENTATION(#1340,#1346);
#1348=DIMENSIONAL_SIZE(#1322,'diameter');
#1349=(
LENGTH_UNIT()
NAMED_UNIT(*)
SI_UNIT(.MILLI.,.METRE.)
);
#1351=PRECISION_QUALIFIER(3);
#1350=(
LENGTH_MEASURE_WITH_UNIT()
MEASURE_REPRESENTATION_ITEM()
MEASURE_WITH_UNIT(POSITIVE_LENGTH_MEASURE(9.75),#1349)
QUALIFIED_REPRESENTATION_ITEM((#1351))
REPRESENTATION_ITEM('nominal value')
);
#1352=COMPOUND_REPRESENTATION_ITEM('modifiers',SET_REPRESENTATION_ITEM((#1353,#1354)));
#1353=DESCRIPTIVE_REPRESENTATION_ITEM('dimensional note','counterbore');
#1354=DESCRIPTIVE_REPRESENTATION_ITEM('dimensional note','diameter');
#1355=SHAPE_DIMENSION_REPRESENTATION('',(#1350,#1352),#1202);
#1356=DIMENSIONAL_CHARACTERISTIC_REPRESENTATION(#1348,#1355);
#1357=PRESENTATION_STYLE_ASSIGNMENT((NULL_STYLE(.NULL.)));
#1358=CARTESIAN_POINT('',(0.00502294499707619,0.00993189097794979,0.002));
#1359=DIRECTION('',(0.,0.,1.));
#1360=DIRECTION('',(1.,0.,0.));
#1361=AXIS2_PLACEMENT_3D('',#1358,#1359,#1360);
#1362=PLANE('',#1361);
#1363=ANNOTATION_PLANE('',(#1357),#1362,(#1389));
#1364=CARTESIAN_POINT('',(0.,0.,0.));
#1365=DIRECTION('',(0.,0.,1.));
#1366=DIRECTION('',(1.,0.,0.));
#1367=AXIS2_PLACEMENT_3D('',#1364,#1365,#1366);
#1368=CARTESIAN_POINT('',(0.,0.,0.));
#1369=DIRECTION('',(0.,0.,1.));
#1370=DIRECTION('',(1.,0.,0.));
#1371=AXIS2_PLACEMENT_3D('',#1368,#1369,#1370);
#1372=SHAPE_REPRESENTATION('',(#1371,#716),#1202);
#1373=REPRESENTATION_MAP(#1367,#1372);
#1374=MAPPED_ITEM('',#1373,#1367);
#1375=PRESENTATION_STYLE_ASSIGNMENT((NULL_STYLE(.NULL.)));
#1376=STYLED_ITEM('',(#1375),#1374);
#1377=DRAUGHTING_PRE_DEFINED_CURVE_FONT('continuous');
#1378=COLOUR_RGB('',0.,0.,0.);
#1379=CURVE_STYLE('',#1377,POSITIVE_LENGTH_MEASURE(0.02),#1378);
#1380=PRESENTATION_STYLE_ASSIGNMENT((#1379));
#1381=COORDINATES_LIST('coordinates',3708,((8.4700906,13.3790365,2.0000000),(9.8843041,16.2074637,2.0000000),(11.2985177,14.7932501,2.0000000),(28.5279489,30.9417699,2.0000000),(28.5279489,34.3548949,2.0000000),(28.5118093,34.4366511,2.0000000),(28.5279489,30.9417699,2.0000000),(28.5118093,34.4366511,2.0000000),(28.4633906,34.5062365,2.0000000),(28.5279489,30.9417699,2.0000000),(28.4633906,34.5062365,2.0000000),(28.3935406,34.5538615,2.0000000),(28.5279489,30.9417699,2.0000000),(28.3935406,34.5538615,2.0000000),(28.3109906,34.5697365,2.0000000),(28.5279489,30.9417699,2.0000000),(28.3109906,34.5697365,2.0000000),(28.2284406,34.5538615,2.0000000),(28.5279489,30.9417699,2.0000000),(28.2284406,34.5538615,2.0000000),(28.1585906,34.5062365,2.0000000),(28.5279489,30.9417699,2.0000000),(28.1585906,34.5062365,2.0000000),(28.1109656,34.4366511,2.0000000),(28.5279489,30.9417699,2.0000000),(28.1109656,34.4366511,2.0000000),(28.0950906,34.3548949,2.0000000),(28.5279489,30.9417699,2.0000000),(28.0950906,34.3548949,2.0000000),(28.0950906,30.7269282,2.0000000),(35.3499656,30.9417699,2.0000000),(28.5279489,30.9417699,2.0000000),(28.0950906,30.7269282,2.0000000),(35.3499656,30.9417699,2.0000000),(28.0950906,30.7269282,2.0000000),(28.1107010,30.6419970,2.0000000),(35.3499656,30.9417699,2.0000000),(28.1107010,30.6419970,2.0000000),(28.1575322,30.5734699,2.0000000),(35.3499656,30.9417699,2.0000000),(28.1575322,30.5734699,2.0000000),(28.2273822,30.5274324,2.0000000),(35.3499656,30.9417699,2.0000000),(28.2273822,30.5274324,2.0000000),(28.3120489,30.5120865,2.0000000),(35.3499656,30.9417699,2.0000000),(28.3120489,30.5120865,2.0000000),(35.5658656,30.5120865,2.0000000),(35.3499656,30.9417699,2.0000000),(35.5658656,30.5120865,2.0000000),(35.6502676,30.5274324,2.0000000),(35.3499656,30.9417699,2.0000000),(35.6502676,30.5274324,2.0000000),(35.7193239,30.5734699,2.0000000),(35.3499656,30.9417699,2.0000000),(35.7193239,30.5734699,2.0000000),(35.7653614,30.6419970,2.0000000),(35.3499656,30.9417699,2.0000000),(35.7653614,30.6419970,2.0000000),(35.7807072,30.7269282,2.0000000),(35.3499656,30.9417699,2.0000000),(35.7807072,30.7269282,2.0000000),(35.7807072,34.3548949,2.0000000),(35.3499656,30.9417699,2.0000000),(35.7807072,34.3548949,2.0000000),(35.7648322,34.4366511,2.0000000),(35.3499656,30.9417699,2.0000000),(35.7648322,34.4366511,2.0000000),(35.7172072,34.5062365,2.0000000),(35.3499656,30.9417699,2.0000000),(35.7172072,34.5062365,2.0000000),(35.6476218,34.5538615,2.0000000),(35.3499656,30.9417699,2.0000000),(35.6476218,34.5538615,2.0000000),(35.5658656,34.5697365,2.0000000),(35.3499656,30.9417699,2.0000000),(35.5658656,34.5697365,2.0000000),(35.4838447,34.5538615,2.0000000),(35.3499656,30.9417699,2.0000000),(35.4838447,34.5538615,2.0000000),(35.4134656,34.5062365,2.0000000),(35.3499656,30.9417699,2.0000000),(35.4134656,34.5062365,2.0000000),(35.3658406,34.4366511,2.0000000),(35.3499656,30.9417699,2.0000000),(35.3658406,34.4366511,2.0000000),(35.3499656,34.3548949,2.0000000),(37.6367322,30.6877699,2.0000000),(37.7337847,30.6470902,2.0000000),(37.8317963,30.6118345,2.0000000),(37.6367322,30.6877699,2.0000000),(37.8317963,30.6118345,2.0000000),(37.9307670,30.5820027,2.0000000),(37.6367322,30.6877699,2.0000000),(37.9307670,30.5820027,2.0000000),(38.0306968,30.5575949,2.0000000),(37.6367322,30.6877699,2.0000000),(38.0306968,30.5575949,2.0000000),(38.1315857,30.5386110,2.0000000),(37.6367322,30.6877699,2.0000000),(38.1315857,30.5386110,2.0000000),(38.2334338,30.5250511,2.0000000),(37.6367322,30.6877699,2.0000000),(38.2334338,30.5250511,2.0000000),(38.3362409,30.5169152,2.0000000),(37.6367322,30.6877699,2.0000000),(38.3362409,30.5169152,2.0000000),(38.4400072,30.5142032,2.0000000),(37.6367322,30.6877699,2.0000000),(38.4400072,30.5142032,2.0000000),(38.5757881,30.5185192,2.0000000),(37.6367322,30.6877699,2.0000000),(38.5757881,30.5185192,2.0000000),(38.7090223,30.5314673,2.0000000),(37.6367322,30.6877699,2.0000000),(38.7090223,30.5314673,2.0000000),(38.8397100,30.5530473,2.0000000),(37.6367322,30.6877699,2.0000000),(38.8397100,30.5530473,2.0000000),(38.9678510,30.5832595,2.0000000),(37.6367322,30.6877699,2.0000000),(38.9678510,30.5832595,2.0000000),(39.0934454,30.6221036,2.0000000),(37.6367322,30.6877699,2.0000000),(39.0934454,30.6221036,2.0000000),(39.2164932,30.6695798,2.0000000),(37.6367322,30.6877699,2.0000000),(39.2164932,30.6695798,2.0000000),(39.3369943,30.7256880,2.0000000),(37.6367322,30.6877699,2.0000000),(39.3369943,30.7256880,2.0000000),(39.4549489,30.7904282,2.0000000),(37.6367322,30.6877699,2.0000000),(39.4549489,30.7904282,2.0000000),(39.5685213,30.8628248,2.0000000),(37.6367322,30.6877699,2.0000000),(39.5685213,30.8628248,2.0000000),(39.6758760,30.9413730,2.0000000),(37.6367322,30.6877699,2.0000000),(39.6758760,30.9413730,2.0000000),(39.7770130,31.0260727,2.0000000),(37.6367322,30.6877699,2.0000000),(39.7770130,31.0260727,2.0000000),(39.8719322,31.1169240,2.0000000),(37.6367322,30.6877699,2.0000000),(39.8719322,31.1169240,2.0000000),(39.9606338,31.2139269,2.0000000),(39.9606338,31.2139269,2.0000000),(40.0431176,31.3170813,2.0000000),(40.1193838,31.4263873,2.0000000),(39.9606338,31.2139269,2.0000000),(40.1193838,31.4263873,2.0000000),(40.1894322,31.5418449,2.0000000),(39.9606338,31.2139269,2.0000000),(40.1894322,31.5418449,2.0000000),(40.2524361,31.6616184,2.0000000),(39.9606338,31.2139269,2.0000000),(40.2524361,31.6616184,2.0000000),(40.3070395,31.7838725,2.0000000),(39.9606338,31.2139269,2.0000000),(40.3070395,31.7838725,2.0000000),(40.3532424,31.9086070,2.0000000),(39.9606338,31.2139269,2.0000000),(40.3532424,31.9086070,2.0000000),(40.3910447,32.0358220,2.0000000),(39.9606338,31.2139269,2.0000000),(40.3910447,32.0358220,2.0000000),(40.4204465,32.1655174,2.0000000),(39.9606338,31.2139269,2.0000000),(40.4204465,32.1655174,2.0000000),(40.4414478,32.2976933,2.0000000),(39.9606338,31.2139269,2.0000000),(40.4414478,32.2976933,2.0000000),(40.4540486,32.4323497,2.0000000),(39.9606338,31.2139269,2.0000000),(40.4540486,32.4323497,2.0000000),(40.4582489,32.5694865,2.0000000),(39.9606338,31.2139269,2.0000000),(40.4582489,32.5694865,2.0000000),(40.4540486,32.7011167,2.0000000),(39.9606338,31.2139269,2.0000000),(40.4540486,32.7011167,2.0000000),(40.4414478,32.8319532,2.0000000),(39.9606338,31.2139269,2.0000000),(40.4414478,32.8319532,2.0000000),(40.4204465,32.9619959,2.0000000),(39.9606338,31.2139269,2.0000000),(40.4204465,32.9619959,2.0000000),(40.3910447,33.0912449,2.0000000),(39.9606338,31.2139269,2.0000000),(40.3910447,33.0912449,2.0000000),(40.3532424,33.2197001,2.0000000),(39.9606338,31.2139269,2.0000000),(40.3532424,33.2197001,2.0000000),(40.3070395,33.3473615,2.0000000),(40.3070395,33.3473615,2.0000000),(39.9152577,33.2058756,2.0000000),(39.9518199,33.1079963,2.0000000),(40.3070395,33.3473615,2.0000000),(39.9518199,33.1079963,2.0000000),(39.9817343,33.0068428,2.0000000),(40.3070395,33.3473615,2.0000000),(39.9817343,33.0068428,2.0000000),(40.0050011,32.9024151,2.0000000),(40.3070395,33.3473615,2.0000000),(40.0050011,32.9024151,2.0000000),(40.0216202,32.7947131,2.0000000),(40.3070395,33.3473615,2.0000000),(40.0216202,32.7947131,2.0000000),(40.0315917,32.6837369,2.0000000),(40.3070395,33.3473615,2.0000000),(40.0315917,32.6837369,2.0000000),(40.0349156,32.5694865,2.0000000),(40.3070395,33.3473615,2.0000000),(40.0349156,32.5694865,2.0000000),(40.0315587,32.4594529,2.0000000),(39.9606338,31.2139269,2.0000000),(40.3070395,33.3473615,2.0000000),(40.0315587,32.4594529,2.0000000),(39.9606338,31.2139269,2.0000000),(40.0315587,32.4594529,2.0000000),(40.0214880,32.3516022,2.0000000),(39.9606338,31.2139269,2.0000000),(40.0214880,32.3516022,2.0000000),(40.0047034,32.2459342,2.0000000),(39.9606338,31.2139269,2.0000000),(40.0047034,32.2459342,2.0000000),(39.9812051,32.1424490,2.0000000),(39.9606338,31.2139269,2.0000000),(39.9812051,32.1424490,2.0000000),(39.9509930,32.0411467,2.0000000),(39.9606338,31.2139269,2.0000000),(39.9509930,32.0411467,2.0000000),(39.9140671,31.9420272,2.0000000),(39.9606338,31.2139269,2.0000000),(39.9140671,31.9420272,2.0000000),(39.8704274,31.8450904,2.0000000),(39.9606338,31.2139269,2.0000000),(39.8704274,31.8450904,2.0000000),(39.8200739,31.7503365,2.0000000),(39.9606338,31.2139269,2.0000000),(39.8200739,31.7503365,2.0000000),(39.7642303,31.6591214,2.0000000),(39.9606338,31.2139269,2.0000000),(39.7642303,31.6591214,2.0000000),(39.7035911,31.5728011,2.0000000),(39.9606338,31.2139269,2.0000000),(39.7035911,31.5728011,2.0000000),(39.6381563,31.4913756,2.0000000),(39.9606338,31.2139269,2.0000000),(39.6381563,31.4913756,2.0000000),(39.5679260,31.4148449,2.0000000),(39.9606338,31.2139269,2.0000000),(39.5679260,31.4148449,2.0000000),(39.4929001,31.3432089,2.0000000),(39.9606338,31.2139269,2.0000000),(39.4929001,31.3432089,2.0000000),(39.4130786,31.2764678,2.0000000),(39.9606338,31.2139269,2.0000000),(39.4130786,31.2764678,2.0000000),(39.3284615,31.2146214,2.0000000),(39.9606338,31.2139269,2.0000000),(39.3284615,31.2146214,2.0000000),(39.2390489,31.1576699,2.0000000),(39.9606338,31.2139269,2.0000000),(39.2390489,31.1576699,2.0000000),(39.1464613,31.1065722,2.0000000),(39.9606338,31.2139269,2.0000000),(39.1464613,31.1065722,2.0000000),(39.0517900,31.0622876,2.0000000),(39.9606338,31.2139269,2.0000000),(39.0517900,31.0622876,2.0000000),(38.9550352,31.0248160,2.0000000),(39.9606338,31.2139269,2.0000000),(38.9550352,31.0248160,2.0000000),(38.8561968,30.9941574,2.0000000),(37.6367322,30.6877699,2.0000000),(39.9606338,31.2139269,2.0000000),(38.8561968,30.9941574,2.0000000),(37.6367322,30.6877699,2.0000000),(38.8561968,30.9941574,2.0000000),(38.7552748,30.9703118,2.0000000),(37.6367322,30.6877699,2.0000000),(38.7552748,30.9703118,2.0000000),(38.6522692,30.9532792,2.0000000),(37.6367322,30.6877699,2.0000000),(38.6522692,30.9532792,2.0000000),(38.5471800,30.9430597,2.0000000),(37.6367322,30.6877699,2.0000000),(38.5471800,30.9430597,2.0000000),(38.4400072,30.9396532,2.0000000),(37.6367322,30.6877699,2.0000000),(38.4400072,30.9396532,2.0000000),(38.2864166,30.9467308,2.0000000),(37.6367322,30.6877699,2.0000000),(38.2864166,30.9467308,2.0000000),(38.1367947,30.9679636,2.0000000),(37.6367322,30.6877699,2.0000000),(38.1367947,30.9679636,2.0000000),(37.9911416,31.0033516,2.0000000),(37.6367322,30.6877699,2.0000000),(37.9911416,31.0033516,2.0000000),(37.8494572,31.0528949,2.0000000),(37.6367322,30.6877699,2.0000000),(37.8494572,31.0528949,2.0000000),(39.4464822,33.8363115,2.0000000),(37.0758156,29.7130449,2.0000000),(37.6367322,30.6877699,2.0000000),(39.4464822,33.8363115,2.0000000),(39.8720480,33.3004807,2.0000000),(39.9152577,33.2058756,2.0000000),(40.3070395,33.3473615,2.0000000),(39.8221906,33.3918115,2.0000000),(39.8720480,33.3004807,2.0000000),(40.3070395,33.3473615,2.0000000),(39.7542588,33.4957928,2.0000000),(39.8221906,33.3918115,2.0000000),(40.3070395,33.3473615,2.0000000),(39.6689968,33.6045365,2.0000000),(39.7542588,33.4957928,2.0000000),(40.3070395,33.3473615,2.0000000),(39.6198670,33.6606943,2.0000000),(39.6689968,33.6045365,2.0000000),(40.3070395,33.3473615,2.0000000),(39.5664046,33.7180428,2.0000000),(39.6198670,33.6606943,2.0000000),(40.3070395,33.3473615,2.0000000),(39.5086097,33.7765818,2.0000000),(39.5664046,33.7180428,2.0000000),(40.3070395,33.3473615,2.0000000),(39.4464822,33.8363115,2.0000000),(39.5086097,33.7765818,2.0000000),(40.3070395,33.3473615,2.0000000),(39.4464822,33.8363115,2.0000000),(40.3070395,33.3473615,2.0000000),(40.2524361,33.4742292,2.0000000),(39.4464822,33.8363115,2.0000000),(40.2524361,33.4742292,2.0000000),(40.1894322,33.6003032,2.0000000),(39.4464822,33.8363115,2.0000000),(40.1894322,33.6003032,2.0000000),(40.1392441,33.6870204,2.0000000),(39.4464822,33.8363115,2.0000000),(40.1392441,33.6870204,2.0000000),(40.0844588,33.7704303,2.0000000),(39.4464822,33.8363115,2.0000000),(40.0844588,33.7704303,2.0000000),(40.0250764,33.8505329,2.0000000),(39.4464822,33.8363115,2.0000000),(40.0250764,33.8505329,2.0000000),(39.9610968,33.9273282,2.0000000),(39.4464822,33.8363115,2.0000000),(39.9610968,33.9273282,2.0000000),(39.8925201,34.0008162,2.0000000),(39.4464822,33.8363115,2.0000000),(39.8925201,34.0008162,2.0000000),(39.8193463,34.0709970,2.0000000),(39.4464822,33.8363115,2.0000000),(39.8193463,34.0709970,2.0000000),(39.7415753,34.1378704,2.0000000),(39.4464822,33.8363115,2.0000000),(39.7415753,34.1378704,2.0000000),(39.6592072,34.2014365,2.0000000),(39.4464822,33.8363115,2.0000000),(39.6592072,34.2014365,2.0000000),(40.2010739,35.1539365,2.0000000),(37.0758156,29.7130449,2.0000000),(39.4464822,33.8363115,2.0000000),(40.2010739,35.1539365,2.0000000),(37.0758156,29.7130449,2.0000000),(40.2010739,35.1539365,2.0000000),(40.2296489,35.2576532,2.0000000),(37.0758156,29.7130449,2.0000000),(40.2296489,35.2576532,2.0000000),(40.2222406,35.3179782,2.0000000),(37.0758156,29.7130449,2.0000000),(40.2222406,35.3179782,2.0000000),(40.1836114,35.3931199,2.0000000),(37.0758156,29.7130449,2.0000000),(40.1836114,35.3931199,2.0000000),(40.1185239,35.4470949,2.0000000),(37.0758156,29.7130449,2.0000000),(40.1185239,35.4470949,2.0000000),(40.0158656,35.4777865,2.0000000),(37.0758156,29.7130449,2.0000000),(40.0158656,35.4777865,2.0000000),(39.9555406,35.4703782,2.0000000),(37.0758156,29.7130449,2.0000000),(39.9555406,35.4703782,2.0000000),(39.8798697,35.4317490,2.0000000),(37.0758156,29.7130449,2.0000000),(39.8798697,35.4317490,2.0000000),(39.8243072,35.3666615,2.0000000),(37.0758156,29.7130449,2.0000000),(39.8243072,35.3666615,2.0000000),(39.2887906,34.4385032,2.0000000),(39.2887906,34.4385032,2.0000000),(39.1881827,34.4829036,2.0000000),(39.0842676,34.5213839,2.0000000),(39.2887906,34.4385032,2.0000000),(39.0842676,34.5213839,2.0000000),(38.9770452,34.5539442,2.0000000),(39.2887906,34.4385032,2.0000000),(38.9770452,34.5539442,2.0000000),(38.8665156,34.5805845,2.0000000),(39.2887906,34.4385032,2.0000000),(38.8665156,34.5805845,2.0000000),(38.7526786,34.6013046,2.0000000),(39.2887906,34.4385032,2.0000000),(38.7526786,34.6013046,2.0000000),(38.6355343,34.6161048,2.0000000),(39.2887906,34.4385032,2.0000000),(38.6355343,34.6161048,2.0000000),(38.5150827,34.6249848,2.0000000),(39.2887906,34.4385032,2.0000000),(38.5150827,34.6249848,2.0000000),(38.3913239,34.6279449,2.0000000),(39.2887906,34.4385032,2.0000000),(38.3913239,34.6279449,2.0000000),(38.2667217,34.6236123,2.0000000),(39.2887906,34.4385032,2.0000000),(38.2667217,34.6236123,2.0000000),(38.1432109,34.6106147,2.0000000),(39.2887906,34.4385032,2.0000000),(38.1432109,34.6106147,2.0000000),(38.0207915,34.5889519,2.0000000),(39.2887906,34.4385032,2.0000000),(38.0207915,34.5889519,2.0000000),(37.8994635,34.5586240,2.0000000),(39.2887906,34.4385032,2.0000000),(37.8994635,34.5586240,2.0000000),(37.7792269,34.5196311,2.0000000),(39.2887906,34.4385032,2.0000000),(37.7792269,34.5196311,2.0000000),(37.6600817,34.4719730,2.0000000),(39.2887906,34.4385032,2.0000000),(37.6600817,34.4719730,2.0000000),(37.5420279,34.4156498,2.0000000),(39.2887906,34.4385032,2.0000000),(37.5420279,34.4156498,2.0000000),(37.4250656,34.3506615,2.0000000),(39.2887906,34.4385032,2.0000000),(37.4250656,34.3506615,2.0000000),(37.3119562,34.2784964,2.0000000),(39.2887906,34.4385032,2.0000000),(37.3119562,34.2784964,2.0000000),(37.2049322,34.2001136,2.0000000),(39.2887906,34.4385032,2.0000000),(37.2049322,34.2001136,2.0000000),(37.1039937,34.1155131,2.0000000),(39.2887906,34.4385032,2.0000000),(37.1039937,34.1155131,2.0000000),(37.0091406,34.0246949,2.0000000),(39.2887906,34.4385032,2.0000000),(37.0091406,34.0246949,2.0000000),(36.9203728,33.9276589,2.0000000),(36.9203728,33.9276589,2.0000000),(36.8376906,33.8244053,2.0000000),(36.7610937,33.7149339,2.0000000),(36.9203728,33.9276589,2.0000000),(36.7610937,33.7149339,2.0000000),(36.6905822,33.5992449,2.0000000),(36.9203728,33.9276589,2.0000000),(36.6905822,33.5992449,2.0000000),(36.6273303,33.4794382,2.0000000),(36.9203728,33.9276589,2.0000000),(36.6273303,33.4794382,2.0000000),(36.5725119,33.3570850,2.0000000),(36.9203728,33.9276589,2.0000000),(36.5725119,33.3570850,2.0000000),(36.5261271,33.2321851,2.0000000),(36.9203728,33.9276589,2.0000000),(36.5261271,33.2321851,2.0000000),(36.4881760,33.1047386,2.0000000),(36.9203728,33.9276589,2.0000000),(36.4881760,33.1047386,2.0000000),(36.4586584,32.9747455,2.0000000),(36.9203728,33.9276589,2.0000000),(36.4586584,32.9747455,2.0000000),(36.4375744,32.8422058,2.0000000),(36.9203728,33.9276589,2.0000000),(36.4375744,32.8422058,2.0000000),(36.4249240,32.7071195,2.0000000),(36.9203728,33.9276589,2.0000000),(36.4249240,32.7071195,2.0000000),(36.4207072,32.5694865,2.0000000),(36.9203728,33.9276589,2.0000000),(36.4207072,32.5694865,2.0000000),(36.4249075,32.4314236,2.0000000),(36.9203728,33.9276589,2.0000000),(36.4249075,32.4314236,2.0000000),(36.4375083,32.2961058,2.0000000),(36.9203728,33.9276589,2.0000000),(36.4375083,32.2961058,2.0000000),(36.4585096,32.1635330,2.0000000),(36.9203728,33.9276589,2.0000000),(36.4585096,32.1635330,2.0000000),(36.4879114,32.0337053,2.0000000),(36.9203728,33.9276589,2.0000000),(36.4879114,32.0337053,2.0000000),(36.5257137,31.9066226,2.0000000),(36.9203728,33.9276589,2.0000000),(36.5257137,31.9066226,2.0000000),(36.5719166,31.7822850,2.0000000),(36.9203728,33.9276589,2.0000000),(36.5719166,31.7822850,2.0000000),(36.6265200,31.6606924,2.0000000),(36.9203728,33.9276589,2.0000000),(36.6265200,31.6606924,2.0000000),(36.6895239,31.5418449,2.0000000),(36.6895239,31.5418449,2.0000000),(37.0578239,31.7503365,2.0000000),(37.0084626,31.8450739,2.0000000),(36.6895239,31.5418449,2.0000000),(37.0084626,31.8450739,2.0000000),(36.9656827,31.9419610,2.0000000),(36.6895239,31.5418449,2.0000000),(36.9656827,31.9419610,2.0000000),(36.9294844,32.0409979,2.0000000),(36.6895239,31.5418449,2.0000000),(36.9294844,32.0409979,2.0000000),(36.8998676,32.1421845,2.0000000),(36.6895239,31.5418449,2.0000000),(36.8998676,32.1421845,2.0000000),(36.8768324,32.2455208,2.0000000),(36.6895239,31.5418449,2.0000000),(36.8768324,32.2455208,2.0000000),(36.8603786,32.3510068,2.0000000),(36.6895239,31.5418449,2.0000000),(36.8603786,32.3510068,2.0000000),(36.8505063,32.4586427,2.0000000),(36.6895239,31.5418449,2.0000000),(36.8505063,32.4586427,2.0000000),(36.8472156,32.5684282,2.0000000),(36.6895239,31.5418449,2.0000000),(36.8472156,32.5684282,2.0000000),(36.8505559,32.6782468,2.0000000),(36.9203728,33.9276589,2.0000000),(36.6895239,31.5418449,2.0000000),(36.8505559,32.6782468,2.0000000),(36.9203728,33.9276589,2.0000000),(36.8505559,32.6782468,2.0000000),(36.8605770,32.7859818,2.0000000),(36.9203728,33.9276589,2.0000000),(36.8605770,32.7859818,2.0000000),(36.8772788,32.8916333,2.0000000),(36.9203728,33.9276589,2.0000000),(36.8772788,32.8916333,2.0000000),(36.9006614,32.9952011,2.0000000),(36.9203728,33.9276589,2.0000000),(36.9006614,32.9952011,2.0000000),(36.9307247,33.0966854,2.0000000),(36.9203728,33.9276589,2.0000000),(36.9307247,33.0966854,2.0000000),(36.9674687,33.1960860,2.0000000),(36.9203728,33.9276589,2.0000000),(36.9674687,33.1960860,2.0000000),(37.0108934,33.2934031,2.0000000),(36.9203728,33.9276589,2.0000000),(37.0108934,33.2934031,2.0000000),(37.0609989,33.3886365,2.0000000),(36.9203728,33.9276589,2.0000000),(37.0609989,33.3886365,2.0000000),(37.1168425,33.4805792,2.0000000),(36.9203728,33.9276589,2.0000000),(37.1168425,33.4805792,2.0000000),(37.1774817,33.5674949,2.0000000),(36.9203728,33.9276589,2.0000000),(37.1774817,33.5674949,2.0000000),(37.2429165,33.6493834,2.0000000),(36.9203728,33.9276589,2.0000000),(37.2429165,33.6493834,2.0000000),(37.3131468,33.7262449,2.0000000),(36.9203728,33.9276589,2.0000000),(37.3131468,33.7262449,2.0000000),(37.3881727,33.7980792,2.0000000),(36.9203728,33.9276589,2.0000000),(37.3881727,33.7980792,2.0000000),(37.4679942,33.8648865,2.0000000),(36.9203728,33.9276589,2.0000000),(37.4679942,33.8648865,2.0000000),(37.5526113,33.9266667,2.0000000),(36.9203728,33.9276589,2.0000000),(37.5526113,33.9266667,2.0000000),(37.6420239,33.9834199,2.0000000),(36.9203728,33.9276589,2.0000000),(37.6420239,33.9834199,2.0000000),(37.7340989,34.0345175,2.0000000),(36.9203728,33.9276589,2.0000000),(37.7340989,34.0345175,2.0000000),(37.8267031,34.0788022,2.0000000),(36.9203728,33.9276589,2.0000000),(37.8267031,34.0788022,2.0000000),(37.9198364,34.1162738,2.0000000),(36.9203728,33.9276589,2.0000000),(37.9198364,34.1162738,2.0000000),(38.0134989,34.1469324,2.0000000),(36.9203728,33.9276589,2.0000000),(38.0134989,34.1469324,2.0000000),(38.1076906,34.1707779,2.0000000),(39.2887906,34.4385032,2.0000000),(36.9203728,33.9276589,2.0000000),(38.1076906,34.1707779,2.0000000),(39.2887906,34.4385032,2.0000000),(38.1076906,34.1707779,2.0000000),(38.2024114,34.1878105,2.0000000),(39.2887906,34.4385032,2.0000000),(38.2024114,34.1878105,2.0000000),(38.2976614,34.1980300,2.0000000),(39.2887906,34.4385032,2.0000000),(38.2976614,34.1980300,2.0000000),(38.3934406,34.2014365,2.0000000),(39.2887906,34.4385032,2.0000000),(38.3934406,34.2014365,2.0000000),(38.3997906,34.2014365,2.0000000),(39.2887906,34.4385032,2.0000000),(38.3997906,34.2014365,2.0000000),(38.4935027,34.1993529,2.0000000),(39.2887906,34.4385032,2.0000000),(38.4935027,34.1993529,2.0000000),(38.5846682,34.1931022,2.0000000),(39.2887906,34.4385032,2.0000000),(38.5846682,34.1931022,2.0000000),(38.6732870,34.1826842,2.0000000),(39.2887906,34.4385032,2.0000000),(38.6732870,34.1826842,2.0000000),(38.7593593,34.1680990,2.0000000),(39.2887906,34.4385032,2.0000000),(38.7593593,34.1680990,2.0000000),(38.8428850,34.1493467,2.0000000),(39.2887906,34.4385032,2.0000000),(38.8428850,34.1493467,2.0000000),(38.9238640,34.1264272,2.0000000),(39.2887906,34.4385032,2.0000000),(38.9238640,34.1264272,2.0000000),(39.0022964,34.0993404,2.0000000),(39.2887906,34.4385032,2.0000000),(39.0022964,34.0993404,2.0000000),(39.0781822,34.0680865,2.0000000),(37.0758156,29.7130449,2.0000000),(39.2887906,34.4385032,2.0000000),(39.0781822,34.0680865,2.0000000),(37.0758156,29.7130449,2.0000000),(39.0781822,34.0680865,2.0000000),(37.4737489,31.2730282,2.0000000),(37.0758156,29.7130449,2.0000000),(37.4737489,31.2730282,2.0000000),(37.3532973,31.3758850,2.0000000),(37.1002068,31.6810653,2.0000000),(37.0578239,31.7503365,2.0000000),(36.6895239,31.5418449,2.0000000),(37.1453348,31.6145391,2.0000000),(37.1002068,31.6810653,2.0000000),(36.6895239,31.5418449,2.0000000),(37.2438260,31.4897220,2.0000000),(37.1453348,31.6145391,2.0000000),(36.6895239,31.5418449,2.0000000),(37.3532973,31.3758850,2.0000000),(37.2438260,31.4897220,2.0000000),(36.6895239,31.5418449,2.0000000),(37.3532973,31.3758850,2.0000000),(36.6895239,31.5418449,2.0000000),(36.7474676,31.4467933,2.0000000),(37.3532973,31.3758850,2.0000000),(36.7474676,31.4467933,2.0000000),(36.8091156,31.3558428,2.0000000),(37.3532973,31.3758850,2.0000000),(36.8091156,31.3558428,2.0000000),(36.8744676,31.2689933,2.0000000),(37.3532973,31.3758850,2.0000000),(36.8744676,31.2689933,2.0000000),(36.9435239,31.1862449,2.0000000),(37.3532973,31.3758850,2.0000000),(36.9435239,31.1862449,2.0000000),(37.0162843,31.1075975,2.0000000),(37.3532973,31.3758850,2.0000000),(37.0162843,31.1075975,2.0000000),(37.0927489,31.0330511,2.0000000),(37.3532973,31.3758850,2.0000000),(37.0927489,31.0330511,2.0000000),(37.1729176,30.9626058,2.0000000),(37.3532973,31.3758850,2.0000000),(37.1729176,30.9626058,2.0000000),(37.2567906,30.8962615,2.0000000),(37.0758156,29.7130449,2.0000000),(37.3532973,31.3758850,2.0000000),(37.2567906,30.8962615,2.0000000),(37.0758156,29.7130449,2.0000000),(37.2567906,30.8962615,2.0000000),(36.7011656,29.9257699,2.0000000),(37.0758156,29.7130449,2.0000000),(36.7011656,29.9257699,2.0000000),(36.6736489,29.8241699,2.0000000),(37.0758156,29.7130449,2.0000000),(36.6736489,29.8241699,2.0000000),(36.6799989,29.7638449,2.0000000),(37.0758156,29.7130449,2.0000000),(36.6799989,29.7638449,2.0000000),(36.7191572,29.6868511,2.0000000),(37.0758156,29.7130449,2.0000000),(36.7191572,29.6868511,2.0000000),(36.7815989,29.6315532,2.0000000),(37.0758156,29.7130449,2.0000000),(36.7815989,29.6315532,2.0000000),(36.8863739,29.6040365,2.0000000),(37.0758156,29.7130449,2.0000000),(36.8863739,29.6040365,2.0000000),(36.9466989,29.6114449,2.0000000),(37.0758156,29.7130449,2.0000000),(36.9466989,29.6114449,2.0000000),(37.0191947,29.6468990,2.0000000),(40.9684317,33.5680902,2.0000000),(40.9630739,33.4330865,2.0000000),(40.9643844,33.3298164,2.0000000),(40.9684317,33.5680902,2.0000000),(40.9643844,33.3298164,2.0000000),(40.9683159,33.2306141,2.0000000),(40.9684317,33.5680902,2.0000000),(40.9683159,33.2306141,2.0000000),(40.9748685,33.1354799,2.0000000),(40.9684317,33.5680902,2.0000000),(40.9748685,33.1354799,2.0000000),(40.9840421,33.0444136,2.0000000),(40.9684317,33.5680902,2.0000000),(40.9840421,33.0444136,2.0000000),(40.9958367,32.9574153,2.0000000),(40.9684317,33.5680902,2.0000000),(40.9958367,32.9574153,2.0000000),(41.0102524,32.8744850,2.0000000),(40.9684317,33.5680902,2.0000000),(41.0102524,32.8744850,2.0000000),(41.0272891,32.7956226,2.0000000),(40.9684317,33.5680902,2.0000000),(41.0272891,32.7956226,2.0000000),(41.0469468,32.7208282,2.0000000),(40.9684317,33.5680902,2.0000000),(41.0469468,32.7208282,2.0000000),(41.0941253,32.5834433,2.0000000),(40.9684317,33.5680902,2.0000000),(41.0941253,32.5834433,2.0000000),(41.1517880,32.4623303,2.0000000),(40.9684317,33.5680902,2.0000000),(41.1517880,32.4623303,2.0000000),(41.2199347,32.3574891,2.0000000),(40.9684317,33.5680902,2.0000000),(41.2199347,32.3574891,2.0000000),(41.2985656,32.2689199,2.0000000),(40.9684317,33.5680902,2.0000000),(41.2985656,32.2689199,2.0000000),(41.3768326,32.1984746,2.0000000),(40.9684317,33.5680902,2.0000000),(41.3768326,32.1984746,2.0000000),(41.4576463,32.1374220,2.0000000),(40.9684317,33.5680902,2.0000000),(41.4576463,32.1374220,2.0000000),(41.5410066,32.0857621,2.0000000),(40.9684317,33.5680902,2.0000000),(41.5410066,32.0857621,2.0000000),(41.6269135,32.0434949,2.0000000),(40.9684317,33.5680902,2.0000000),(41.6269135,32.0434949,2.0000000),(41.7153670,32.0106204,2.0000000),(40.9684317,33.5680902,2.0000000),(41.7153670,32.0106204,2.0000000),(41.8063671,31.9871386,2.0000000),(40.9684317,33.5680902,2.0000000),(41.8063671,31.9871386,2.0000000),(41.8999139,31.9730496,2.0000000),(41.8999139,31.9730496,2.0000000),(41.9960072,31.9683532,2.0000000),(42.0851057,31.9718589,2.0000000),(41.8999139,31.9730496,2.0000000),(42.0851057,31.9718589,2.0000000),(42.1708968,31.9823761,2.0000000),(41.8999139,31.9730496,2.0000000),(42.1708968,31.9823761,2.0000000),(42.2533807,31.9999048,2.0000000),(41.8999139,31.9730496,2.0000000),(42.2533807,31.9999048,2.0000000),(42.3325572,32.0244449,2.0000000),(41.8999139,31.9730496,2.0000000),(42.3325572,32.0244449,2.0000000),(42.4084265,32.0559964,2.0000000),(41.8999139,31.9730496,2.0000000),(42.4084265,32.0559964,2.0000000),(42.4809885,32.0945595,2.0000000),(41.8999139,31.9730496,2.0000000),(42.4809885,32.0945595,2.0000000),(42.5502432,32.1401339,2.0000000),(41.8999139,31.9730496,2.0000000),(42.5502432,32.1401339,2.0000000),(42.6161906,32.1927199,2.0000000),(41.5046760,31.2934011,2.0000000),(41.4372072,31.4349532,2.0000000),(41.3541281,31.5286157,2.0000000),(41.5046760,31.2934011,2.0000000),(41.3541281,31.5286157,2.0000000),(41.2382406,31.5810032,2.0000000),(41.5991322,31.1735449,2.0000000),(41.5046760,31.2934011,2.0000000),(41.2382406,31.5810032,2.0000000),(41.5991322,31.1735449,2.0000000),(41.2382406,31.5810032,2.0000000),(41.1626359,31.5502454,2.0000000),(41.5991322,31.1735449,2.0000000),(41.1626359,31.5502454,2.0000000),(41.1019801,31.5045386,2.0000000),(41.6923317,31.0957574,2.0000000),(41.5991322,31.1735449,2.0000000),(41.1019801,31.5045386,2.0000000),(41.6923317,31.0957574,2.0000000),(41.1019801,31.5045386,2.0000000),(41.0255156,31.3682782,2.0000000),(41.7909551,31.0401949,2.0000000),(41.6923317,31.0957574,2.0000000),(41.0255156,31.3682782,2.0000000),(41.7909551,31.0401949,2.0000000),(41.0255156,31.3682782,2.0000000),(41.0329239,31.2963115,2.0000000),(41.7909551,31.0401949,2.0000000),(41.0329239,31.2963115,2.0000000),(41.0815411,31.1785720,2.0000000),(41.8950025,31.0068574,2.0000000),(41.7909551,31.0401949,2.0000000),(41.0815411,31.1785720,2.0000000),(41.8950025,31.0068574,2.0000000),(41.0815411,31.1785720,2.0000000),(41.1427260,31.0687699,2.0000000),(42.0044739,30.9957449,2.0000000),(41.8950025,31.0068574,2.0000000),(41.1427260,31.0687699,2.0000000),(42.0044739,30.9957449,2.0000000),(41.1427260,31.0687699,2.0000000),(41.2164786,30.9669053,2.0000000),(42.0044739,30.9957449,2.0000000),(41.2164786,30.9669053,2.0000000),(41.3027989,30.8729782,2.0000000),(42.0990624,31.0074527,2.0000000),(42.0044739,30.9957449,2.0000000),(41.3027989,30.8729782,2.0000000),(42.0990624,31.0074527,2.0000000),(41.3027989,30.8729782,2.0000000),(41.3797430,30.8022848,2.0000000),(42.0990624,31.0074527,2.0000000),(41.3797430,30.8022848,2.0000000),(41.4597630,30.7410173,2.0000000),(42.1997364,31.0425761,2.0000000),(42.0990624,31.0074527,2.0000000),(41.4597630,30.7410173,2.0000000),(42.1997364,31.0425761,2.0000000),(41.4597630,30.7410173,2.0000000),(41.5428587,30.6891755,2.0000000),(42.1997364,31.0425761,2.0000000),(41.5428587,30.6891755,2.0000000),(41.6290301,30.6467595,2.0000000),(42.3064958,31.1011152,2.0000000),(42.1997364,31.0425761,2.0000000),(41.6290301,30.6467595,2.0000000),(42.3064958,31.1011152,2.0000000),(41.6290301,30.6467595,2.0000000),(41.7182774,30.6137692,2.0000000),(42.4193406,31.1830699,2.0000000),(42.3064958,31.1011152,2.0000000),(41.7182774,30.6137692,2.0000000),(42.4193406,31.1830699,2.0000000),(41.7182774,30.6137692,2.0000000),(41.8106005,30.5902048,2.0000000),(42.4193406,31.1830699,2.0000000),(41.8106005,30.5902048,2.0000000),(41.9059993,30.5760661,2.0000000),(42.5054624,31.2810980,2.0000000),(42.4193406,31.1830699,2.0000000),(41.9059993,30.5760661,2.0000000),(42.5054624,31.2810980,2.0000000),(41.9059993,30.5760661,2.0000000),(42.0044739,30.5713532,2.0000000),(42.5054624,31.2810980,2.0000000),(42.0044739,30.5713532,2.0000000),(42.0893390,30.5758842,2.0000000),(42.5054624,31.2810980,2.0000000),(42.0893390,30.5758842,2.0000000),(42.1746010,30.5894772,2.0000000),(42.5669781,31.4090240,2.0000000),(42.5054624,31.2810980,2.0000000),(42.1746010,30.5894772,2.0000000),(42.5669781,31.4090240,2.0000000),(42.1746010,30.5894772,2.0000000),(42.2602598,30.6121321,2.0000000),(42.5669781,31.4090240,2.0000000),(42.2602598,30.6121321,2.0000000),(42.3463156,30.6438490,2.0000000),(42.5669781,31.4090240,2.0000000),(42.3463156,30.6438490,2.0000000),(42.4327682,30.6846279,2.0000000),(42.5885085,31.4841988,2.0000000),(42.5669781,31.4090240,2.0000000),(42.4327682,30.6846279,2.0000000),(42.5885085,31.4841988,2.0000000),(42.4327682,30.6846279,2.0000000),(42.5196176,30.7344688,2.0000000),(42.6038874,31.5668480,2.0000000),(42.5885085,31.4841988,2.0000000),(42.5196176,30.7344688,2.0000000),(42.6131148,31.6569717,2.0000000),(42.6038874,31.5668480,2.0000000),(42.5196176,30.7344688,2.0000000),(42.6131148,31.6569717,2.0000000),(42.5196176,30.7344688,2.0000000),(42.6068640,30.7933717,2.0000000),(42.6161906,31.7545699,2.0000000),(42.6131148,31.6569717,2.0000000),(42.6068640,30.7933717,2.0000000),(42.6161906,31.7545699,2.0000000),(42.6068640,30.7933717,2.0000000),(42.6945072,30.8613365,2.0000000),(42.6161906,32.1927199,2.0000000),(42.6161906,31.7545699,2.0000000),(42.6945072,30.8613365,2.0000000),(42.6161906,32.1927199,2.0000000),(42.6945072,30.8613365,2.0000000),(42.7763627,30.9390910,2.0000000),(42.6161906,32.1927199,2.0000000),(42.7763627,30.9390910,2.0000000),(42.8473041,31.0263042,2.0000000),(42.6161906,32.1927199,2.0000000),(42.8473041,31.0263042,2.0000000),(42.9073314,31.1229764,2.0000000),(42.6161906,32.1927199,2.0000000),(42.9073314,31.1229764,2.0000000),(42.9564447,31.2291074,2.0000000),(42.6161906,32.1927199,2.0000000),(42.9564447,31.2291074,2.0000000),(42.9946439,31.3446972,2.0000000),(42.6161906,32.1927199,2.0000000),(42.9946439,31.3446972,2.0000000),(43.0219291,31.4697459,2.0000000),(42.6161906,32.1927199,2.0000000),(43.0219291,31.4697459,2.0000000),(43.0383002,31.6042535,2.0000000),(42.6161906,32.1927199,2.0000000),(43.0383002,31.6042535,2.0000000),(43.0437572,31.7482199,2.0000000),(42.6161906,32.1927199,2.0000000),(43.0437572,31.7482199,2.0000000),(43.0437572,33.0647865,2.0000000),(41.8999139,31.9730496,2.0000000),(42.6161906,32.1927199,2.0000000),(43.0437572,33.0647865,2.0000000),(43.0437572,33.0647865,2.0000000),(42.6479406,33.0531449,2.0000000),(42.6324624,32.9301798,2.0000000),(43.0437572,33.0647865,2.0000000),(42.6324624,32.9301798,2.0000000),(42.5860281,32.8089345,2.0000000),(43.0437572,33.0647865,2.0000000),(42.5860281,32.8089345,2.0000000),(42.5086374,32.6894089,2.0000000),(41.8999139,31.9730496,2.0000000),(43.0437572,33.0647865,2.0000000),(42.5086374,32.6894089,2.0000000),(41.8999139,31.9730496,2.0000000),(42.5086374,32.6894089,2.0000000),(42.4002906,32.5716032,2.0000000),(41.8999139,31.9730496,2.0000000),(42.4002906,32.5716032,2.0000000),(42.3047760,32.4928897,2.0000000),(41.8999139,31.9730496,2.0000000),(42.3047760,32.4928897,2.0000000),(42.2055572,32.4366657,2.0000000),(41.8999139,31.9730496,2.0000000),(42.2055572,32.4366657,2.0000000),(42.1026343,32.4029313,2.0000000),(41.8999139,31.9730496,2.0000000),(42.1026343,32.4029313,2.0000000),(41.9960072,32.3916865,2.0000000),(41.8999139,31.9730496,2.0000000),(41.9960072,32.3916865,2.0000000),(41.8898432,32.4029313,2.0000000),(41.8999139,31.9730496,2.0000000),(41.8898432,32.4029313,2.0000000),(41.7872510,32.4366657,2.0000000),(41.8999139,31.9730496,2.0000000),(41.7872510,32.4366657,2.0000000),(41.6882307,32.4928897,2.0000000),(41.8999139,31.9730496,2.0000000),(41.6882307,32.4928897,2.0000000),(41.5927822,32.5716032,2.0000000),(41.8999139,31.9730496,2.0000000),(41.5927822,32.5716032,2.0000000),(41.5048083,32.7004553,2.0000000),(40.9684317,33.5680902,2.0000000),(41.8999139,31.9730496,2.0000000),(41.5048083,32.7004553,2.0000000),(40.9684317,33.5680902,2.0000000),(41.5048083,32.7004553,2.0000000),(41.4702471,32.7865110,2.0000000),(40.9684317,33.5680902,2.0000000),(41.4702471,32.7865110,2.0000000),(41.4419697,32.8869865,2.0000000),(40.9684317,33.5680902,2.0000000),(41.4419697,32.8869865,2.0000000),(41.4199762,33.0018818,2.0000000),(40.9684317,33.5680902,2.0000000),(41.4199762,33.0018818,2.0000000),(41.4042666,33.1311970,2.0000000),(40.9684317,33.5680902,2.0000000),(41.4042666,33.1311970,2.0000000),(41.3948408,33.2749318,2.0000000),(40.9684317,33.5680902,2.0000000),(41.3948408,33.2749318,2.0000000),(41.3916989,33.4330865,2.0000000),(40.9684317,33.5680902,2.0000000),(41.3916989,33.4330865,2.0000000),(41.3950558,33.5245001,2.0000000),(40.9684317,33.5680902,2.0000000),(41.3950558,33.5245001,2.0000000),(41.4051265,33.6108865,2.0000000),(40.9684317,33.5680902,2.0000000),(41.4051265,33.6108865,2.0000000),(41.4219110,33.6922459,2.0000000),(40.9684317,33.5680902,2.0000000),(41.4219110,33.6922459,2.0000000),(41.4454093,33.7685782,2.0000000),(40.9684317,33.5680902,2.0000000),(41.4454093,33.7685782,2.0000000),(41.5125473,33.9061615,2.0000000),(40.9684317,33.5680902,2.0000000),(41.5125473,33.9061615,2.0000000),(41.6065406,34.0236365,2.0000000),(40.9684317,33.5680902,2.0000000),(41.6065406,34.0236365,2.0000000),(41.6978218,34.1014240,2.0000000),(42.6470104,33.1443641,2.0000000),(42.6479406,33.0531449,2.0000000),(43.0437572,33.0647865,2.0000000),(42.6442199,33.2314906,2.0000000),(42.6470104,33.1443641,2.0000000),(43.0437572,33.0647865,2.0000000),(42.6330577,33.3934652,2.0000000),(42.6442199,33.2314906,2.0000000),(43.0437572,33.0647865,2.0000000),(42.6144542,33.5390687,2.0000000),(42.6330577,33.3934652,2.0000000),(43.0437572,33.0647865,2.0000000),(42.5884093,33.6683011,2.0000000),(42.6144542,33.5390687,2.0000000),(43.0437572,33.0647865,2.0000000),(42.5549230,33.7811624,2.0000000),(42.5884093,33.6683011,2.0000000),(43.0437572,33.0647865,2.0000000),(42.5139952,33.8776527,2.0000000),(42.5549230,33.7811624,2.0000000),(43.0437572,33.0647865,2.0000000),(42.4656261,33.9577718,2.0000000),(42.5139952,33.8776527,2.0000000),(43.0437572,33.0647865,2.0000000),(42.4656261,33.9577718,2.0000000),(43.0437572,33.0647865,2.0000000),(43.0424219,33.1802317,2.0000000),(42.4656261,33.9577718,2.0000000),(43.0424219,33.1802317,2.0000000),(43.0384159,33.2908234,2.0000000),(42.4656261,33.9577718,2.0000000),(43.0384159,33.2908234,2.0000000),(43.0317394,33.3965616,2.0000000),(42.4098156,34.0215199,2.0000000),(42.4656261,33.9577718,2.0000000),(43.0317394,33.3965616,2.0000000),(42.4098156,34.0215199,2.0000000),(43.0317394,33.3965616,2.0000000),(43.0223921,33.4974464,2.0000000),(42.4098156,34.0215199,2.0000000),(43.0223921,33.4974464,2.0000000),(43.0103742,33.5934778,2.0000000),(42.3131765,34.1002334,2.0000000),(42.4098156,34.0215199,2.0000000),(43.0103742,33.5934778,2.0000000),(42.3131765,34.1002334,2.0000000),(43.0103742,33.5934778,2.0000000),(42.9956857,33.6846557,2.0000000),(42.3131765,34.1002334,2.0000000),(42.9956857,33.6846557,2.0000000),(42.9783266,33.7709801,2.0000000),(42.2127010,34.1564574,2.0000000),(42.3131765,34.1002334,2.0000000),(42.9783266,33.7709801,2.0000000),(42.2127010,34.1564574,2.0000000),(42.9783266,33.7709801,2.0000000),(42.9582968,33.8524511,2.0000000),(42.2127010,34.1564574,2.0000000),(42.9582968,33.8524511,2.0000000),(42.9355964,33.9290687,2.0000000),(42.1083890,34.1901917,2.0000000),(42.2127010,34.1564574,2.0000000),(42.9355964,33.9290687,2.0000000),(42.1083890,34.1901917,2.0000000),(42.9355964,33.9290687,2.0000000),(42.9102253,34.0008328,2.0000000),(42.1083890,34.1901917,2.0000000),(42.9102253,34.0008328,2.0000000),(42.8514713,34.1298006,2.0000000),(42.0002406,34.2014365,2.0000000),(42.1083890,34.1901917,2.0000000),(42.8514713,34.1298006,2.0000000),(42.0002406,34.2014365,2.0000000),(42.8514713,34.1298006,2.0000000),(42.7820347,34.2393546,2.0000000),(42.0002406,34.2014365,2.0000000),(42.7820347,34.2393546,2.0000000),(42.7019156,34.3294949,2.0000000),(41.8946718,34.1903240,2.0000000),(42.0002406,34.2014365,2.0000000),(42.7019156,34.3294949,2.0000000),(41.8946718,34.1903240,2.0000000),(42.7019156,34.3294949,2.0000000),(42.6223090,34.3994441,2.0000000),(41.8946718,34.1903240,2.0000000),(42.6223090,34.3994441,2.0000000),(42.5401228,34.4600667,2.0000000),(41.7938656,34.1569865,2.0000000),(41.8946718,34.1903240,2.0000000),(42.5401228,34.4600667,2.0000000),(41.7938656,34.1569865,2.0000000),(42.5401228,34.4600667,2.0000000),(42.4553570,34.5113628,2.0000000),(41.7938656,34.1569865,2.0000000),(42.4553570,34.5113628,2.0000000),(42.3680114,34.5533324,2.0000000),(41.6978218,34.1014240,2.0000000),(41.7938656,34.1569865,2.0000000),(42.3680114,34.5533324,2.0000000),(41.6978218,34.1014240,2.0000000),(42.3680114,34.5533324,2.0000000),(42.2780861,34.5859753,2.0000000),(40.9684317,33.5680902,2.0000000),(41.6978218,34.1014240,2.0000000),(42.2780861,34.5859753,2.0000000),(40.9684317,33.5680902,2.0000000),(42.2780861,34.5859753,2.0000000),(42.1855812,34.6092917,2.0000000),(40.9684317,33.5680902,2.0000000),(42.1855812,34.6092917,2.0000000),(42.0904965,34.6232816,2.0000000),(40.9684317,33.5680902,2.0000000),(42.0904965,34.6232816,2.0000000),(41.9928322,34.6279449,2.0000000),(40.9684317,33.5680902,2.0000000),(41.9928322,34.6279449,2.0000000),(41.8975988,34.6231989,2.0000000),(40.9684317,33.5680902,2.0000000),(41.8975988,34.6231989,2.0000000),(41.8050442,34.6089610,2.0000000),(40.9684317,33.5680902,2.0000000),(41.8050442,34.6089610,2.0000000),(41.7151686,34.5852312,2.0000000),(40.9684317,33.5680902,2.0000000),(41.7151686,34.5852312,2.0000000),(41.6279718,34.5520095,2.0000000),(40.9684317,33.5680902,2.0000000),(41.6279718,34.5520095,2.0000000),(41.5434540,34.5092958,2.0000000),(40.9684317,33.5680902,2.0000000),(41.5434540,34.5092958,2.0000000),(41.4616150,34.4570902,2.0000000),(40.9684317,33.5680902,2.0000000),(41.4616150,34.4570902,2.0000000),(41.3824550,34.3953927,2.0000000),(40.9684317,33.5680902,2.0000000),(41.3824550,34.3953927,2.0000000),(41.3059739,34.3242032,2.0000000),(40.9684317,33.5680902,2.0000000),(41.3059739,34.3242032,2.0000000),(41.2256067,34.2364277,2.0000000),(40.9684317,33.5680902,2.0000000),(41.2256067,34.2364277,2.0000000),(41.1559551,34.1419053,2.0000000),(40.9684317,33.5680902,2.0000000),(41.1559551,34.1419053,2.0000000),(41.0970192,34.0406360,2.0000000),(40.9684317,33.5680902,2.0000000),(41.0970192,34.0406360,2.0000000),(41.0487989,33.9326199,2.0000000),(40.9684317,33.5680902,2.0000000),(41.0487989,33.9326199,2.0000000),(41.0112942,33.8178568,2.0000000),(40.9684317,33.5680902,2.0000000),(41.0112942,33.8178568,2.0000000),(40.9845051,33.6963470,2.0000000),(47.3014322,31.4910449,2.0000000),(47.3035489,31.4423615,2.0000000),(47.3274771,31.3502700,2.0000000),(47.3014322,31.4910449,2.0000000),(47.3274771,31.3502700,2.0000000),(47.3553411,31.2639662,2.0000000),(47.3014322,31.4910449,2.0000000),(47.3553411,31.2639662,2.0000000),(47.3871407,31.1834502,2.0000000),(47.3014322,31.4910449,2.0000000),(47.3871407,31.1834502,2.0000000),(47.4228760,31.1087220,2.0000000),(47.3014322,31.4910449,2.0000000),(47.4228760,31.1087220,2.0000000),(47.4625469,31.0397815,2.0000000),(47.3014322,31.4910449,2.0000000),(47.4625469,31.0397815,2.0000000),(47.5061536,30.9766287,2.0000000),(47.3014322,31.4910449,2.0000000),(47.5061536,30.9766287,2.0000000),(47.6051739,30.8676865,2.0000000),(47.3014322,31.4910449,2.0000000),(47.6051739,30.8676865,2.0000000),(47.6861529,30.7982334,2.0000000),(47.3014322,31.4910449,2.0000000),(47.6861529,30.7982334,2.0000000),(47.7692817,30.7380407,2.0000000),(47.3014322,31.4910449,2.0000000),(47.7692817,30.7380407,2.0000000),(47.8545602,30.6871084,2.0000000),(47.3014322,31.4910449,2.0000000),(47.8545602,30.6871084,2.0000000),(47.9419885,30.6454365,2.0000000),(47.3014322,31.4910449,2.0000000),(47.9419885,30.6454365,2.0000000),(48.0315665,30.6130251,2.0000000),(47.3014322,31.4910449,2.0000000),(48.0315665,30.6130251,2.0000000),(48.1232942,30.5898740,2.0000000),(47.3014322,31.4910449,2.0000000),(48.1232942,30.5898740,2.0000000),(48.2171717,30.5759834,2.0000000),(47.3014322,31.4910449,2.0000000),(48.2171717,30.5759834,2.0000000),(48.3131989,30.5713532,2.0000000),(47.3014322,31.4910449,2.0000000),(48.3131989,30.5713532,2.0000000),(48.4084489,30.5760661,2.0000000),(47.3014322,31.4910449,2.0000000),(48.4084489,30.5760661,2.0000000),(48.5010531,30.5902048,2.0000000),(47.3014322,31.4910449,2.0000000),(48.5010531,30.5902048,2.0000000),(48.5910114,30.6137692,2.0000000),(47.3014322,31.4910449,2.0000000),(48.5910114,30.6137692,2.0000000),(48.6783239,30.6467595,2.0000000),(48.6783239,30.6467595,2.0000000),(48.7629906,30.6891755,2.0000000),(48.8450114,30.7410173,2.0000000),(48.6783239,30.6467595,2.0000000),(48.8450114,30.7410173,2.0000000),(48.9243864,30.8022848,2.0000000),(48.6783239,30.6467595,2.0000000),(48.9243864,30.8022848,2.0000000),(49.0011156,30.8729782,2.0000000),(48.6783239,30.6467595,2.0000000),(49.0011156,30.8729782,2.0000000),(49.0812347,30.9612167,2.0000000),(48.6783239,30.6467595,2.0000000),(49.0812347,30.9612167,2.0000000),(49.1506713,31.0560699,2.0000000),(48.6783239,30.6467595,2.0000000),(49.1506713,31.0560699,2.0000000),(49.2094253,31.1575376,2.0000000),(48.6783239,30.6467595,2.0000000),(49.2094253,31.1575376,2.0000000),(49.2574968,31.2656199,2.0000000),(48.6783239,30.6467595,2.0000000),(49.2574968,31.2656199,2.0000000),(49.2948857,31.3803167,2.0000000),(48.6783239,30.6467595,2.0000000),(49.2948857,31.3803167,2.0000000),(49.3215921,31.5016282,2.0000000),(48.6783239,30.6467595,2.0000000),(49.3215921,31.5016282,2.0000000),(49.3376159,31.6295542,2.0000000),(48.6783239,30.6467595,2.0000000),(49.3376159,31.6295542,2.0000000),(49.3429572,31.7640949,2.0000000),(48.6783239,30.6467595,2.0000000),(49.3429572,31.7640949,2.0000000),(49.3416674,31.8673775,2.0000000),(48.6783239,30.6467595,2.0000000),(49.3416674,31.8673775,2.0000000),(49.3377978,31.9666169,2.0000000),(48.6783239,30.6467595,2.0000000),(49.3377978,31.9666169,2.0000000),(49.3313486,32.0618131,2.0000000),(48.6783239,30.6467595,2.0000000),(49.3313486,32.0618131,2.0000000),(49.3223197,32.1529662,2.0000000),(48.6783239,30.6467595,2.0000000),(49.3223197,32.1529662,2.0000000),(49.3107111,32.2400762,2.0000000),(48.6783239,30.6467595,2.0000000),(49.3107111,32.2400762,2.0000000),(49.2965228,32.3231429,2.0000000),(48.6783239,30.6467595,2.0000000),(49.2965228,32.3231429,2.0000000),(49.2797549,32.4021665,2.0000000),(48.6783239,30.6467595,2.0000000),(49.2797549,32.4021665,2.0000000),(49.2604072,32.4771470,2.0000000),(48.6783239,30.6467595,2.0000000),(49.2604072,32.4771470,2.0000000),(49.2139728,32.6149783,2.0000000),(49.2139728,32.6149783,2.0000000),(49.1572197,32.7366371,2.0000000),(49.0901478,32.8421231,2.0000000),(49.2139728,32.6149783,2.0000000),(49.0901478,32.8421231,2.0000000),(49.0127572,32.9314365,2.0000000),(49.2139728,32.6149783,2.0000000),(49.0127572,32.9314365,2.0000000),(48.9332665,33.0008897,2.0000000),(49.2139728,32.6149783,2.0000000),(48.9332665,33.0008897,2.0000000),(48.8514275,33.0610824,2.0000000),(49.2139728,32.6149783,2.0000000),(48.8514275,33.0610824,2.0000000),(48.7672404,33.1120147,2.0000000),(49.2139728,32.6149783,2.0000000),(48.7672404,33.1120147,2.0000000),(48.6807051,33.1536865,2.0000000),(49.2139728,32.6149783,2.0000000),(48.6807051,33.1536865,2.0000000),(48.5918217,33.1860980,2.0000000),(49.2139728,32.6149783,2.0000000),(48.5918217,33.1860980,2.0000000),(48.5005900,33.2092490,2.0000000),(49.2139728,32.6149783,2.0000000),(48.5005900,33.2092490,2.0000000),(48.4070102,33.2231397,2.0000000),(49.2139728,32.6149783,2.0000000),(48.4070102,33.2231397,2.0000000),(48.3110822,33.2277699,2.0000000),(49.2139728,32.6149783,2.0000000),(48.3110822,33.2277699,2.0000000),(48.2257706,33.2245122,2.0000000),(49.2139728,32.6149783,2.0000000),(48.2257706,33.2245122,2.0000000),(48.1434025,33.2147391,2.0000000),(49.2139728,32.6149783,2.0000000),(48.1434025,33.2147391,2.0000000),(48.0639779,33.1984507,2.0000000),(49.2139728,32.6149783,2.0000000),(48.0639779,33.1984507,2.0000000),(47.9874968,33.1756470,2.0000000),(49.2139728,32.6149783,2.0000000),(47.9874968,33.1756470,2.0000000),(47.8433650,33.1104933,2.0000000),(49.2139728,32.6149783,2.0000000),(47.8433650,33.1104933,2.0000000),(47.7110072,33.0192782,2.0000000),(47.7533406,34.1972032,2.0000000),(49.0286322,34.1972032,2.0000000),(49.1101239,34.2130782,2.0000000),(47.7533406,34.1972032,2.0000000),(49.1101239,34.2130782,2.0000000),(49.1789156,34.2607032,2.0000000),(47.7533406,34.1972032,2.0000000),(49.1789156,34.2607032,2.0000000),(49.2257468,34.3300240,2.0000000),(47.7533406,34.1972032,2.0000000),(49.2257468,34.3300240,2.0000000),(49.2413572,34.4109865,2.0000000),(47.7533406,34.1972032,2.0000000),(49.2413572,34.4109865,2.0000000),(49.2257468,34.4916845,2.0000000),(47.7533406,34.1972032,2.0000000),(49.2257468,34.4916845,2.0000000),(49.1789156,34.5602115,2.0000000),(47.7533406,34.1972032,2.0000000),(49.1789156,34.5602115,2.0000000),(49.1101239,34.6078365,2.0000000),(47.7533406,34.1972032,2.0000000),(49.1101239,34.6078365,2.0000000),(49.0286322,34.6237115,2.0000000),(47.7533406,34.1972032,2.0000000),(49.0286322,34.6237115,2.0000000),(47.5564906,34.6237115,2.0000000),(47.7110072,33.0192782,2.0000000),(47.7533406,34.1972032,2.0000000),(47.5564906,34.6237115,2.0000000),(47.7110072,33.0192782,2.0000000),(47.5564906,34.6237115,2.0000000),(47.4760572,34.6096886,2.0000000),(47.7110072,33.0192782,2.0000000),(47.4760572,34.6096886,2.0000000),(47.4062072,34.5676199,2.0000000),(47.7110072,33.0192782,2.0000000),(47.4062072,34.5676199,2.0000000),(47.3585822,34.5025324,2.0000000),(47.7110072,33.0192782,2.0000000),(47.3585822,34.5025324,2.0000000),(47.3427072,34.4236865,2.0000000),(47.7110072,33.0192782,2.0000000),(47.3427072,34.4236865,2.0000000),(47.2622739,32.3588782,2.0000000),(47.7110072,33.0192782,2.0000000),(47.2622739,32.3588782,2.0000000),(47.2755031,32.2795032,2.0000000),(47.7110072,33.0192782,2.0000000),(47.2755031,32.2795032,2.0000000),(47.3151906,32.2085949,2.0000000),(47.7110072,33.0192782,2.0000000),(47.3151906,32.2085949,2.0000000),(47.3802781,32.1546199,2.0000000),(47.7110072,33.0192782,2.0000000),(47.3802781,32.1546199,2.0000000),(47.4633572,32.1366282,2.0000000),(47.7110072,33.0192782,2.0000000),(47.4633572,32.1366282,2.0000000),(47.5445843,32.1501220,2.0000000),(47.7110072,33.0192782,2.0000000),(47.5445843,32.1501220,2.0000000),(47.6168156,32.1906032,2.0000000),(47.7110072,33.0192782,2.0000000),(47.6168156,32.1906032,2.0000000),(47.6792572,32.2922032,2.0000000),(47.7110072,33.0192782,2.0000000),(47.6792572,32.2922032,2.0000000),(47.7132562,32.3773329,2.0000000),(47.7110072,33.0192782,2.0000000),(47.7132562,32.3773329,2.0000000),(47.7623364,32.4612720,2.0000000),(47.7110072,33.0192782,2.0000000),(47.7623364,32.4612720,2.0000000),(47.8264978,32.5440204,2.0000000),(47.7110072,33.0192782,2.0000000),(47.8264978,32.5440204,2.0000000),(47.9057406,32.6255782,2.0000000),(47.7110072,33.0192782,2.0000000),(47.9057406,32.6255782,2.0000000),(48.0013213,32.7033657,2.0000000),(47.7110072,33.0192782,2.0000000),(48.0013213,32.7033657,2.0000000),(48.1007385,32.7589282,2.0000000),(47.7110072,33.0192782,2.0000000),(48.1007385,32.7589282,2.0000000),(48.2039921,32.7922657,2.0000000),(47.7110072,33.0192782,2.0000000),(48.2039921,32.7922657,2.0000000),(48.3110822,32.8033782,2.0000000),(47.7110072,33.0192782,2.0000000),(48.3110822,32.8033782,2.0000000),(48.4175770,32.7922657,2.0000000),(49.2139728,32.6149783,2.0000000),(47.7110072,33.0192782,2.0000000),(48.4175770,32.7922657,2.0000000),(49.2139728,32.6149783,2.0000000),(48.4175770,32.7922657,2.0000000),(48.5201031,32.7589282,2.0000000),(49.2139728,32.6149783,2.0000000),(48.5201031,32.7589282,2.0000000),(48.6186603,32.7033657,2.0000000),(49.2139728,32.6149783,2.0000000),(48.6186603,32.7033657,2.0000000),(48.7132489,32.6255782,2.0000000),(49.2139728,32.6149783,2.0000000),(48.7132489,32.6255782,2.0000000),(48.8035380,32.4969907,2.0000000),(49.2139728,32.6149783,2.0000000),(48.8035380,32.4969907,2.0000000),(48.8390087,32.4108688,2.0000000),(49.2139728,32.6149783,2.0000000),(48.8390087,32.4108688,2.0000000),(48.8680301,32.3101949,2.0000000),(49.2139728,32.6149783,2.0000000),(48.8680301,32.3101949,2.0000000),(48.8906024,32.1949688,2.0000000),(49.2139728,32.6149783,2.0000000),(48.8906024,32.1949688,2.0000000),(48.9067255,32.0651907,2.0000000),(49.2139728,32.6149783,2.0000000),(48.9067255,32.0651907,2.0000000),(48.9163993,31.9208605,2.0000000),(49.2139728,32.6149783,2.0000000),(48.9163993,31.9208605,2.0000000),(48.9196239,31.7619782,2.0000000),(49.2139728,32.6149783,2.0000000),(48.9196239,31.7619782,2.0000000),(48.9161843,31.6705316,2.0000000),(49.2139728,32.6149783,2.0000000),(48.9161843,31.6705316,2.0000000),(48.9058656,31.5840459,2.0000000),(49.2139728,32.6149783,2.0000000),(48.9058656,31.5840459,2.0000000),(48.8886676,31.5025212,2.0000000),(48.6783239,30.6467595,2.0000000),(49.2139728,32.6149783,2.0000000),(48.8886676,31.5025212,2.0000000),(48.6783239,30.6467595,2.0000000),(48.8886676,31.5025212,2.0000000),(48.8645906,31.4259574,2.0000000),(48.6783239,30.6467595,2.0000000),(48.8645906,31.4259574,2.0000000),(48.7957989,31.2877126,2.0000000),(48.6783239,30.6467595,2.0000000),(48.7957989,31.2877126,2.0000000),(48.6994906,31.1693115,2.0000000),(48.6783239,30.6467595,2.0000000),(48.6994906,31.1693115,2.0000000),(48.6082093,31.0933761,2.0000000),(48.6783239,30.6467595,2.0000000),(48.6082093,31.0933761,2.0000000),(48.5121656,31.0391365,2.0000000),(48.6783239,30.6467595,2.0000000),(48.5121656,31.0391365,2.0000000),(48.4113593,31.0065928,2.0000000),(48.6783239,30.6467595,2.0000000),(48.4113593,31.0065928,2.0000000),(48.3057906,30.9957449,2.0000000),(48.6783239,30.6467595,2.0000000),(48.3057906,30.9957449,2.0000000),(48.2031984,31.0069897,2.0000000),(48.6783239,30.6467595,2.0000000),(48.2031984,31.0069897,2.0000000),(48.1007385,31.0407240,2.0000000),(48.6783239,30.6467595,2.0000000),(48.1007385,31.0407240,2.0000000),(47.9984109,31.0969480,2.0000000),(47.3014322,31.4910449,2.0000000),(48.6783239,30.6467595,2.0000000),(47.9984109,31.0969480,2.0000000),(47.3014322,31.4910449,2.0000000),(47.9984109,31.0969480,2.0000000),(47.8962156,31.1756615,2.0000000),(47.3014322,31.4910449,2.0000000),(47.8962156,31.1756615,2.0000000),(47.7940864,31.3185365,2.0000000),(47.3014322,31.4910449,2.0000000),(47.7940864,31.3185365,2.0000000),(47.7545312,31.4185490,2.0000000),(47.3014322,31.4910449,2.0000000),(47.7545312,31.4185490,2.0000000),(47.7226489,31.5376115,2.0000000),(47.3014322,31.4910449,2.0000000),(47.7226489,31.5376115,2.0000000),(47.6785958,31.6103058,2.0000000),(47.3014322,31.4910449,2.0000000),(47.6785958,31.6103058,2.0000000),(47.6300447,31.6622303,2.0000000),(47.3014322,31.4910449,2.0000000),(47.6300447,31.6622303,2.0000000),(47.5194489,31.7037699,2.0000000),(47.3014322,31.4910449,2.0000000),(47.5194489,31.7037699,2.0000000),(47.5120406,31.7037699,2.0000000),(47.3014322,31.4910449,2.0000000),(47.5120406,31.7037699,2.0000000),(47.4381557,31.6880933,2.0000000),(47.3014322,31.4910449,2.0000000),(47.4381557,31.6880933,2.0000000),(47.3784260,31.6474136,2.0000000),(46.1520822,34.1972032,2.0000000),(45.3837322,30.8285282,2.0000000),(45.3816156,30.7798449,2.0000000),(46.1520822,34.1972032,2.0000000),(45.3816156,30.7798449,2.0000000),(45.4112489,30.6708365,2.0000000),(46.1520822,34.1972032,2.0000000),(45.4112489,30.6708365,2.0000000),(45.4676051,30.6086595,2.0000000),(46.1520822,34.1972032,2.0000000),(45.4676051,30.6086595,2.0000000),(45.5435406,30.5745282,2.0000000),(46.1520822,34.1972032,2.0000000),(45.5435406,30.5745282,2.0000000),(45.5943406,30.5713532,2.0000000),(46.1520822,34.1972032,2.0000000),(45.5943406,30.5713532,2.0000000),(45.7054656,30.6020449,2.0000000),(46.1520822,34.1972032,2.0000000),(45.7054656,30.6020449,2.0000000),(45.7668489,30.6594595,2.0000000),(46.1520822,34.1972032,2.0000000),(45.7668489,30.6594595,2.0000000),(45.7985989,30.7385699,2.0000000),(46.1520822,34.1972032,2.0000000),(45.7985989,30.7385699,2.0000000),(46.6272739,34.3644199,2.0000000),(44.7677822,34.1972032,2.0000000),(46.1520822,34.1972032,2.0000000),(46.6272739,34.3644199,2.0000000),(44.7677822,34.1972032,2.0000000),(46.6272739,34.3644199,2.0000000),(46.6315072,34.4152199,2.0000000),(44.7677822,34.1972032,2.0000000),(46.6315072,34.4152199,2.0000000),(46.5859989,34.5443365,2.0000000),(44.7677822,34.1972032,2.0000000),(46.5859989,34.5443365,2.0000000),(46.5113864,34.6038678,2.0000000),(44.7677822,34.1972032,2.0000000),(46.5113864,34.6038678,2.0000000),(46.4187822,34.6237115,2.0000000),(44.7677822,34.1972032,2.0000000),(46.4187822,34.6237115,2.0000000),(44.7677822,34.6237115,2.0000000),(44.7677822,34.1972032,2.0000000),(44.7677822,34.6237115,2.0000000),(44.6862906,34.6078365,2.0000000),(44.7677822,34.1972032,2.0000000),(44.6862906,34.6078365,2.0000000),(44.6174989,34.5602115,2.0000000),(44.7677822,34.1972032,2.0000000),(44.6174989,34.5602115,2.0000000),(44.5706676,34.4916845,2.0000000),(44.7677822,34.1972032,2.0000000),(44.5706676,34.4916845,2.0000000),(44.5550572,34.4109865,2.0000000),(44.7677822,34.1972032,2.0000000),(44.5550572,34.4109865,2.0000000),(44.5706676,34.3300240,2.0000000),(44.7677822,34.1972032,2.0000000),(44.5706676,34.3300240,2.0000000),(44.6174989,34.2607032,2.0000000),(44.7677822,34.1972032,2.0000000),(44.6174989,34.2607032,2.0000000),(44.6862906,34.2130782,2.0000000),(43.5020156,30.6017803,2.0000000),(43.5750406,30.4951532,2.0000000),(43.6816676,30.4221282,2.0000000),(43.5020156,30.6017803,2.0000000),(43.6816676,30.4221282,2.0000000),(43.8068156,30.3977865,2.0000000),(43.5020156,30.6017803,2.0000000),(43.8068156,30.3977865,2.0000000),(43.9316989,30.4221282,2.0000000),(43.5020156,30.6017803,2.0000000),(43.9316989,30.4221282,2.0000000),(44.0375322,30.4951532,2.0000000),(43.5020156,30.6017803,2.0000000),(44.0375322,30.4951532,2.0000000),(44.1105572,30.6017803,2.0000000),(43.5020156,30.6017803,2.0000000),(44.1105572,30.6017803,2.0000000),(44.1348989,30.7269282,2.0000000),(43.5020156,30.6017803,2.0000000),(44.1348989,30.7269282,2.0000000),(44.1105572,30.8520761,2.0000000),(43.5020156,30.6017803,2.0000000),(44.1105572,30.8520761,2.0000000),(44.0375322,30.9587032,2.0000000),(43.5020156,30.6017803,2.0000000),(44.0375322,30.9587032,2.0000000),(43.9316989,31.0317282,2.0000000),(43.5020156,30.6017803,2.0000000),(43.9316989,31.0317282,2.0000000),(43.8068156,31.0560699,2.0000000),(43.5020156,30.6017803,2.0000000),(43.8068156,31.0560699,2.0000000),(43.6816676,31.0317282,2.0000000),(43.5020156,30.6017803,2.0000000),(43.6816676,31.0317282,2.0000000),(43.5750406,30.9587032,2.0000000),(43.5020156,30.6017803,2.0000000),(43.5750406,30.9587032,2.0000000),(43.5020156,30.8520761,2.0000000),(43.5020156,30.6017803,2.0000000),(43.5020156,30.8520761,2.0000000),(43.4776739,30.7269282,2.0000000),(53.0758822,30.6195074,2.0000000),(53.1753656,30.5104990,2.0000000),(53.2886072,30.4829824,2.0000000),(53.0758822,30.6195074,2.0000000),(53.2886072,30.4829824,2.0000000),(53.3896781,30.5083824,2.0000000),(53.0758822,30.6195074,2.0000000),(53.3896781,30.5083824,2.0000000),(53.4664072,30.5845824,2.0000000),(53.0758822,30.6195074,2.0000000),(53.4664072,30.5845824,2.0000000),(53.4738156,30.5909324,2.0000000),(53.0758822,30.6195074,2.0000000),(53.4738156,30.5909324,2.0000000),(54.7194739,32.7583990,2.0000000),(53.0758822,30.6195074,2.0000000),(54.7194739,32.7583990,2.0000000),(54.7469906,32.8652907,2.0000000),(53.0758822,30.6195074,2.0000000),(54.7469906,32.8652907,2.0000000),(54.7192093,32.9745636,2.0000000),(53.0758822,30.6195074,2.0000000),(54.7192093,32.9745636,2.0000000),(54.6358656,33.0526157,2.0000000),(53.0758822,30.6195074,2.0000000),(54.6358656,33.0526157,2.0000000),(54.5289739,33.0822490,2.0000000),(53.0758822,30.6195074,2.0000000),(54.5289739,33.0822490,2.0000000),(54.4202301,33.0544678,2.0000000),(53.0758822,30.6195074,2.0000000),(54.4202301,33.0544678,2.0000000),(54.3437656,32.9711240,2.0000000),(53.0758822,30.6195074,2.0000000),(54.3437656,32.9711240,2.0000000),(53.5013322,31.5053324,2.0000000),(53.0758822,30.6195074,2.0000000),(53.5013322,31.5053324,2.0000000),(53.5013322,34.1130657,2.0000000),(53.5013322,34.1130657,2.0000000),(55.0877739,34.1130657,2.0000000),(55.1727051,34.1289407,2.0000000),(53.5013322,34.1130657,2.0000000),(55.1727051,34.1289407,2.0000000),(55.2433489,34.1765657,2.0000000),(53.5013322,34.1130657,2.0000000),(55.2433489,34.1765657,2.0000000),(55.2909739,34.2461511,2.0000000),(53.5013322,34.1130657,2.0000000),(55.2909739,34.2461511,2.0000000),(55.3068489,34.3279074,2.0000000),(53.5013322,34.1130657,2.0000000),(55.3068489,34.3279074,2.0000000),(55.2909739,34.4099282,2.0000000),(53.5013322,34.1130657,2.0000000),(55.2909739,34.4099282,2.0000000),(55.2433489,34.4803074,2.0000000),(53.5013322,34.1130657,2.0000000),(55.2433489,34.4803074,2.0000000),(55.1727051,34.5295199,2.0000000),(53.5013322,34.1130657,2.0000000),(55.1727051,34.5295199,2.0000000),(55.0877739,34.5459240,2.0000000),(53.5013322,34.1130657,2.0000000),(55.0877739,34.5459240,2.0000000),(53.2811989,34.5459240,2.0000000),(53.0758822,30.6195074,2.0000000),(53.5013322,34.1130657,2.0000000),(53.2811989,34.5459240,2.0000000),(53.2811989,34.5459240,2.0000000),(51.4756822,34.5459240,2.0000000),(51.3928676,34.5295199,2.0000000),(53.2811989,34.5459240,2.0000000),(51.3928676,34.5295199,2.0000000),(51.3243406,34.4803074,2.0000000),(53.2811989,34.5459240,2.0000000),(51.3243406,34.4803074,2.0000000),(51.2783031,34.4099282,2.0000000),(53.2811989,34.5459240,2.0000000),(51.2783031,34.4099282,2.0000000),(51.2629572,34.3279074,2.0000000),(53.2811989,34.5459240,2.0000000),(51.2629572,34.3279074,2.0000000),(51.2783031,34.2461511,2.0000000),(53.2811989,34.5459240,2.0000000),(51.2783031,34.2461511,2.0000000),(51.3243406,34.1765657,2.0000000),(53.2811989,34.5459240,2.0000000),(51.3243406,34.1765657,2.0000000),(51.3928676,34.1289407,2.0000000),(53.2811989,34.5459240,2.0000000),(51.3928676,34.1289407,2.0000000),(51.4756822,34.1130657,2.0000000),(53.2811989,34.5459240,2.0000000),(51.4756822,34.1130657,2.0000000),(53.0684739,34.1130657,2.0000000),(53.0758822,30.6195074,2.0000000),(53.2811989,34.5459240,2.0000000),(53.0684739,34.1130657,2.0000000),(53.0758822,30.6195074,2.0000000),(53.0684739,34.1130657,2.0000000),(53.0684739,31.5010990,2.0000000),(53.0758822,30.6195074,2.0000000),(53.0684739,31.5010990,2.0000000),(52.2122822,32.9901740,2.0000000),(53.0758822,30.6195074,2.0000000),(52.2122822,32.9901740,2.0000000),(52.1326426,33.0695490,2.0000000),(53.0758822,30.6195074,2.0000000),(52.1326426,33.0695490,2.0000000),(52.0249572,33.0960074,2.0000000),(53.0758822,30.6195074,2.0000000),(52.0249572,33.0960074,2.0000000),(51.9138322,33.0684907,2.0000000),(53.0758822,30.6195074,2.0000000),(51.9138322,33.0684907,2.0000000),(51.8320760,32.9888511,2.0000000),(53.0758822,30.6195074,2.0000000),(51.8320760,32.9888511,2.0000000),(51.8048239,32.8790490,2.0000000),(53.0758822,30.6195074,2.0000000),(51.8048239,32.8790490,2.0000000),(51.8365739,32.7700407,2.0000000),(56.9335072,30.9666407,2.0000000),(58.1050822,32.5573157,2.0000000),(58.1695744,32.6510609,2.0000000),(56.9335072,30.9666407,2.0000000),(58.1695744,32.6510609,2.0000000),(58.2254676,32.7486756,2.0000000),(56.9335072,30.9666407,2.0000000),(58.2254676,32.7486756,2.0000000),(58.2727619,32.8501598,2.0000000),(56.9335072,30.9666407,2.0000000),(58.2727619,32.8501598,2.0000000),(58.3114572,32.9555136,2.0000000),(56.9335072,30.9666407,2.0000000),(58.3114572,32.9555136,2.0000000),(58.3415536,33.0647369,2.0000000),(56.9335072,30.9666407,2.0000000),(58.3415536,33.0647369,2.0000000),(58.3630510,33.1778298,2.0000000),(56.9335072,30.9666407,2.0000000),(58.3630510,33.1778298,2.0000000),(58.3759494,33.2947921,2.0000000),(56.9335072,30.9666407,2.0000000),(58.3759494,33.2947921,2.0000000),(58.3802489,33.4156240,2.0000000),(56.9335072,30.9666407,2.0000000),(58.3802489,33.4156240,2.0000000),(58.3751226,33.5405901,2.0000000),(56.9335072,30.9666407,2.0000000),(58.3751226,33.5405901,2.0000000),(58.3597437,33.6609589,2.0000000),(56.9335072,30.9666407,2.0000000),(58.3597437,33.6609589,2.0000000),(58.3341122,33.7767307,2.0000000),(56.9335072,30.9666407,2.0000000),(58.3341122,33.7767307,2.0000000),(58.2982281,33.8879053,2.0000000),(58.2982281,33.8879053,2.0000000),(58.2520913,33.9944828,2.0000000),(58.1957020,34.0964631,2.0000000),(58.2982281,33.8879053,2.0000000),(58.1957020,34.0964631,2.0000000),(58.1290601,34.1938463,2.0000000),(58.2982281,33.8879053,2.0000000),(58.1290601,34.1938463,2.0000000),(58.0521656,34.2866324,2.0000000),(58.2982281,33.8879053,2.0000000),(58.0521656,34.2866324,2.0000000),(57.9792728,34.3598062,2.0000000),(58.2982281,33.8879053,2.0000000),(57.9792728,34.3598062,2.0000000),(57.9018822,34.4232235,2.0000000),(58.2982281,33.8879053,2.0000000),(57.9018822,34.4232235,2.0000000),(57.8199937,34.4768843,2.0000000),(58.2982281,33.8879053,2.0000000),(57.8199937,34.4768843,2.0000000),(57.7336072,34.5207886,2.0000000),(58.2982281,33.8879053,2.0000000),(57.7336072,34.5207886,2.0000000),(57.6427228,34.5549364,2.0000000),(58.2982281,33.8879053,2.0000000),(57.6427228,34.5549364,2.0000000),(57.5473406,34.5793277,2.0000000),(58.2982281,33.8879053,2.0000000),(57.5473406,34.5793277,2.0000000),(57.4474603,34.5939624,2.0000000),(58.2982281,33.8879053,2.0000000),(57.4474603,34.5939624,2.0000000),(57.3430822,34.5988407,2.0000000),(58.2982281,33.8879053,2.0000000),(57.3430822,34.5988407,2.0000000),(57.2445745,34.5940617,2.0000000),(58.2982281,33.8879053,2.0000000),(57.2445745,34.5940617,2.0000000),(57.1490765,34.5797246,2.0000000),(58.2982281,33.8879053,2.0000000),(57.1490765,34.5797246,2.0000000),(57.0565881,34.5558294,2.0000000),(58.2982281,33.8879053,2.0000000),(57.0565881,34.5558294,2.0000000),(56.9671093,34.5223761,2.0000000),(58.2982281,33.8879053,2.0000000),(56.9671093,34.5223761,2.0000000),(56.8806402,34.4793648,2.0000000),(58.2982281,33.8879053,2.0000000),(56.8806402,34.4793648,2.0000000),(56.7971807,34.4267954,2.0000000),(56.7971807,34.4267954,2.0000000),(56.7167308,34.3646679,2.0000000),(56.6392906,34.2929824,2.0000000),(56.7971807,34.4267954,2.0000000),(56.6392906,34.2929824,2.0000000),(56.5601636,34.2064636,2.0000000),(56.7971807,34.4267954,2.0000000),(56.5601636,34.2064636,2.0000000),(56.4915869,34.1135949,2.0000000),(56.7971807,34.4267954,2.0000000),(56.4915869,34.1135949,2.0000000),(56.4335605,34.0143761,2.0000000),(56.7971807,34.4267954,2.0000000),(56.4335605,34.0143761,2.0000000),(56.3860843,33.9088074,2.0000000),(56.7971807,34.4267954,2.0000000),(56.3860843,33.9088074,2.0000000),(56.3491584,33.7968886,2.0000000),(56.7971807,34.4267954,2.0000000),(56.3491584,33.7968886,2.0000000),(56.3227827,33.6786199,2.0000000),(56.7971807,34.4267954,2.0000000),(56.3227827,33.6786199,2.0000000),(56.3069574,33.5540011,2.0000000),(56.7971807,34.4267954,2.0000000),(56.3069574,33.5540011,2.0000000),(56.3016822,33.4230324,2.0000000),(56.7971807,34.4267954,2.0000000),(56.3016822,33.4230324,2.0000000),(56.3016822,33.4177407,2.0000000),(56.7971807,34.4267954,2.0000000),(56.3016822,33.4177407,2.0000000),(56.3172926,33.3362490,2.0000000),(56.7971807,34.4267954,2.0000000),(56.3172926,33.3362490,2.0000000),(56.3641239,33.2674574,2.0000000),(56.7971807,34.4267954,2.0000000),(56.3641239,33.2674574,2.0000000),(56.4329156,33.2206261,2.0000000),(56.7971807,34.4267954,2.0000000),(56.4329156,33.2206261,2.0000000),(56.5144072,33.2050157,2.0000000),(56.7971807,34.4267954,2.0000000),(56.5144072,33.2050157,2.0000000),(56.5958989,33.2206261,2.0000000),(56.7971807,34.4267954,2.0000000),(56.5958989,33.2206261,2.0000000),(56.6646906,33.2674574,2.0000000),(56.7971807,34.4267954,2.0000000),(56.6646906,33.2674574,2.0000000),(56.7123156,33.3362490,2.0000000),(56.7123156,33.3362490,2.0000000),(56.7281906,33.4177407,2.0000000),(56.7281906,33.4230324,2.0000000),(56.7123156,33.3362490,2.0000000),(56.7281906,33.4230324,2.0000000),(56.7315144,33.5099480,2.0000000),(56.7971807,34.4267954,2.0000000),(56.7123156,33.3362490,2.0000000),(56.7315144,33.5099480,2.0000000),(56.7971807,34.4267954,2.0000000),(56.7315144,33.5099480,2.0000000),(56.7414859,33.5923657,2.0000000),(56.7971807,34.4267954,2.0000000),(56.7414859,33.5923657,2.0000000),(56.7581050,33.6702855,2.0000000),(56.7971807,34.4267954,2.0000000),(56.7581050,33.6702855,2.0000000),(56.7813718,33.7437074,2.0000000),(56.7971807,34.4267954,2.0000000),(56.7813718,33.7437074,2.0000000),(56.8478484,33.8770574,2.0000000),(56.7971807,34.4267954,2.0000000),(56.8478484,33.8770574,2.0000000),(56.9409156,33.9924157,2.0000000),(56.7971807,34.4267954,2.0000000),(56.9409156,33.9924157,2.0000000),(57.0317999,34.0711292,2.0000000),(56.7971807,34.4267954,2.0000000),(57.0317999,34.0711292,2.0000000),(57.1287697,34.1273532,2.0000000),(56.7971807,34.4267954,2.0000000),(57.1287697,34.1273532,2.0000000),(57.2318249,34.1610876,2.0000000),(56.7971807,34.4267954,2.0000000),(57.2318249,34.1610876,2.0000000),(57.3409656,34.1723324,2.0000000),(56.7971807,34.4267954,2.0000000),(57.3409656,34.1723324,2.0000000),(57.4542072,34.1614845,2.0000000),(56.7971807,34.4267954,2.0000000),(57.4542072,34.1614845,2.0000000),(57.5579239,34.1289407,2.0000000),(58.2982281,33.8879053,2.0000000),(56.7971807,34.4267954,2.0000000),(57.5579239,34.1289407,2.0000000),(58.2982281,33.8879053,2.0000000),(57.5579239,34.1289407,2.0000000),(57.6521156,34.0747011,2.0000000),(58.2982281,33.8879053,2.0000000),(57.6521156,34.0747011,2.0000000),(57.7367822,33.9987657,2.0000000),(58.2982281,33.8879053,2.0000000),(57.7367822,33.9987657,2.0000000),(57.7883760,33.9375973,2.0000000),(58.2982281,33.8879053,2.0000000),(57.7883760,33.9375973,2.0000000),(57.8330906,33.8731548,2.0000000),(58.2982281,33.8879053,2.0000000),(57.8330906,33.8731548,2.0000000),(57.9018822,33.7344470,2.0000000),(58.2982281,33.8879053,2.0000000),(57.9018822,33.7344470,2.0000000),(57.9431572,33.5826423,2.0000000),(58.2982281,33.8879053,2.0000000),(57.9431572,33.5826423,2.0000000),(57.9534760,33.5018286,2.0000000),(58.2982281,33.8879053,2.0000000),(57.9534760,33.5018286,2.0000000),(57.9569156,33.4177407,2.0000000),(58.2982281,33.8879053,2.0000000),(57.9569156,33.4177407,2.0000000),(57.9539886,33.3310235,2.0000000),(58.2982281,33.8879053,2.0000000),(57.9539886,33.3310235,2.0000000),(57.9452077,33.2476136,2.0000000),(58.2982281,33.8879053,2.0000000),(57.9452077,33.2476136,2.0000000),(57.9305730,33.1675110,2.0000000),(58.2982281,33.8879053,2.0000000),(57.9305730,33.1675110,2.0000000),(57.9100843,33.0907157,2.0000000),(58.2982281,33.8879053,2.0000000),(57.9100843,33.0907157,2.0000000),(57.8515452,32.9470470,2.0000000),(56.9335072,30.9666407,2.0000000),(58.2982281,33.8879053,2.0000000),(57.8515452,32.9470470,2.0000000),(56.9335072,30.9666407,2.0000000),(57.8515452,32.9470470,2.0000000),(57.7695906,32.8166074,2.0000000),(56.9335072,30.9666407,2.0000000),(57.7695906,32.8166074,2.0000000),(56.3461322,30.8830324,2.0000000),(58.1696406,30.9666407,2.0000000),(56.9335072,30.9666407,2.0000000),(56.3461322,30.8830324,2.0000000),(58.1696406,30.9666407,2.0000000),(56.3461322,30.8830324,2.0000000),(56.2995656,30.7581490,2.0000000),(58.1696406,30.9666407,2.0000000),(56.2995656,30.7581490,2.0000000),(56.3016822,30.7232240,2.0000000),(58.1696406,30.9666407,2.0000000),(56.3016822,30.7232240,2.0000000),(56.3281406,30.6446428,2.0000000),(58.1696406,30.9666407,2.0000000),(56.3281406,30.6446428,2.0000000),(56.3799989,30.5888157,2.0000000),(58.1696406,30.9666407,2.0000000),(56.3799989,30.5888157,2.0000000),(56.4485260,30.5538907,2.0000000),(58.1696406,30.9666407,2.0000000),(56.4485260,30.5538907,2.0000000),(56.5144072,30.5422490,2.0000000),(58.1696406,30.9666407,2.0000000),(56.5144072,30.5422490,2.0000000),(58.1696406,30.5422490,2.0000000),(58.1696406,30.9666407,2.0000000),(58.1696406,30.5422490,2.0000000),(58.2529843,30.5573303,2.0000000),(58.1696406,30.9666407,2.0000000),(58.2529843,30.5573303,2.0000000),(58.3209822,30.6025740,2.0000000),(58.1696406,30.9666407,2.0000000),(58.3209822,30.6025740,2.0000000),(58.3654322,30.6705720,2.0000000),(58.1696406,30.9666407,2.0000000),(58.3654322,30.6705720,2.0000000),(58.3802489,30.7539157,2.0000000),(58.1696406,30.9666407,2.0000000),(58.3802489,30.7539157,2.0000000),(58.3654322,30.8380532,2.0000000),(58.1696406,30.9666407,2.0000000),(58.3654322,30.8380532,2.0000000),(58.3209822,30.9063157,2.0000000),(58.1696406,30.9666407,2.0000000),(58.3209822,30.9063157,2.0000000),(58.2551010,30.9515595,2.0000000),(33.5938989,37.3615199,2.0000000),(33.6909514,37.3208402,2.0000000),(33.7889630,37.2855845,2.0000000),(33.5938989,37.3615199,2.0000000),(33.7889630,37.2855845,2.0000000),(33.8879337,37.2557527,2.0000000),(33.5938989,37.3615199,2.0000000),(33.8879337,37.2557527,2.0000000),(33.9878635,37.2313449,2.0000000),(33.5938989,37.3615199,2.0000000),(33.9878635,37.2313449,2.0000000),(34.0887524,37.2123610,2.0000000),(33.5938989,37.3615199,2.0000000),(34.0887524,37.2123610,2.0000000),(34.1906005,37.1988011,2.0000000),(33.5938989,37.3615199,2.0000000),(34.1906005,37.1988011,2.0000000),(34.2934076,37.1906652,2.0000000),(33.5938989,37.3615199,2.0000000),(34.2934076,37.1906652,2.0000000),(34.3971739,37.1879532,2.0000000),(33.5938989,37.3615199,2.0000000),(34.3971739,37.1879532,2.0000000),(34.5329547,37.1922692,2.0000000),(33.5938989,37.3615199,2.0000000),(34.5329547,37.1922692,2.0000000),(34.6661890,37.2052173,2.0000000),(33.5938989,37.3615199,2.0000000),(34.6661890,37.2052173,2.0000000),(34.7968766,37.2267973,2.0000000),(33.5938989,37.3615199,2.0000000),(34.7968766,37.2267973,2.0000000),(34.9250176,37.2570095,2.0000000),(33.5938989,37.3615199,2.0000000),(34.9250176,37.2570095,2.0000000),(35.0506120,37.2958536,2.0000000),(33.5938989,37.3615199,2.0000000),(35.0506120,37.2958536,2.0000000),(35.1736598,37.3433298,2.0000000),(33.5938989,37.3615199,2.0000000),(35.1736598,37.3433298,2.0000000),(35.2941610,37.3994380,2.0000000),(33.5938989,37.3615199,2.0000000),(35.2941610,37.3994380,2.0000000),(35.4121156,37.4641782,2.0000000),(33.5938989,37.3615199,2.0000000),(35.4121156,37.4641782,2.0000000),(35.5256880,37.5365748,2.0000000),(33.5938989,37.3615199,2.0000000),(35.5256880,37.5365748,2.0000000),(35.6330426,37.6151230,2.0000000),(33.5938989,37.3615199,2.0000000),(35.6330426,37.6151230,2.0000000),(35.7341796,37.6998227,2.0000000),(33.5938989,37.3615199,2.0000000),(35.7341796,37.6998227,2.0000000),(35.8290989,37.7906740,2.0000000),(33.5938989,37.3615199,2.0000000),(35.8290989,37.7906740,2.0000000),(35.9178005,37.8876769,2.0000000),(35.9178005,37.8876769,2.0000000),(36.0002843,37.9908313,2.0000000),(36.0765505,38.1001373,2.0000000),(35.9178005,37.8876769,2.0000000),(36.0765505,38.1001373,2.0000000),(36.1465989,38.2155949,2.0000000),(35.9178005,37.8876769,2.0000000),(36.1465989,38.2155949,2.0000000),(36.2096028,38.3353684,2.0000000),(35.9178005,37.8876769,2.0000000),(36.2096028,38.3353684,2.0000000),(36.2642062,38.4576225,2.0000000),(35.9178005,37.8876769,2.0000000),(36.2642062,38.4576225,2.0000000),(36.3104090,38.5823570,2.0000000),(35.9178005,37.8876769,2.0000000),(36.3104090,38.5823570,2.0000000),(36.3482114,38.7095720,2.0000000),(35.9178005,37.8876769,2.0000000),(36.3482114,38.7095720,2.0000000),(36.3776132,38.8392674,2.0000000),(35.9178005,37.8876769,2.0000000),(36.3776132,38.8392674,2.0000000),(36.3986145,38.9714433,2.0000000),(35.9178005,37.8876769,2.0000000),(36.3986145,38.9714433,2.0000000),(36.4112153,39.1060997,2.0000000),(35.9178005,37.8876769,2.0000000),(36.4112153,39.1060997,2.0000000),(36.4154156,39.2432365,2.0000000),(35.9178005,37.8876769,2.0000000),(36.4154156,39.2432365,2.0000000),(36.4112153,39.3748667,2.0000000),(35.9178005,37.8876769,2.0000000),(36.4112153,39.3748667,2.0000000),(36.3986145,39.5057032,2.0000000),(35.9178005,37.8876769,2.0000000),(36.3986145,39.5057032,2.0000000),(36.3776132,39.6357459,2.0000000),(35.9178005,37.8876769,2.0000000),(36.3776132,39.6357459,2.0000000),(36.3482114,39.7649949,2.0000000),(35.9178005,37.8876769,2.0000000),(36.3482114,39.7649949,2.0000000),(36.3104090,39.8934501,2.0000000),(35.9178005,37.8876769,2.0000000),(36.3104090,39.8934501,2.0000000),(36.2642062,40.0211115,2.0000000),(36.2642062,40.0211115,2.0000000),(35.8724244,39.8796256,2.0000000),(35.9089865,39.7817463,2.0000000),(36.2642062,40.0211115,2.0000000),(35.9089865,39.7817463,2.0000000),(35.9389010,39.6805928,2.0000000),(36.2642062,40.0211115,2.0000000),(35.9389010,39.6805928,2.0000000),(35.9621678,39.5761651,2.0000000),(36.2642062,40.0211115,2.0000000),(35.9621678,39.5761651,2.0000000),(35.9787869,39.4684631,2.0000000),(36.2642062,40.0211115,2.0000000),(35.9787869,39.4684631,2.0000000),(35.9887584,39.3574869,2.0000000),(36.2642062,40.0211115,2.0000000),(35.9887584,39.3574869,2.0000000),(35.9920822,39.2432365,2.0000000),(36.2642062,40.0211115,2.0000000),(35.9920822,39.2432365,2.0000000),(35.9887253,39.1332029,2.0000000),(35.9178005,37.8876769,2.0000000),(36.2642062,40.0211115,2.0000000),(35.9887253,39.1332029,2.0000000),(35.9178005,37.8876769,2.0000000),(35.9887253,39.1332029,2.0000000),(35.9786546,39.0253522,2.0000000),(35.9178005,37.8876769,2.0000000),(35.9786546,39.0253522,2.0000000),(35.9618701,38.9196842,2.0000000),(35.9178005,37.8876769,2.0000000),(35.9618701,38.9196842,2.0000000),(35.9383718,38.8161990,2.0000000),(35.9178005,37.8876769,2.0000000),(35.9383718,38.8161990,2.0000000),(35.9081597,38.7148967,2.0000000),(35.9178005,37.8876769,2.0000000),(35.9081597,38.7148967,2.0000000),(35.8712338,38.6157772,2.0000000),(35.9178005,37.8876769,2.0000000),(35.8712338,38.6157772,2.0000000),(35.8275941,38.5188404,2.0000000),(35.9178005,37.8876769,2.0000000),(35.8275941,38.5188404,2.0000000),(35.7772406,38.4240865,2.0000000),(35.9178005,37.8876769,2.0000000),(35.7772406,38.4240865,2.0000000),(35.7213969,38.3328714,2.0000000),(35.9178005,37.8876769,2.0000000),(35.7213969,38.3328714,2.0000000),(35.6607577,38.2465511,2.0000000),(35.9178005,37.8876769,2.0000000),(35.6607577,38.2465511,2.0000000),(35.5953230,38.1651256,2.0000000),(35.9178005,37.8876769,2.0000000),(35.5953230,38.1651256,2.0000000),(35.5250926,38.0885949,2.0000000),(35.9178005,37.8876769,2.0000000),(35.5250926,38.0885949,2.0000000),(35.4500667,38.0169589,2.0000000),(35.9178005,37.8876769,2.0000000),(35.4500667,38.0169589,2.0000000),(35.3702452,37.9502178,2.0000000),(35.9178005,37.8876769,2.0000000),(35.3702452,37.9502178,2.0000000),(35.2856282,37.8883714,2.0000000),(35.9178005,37.8876769,2.0000000),(35.2856282,37.8883714,2.0000000),(35.1962156,37.8314199,2.0000000),(35.9178005,37.8876769,2.0000000),(35.1962156,37.8314199,2.0000000),(35.1036279,37.7803222,2.0000000),(35.9178005,37.8876769,2.0000000),(35.1036279,37.7803222,2.0000000),(35.0089567,37.7360376,2.0000000),(35.9178005,37.8876769,2.0000000),(35.0089567,37.7360376,2.0000000),(34.9122019,37.6985660,2.0000000),(35.9178005,37.8876769,2.0000000),(34.9122019,37.6985660,2.0000000),(34.8133635,37.6679074,2.0000000),(33.5938989,37.3615199,2.0000000),(35.9178005,37.8876769,2.0000000),(34.8133635,37.6679074,2.0000000),(33.5938989,37.3615199,2.0000000),(34.8133635,37.6679074,2.0000000),(34.7124415,37.6440618,2.0000000),(33.5938989,37.3615199,2.0000000),(34.7124415,37.6440618,2.0000000),(34.6094359,37.6270292,2.0000000),(33.5938989,37.3615199,2.0000000),(34.6094359,37.6270292,2.0000000),(34.5043467,37.6168097,2.0000000),(33.5938989,37.3615199,2.0000000),(34.5043467,37.6168097,2.0000000),(34.3971739,37.6134032,2.0000000),(33.5938989,37.3615199,2.0000000),(34.3971739,37.6134032,2.0000000),(34.2435833,37.6204808,2.0000000),(33.5938989,37.3615199,2.0000000),(34.2435833,37.6204808,2.0000000),(34.0939614,37.6417136,2.0000000),(33.5938989,37.3615199,2.0000000),(34.0939614,37.6417136,2.0000000),(33.9483083,37.6771016,2.0000000),(33.5938989,37.3615199,2.0000000),(33.9483083,37.6771016,2.0000000),(33.8066239,37.7266449,2.0000000),(33.5938989,37.3615199,2.0000000),(33.8066239,37.7266449,2.0000000),(35.4036489,40.5100615,2.0000000),(33.0329822,36.3867949,2.0000000),(33.5938989,37.3615199,2.0000000),(35.4036489,40.5100615,2.0000000),(35.8292146,39.9742307,2.0000000),(35.8724244,39.8796256,2.0000000),(36.2642062,40.0211115,2.0000000),(35.7793572,40.0655615,2.0000000),(35.8292146,39.9742307,2.0000000),(36.2642062,40.0211115,2.0000000),(35.7114255,40.1695428,2.0000000),(35.7793572,40.0655615,2.0000000),(36.2642062,40.0211115,2.0000000),(35.6261635,40.2782865,2.0000000),(35.7114255,40.1695428,2.0000000),(36.2642062,40.0211115,2.0000000),(35.5770337,40.3344443,2.0000000),(35.6261635,40.2782865,2.0000000),(36.2642062,40.0211115,2.0000000),(35.5235713,40.3917928,2.0000000),(35.5770337,40.3344443,2.0000000),(36.2642062,40.0211115,2.0000000),(35.4657764,40.4503318,2.0000000),(35.5235713,40.3917928,2.0000000),(36.2642062,40.0211115,2.0000000),(35.4036489,40.5100615,2.0000000),(35.4657764,40.4503318,2.0000000),(36.2642062,40.0211115,2.0000000),(35.4036489,40.5100615,2.0000000),(36.2642062,40.0211115,2.0000000),(36.2096028,40.1479792,2.0000000),(35.4036489,40.5100615,2.0000000),(36.2096028,40.1479792,2.0000000),(36.1465989,40.2740532,2.0000000),(35.4036489,40.5100615,2.0000000),(36.1465989,40.2740532,2.0000000),(36.0964107,40.3607704,2.0000000),(35.4036489,40.5100615,2.0000000),(36.0964107,40.3607704,2.0000000),(36.0416255,40.4441803,2.0000000),(35.4036489,40.5100615,2.0000000),(36.0416255,40.4441803,2.0000000),(35.9822430,40.5242829,2.0000000),(35.4036489,40.5100615,2.0000000),(35.9822430,40.5242829,2.0000000),(35.9182635,40.6010782,2.0000000),(35.4036489,40.5100615,2.0000000),(35.9182635,40.6010782,2.0000000),(35.8496868,40.6745662,2.0000000),(35.4036489,40.5100615,2.0000000),(35.8496868,40.6745662,2.0000000),(35.7765130,40.7447470,2.0000000),(35.4036489,40.5100615,2.0000000),(35.7765130,40.7447470,2.0000000),(35.6987420,40.8116204,2.0000000),(35.4036489,40.5100615,2.0000000),(35.6987420,40.8116204,2.0000000),(35.6163739,40.8751865,2.0000000),(35.4036489,40.5100615,2.0000000),(35.6163739,40.8751865,2.0000000),(36.1582406,41.8276865,2.0000000),(33.0329822,36.3867949,2.0000000),(35.4036489,40.5100615,2.0000000),(36.1582406,41.8276865,2.0000000),(33.0329822,36.3867949,2.0000000),(36.1582406,41.8276865,2.0000000),(36.1868156,41.9314032,2.0000000),(33.0329822,36.3867949,2.0000000),(36.1868156,41.9314032,2.0000000),(36.1794072,41.9917282,2.0000000),(33.0329822,36.3867949,2.0000000),(36.1794072,41.9917282,2.0000000),(36.1407781,42.0668699,2.0000000),(33.0329822,36.3867949,2.0000000),(36.1407781,42.0668699,2.0000000),(36.0756906,42.1208449,2.0000000),(33.0329822,36.3867949,2.0000000),(36.0756906,42.1208449,2.0000000),(35.9730322,42.1515365,2.0000000),(33.0329822,36.3867949,2.0000000),(35.9730322,42.1515365,2.0000000),(35.9127072,42.1441282,2.0000000),(33.0329822,36.3867949,2.0000000),(35.9127072,42.1441282,2.0000000),(35.8370364,42.1054990,2.0000000),(33.0329822,36.3867949,2.0000000),(35.8370364,42.1054990,2.0000000),(35.7814739,42.0404115,2.0000000),(33.0329822,36.3867949,2.0000000),(35.7814739,42.0404115,2.0000000),(35.2459572,41.1122532,2.0000000),(35.2459572,41.1122532,2.0000000),(35.1453494,41.1566536,2.0000000),(35.0414343,41.1951339,2.0000000),(35.2459572,41.1122532,2.0000000),(35.0414343,41.1951339,2.0000000),(34.9342119,41.2276942,2.0000000),(35.2459572,41.1122532,2.0000000),(34.9342119,41.2276942,2.0000000),(34.8236822,41.2543345,2.0000000),(35.2459572,41.1122532,2.0000000),(34.8236822,41.2543345,2.0000000),(34.7098452,41.2750546,2.0000000),(35.2459572,41.1122532,2.0000000),(34.7098452,41.2750546,2.0000000),(34.5927010,41.2898548,2.0000000),(35.2459572,41.1122532,2.0000000),(34.5927010,41.2898548,2.0000000),(34.4722494,41.2987348,2.0000000),(35.2459572,41.1122532,2.0000000),(34.4722494,41.2987348,2.0000000),(34.3484906,41.3016949,2.0000000),(35.2459572,41.1122532,2.0000000),(34.3484906,41.3016949,2.0000000),(34.2238883,41.2973623,2.0000000),(35.2459572,41.1122532,2.0000000),(34.2238883,41.2973623,2.0000000),(34.1003775,41.2843647,2.0000000),(35.2459572,41.1122532,2.0000000),(34.1003775,41.2843647,2.0000000),(33.9779581,41.2627019,2.0000000),(35.2459572,41.1122532,2.0000000),(33.9779581,41.2627019,2.0000000),(33.8566301,41.2323740,2.0000000),(35.2459572,41.1122532,2.0000000),(33.8566301,41.2323740,2.0000000),(33.7363936,41.1933811,2.0000000),(35.2459572,41.1122532,2.0000000),(33.7363936,41.1933811,2.0000000),(33.6172484,41.1457230,2.0000000),(35.2459572,41.1122532,2.0000000),(33.6172484,41.1457230,2.0000000),(33.4991946,41.0893998,2.0000000),(35.2459572,41.1122532,2.0000000),(33.4991946,41.0893998,2.0000000),(33.3822322,41.0244115,2.0000000),(35.2459572,41.1122532,2.0000000),(33.3822322,41.0244115,2.0000000),(33.2691228,40.9522464,2.0000000),(35.2459572,41.1122532,2.0000000),(33.2691228,40.9522464,2.0000000),(33.1620989,40.8738636,2.0000000),(35.2459572,41.1122532,2.0000000),(33.1620989,40.8738636,2.0000000),(33.0611603,40.7892631,2.0000000),(35.2459572,41.1122532,2.0000000),(33.0611603,40.7892631,2.0000000),(32.9663072,40.6984449,2.0000000),(35.2459572,41.1122532,2.0000000),(32.9663072,40.6984449,2.0000000),(32.8775395,40.6014089,2.0000000),(32.8775395,40.6014089,2.0000000),(32.7948572,40.4981553,2.0000000),(32.7182603,40.3886839,2.0000000),(32.8775395,40.6014089,2.0000000),(32.7182603,40.3886839,2.0000000),(32.6477489,40.2729949,2.0000000),(32.8775395,40.6014089,2.0000000),(32.6477489,40.2729949,2.0000000),(32.5844969,40.1531882,2.0000000),(32.8775395,40.6014089,2.0000000),(32.5844969,40.1531882,2.0000000),(32.5296786,40.0308350,2.0000000),(32.8775395,40.6014089,2.0000000),(32.5296786,40.0308350,2.0000000),(32.4832938,39.9059351,2.0000000),(32.8775395,40.6014089,2.0000000),(32.4832938,39.9059351,2.0000000),(32.4453426,39.7784886,2.0000000),(32.8775395,40.6014089,2.0000000),(32.4453426,39.7784886,2.0000000),(32.4158251,39.6484955,2.0000000),(32.8775395,40.6014089,2.0000000),(32.4158251,39.6484955,2.0000000),(32.3947411,39.5159558,2.0000000),(32.8775395,40.6014089,2.0000000),(32.3947411,39.5159558,2.0000000),(32.3820907,39.3808695,2.0000000),(32.8775395,40.6014089,2.0000000),(32.3820907,39.3808695,2.0000000),(32.3778739,39.2432365,2.0000000),(32.8775395,40.6014089,2.0000000),(32.3778739,39.2432365,2.0000000),(32.3820741,39.1051736,2.0000000),(32.8775395,40.6014089,2.0000000),(32.3820741,39.1051736,2.0000000),(32.3946749,38.9698558,2.0000000),(32.8775395,40.6014089,2.0000000),(32.3946749,38.9698558,2.0000000),(32.4156762,38.8372830,2.0000000),(32.8775395,40.6014089,2.0000000),(32.4156762,38.8372830,2.0000000),(32.4450781,38.7074553,2.0000000),(32.8775395,40.6014089,2.0000000),(32.4450781,38.7074553,2.0000000),(32.4828804,38.5803726,2.0000000),(32.8775395,40.6014089,2.0000000),(32.4828804,38.5803726,2.0000000),(32.5290833,38.4560350,2.0000000),(32.8775395,40.6014089,2.0000000),(32.5290833,38.4560350,2.0000000),(32.5836866,38.3344424,2.0000000),(32.8775395,40.6014089,2.0000000),(32.5836866,38.3344424,2.0000000),(32.6466906,38.2155949,2.0000000),(32.6466906,38.2155949,2.0000000),(33.0149906,38.4240865,2.0000000),(32.9656292,38.5188239,2.0000000),(32.6466906,38.2155949,2.0000000),(32.9656292,38.5188239,2.0000000),(32.9228494,38.6157110,2.0000000),(32.6466906,38.2155949,2.0000000),(32.9228494,38.6157110,2.0000000),(32.8866511,38.7147479,2.0000000),(32.6466906,38.2155949,2.0000000),(32.8866511,38.7147479,2.0000000),(32.8570343,38.8159345,2.0000000),(32.6466906,38.2155949,2.0000000),(32.8570343,38.8159345,2.0000000),(32.8339990,38.9192708,2.0000000),(32.6466906,38.2155949,2.0000000),(32.8339990,38.9192708,2.0000000),(32.8175452,39.0247568,2.0000000),(32.6466906,38.2155949,2.0000000),(32.8175452,39.0247568,2.0000000),(32.8076730,39.1323927,2.0000000),(32.6466906,38.2155949,2.0000000),(32.8076730,39.1323927,2.0000000),(32.8043822,39.2421782,2.0000000),(32.6466906,38.2155949,2.0000000),(32.8043822,39.2421782,2.0000000),(32.8077226,39.3519968,2.0000000),(32.8775395,40.6014089,2.0000000),(32.6466906,38.2155949,2.0000000),(32.8077226,39.3519968,2.0000000),(32.8775395,40.6014089,2.0000000),(32.8077226,39.3519968,2.0000000),(32.8177437,39.4597318,2.0000000),(32.8775395,40.6014089,2.0000000),(32.8177437,39.4597318,2.0000000),(32.8344455,39.5653833,2.0000000),(32.8775395,40.6014089,2.0000000),(32.8344455,39.5653833,2.0000000),(32.8578281,39.6689511,2.0000000),(32.8775395,40.6014089,2.0000000),(32.8578281,39.6689511,2.0000000),(32.8878913,39.7704354,2.0000000),(32.8775395,40.6014089,2.0000000),(32.8878913,39.7704354,2.0000000),(32.9246353,39.8698360,2.0000000),(32.8775395,40.6014089,2.0000000),(32.9246353,39.8698360,2.0000000),(32.9680601,39.9671531,2.0000000),(32.8775395,40.6014089,2.0000000),(32.9680601,39.9671531,2.0000000),(33.0181656,40.0623865,2.0000000),(32.8775395,40.6014089,2.0000000),(33.0181656,40.0623865,2.0000000),(33.0740092,40.1543292,2.0000000),(32.8775395,40.6014089,2.0000000),(33.0740092,40.1543292,2.0000000),(33.1346484,40.2412449,2.0000000),(32.8775395,40.6014089,2.0000000),(33.1346484,40.2412449,2.0000000),(33.2000831,40.3231334,2.0000000),(32.8775395,40.6014089,2.0000000),(33.2000831,40.3231334,2.0000000),(33.2703135,40.3999949,2.0000000),(32.8775395,40.6014089,2.0000000),(33.2703135,40.3999949,2.0000000),(33.3453394,40.4718292,2.0000000),(32.8775395,40.6014089,2.0000000),(33.3453394,40.4718292,2.0000000),(33.4251609,40.5386365,2.0000000),(32.8775395,40.6014089,2.0000000),(33.4251609,40.5386365,2.0000000),(33.5097779,40.6004167,2.0000000),(32.8775395,40.6014089,2.0000000),(33.5097779,40.6004167,2.0000000),(33.5991906,40.6571699,2.0000000),(32.8775395,40.6014089,2.0000000),(33.5991906,40.6571699,2.0000000),(33.6912656,40.7082675,2.0000000),(32.8775395,40.6014089,2.0000000),(33.6912656,40.7082675,2.0000000),(33.7838697,40.7525522,2.0000000),(32.8775395,40.6014089,2.0000000),(33.7838697,40.7525522,2.0000000),(33.8770031,40.7900238,2.0000000),(32.8775395,40.6014089,2.0000000),(33.8770031,40.7900238,2.0000000),(33.9706656,40.8206824,2.0000000),(32.8775395,40.6014089,2.0000000),(33.9706656,40.8206824,2.0000000),(34.0648572,40.8445279,2.0000000),(35.2459572,41.1122532,2.0000000),(32.8775395,40.6014089,2.0000000),(34.0648572,40.8445279,2.0000000),(35.2459572,41.1122532,2.0000000),(34.0648572,40.8445279,2.0000000),(34.1595781,40.8615605,2.0000000),(35.2459572,41.1122532,2.0000000),(34.1595781,40.8615605,2.0000000),(34.2548281,40.8717800,2.0000000),(35.2459572,41.1122532,2.0000000),(34.2548281,40.8717800,2.0000000),(34.3506072,40.8751865,2.0000000),(35.2459572,41.1122532,2.0000000),(34.3506072,40.8751865,2.0000000),(34.3569572,40.8751865,2.0000000),(35.2459572,41.1122532,2.0000000),(34.3569572,40.8751865,2.0000000),(34.4506693,40.8731029,2.0000000),(35.2459572,41.1122532,2.0000000),(34.4506693,40.8731029,2.0000000),(34.5418348,40.8668522,2.0000000),(35.2459572,41.1122532,2.0000000),(34.5418348,40.8668522,2.0000000),(34.6304537,40.8564342,2.0000000),(35.2459572,41.1122532,2.0000000),(34.6304537,40.8564342,2.0000000),(34.7165260,40.8418490,2.0000000),(35.2459572,41.1122532,2.0000000),(34.7165260,40.8418490,2.0000000),(34.8000516,40.8230967,2.0000000),(35.2459572,41.1122532,2.0000000),(34.8000516,40.8230967,2.0000000),(34.8810307,40.8001772,2.0000000),(35.2459572,41.1122532,2.0000000),(34.8810307,40.8001772,2.0000000),(34.9594631,40.7730904,2.0000000),(35.2459572,41.1122532,2.0000000),(34.9594631,40.7730904,2.0000000),(35.0353489,40.7418365,2.0000000),(33.0329822,36.3867949,2.0000000),(35.2459572,41.1122532,2.0000000),(35.0353489,40.7418365,2.0000000),(33.0329822,36.3867949,2.0000000),(35.0353489,40.7418365,2.0000000),(33.4309156,37.9467782,2.0000000),(33.0329822,36.3867949,2.0000000),(33.4309156,37.9467782,2.0000000),(33.3104640,38.0496350,2.0000000),(33.0573735,38.3548153,2.0000000),(33.0149906,38.4240865,2.0000000),(32.6466906,38.2155949,2.0000000),(33.1025015,38.2882891,2.0000000),(33.0573735,38.3548153,2.0000000),(32.6466906,38.2155949,2.0000000),(33.2009926,38.1634720,2.0000000),(33.1025015,38.2882891,2.0000000),(32.6466906,38.2155949,2.0000000),(33.3104640,38.0496350,2.0000000),(33.2009926,38.1634720,2.0000000),(32.6466906,38.2155949,2.0000000),(33.3104640,38.0496350,2.0000000),(32.6466906,38.2155949,2.0000000),(32.7046343,38.1205433,2.0000000),(33.3104640,38.0496350,2.0000000),(32.7046343,38.1205433,2.0000000),(32.7662822,38.0295928,2.0000000),(33.3104640,38.0496350,2.0000000),(32.7662822,38.0295928,2.0000000),(32.8316343,37.9427433,2.0000000),(33.3104640,38.0496350,2.0000000),(32.8316343,37.9427433,2.0000000),(32.9006906,37.8599949,2.0000000),(33.3104640,38.0496350,2.0000000),(32.9006906,37.8599949,2.0000000),(32.9734510,37.7813475,2.0000000),(33.3104640,38.0496350,2.0000000),(32.9734510,37.7813475,2.0000000),(33.0499156,37.7068011,2.0000000),(33.3104640,38.0496350,2.0000000),(33.0499156,37.7068011,2.0000000),(33.1300843,37.6363558,2.0000000),(33.3104640,38.0496350,2.0000000),(33.1300843,37.6363558,2.0000000),(33.2139572,37.5700115,2.0000000),(33.0329822,36.3867949,2.0000000),(33.3104640,38.0496350,2.0000000),(33.2139572,37.5700115,2.0000000),(33.0329822,36.3867949,2.0000000),(33.2139572,37.5700115,2.0000000),(32.6583322,36.5995199,2.0000000),(33.0329822,36.3867949,2.0000000),(32.6583322,36.5995199,2.0000000),(32.6308156,36.4979199,2.0000000),(33.0329822,36.3867949,2.0000000),(32.6308156,36.4979199,2.0000000),(32.6371656,36.4375949,2.0000000),(33.0329822,36.3867949,2.0000000),(32.6371656,36.4375949,2.0000000),(32.6763239,36.3606011,2.0000000),(33.0329822,36.3867949,2.0000000),(32.6763239,36.3606011,2.0000000),(32.7387656,36.3053032,2.0000000),(33.0329822,36.3867949,2.0000000),(32.7387656,36.3053032,2.0000000),(32.8435406,36.2777865,2.0000000),(33.0329822,36.3867949,2.0000000),(32.8435406,36.2777865,2.0000000),(32.9038656,36.2851949,2.0000000),(33.0329822,36.3867949,2.0000000),(32.9038656,36.2851949,2.0000000),(32.9763614,36.3206490,2.0000000),(36.9593989,38.1647949,2.0000000),(36.9615156,38.1161115,2.0000000),(36.9854438,38.0240200,2.0000000),(36.9593989,38.1647949,2.0000000),(36.9854438,38.0240200,2.0000000),(37.0133077,37.9377162,2.0000000),(36.9593989,38.1647949,2.0000000),(37.0133077,37.9377162,2.0000000),(37.0451074,37.8572002,2.0000000),(36.9593989,38.1647949,2.0000000),(37.0451074,37.8572002,2.0000000),(37.0808426,37.7824720,2.0000000),(36.9593989,38.1647949,2.0000000),(37.0808426,37.7824720,2.0000000),(37.1205136,37.7135315,2.0000000),(36.9593989,38.1647949,2.0000000),(37.1205136,37.7135315,2.0000000),(37.1641202,37.6503787,2.0000000),(36.9593989,38.1647949,2.0000000),(37.1641202,37.6503787,2.0000000),(37.2631406,37.5414365,2.0000000),(36.9593989,38.1647949,2.0000000),(37.2631406,37.5414365,2.0000000),(37.3441196,37.4719834,2.0000000),(36.9593989,38.1647949,2.0000000),(37.3441196,37.4719834,2.0000000),(37.4272484,37.4117907,2.0000000),(36.9593989,38.1647949,2.0000000),(37.4272484,37.4117907,2.0000000),(37.5125269,37.3608584,2.0000000),(36.9593989,38.1647949,2.0000000),(37.5125269,37.3608584,2.0000000),(37.5999551,37.3191865,2.0000000),(36.9593989,38.1647949,2.0000000),(37.5999551,37.3191865,2.0000000),(37.6895331,37.2867751,2.0000000),(36.9593989,38.1647949,2.0000000),(37.6895331,37.2867751,2.0000000),(37.7812609,37.2636240,2.0000000),(36.9593989,38.1647949,2.0000000),(37.7812609,37.2636240,2.0000000),(37.8751383,37.2497334,2.0000000),(36.9593989,38.1647949,2.0000000),(37.8751383,37.2497334,2.0000000),(37.9711656,37.2451032,2.0000000),(36.9593989,38.1647949,2.0000000),(37.9711656,37.2451032,2.0000000),(38.0664156,37.2498161,2.0000000),(36.9593989,38.1647949,2.0000000),(38.0664156,37.2498161,2.0000000),(38.1590197,37.2639548,2.0000000),(36.9593989,38.1647949,2.0000000),(38.1590197,37.2639548,2.0000000),(38.2489781,37.2875192,2.0000000),(36.9593989,38.1647949,2.0000000),(38.2489781,37.2875192,2.0000000),(38.3362906,37.3205095,2.0000000),(38.3362906,37.3205095,2.0000000),(38.4209572,37.3629255,2.0000000),(38.5029781,37.4147673,2.0000000),(38.3362906,37.3205095,2.0000000),(38.5029781,37.4147673,2.0000000),(38.5823531,37.4760348,2.0000000),(38.3362906,37.3205095,2.0000000),(38.5823531,37.4760348,2.0000000),(38.6590822,37.5467282,2.0000000),(38.3362906,37.3205095,2.0000000),(38.6590822,37.5467282,2.0000000),(38.7392014,37.6349667,2.0000000),(38.3362906,37.3205095,2.0000000),(38.7392014,37.6349667,2.0000000),(38.8086380,37.7298199,2.0000000),(38.3362906,37.3205095,2.0000000),(38.8086380,37.7298199,2.0000000),(38.8673920,37.8312876,2.0000000),(38.3362906,37.3205095,2.0000000),(38.8673920,37.8312876,2.0000000),(38.9154635,37.9393699,2.0000000),(38.3362906,37.3205095,2.0000000),(38.9154635,37.9393699,2.0000000),(38.9528524,38.0540667,2.0000000),(38.3362906,37.3205095,2.0000000),(38.9528524,38.0540667,2.0000000),(38.9795588,38.1753782,2.0000000),(38.3362906,37.3205095,2.0000000),(38.9795588,38.1753782,2.0000000),(38.9955826,38.3033042,2.0000000),(38.3362906,37.3205095,2.0000000),(38.9955826,38.3033042,2.0000000),(39.0009239,38.4378449,2.0000000),(38.3362906,37.3205095,2.0000000),(39.0009239,38.4378449,2.0000000),(38.9996340,38.5411275,2.0000000),(38.3362906,37.3205095,2.0000000),(38.9996340,38.5411275,2.0000000),(38.9957645,38.6403669,2.0000000),(38.3362906,37.3205095,2.0000000),(38.9957645,38.6403669,2.0000000),(38.9893153,38.7355631,2.0000000),(38.3362906,37.3205095,2.0000000),(38.9893153,38.7355631,2.0000000),(38.9802864,38.8267162,2.0000000),(38.3362906,37.3205095,2.0000000),(38.9802864,38.8267162,2.0000000),(38.9686778,38.9138262,2.0000000),(38.3362906,37.3205095,2.0000000),(38.9686778,38.9138262,2.0000000),(38.9544895,38.9968929,2.0000000),(38.3362906,37.3205095,2.0000000),(38.9544895,38.9968929,2.0000000),(38.9377215,39.0759165,2.0000000),(38.3362906,37.3205095,2.0000000),(38.9377215,39.0759165,2.0000000),(38.9183739,39.1508970,2.0000000),(38.3362906,37.3205095,2.0000000),(38.9183739,39.1508970,2.0000000),(38.8719395,39.2887283,2.0000000),(38.8719395,39.2887283,2.0000000),(38.8151864,39.4103871,2.0000000),(38.7481145,39.5158731,2.0000000),(38.8719395,39.2887283,2.0000000),(38.7481145,39.5158731,2.0000000),(38.6707239,39.6051865,2.0000000),(38.8719395,39.2887283,2.0000000),(38.6707239,39.6051865,2.0000000),(38.5912331,39.6746397,2.0000000),(38.8719395,39.2887283,2.0000000),(38.5912331,39.6746397,2.0000000),(38.5093942,39.7348324,2.0000000),(38.8719395,39.2887283,2.0000000),(38.5093942,39.7348324,2.0000000),(38.4252071,39.7857647,2.0000000),(38.8719395,39.2887283,2.0000000),(38.4252071,39.7857647,2.0000000),(38.3386718,39.8274365,2.0000000),(38.8719395,39.2887283,2.0000000),(38.3386718,39.8274365,2.0000000),(38.2497883,39.8598480,2.0000000),(38.8719395,39.2887283,2.0000000),(38.2497883,39.8598480,2.0000000),(38.1585567,39.8829990,2.0000000),(38.8719395,39.2887283,2.0000000),(38.1585567,39.8829990,2.0000000),(38.0649769,39.8968897,2.0000000),(38.8719395,39.2887283,2.0000000),(38.0649769,39.8968897,2.0000000),(37.9690489,39.9015199,2.0000000),(38.8719395,39.2887283,2.0000000),(37.9690489,39.9015199,2.0000000),(37.8837373,39.8982622,2.0000000),(38.8719395,39.2887283,2.0000000),(37.8837373,39.8982622,2.0000000),(37.8013692,39.8884891,2.0000000),(38.8719395,39.2887283,2.0000000),(37.8013692,39.8884891,2.0000000),(37.7219446,39.8722007,2.0000000),(38.8719395,39.2887283,2.0000000),(37.7219446,39.8722007,2.0000000),(37.6454635,39.8493970,2.0000000),(38.8719395,39.2887283,2.0000000),(37.6454635,39.8493970,2.0000000),(37.5013317,39.7842433,2.0000000),(38.8719395,39.2887283,2.0000000),(37.5013317,39.7842433,2.0000000),(37.3689739,39.6930282,2.0000000),(37.4113072,40.8709532,2.0000000),(38.6865989,40.8709532,2.0000000),(38.7680906,40.8868282,2.0000000),(37.4113072,40.8709532,2.0000000),(38.7680906,40.8868282,2.0000000),(38.8368822,40.9344532,2.0000000),(37.4113072,40.8709532,2.0000000),(38.8368822,40.9344532,2.0000000),(38.8837135,41.0037740,2.0000000),(37.4113072,40.8709532,2.0000000),(38.8837135,41.0037740,2.0000000),(38.8993239,41.0847365,2.0000000),(37.4113072,40.8709532,2.0000000),(38.8993239,41.0847365,2.0000000),(38.8837135,41.1654345,2.0000000),(37.4113072,40.8709532,2.0000000),(38.8837135,41.1654345,2.0000000),(38.8368822,41.2339615,2.0000000),(37.4113072,40.8709532,2.0000000),(38.8368822,41.2339615,2.0000000),(38.7680906,41.2815865,2.0000000),(37.4113072,40.8709532,2.0000000),(38.7680906,41.2815865,2.0000000),(38.6865989,41.2974615,2.0000000),(37.4113072,40.8709532,2.0000000),(38.6865989,41.2974615,2.0000000),(37.2144572,41.2974615,2.0000000),(37.3689739,39.6930282,2.0000000),(37.4113072,40.8709532,2.0000000),(37.2144572,41.2974615,2.0000000),(37.3689739,39.6930282,2.0000000),(37.2144572,41.2974615,2.0000000),(37.1340239,41.2834386,2.0000000),(37.3689739,39.6930282,2.0000000),(37.1340239,41.2834386,2.0000000),(37.0641739,41.2413699,2.0000000),(37.3689739,39.6930282,2.0000000),(37.0641739,41.2413699,2.0000000),(37.0165489,41.1762824,2.0000000),(37.3689739,39.6930282,2.0000000),(37.0165489,41.1762824,2.0000000),(37.0006739,41.0974365,2.0000000),(37.3689739,39.6930282,2.0000000),(37.0006739,41.0974365,2.0000000),(36.9202406,39.0326282,2.0000000),(37.3689739,39.6930282,2.0000000),(36.9202406,39.0326282,2.0000000),(36.9334697,38.9532532,2.0000000),(37.3689739,39.6930282,2.0000000),(36.9334697,38.9532532,2.0000000),(36.9731572,38.8823449,2.0000000),(37.3689739,39.6930282,2.0000000),(36.9731572,38.8823449,2.0000000),(37.0382447,38.8283699,2.0000000),(37.3689739,39.6930282,2.0000000),(37.0382447,38.8283699,2.0000000),(37.1213239,38.8103782,2.0000000),(37.3689739,39.6930282,2.0000000),(37.1213239,38.8103782,2.0000000),(37.2025510,38.8238720,2.0000000),(37.3689739,39.6930282,2.0000000),(37.2025510,38.8238720,2.0000000),(37.2747822,38.8643532,2.0000000),(37.3689739,39.6930282,2.0000000),(37.2747822,38.8643532,2.0000000),(37.3372239,38.9659532,2.0000000),(37.3689739,39.6930282,2.0000000),(37.3372239,38.9659532,2.0000000),(37.3712228,39.0510829,2.0000000),(37.3689739,39.6930282,2.0000000),(37.3712228,39.0510829,2.0000000),(37.4203031,39.1350220,2.0000000),(37.3689739,39.6930282,2.0000000),(37.4203031,39.1350220,2.0000000),(37.4844645,39.2177704,2.0000000),(37.3689739,39.6930282,2.0000000),(37.4844645,39.2177704,2.0000000),(37.5637072,39.2993282,2.0000000),(37.3689739,39.6930282,2.0000000),(37.5637072,39.2993282,2.0000000),(37.6592880,39.3771157,2.0000000),(37.3689739,39.6930282,2.0000000),(37.6592880,39.3771157,2.0000000),(37.7587051,39.4326782,2.0000000),(37.3689739,39.6930282,2.0000000),(37.7587051,39.4326782,2.0000000),(37.8619588,39.4660157,2.0000000),(37.3689739,39.6930282,2.0000000),(37.8619588,39.4660157,2.0000000),(37.9690489,39.4771282,2.0000000),(37.3689739,39.6930282,2.0000000),(37.9690489,39.4771282,2.0000000),(38.0755437,39.4660157,2.0000000),(38.8719395,39.2887283,2.0000000),(37.3689739,39.6930282,2.0000000),(38.0755437,39.4660157,2.0000000),(38.8719395,39.2887283,2.0000000),(38.0755437,39.4660157,2.0000000),(38.1780697,39.4326782,2.0000000),(38.8719395,39.2887283,2.0000000),(38.1780697,39.4326782,2.0000000),(38.2766270,39.3771157,2.0000000),(38.8719395,39.2887283,2.0000000),(38.2766270,39.3771157,2.0000000),(38.3712156,39.2993282,2.0000000),(38.8719395,39.2887283,2.0000000),(38.3712156,39.2993282,2.0000000),(38.4615046,39.1707407,2.0000000),(38.8719395,39.2887283,2.0000000),(38.4615046,39.1707407,2.0000000),(38.4969753,39.0846188,2.0000000),(38.8719395,39.2887283,2.0000000),(38.4969753,39.0846188,2.0000000),(38.5259968,38.9839449,2.0000000),(38.8719395,39.2887283,2.0000000),(38.5259968,38.9839449,2.0000000),(38.5485691,38.8687188,2.0000000),(38.8719395,39.2887283,2.0000000),(38.5485691,38.8687188,2.0000000),(38.5646921,38.7389407,2.0000000),(38.8719395,39.2887283,2.0000000),(38.5646921,38.7389407,2.0000000),(38.5743659,38.5946105,2.0000000),(38.8719395,39.2887283,2.0000000),(38.5743659,38.5946105,2.0000000),(38.5775906,38.4357282,2.0000000),(38.8719395,39.2887283,2.0000000),(38.5775906,38.4357282,2.0000000),(38.5741510,38.3442816,2.0000000),(38.8719395,39.2887283,2.0000000),(38.5741510,38.3442816,2.0000000),(38.5638322,38.2577959,2.0000000),(38.8719395,39.2887283,2.0000000),(38.5638322,38.2577959,2.0000000),(38.5466343,38.1762712,2.0000000),(38.3362906,37.3205095,2.0000000),(38.8719395,39.2887283,2.0000000),(38.5466343,38.1762712,2.0000000),(38.3362906,37.3205095,2.0000000),(38.5466343,38.1762712,2.0000000),(38.5225572,38.0997074,2.0000000),(38.3362906,37.3205095,2.0000000),(38.5225572,38.0997074,2.0000000),(38.4537656,37.9614626,2.0000000),(38.3362906,37.3205095,2.0000000),(38.4537656,37.9614626,2.0000000),(38.3574572,37.8430615,2.0000000),(38.3362906,37.3205095,2.0000000),(38.3574572,37.8430615,2.0000000),(38.2661760,37.7671261,2.0000000),(38.3362906,37.3205095,2.0000000),(38.2661760,37.7671261,2.0000000),(38.1701322,37.7128865,2.0000000),(38.3362906,37.3205095,2.0000000),(38.1701322,37.7128865,2.0000000),(38.0693260,37.6803428,2.0000000),(38.3362906,37.3205095,2.0000000),(38.0693260,37.6803428,2.0000000),(37.9637572,37.6694949,2.0000000),(38.3362906,37.3205095,2.0000000),(37.9637572,37.6694949,2.0000000),(37.8611650,37.6807397,2.0000000),(38.3362906,37.3205095,2.0000000),(37.8611650,37.6807397,2.0000000),(37.7587051,37.7144740,2.0000000),(38.3362906,37.3205095,2.0000000),(37.7587051,37.7144740,2.0000000),(37.6563775,37.7706980,2.0000000),(36.9593989,38.1647949,2.0000000),(38.3362906,37.3205095,2.0000000),(37.6563775,37.7706980,2.0000000),(36.9593989,38.1647949,2.0000000),(37.6563775,37.7706980,2.0000000),(37.5541822,37.8494115,2.0000000),(36.9593989,38.1647949,2.0000000),(37.5541822,37.8494115,2.0000000),(37.4520531,37.9922865,2.0000000),(36.9593989,38.1647949,2.0000000),(37.4520531,37.9922865,2.0000000),(37.4124978,38.0922990,2.0000000),(36.9593989,38.1647949,2.0000000),(37.4124978,38.0922990,2.0000000),(37.3806156,38.2113615,2.0000000),(36.9593989,38.1647949,2.0000000),(37.3806156,38.2113615,2.0000000),(37.3365624,38.2840558,2.0000000),(36.9593989,38.1647949,2.0000000),(37.3365624,38.2840558,2.0000000),(37.2880114,38.3359803,2.0000000),(36.9593989,38.1647949,2.0000000),(37.2880114,38.3359803,2.0000000),(37.1774156,38.3775199,2.0000000),(36.9593989,38.1647949,2.0000000),(37.1774156,38.3775199,2.0000000),(37.1700072,38.3775199,2.0000000),(36.9593989,38.1647949,2.0000000),(37.1700072,38.3775199,2.0000000),(37.0961223,38.3618433,2.0000000),(36.9593989,38.1647949,2.0000000),(37.0961223,38.3618433,2.0000000),(37.0363926,38.3211636,2.0000000),(49.3886489,39.0278657,2.0000000),(50.7708322,37.2382240,2.0000000),(50.8430635,37.1763115,2.0000000),(49.3886489,39.0278657,2.0000000),(50.8430635,37.1763115,2.0000000),(50.9348739,37.1556740,2.0000000),(49.3886489,39.0278657,2.0000000),(50.9348739,37.1556740,2.0000000),(51.0671656,37.2011824,2.0000000),(49.3886489,39.0278657,2.0000000),(51.0671656,37.2011824,2.0000000),(51.1314593,37.2747365,2.0000000),(49.3886489,39.0278657,2.0000000),(51.1314593,37.2747365,2.0000000),(51.1528906,37.3705157,2.0000000),(49.3886489,39.0278657,2.0000000),(51.1528906,37.3705157,2.0000000),(51.1084406,37.5028074,2.0000000),(49.3886489,39.0278657,2.0000000),(51.1084406,37.5028074,2.0000000),(49.9326322,39.0278657,2.0000000),(49.9326322,39.0278657,2.0000000),(50.0183572,39.0278657,2.0000000),(50.1376016,39.0329755,2.0000000),(49.3886489,39.0278657,2.0000000),(49.9326322,39.0278657,2.0000000),(50.1376016,39.0329755,2.0000000),(48.5250489,39.0278657,2.0000000),(49.3886489,39.0278657,2.0000000),(50.1376016,39.0329755,2.0000000),(48.5250489,39.0278657,2.0000000),(50.1376016,39.0329755,2.0000000),(50.2513890,39.0483048,2.0000000),(48.5250489,39.0278657,2.0000000),(50.2513890,39.0483048,2.0000000),(50.3597193,39.0738536,2.0000000),(48.5250489,39.0278657,2.0000000),(50.3597193,39.0738536,2.0000000),(50.4625926,39.1096220,2.0000000),(48.5250489,39.0278657,2.0000000),(50.4625926,39.1096220,2.0000000),(50.5600089,39.1556098,2.0000000),(48.5250489,39.0278657,2.0000000),(50.5600089,39.1556098,2.0000000),(50.6519682,39.2118173,2.0000000),(48.5250489,39.0278657,2.0000000),(50.6519682,39.2118173,2.0000000),(50.7384704,39.2782442,2.0000000),(48.5250489,39.0278657,2.0000000),(50.7384704,39.2782442,2.0000000),(50.8195156,39.3548907,2.0000000),(48.5250489,39.0278657,2.0000000),(50.8195156,39.3548907,2.0000000),(50.8959140,39.4446175,2.0000000),(48.5250489,39.0278657,2.0000000),(50.8959140,39.4446175,2.0000000),(50.9621260,39.5370563,2.0000000),(48.5250489,39.0278657,2.0000000),(50.9621260,39.5370563,2.0000000),(51.0181515,39.6322071,2.0000000),(51.0181515,39.6322071,2.0000000),(51.0639906,39.7300699,2.0000000),(50.6684385,39.8792949,2.0000000),(51.0181515,39.6322071,2.0000000),(50.6684385,39.8792949,2.0000000),(50.6039463,39.7616876,2.0000000),(51.0181515,39.6322071,2.0000000),(50.6039463,39.7616876,2.0000000),(50.5136572,39.6554574,2.0000000),(51.0181515,39.6322071,2.0000000),(50.5136572,39.6554574,2.0000000),(50.4037228,39.5674834,2.0000000),(51.0181515,39.6322071,2.0000000),(50.4037228,39.5674834,2.0000000),(50.2845281,39.5046449,2.0000000),(51.0181515,39.6322071,2.0000000),(50.2845281,39.5046449,2.0000000),(50.1560728,39.4669417,2.0000000),(48.5250489,39.0278657,2.0000000),(51.0181515,39.6322071,2.0000000),(50.1560728,39.4669417,2.0000000),(48.5250489,39.0278657,2.0000000),(50.1560728,39.4669417,2.0000000),(50.0183572,39.4543740,2.0000000),(48.5250489,39.0278657,2.0000000),(50.0183572,39.4543740,2.0000000),(48.5250489,39.4543740,2.0000000),(50.7071338,40.0082792,2.0000000),(50.6684385,39.8792949,2.0000000),(51.0639906,39.7300699,2.0000000),(50.7200322,40.1486407,2.0000000),(50.7071338,40.0082792,2.0000000),(51.0639906,39.7300699,2.0000000),(50.7071338,40.2876792,2.0000000),(50.7200322,40.1486407,2.0000000),(51.0639906,39.7300699,2.0000000),(50.6684385,40.4158699,2.0000000),(50.7071338,40.2876792,2.0000000),(51.0639906,39.7300699,2.0000000),(50.6039463,40.5332126,2.0000000),(50.6684385,40.4158699,2.0000000),(51.0639906,39.7300699,2.0000000),(50.6039463,40.5332126,2.0000000),(51.0639906,39.7300699,2.0000000),(51.0996432,39.8306446,2.0000000),(50.6039463,40.5332126,2.0000000),(51.0996432,39.8306446,2.0000000),(51.1251093,39.9339313,2.0000000),(50.5136572,40.6397074,2.0000000),(50.6039463,40.5332126,2.0000000),(51.1251093,39.9339313,2.0000000),(50.5136572,40.6397074,2.0000000),(51.1251093,39.9339313,2.0000000),(51.1403890,40.0399300,2.0000000),(50.5136572,40.6397074,2.0000000),(51.1403890,40.0399300,2.0000000),(51.1454822,40.1486407,2.0000000),(50.4065010,40.7276813,2.0000000),(50.5136572,40.6397074,2.0000000),(51.1454822,40.1486407,2.0000000),(50.4065010,40.7276813,2.0000000),(51.1454822,40.1486407,2.0000000),(51.1403890,40.2612540,2.0000000),(50.4065010,40.7276813,2.0000000),(51.1403890,40.2612540,2.0000000),(51.1251093,40.3699647,2.0000000),(50.2892906,40.7905199,2.0000000),(50.4065010,40.7276813,2.0000000),(51.1251093,40.3699647,2.0000000),(50.2892906,40.7905199,2.0000000),(51.1251093,40.3699647,2.0000000),(51.0996432,40.4747727,2.0000000),(50.2892906,40.7905199,2.0000000),(51.0996432,40.4747727,2.0000000),(51.0639906,40.5756782,2.0000000),(50.1620260,40.8282230,2.0000000),(50.2892906,40.7905199,2.0000000),(51.0639906,40.5756782,2.0000000),(50.1620260,40.8282230,2.0000000),(51.0639906,40.5756782,2.0000000),(51.0181515,40.6726811,2.0000000),(50.1620260,40.8282230,2.0000000),(51.0181515,40.6726811,2.0000000),(50.9621260,40.7657813,2.0000000),(50.0247072,40.8407907,2.0000000),(50.1620260,40.8282230,2.0000000),(50.9621260,40.7657813,2.0000000),(50.0247072,40.8407907,2.0000000),(50.9621260,40.7657813,2.0000000),(50.8959140,40.8549790,2.0000000),(48.5250489,40.8407907,2.0000000),(50.0247072,40.8407907,2.0000000),(50.8959140,40.8549790,2.0000000),(48.5250489,40.8407907,2.0000000),(50.8959140,40.8549790,2.0000000),(50.8195156,40.9402740,2.0000000),(48.5250489,40.8407907,2.0000000),(50.8195156,40.9402740,2.0000000),(50.7324511,41.0184088,2.0000000),(48.5250489,40.8407907,2.0000000),(50.7324511,41.0184088,2.0000000),(50.6416494,41.0861256,2.0000000),(48.5250489,40.8407907,2.0000000),(50.6416494,41.0861256,2.0000000),(50.5471105,41.1434244,2.0000000),(48.5250489,40.8407907,2.0000000),(50.5471105,41.1434244,2.0000000),(50.4488343,41.1903053,2.0000000),(48.5250489,40.8407907,2.0000000),(50.4488343,41.1903053,2.0000000),(50.3468209,41.2267682,2.0000000),(48.5250489,40.8407907,2.0000000),(50.3468209,41.2267682,2.0000000),(50.2410702,41.2528131,2.0000000),(48.5250489,40.8407907,2.0000000),(50.2410702,41.2528131,2.0000000),(50.1315824,41.2684401,2.0000000),(48.5250489,40.8407907,2.0000000),(50.1315824,41.2684401,2.0000000),(50.0183572,41.2736490,2.0000000),(48.5250489,40.8407907,2.0000000),(50.0183572,41.2736490,2.0000000),(48.3123239,41.2736490,2.0000000),(48.5250489,39.4543740,2.0000000),(48.5250489,40.8407907,2.0000000),(48.3123239,41.2736490,2.0000000),(48.5250489,39.0278657,2.0000000),(48.5250489,39.4543740,2.0000000),(48.3123239,41.2736490,2.0000000),(48.5250489,39.0278657,2.0000000),(48.3123239,41.2736490,2.0000000),(48.2263343,41.2569803,2.0000000),(48.5250489,39.0278657,2.0000000),(48.2263343,41.2569803,2.0000000),(48.1546322,41.2069740,2.0000000),(48.5250489,39.0278657,2.0000000),(48.1546322,41.2069740,2.0000000),(48.1125635,41.1326261,2.0000000),(48.5250489,39.0278657,2.0000000),(48.1125635,41.1326261,2.0000000),(48.0985406,41.0535157,2.0000000),(48.5250489,39.0278657,2.0000000),(48.0985406,41.0535157,2.0000000),(48.0985406,37.4266074,2.0000000),(48.5250489,39.0278657,2.0000000),(48.0985406,37.4266074,2.0000000),(48.1214270,37.3432636,2.0000000),(48.5250489,39.0278657,2.0000000),(48.1214270,37.3432636,2.0000000),(48.1646864,37.2837324,2.0000000),(48.5250489,39.0278657,2.0000000),(48.1646864,37.2837324,2.0000000),(48.3123239,37.2361074,2.0000000),(48.5250489,39.0278657,2.0000000),(48.3123239,37.2361074,2.0000000),(48.3863411,37.2480136,2.0000000),(48.5250489,39.0278657,2.0000000),(48.3863411,37.2480136,2.0000000),(48.4464676,37.2837324,2.0000000),(48.5250489,39.0278657,2.0000000),(48.4464676,37.2837324,2.0000000),(48.5250489,37.4266074,2.0000000),(47.1365156,39.0331574,2.0000000),(47.1343989,37.4266074,2.0000000),(47.1505385,37.3445865,2.0000000),(47.1365156,39.0331574,2.0000000),(47.1505385,37.3445865,2.0000000),(47.1989572,37.2763240,2.0000000),(47.1365156,39.0331574,2.0000000),(47.1989572,37.2763240,2.0000000),(47.2677489,37.2302865,2.0000000),(47.1365156,39.0331574,2.0000000),(47.2677489,37.2302865,2.0000000),(47.3450072,37.2149407,2.0000000),(47.1365156,39.0331574,2.0000000),(47.3450072,37.2149407,2.0000000),(47.4278218,37.2302865,2.0000000),(47.1365156,39.0331574,2.0000000),(47.4278218,37.2302865,2.0000000),(47.4963489,37.2763240,2.0000000),(47.1365156,39.0331574,2.0000000),(47.4963489,37.2763240,2.0000000),(47.5423864,37.3445865,2.0000000),(47.1365156,39.0331574,2.0000000),(47.5423864,37.3445865,2.0000000),(47.5577322,37.4266074,2.0000000),(47.1365156,39.0331574,2.0000000),(47.5577322,37.4266074,2.0000000),(47.5577322,41.0535157,2.0000000),(47.1365156,39.0331574,2.0000000),(47.5577322,41.0535157,2.0000000),(47.5423864,41.1350074,2.0000000),(47.1365156,39.0331574,2.0000000),(47.5423864,41.1350074,2.0000000),(47.4963489,41.2037990,2.0000000),(47.1365156,39.0331574,2.0000000),(47.4963489,41.2037990,2.0000000),(47.4288801,41.2514240,2.0000000),(47.1365156,39.0331574,2.0000000),(47.4288801,41.2514240,2.0000000),(47.3492406,41.2672990,2.0000000),(47.1365156,39.0331574,2.0000000),(47.3492406,41.2672990,2.0000000),(47.2672197,41.2508949,2.0000000),(47.1365156,39.0331574,2.0000000),(47.2672197,41.2508949,2.0000000),(47.1968406,41.2016824,2.0000000),(47.1365156,39.0331574,2.0000000),(47.1968406,41.2016824,2.0000000),(47.1500093,41.1371240,2.0000000),(47.1365156,39.0331574,2.0000000),(47.1500093,41.1371240,2.0000000),(47.1343989,41.0535157,2.0000000),(47.1365156,39.0331574,2.0000000),(47.1343989,41.0535157,2.0000000),(47.1343989,39.4543740,2.0000000),(44.9351822,39.0331574,2.0000000),(47.1365156,39.0331574,2.0000000),(47.1343989,39.4543740,2.0000000),(44.9351822,39.0331574,2.0000000),(47.1343989,39.4543740,2.0000000),(44.9415322,39.4543740,2.0000000),(44.9351822,39.0331574,2.0000000),(44.9415322,39.4543740,2.0000000),(44.9415322,41.0535157,2.0000000),(44.9351822,39.0331574,2.0000000),(44.9415322,41.0535157,2.0000000),(44.9251281,41.1350074,2.0000000),(44.9351822,39.0331574,2.0000000),(44.9251281,41.1350074,2.0000000),(44.8759156,41.2037990,2.0000000),(44.9351822,39.0331574,2.0000000),(44.8759156,41.2037990,2.0000000),(44.8063301,41.2514240,2.0000000),(44.9351822,39.0331574,2.0000000),(44.8063301,41.2514240,2.0000000),(44.7288072,41.2672990,2.0000000),(44.9351822,39.0331574,2.0000000),(44.7288072,41.2672990,2.0000000),(44.6465218,41.2514240,2.0000000),(44.9351822,39.0331574,2.0000000),(44.6465218,41.2514240,2.0000000),(44.5753489,41.2037990,2.0000000),(44.9351822,39.0331574,2.0000000),(44.5753489,41.2037990,2.0000000),(44.5269301,41.1350074,2.0000000),(44.9351822,39.0331574,2.0000000),(44.5269301,41.1350074,2.0000000),(44.5107906,41.0535157,2.0000000),(44.9351822,39.0331574,2.0000000),(44.5107906,41.0535157,2.0000000),(44.5107906,37.4266074,2.0000000),(44.9351822,39.0331574,2.0000000),(44.5107906,37.4266074,2.0000000),(44.5264010,37.3445865,2.0000000),(44.9351822,39.0331574,2.0000000),(44.5264010,37.3445865,2.0000000),(44.5732322,37.2763240,2.0000000),(44.9351822,39.0331574,2.0000000),(44.5732322,37.2763240,2.0000000),(44.6428176,37.2302865,2.0000000),(44.9351822,39.0331574,2.0000000),(44.6428176,37.2302865,2.0000000),(44.7245739,37.2149407,2.0000000),(44.9351822,39.0331574,2.0000000),(44.7245739,37.2149407,2.0000000),(44.8023614,37.2300220,2.0000000),(44.9351822,39.0331574,2.0000000),(44.8023614,37.2300220,2.0000000),(44.8748572,37.2752657,2.0000000),(44.9351822,39.0331574,2.0000000),(44.8748572,37.2752657,2.0000000),(44.9201010,37.3400886,2.0000000),(44.9351822,39.0331574,2.0000000),(44.9201010,37.3400886,2.0000000),(44.9351822,37.4266074,2.0000000),(52.1170322,38.7452907,2.0000000),(52.1170322,41.0535157,2.0000000),(52.1016864,41.1350074,2.0000000),(52.1170322,38.7452907,2.0000000),(52.1016864,41.1350074,2.0000000),(52.0556489,41.2037990,2.0000000),(52.1170322,38.7452907,2.0000000),(52.0556489,41.2037990,2.0000000),(51.9881801,41.2514240,2.0000000),(52.1220097,38.6328262,2.0000000),(52.1170322,38.7452907,2.0000000),(51.9881801,41.2514240,2.0000000),(52.1220097,38.6328262,2.0000000),(51.9881801,41.2514240,2.0000000),(51.9085406,41.2672990,2.0000000),(52.1220097,38.6328262,2.0000000),(51.9085406,41.2672990,2.0000000),(51.8251968,41.2508949,2.0000000),(52.1220097,38.6328262,2.0000000),(51.8251968,41.2508949,2.0000000),(51.7508489,41.2016824,2.0000000),(52.1220097,38.6328262,2.0000000),(51.7508489,41.2016824,2.0000000),(51.7056051,41.1371240,2.0000000),(52.1220097,38.6328262,2.0000000),(51.7056051,41.1371240,2.0000000),(51.6905239,41.0535157,2.0000000),(52.1220097,38.6328262,2.0000000),(51.6905239,41.0535157,2.0000000),(51.6905239,38.7452907,2.0000000),(52.1220097,38.6328262,2.0000000),(51.6905239,38.7452907,2.0000000),(51.6974692,38.5901953,2.0000000),(52.1220097,38.6328262,2.0000000),(51.6974692,38.5901953,2.0000000),(51.7183051,38.4408214,2.0000000),(52.1220097,38.6328262,2.0000000),(51.7183051,38.4408214,2.0000000),(51.7530317,38.2971692,2.0000000),(52.1220097,38.6328262,2.0000000),(51.7530317,38.2971692,2.0000000),(51.8016489,38.1592386,2.0000000),(52.1220097,38.6328262,2.0000000),(51.8016489,38.1592386,2.0000000),(51.8641567,38.0270296,2.0000000),(52.1220097,38.6328262,2.0000000),(51.8641567,38.0270296,2.0000000),(51.9405551,37.9005423,2.0000000),(52.1220097,38.6328262,2.0000000),(51.9405551,37.9005423,2.0000000),(52.0308442,37.7797765,2.0000000),(52.1220097,38.6328262,2.0000000),(52.0308442,37.7797765,2.0000000),(52.1350239,37.6647324,2.0000000),(52.1220097,38.6328262,2.0000000),(52.1350239,37.6647324,2.0000000),(52.2476041,37.5593124,2.0000000),(52.2476041,37.5593124,2.0000000),(52.3662697,37.4679485,2.0000000),(52.4910208,37.3906406,2.0000000),(52.2476041,37.5593124,2.0000000),(52.4910208,37.3906406,2.0000000),(52.6218572,37.3273886,2.0000000),(52.2476041,37.5593124,2.0000000),(52.6218572,37.3273886,2.0000000),(52.7587791,37.2781927,2.0000000),(52.2476041,37.5593124,2.0000000),(52.7587791,37.2781927,2.0000000),(52.9017864,37.2430527,2.0000000),(52.2476041,37.5593124,2.0000000),(52.9017864,37.2430527,2.0000000),(53.0508791,37.2219687,2.0000000),(52.2476041,37.5593124,2.0000000),(53.0508791,37.2219687,2.0000000),(53.2060572,37.2149407,2.0000000),(52.2476041,37.5593124,2.0000000),(53.2060572,37.2149407,2.0000000),(53.3614503,37.2219687,2.0000000),(52.2476041,37.5593124,2.0000000),(53.3614503,37.2219687,2.0000000),(53.5111880,37.2430527,2.0000000),(52.2476041,37.5593124,2.0000000),(53.5111880,37.2430527,2.0000000),(53.6552701,37.2781927,2.0000000),(52.2476041,37.5593124,2.0000000),(53.6552701,37.2781927,2.0000000),(53.7936968,37.3273886,2.0000000),(52.2476041,37.5593124,2.0000000),(53.7936968,37.3273886,2.0000000),(53.9264680,37.3906406,2.0000000),(52.2476041,37.5593124,2.0000000),(53.9264680,37.3906406,2.0000000),(54.0535838,37.4679485,2.0000000),(52.2476041,37.5593124,2.0000000),(54.0535838,37.4679485,2.0000000),(54.1750441,37.5593124,2.0000000),(52.2476041,37.5593124,2.0000000),(54.1750441,37.5593124,2.0000000),(54.2908489,37.6647324,2.0000000),(54.2908489,37.6647324,2.0000000),(54.3955247,37.7784371,2.0000000),(54.4862437,37.8983595,2.0000000),(54.2908489,37.6647324,2.0000000),(54.4862437,37.8983595,2.0000000),(54.5630059,38.0244996,2.0000000),(54.2908489,37.6647324,2.0000000),(54.5630059,38.0244996,2.0000000),(54.6258114,38.1568574,2.0000000),(54.2908489,37.6647324,2.0000000),(54.6258114,38.1568574,2.0000000),(54.6746601,38.2954329,2.0000000),(54.2908489,37.6647324,2.0000000),(54.6746601,38.2954329,2.0000000),(54.7095520,38.4402261,2.0000000),(54.2908489,37.6647324,2.0000000),(54.7095520,38.4402261,2.0000000),(54.7304872,38.5912371,2.0000000),(54.2908489,37.6647324,2.0000000),(54.7304872,38.5912371,2.0000000),(54.7374656,38.7484657,2.0000000),(54.2908489,37.6647324,2.0000000),(54.7374656,38.7484657,2.0000000),(54.7374656,41.0535157,2.0000000),(54.2908489,37.6647324,2.0000000),(54.7374656,41.0535157,2.0000000),(54.7221197,41.1350074,2.0000000),(54.2908489,37.6647324,2.0000000),(54.7221197,41.1350074,2.0000000),(54.6760822,41.2037990,2.0000000),(54.2908489,37.6647324,2.0000000),(54.6760822,41.2037990,2.0000000),(54.6078197,41.2514240,2.0000000),(54.2908489,37.6647324,2.0000000),(54.6078197,41.2514240,2.0000000),(54.5257989,41.2672990,2.0000000),(54.2908489,37.6647324,2.0000000),(54.5257989,41.2672990,2.0000000),(54.4437781,41.2514240,2.0000000),(54.2908489,37.6647324,2.0000000),(54.4437781,41.2514240,2.0000000),(54.3755156,41.2037990,2.0000000),(54.3755156,41.2037990,2.0000000),(54.3294781,41.1350074,2.0000000),(54.3141322,41.0535157,2.0000000),(54.3755156,41.2037990,2.0000000),(54.3141322,41.0535157,2.0000000),(54.3141322,38.7484657,2.0000000),(54.2908489,37.6647324,2.0000000),(54.3755156,41.2037990,2.0000000),(54.3141322,38.7484657,2.0000000),(54.2908489,37.6647324,2.0000000),(54.3141322,38.7484657,2.0000000),(54.3090225,38.6364477,2.0000000),(54.2908489,37.6647324,2.0000000),(54.3090225,38.6364477,2.0000000),(54.2936932,38.5284647,2.0000000),(54.2908489,37.6647324,2.0000000),(54.2936932,38.5284647,2.0000000),(54.2681443,38.4245165,2.0000000),(54.2908489,37.6647324,2.0000000),(54.2681443,38.4245165,2.0000000),(54.2323760,38.3246032,2.0000000),(54.2908489,37.6647324,2.0000000),(54.2323760,38.3246032,2.0000000),(54.1863881,38.2287248,2.0000000),(54.2908489,37.6647324,2.0000000),(54.1863881,38.2287248,2.0000000),(54.1301807,38.1368813,2.0000000),(54.2908489,37.6647324,2.0000000),(54.1301807,38.1368813,2.0000000),(54.0637537,38.0490727,2.0000000),(54.2908489,37.6647324,2.0000000),(54.0637537,38.0490727,2.0000000),(53.9871072,37.9652990,2.0000000),(54.2908489,37.6647324,2.0000000),(53.9871072,37.9652990,2.0000000),(53.9052352,37.8889006,2.0000000),(54.2908489,37.6647324,2.0000000),(53.9052352,37.8889006,2.0000000),(53.8188984,37.8226886,2.0000000),(54.2908489,37.6647324,2.0000000),(53.8188984,37.8226886,2.0000000),(53.7280967,37.7666631,2.0000000),(54.2908489,37.6647324,2.0000000),(53.7280967,37.7666631,2.0000000),(53.6328301,37.7208240,2.0000000),(54.2908489,37.6647324,2.0000000),(53.6328301,37.7208240,2.0000000),(53.5330988,37.6851714,2.0000000),(54.2908489,37.6647324,2.0000000),(53.5330988,37.6851714,2.0000000),(53.4289025,37.6597053,2.0000000),(54.2908489,37.6647324,2.0000000),(53.4289025,37.6597053,2.0000000),(53.3202415,37.6444256,2.0000000),(52.2476041,37.5593124,2.0000000),(54.2908489,37.6647324,2.0000000),(53.3202415,37.6444256,2.0000000),(52.2476041,37.5593124,2.0000000),(53.3202415,37.6444256,2.0000000),(53.2071156,37.6393324,2.0000000),(52.2476041,37.5593124,2.0000000),(53.2071156,37.6393324,2.0000000),(53.0959740,37.6443925,2.0000000),(52.2476041,37.5593124,2.0000000),(53.0959740,37.6443925,2.0000000),(52.9890327,37.6595730,2.0000000),(52.2476041,37.5593124,2.0000000),(52.9890327,37.6595730,2.0000000),(52.8862917,37.6848738,2.0000000),(52.2476041,37.5593124,2.0000000),(52.8862917,37.6848738,2.0000000),(52.7877510,37.7202949,2.0000000),(52.2476041,37.5593124,2.0000000),(52.7877510,37.7202949,2.0000000),(52.6934105,37.7658363,2.0000000),(52.2476041,37.5593124,2.0000000),(52.6934105,37.7658363,2.0000000),(52.6032702,37.8214980,2.0000000),(52.2476041,37.5593124,2.0000000),(52.6032702,37.8214980,2.0000000),(52.5173303,37.8872800,2.0000000),(52.2476041,37.5593124,2.0000000),(52.5173303,37.8872800,2.0000000),(52.4355906,37.9631824,2.0000000),(52.2476041,37.5593124,2.0000000),(52.4355906,37.9631824,2.0000000),(52.3609284,38.0462450,2.0000000),(52.2476041,37.5593124,2.0000000),(52.3609284,38.0462450,2.0000000),(52.2962213,38.1335079,2.0000000),(52.2476041,37.5593124,2.0000000),(52.2962213,38.1335079,2.0000000),(52.2414691,38.2249710,2.0000000),(52.2476041,37.5593124,2.0000000),(52.2414691,38.2249710,2.0000000),(52.1966718,38.3206345,2.0000000),(52.2476041,37.5593124,2.0000000),(52.1966718,38.3206345,2.0000000),(52.1618295,38.4204981,2.0000000),(52.2476041,37.5593124,2.0000000),(52.1618295,38.4204981,2.0000000),(52.1369421,38.5245621,2.0000000),(52.1220097,38.6328262,2.0000000),(52.2476041,37.5593124,2.0000000),(52.1369421,38.5245621,2.0000000),(43.9146843,40.8939720,2.0000000),(43.9678656,41.0535157,2.0000000),(43.9527843,41.1334199,2.0000000),(43.9146843,40.8939720,2.0000000),(43.9527843,41.1334199,2.0000000),(43.9075406,41.2016824,2.0000000),(43.9146843,40.8939720,2.0000000),(43.9075406,41.2016824,2.0000000),(43.8392781,41.2508949,2.0000000),(43.9146843,40.8939720,2.0000000),(43.8392781,41.2508949,2.0000000),(43.7551406,41.2672990,2.0000000),(43.9146843,40.8939720,2.0000000),(43.7551406,41.2672990,2.0000000),(41.1347072,41.2672990,2.0000000),(43.9146843,40.8939720,2.0000000),(41.1347072,41.2672990,2.0000000),(41.0415739,41.2469261,2.0000000),(43.9146843,40.8939720,2.0000000),(41.0415739,41.2469261,2.0000000),(40.9674906,41.1858074,2.0000000),(43.9146843,40.8939720,2.0000000),(40.9674906,41.1858074,2.0000000),(40.9209239,41.0535157,2.0000000),(43.9146843,40.8939720,2.0000000),(40.9209239,41.0535157,2.0000000),(40.9209239,41.0376407,2.0000000),(43.9146843,40.8939720,2.0000000),(40.9209239,41.0376407,2.0000000),(40.9812489,40.9085240,2.0000000),(43.9146843,40.8939720,2.0000000),(40.9812489,40.9085240,2.0000000),(41.0524218,40.8577240,2.0000000),(43.9146843,40.8939720,2.0000000),(41.0524218,40.8577240,2.0000000),(41.1347072,40.8407907,2.0000000),(43.9146843,40.8939720,2.0000000),(41.1347072,40.8407907,2.0000000),(42.2343156,40.8407907,2.0000000),(42.2343156,40.8407907,2.0000000),(42.2343156,37.4266074,2.0000000),(42.2496614,37.3445865,2.0000000),(42.2343156,40.8407907,2.0000000),(42.2496614,37.3445865,2.0000000),(42.2956989,37.2763240,2.0000000),(42.2343156,40.8407907,2.0000000),(42.2956989,37.2763240,2.0000000),(42.3639614,37.2302865,2.0000000),(42.2343156,40.8407907,2.0000000),(42.3639614,37.2302865,2.0000000),(42.4459822,37.2149407,2.0000000),(42.2343156,40.8407907,2.0000000),(42.4459822,37.2149407,2.0000000),(42.5280031,37.2302865,2.0000000),(42.2343156,40.8407907,2.0000000),(42.5280031,37.2302865,2.0000000),(42.5962656,37.2763240,2.0000000),(42.2343156,40.8407907,2.0000000),(42.5962656,37.2763240,2.0000000),(42.6423031,37.3445865,2.0000000),(42.2343156,40.8407907,2.0000000),(42.6423031,37.3445865,2.0000000),(42.6576489,37.4266074,2.0000000),(42.2343156,40.8407907,2.0000000),(42.6576489,37.4266074,2.0000000),(42.6576489,40.8407907,2.0000000),(43.9146843,40.8939720,2.0000000),(42.2343156,40.8407907,2.0000000),(42.6576489,40.8407907,2.0000000),(43.9146843,40.8939720,2.0000000),(42.6576489,40.8407907,2.0000000),(43.7551406,40.8407907,2.0000000),(43.9146843,40.8939720,2.0000000),(43.7551406,40.8407907,2.0000000),(43.8482077,40.8540860,2.0000000)));
#1382=COMPLEX_TRIANGULATED_SURFACE_SET('surface set',#1381,3708,(),(),(),((1,2,3),(4,5,6),(7,8,9),(10,11,12),(13,14,15),(16,17,18),(19,20,21),(22,23,24),(25,26,27),(28,29,30),(31,32,33),(34,35,36),(37,38,39),(40,41,42),(43,44,45),(46,47,48),(49,50,51),(52,53,54),(55,56,57),(58,59,60),(61,62,63),(64,65,66),(67,68,69),(70,71,72),(73,74,75),(76,77,78),(79,80,81),(82,83,84),(85,86,87),(88,89,90),(91,92,93),(94,95,96),(97,98,99),(100,101,102),(103,104,105),(106,107,108),(109,110,111),(112,113,114),(115,116,117),(118,119,120),(121,122,123),(124,125,126),(127,128,129),(130,131,132),(133,134,135),(136,137,138),(139,140,141),(142,143,144),(145,146,147),(148,149,150),(151,152,153),(154,155,156),(157,158,159),(160,161,162),(163,164,165),(166,167,168),(169,170,171),(172,173,174),(175,176,177),(178,179,180),(181,182,183),(184,185,186),(187,188,189),(190,191,192),(193,194,195),(196,197,198),(199,200,201),(202,203,204),(205,206,207),(208,209,210),(211,212,213),(214,215,216),(217,218,219),(220,221,222),(223,224,225),(226,227,228),(229,230,231),(232,233,234),(235,236,237),(238,239,240),(241,242,243),(244,245,246),(247,248,249),(250,251,252),(253,254,255),(256,257,258),(259,260,261),(262,263,264),(265,266,267),(268,269,270),(271,272,273),(274,275,276),(277,278,279),(280,281,282),(283,284,285),(286,287,288),(289,290,291),(292,293,294),(295,296,297),(298,299,300),(301,302,303),(304,305,306),(307,308,309),(310,311,312),(313,314,315),(316,317,318),(319,320,321),(322,323,324),(325,326,327),(328,329,330),(331,332,333),(334,335,336),(337,338,339),(340,341,342),(343,344,345),(346,347,348),(349,350,351),(352,353,354),(355,356,357),(358,359,360),(361,362,363),(364,365,366),(367,368,369),(370,371,372),(373,374,375),(376,377,378),(379,380,381),(382,383,384),(385,386,387),(388,389,390),(391,392,393),(394,395,396),(397,398,399),(400,401,402),(403,404,405),(406,407,408),(409,410,411),(412,413,414),(415,416,417),(418,419,420),(421,422,423),(424,425,426),(427,428,429),(430,431,432),(433,434,435),(436,437,438),(439,440,441),(442,443,444),(445,446,447),(448,449,450),(451,452,453),(454,455,456),(457,458,459),(460,461,462),(463,464,465),(466,467,468),(469,470,471),(472,473,474),(475,476,477),(478,479,480),(481,482,483),(484,485,486),(487,488,489),(490,491,492),(493,494,495),(496,497,498),(499,500,501),(502,503,504),(505,506,507),(508,509,510),(511,512,513),(514,515,516),(517,518,519),(520,521,522),(523,524,525),(526,527,528),(529,530,531),(532,533,534),(535,536,537),(538,539,540),(541,542,543),(544,545,546),(547,548,549),(550,551,552),(553,554,555),(556,557,558),(559,560,561),(562,563,564),(565,566,567),(568,569,570),(571,572,573),(574,575,576),(577,578,579),(580,581,582),(583,584,585),(586,587,588),(589,590,591),(592,593,594),(595,596,597),(598,599,600),(601,602,603),(604,605,606),(607,608,609),(610,611,612),(613,614,615),(616,617,618),(619,620,621),(622,623,624),(625,626,627),(628,629,630),(631,632,633),(634,635,636),(637,638,639),(640,641,642),(643,644,645),(646,647,648),(649,650,651),(652,653,654),(655,656,657),(658,659,660),(661,662,663),(664,665,666),(667,668,669),(670,671,672),(673,674,675),(676,677,678),(679,680,681),(682,683,684),(685,686,687),(688,689,690),(691,692,693),(694,695,696),(697,698,699),(700,701,702),(703,704,705),(706,707,708),(709,710,711),(712,713,714),(715,716,717),(718,719,720),(721,722,723),(724,725,726),(727,728,729),(730,731,732),(733,734,735),(736,737,738),(739,740,741),(742,743,744),(745,746,747),(748,749,750),(751,752,753),(754,755,756),(757,758,759),(760,761,762),(763,764,765),(766,767,768),(769,770,771),(772,773,774),(775,776,777),(778,779,780),(781,782,783),(784,785,786),(787,788,789),(790,791,792),(793,794,795),(796,797,798),(799,800,801),(802,803,804),(805,806,807),(808,809,810),(811,812,813),(814,815,816),(817,818,819),(820,821,822),(823,824,825),(826,827,828),(829,830,831),(832,833,834),(835,836,837),(838,839,840),(841,842,843),(844,845,846),(847,848,849),(850,851,852),(853,854,855),(856,857,858),(859,860,861),(862,863,864),(865,866,867),(868,869,870),(871,872,873),(874,875,876),(877,878,879),(880,881,882),(883,884,885),(886,887,888),(889,890,891),(892,893,894),(895,896,897),(898,899,900),(901,902,903),(904,905,906),(907,908,909),(910,911,912),(913,914,915),(916,917,918),(919,920,921),(922,923,924),(925,926,927),(928,929,930),(931,932,933),(934,935,936),(937,938,939),(940,941,942),(943,944,945),(946,947,948),(949,950,951),(952,953,954),(955,956,957),(958,959,960),(961,962,963),(964,965,966),(967,968,969),(970,971,972),(973,974,975),(976,977,978),(979,980,981),(982,983,984),(985,986,987),(988,989,990),(991,992,993),(994,995,996),(997,998,999),(1000,1001,1002),(1003,1004,1005),(1006,1007,1008),(1009,1010,1011),(1012,1013,1014),(1015,1016,1017),(1018,1019,1020),(1021,1022,1023),(1024,1025,1026),(1027,1028,1029),(1030,1031,1032),(1033,1034,1035),(1036,1037,1038),(1039,1040,1041),(1042,1043,1044),(1045,1046,1047),(1048,1049,1050),(1051,1052,1053),(1054,1055,1056),(1057,1058,1059),(1060,1061,1062),(1063,1064,1065),(1066,1067,1068),(1069,1070,1071),(1072,1073,1074),(1075,1076,1077),(1078,1079,1080),(1081,1082,1083),(1084,1085,1086),(1087,1088,1089),(1090,1091,1092),(1093,1094,1095),(1096,1097,1098),(1099,1100,1101),(1102,1103,1104),(1105,1106,1107),(1108,1109,1110),(1111,1112,1113),(1114,1115,1116),(1117,1118,1119),(1120,1121,1122),(1123,1124,1125),(1126,1127,1128),(1129,1130,1131),(1132,1133,1134),(1135,1136,1137),(1138,1139,1140),(1141,1142,1143),(1144,1145,1146),(1147,1148,1149),(1150,1151,1152),(1153,1154,1155),(1156,1157,1158),(1159,1160,1161),(1162,1163,1164),(1165,1166,1167),(1168,1169,1170),(1171,1172,1173),(1174,1175,1176),(1177,1178,1179),(1180,1181,1182),(1183,1184,1185),(1186,1187,1188),(1189,1190,1191),(1192,1193,1194),(1195,1196,1197),(1198,1199,1200),(1201,1202,1203),(1204,1205,1206),(1207,1208,1209),(1210,1211,1212),(1213,1214,1215),(1216,1217,1218),(1219,1220,1221),(1222,1223,1224),(1225,1226,1227),(1228,1229,1230),(1231,1232,1233),(1234,1235,1236),(1237,1238,1239),(1240,1241,1242),(1243,1244,1245),(1246,1247,1248),(1249,1250,1251),(1252,1253,1254),(1255,1256,1257),(1258,1259,1260),(1261,1262,1263),(1264,1265,1266),(1267,1268,1269),(1270,1271,1272),(1273,1274,1275),(1276,1277,1278),(1279,1280,1281),(1282,1283,1284),(1285,1286,1287),(1288,1289,1290),(1291,1292,1293),(1294,1295,1296),(1297,1298,1299),(1300,1301,1302),(1303,1304,1305),(1306,1307,1308),(1309,1310,1311),(1312,1313,1314),(1315,1316,1317),(1318,1319,1320),(1321,1322,1323),(1324,1325,1326),(1327,1328,1329),(1330,1331,1332),(1333,1334,1335),(1336,1337,1338),(1339,1340,1341),(1342,1343,1344),(1345,1346,1347),(1348,1349,1350),(1351,1352,1353),(1354,1355,1356),(1357,1358,1359),(1360,1361,1362),(1363,1364,1365),(1366,1367,1368),(1369,1370,1371),(1372,1373,1374),(1375,1376,1377),(1378,1379,1380),(1381,1382,1383),(1384,1385,1386),(1387,1388,1389),(1390,1391,1392),(1393,1394,1395),(1396,1397,1398),(1399,1400,1401),(1402,1403,1404),(1405,1406,1407),(1408,1409,1410),(1411,1412,1413),(1414,1415,1416),(1417,1418,1419),(1420,1421,1422),(1423,1424,1425),(1426,1427,1428),(1429,1430,1431),(1432,1433,1434),(1435,1436,1437),(1438,1439,1440),(1441,1442,1443),(1444,1445,1446),(1447,1448,1449),(1450,1451,1452),(1453,1454,1455),(1456,1457,1458),(1459,1460,1461),(1462,1463,1464),(1465,1466,1467),(1468,1469,1470),(1471,1472,1473),(1474,1475,1476),(1477,1478,1479),(1480,1481,1482),(1483,1484,1485),(1486,1487,1488),(1489,1490,1491),(1492,1493,1494),(1495,1496,1497),(1498,1499,1500),(1501,1502,1503),(1504,1505,1506),(1507,1508,1509),(1510,1511,1512),(1513,1514,1515),(1516,1517,1518),(1519,1520,1521),(1522,1523,1524),(1525,1526,1527),(1528,1529,1530),(1531,1532,1533),(1534,1535,1536),(1537,1538,1539),(1540,1541,1542),(1543,1544,1545),(1546,1547,1548),(1549,1550,1551),(1552,1553,1554),(1555,1556,1557),(1558,1559,1560),(1561,1562,1563),(1564,1565,1566),(1567,1568,1569),(1570,1571,1572),(1573,1574,1575),(1576,1577,1578),(1579,1580,1581),(1582,1583,1584),(1585,1586,1587),(1588,1589,1590),(1591,1592,1593),(1594,1595,1596),(1597,1598,1599),(1600,1601,1602),(1603,1604,1605),(1606,1607,1608),(1609,1610,1611),(1612,1613,1614),(1615,1616,1617),(1618,1619,1620),(1621,1622,1623),(1624,1625,1626),(1627,1628,1629),(1630,1631,1632),(1633,1634,1635),(1636,1637,1638),(1639,1640,1641),(1642,1643,1644),(1645,1646,1647),(1648,1649,1650),(1651,1652,1653),(1654,1655,1656),(1657,1658,1659),(1660,1661,1662),(1663,1664,1665),(1666,1667,1668),(1669,1670,1671),(1672,1673,1674),(1675,1676,1677),(1678,1679,1680),(1681,1682,1683),(1684,1685,1686),(1687,1688,1689),(1690,1691,1692),(1693,1694,1695),(1696,1697,1698),(1699,1700,1701),(1702,1703,1704),(1705,1706,1707),(1708,1709,1710),(1711,1712,1713),(1714,1715,1716),(1717,1718,1719),(1720,1721,1722),(1723,1724,1725),(1726,1727,1728),(1729,1730,1731),(1732,1733,1734),(1735,1736,1737),(1738,1739,1740),(1741,1742,1743),(1744,1745,1746),(1747,1748,1749),(1750,1751,1752),(1753,1754,1755),(1756,1757,1758),(1759,1760,1761),(1762,1763,1764),(1765,1766,1767),(1768,1769,1770),(1771,1772,1773),(1774,1775,1776),(1777,1778,1779),(1780,1781,1782),(1783,1784,1785),(1786,1787,1788),(1789,1790,1791),(1792,1793,1794),(1795,1796,1797),(1798,1799,1800),(1801,1802,1803),(1804,1805,1806),(1807,1808,1809),(1810,1811,1812),(1813,1814,1815),(1816,1817,1818),(1819,1820,1821),(1822,1823,1824),(1825,1826,1827),(1828,1829,1830),(1831,1832,1833),(1834,1835,1836),(1837,1838,1839),(1840,1841,1842),(1843,1844,1845),(1846,1847,1848),(1849,1850,1851),(1852,1853,1854),(1855,1856,1857),(1858,1859,1860),(1861,1862,1863),(1864,1865,1866),(1867,1868,1869),(1870,1871,1872),(1873,1874,1875),(1876,1877,1878),(1879,1880,1881),(1882,1883,1884),(1885,1886,1887),(1888,1889,1890),(1891,1892,1893),(1894,1895,1896),(1897,1898,1899),(1900,1901,1902),(1903,1904,1905),(1906,1907,1908),(1909,1910,1911),(1912,1913,1914),(1915,1916,1917),(1918,1919,1920),(1921,1922,1923),(1924,1925,1926),(1927,1928,1929),(1930,1931,1932),(1933,1934,1935),(1936,1937,1938),(1939,1940,1941),(1942,1943,1944),(1945,1946,1947),(1948,1949,1950),(1951,1952,1953),(1954,1955,1956),(1957,1958,1959),(1960,1961,1962),(1963,1964,1965),(1966,1967,1968),(1969,1970,1971),(1972,1973,1974),(1975,1976,1977),(1978,1979,1980),(1981,1982,1983),(1984,1985,1986),(1987,1988,1989),(1990,1991,1992),(1993,1994,1995),(1996,1997,1998),(1999,2000,2001),(2002,2003,2004),(2005,2006,2007),(2008,2009,2010),(2011,2012,2013),(2014,2015,2016),(2017,2018,2019),(2020,2021,2022),(2023,2024,2025),(2026,2027,2028),(2029,2030,2031),(2032,2033,2034),(2035,2036,2037),(2038,2039,2040),(2041,2042,2043),(2044,2045,2046),(2047,2048,2049),(2050,2051,2052),(2053,2054,2055),(2056,2057,2058),(2059,2060,2061),(2062,2063,2064),(2065,2066,2067),(2068,2069,2070),(2071,2072,2073),(2074,2075,2076),(2077,2078,2079),(2080,2081,2082),(2083,2084,2085),(2086,2087,2088),(2089,2090,2091),(2092,2093,2094),(2095,2096,2097),(2098,2099,2100),(2101,2102,2103),(2104,2105,2106),(2107,2108,2109),(2110,2111,2112),(2113,2114,2115),(2116,2117,2118),(2119,2120,2121),(2122,2123,2124),(2125,2126,2127),(2128,2129,2130),(2131,2132,2133),(2134,2135,2136),(2137,2138,2139),(2140,2141,2142),(2143,2144,2145),(2146,2147,2148),(2149,2150,2151),(2152,2153,2154),(2155,2156,2157),(2158,2159,2160),(2161,2162,2163),(2164,2165,2166),(2167,2168,2169),(2170,2171,2172),(2173,2174,2175),(2176,2177,2178),(2179,2180,2181),(2182,2183,2184),(2185,2186,2187),(2188,2189,2190),(2191,2192,2193),(2194,2195,2196),(2197,2198,2199),(2200,2201,2202),(2203,2204,2205),(2206,2207,2208),(2209,2210,2211),(2212,2213,2214),(2215,2216,2217),(2218,2219,2220),(2221,2222,2223),(2224,2225,2226),(2227,2228,2229),(2230,2231,2232),(2233,2234,2235),(2236,2237,2238),(2239,2240,2241),(2242,2243,2244),(2245,2246,2247),(2248,2249,2250),(2251,2252,2253),(2254,2255,2256),(2257,2258,2259),(2260,2261,2262),(2263,2264,2265),(2266,2267,2268),(2269,2270,2271),(2272,2273,2274),(2275,2276,2277),(2278,2279,2280),(2281,2282,2283),(2284,2285,2286),(2287,2288,2289),(2290,2291,2292),(2293,2294,2295),(2296,2297,2298),(2299,2300,2301),(2302,2303,2304),(2305,2306,2307),(2308,2309,2310),(2311,2312,2313),(2314,2315,2316),(2317,2318,2319),(2320,2321,2322),(2323,2324,2325),(2326,2327,2328),(2329,2330,2331),(2332,2333,2334),(2335,2336,2337),(2338,2339,2340),(2341,2342,2343),(2344,2345,2346),(2347,2348,2349),(2350,2351,2352),(2353,2354,2355),(2356,2357,2358),(2359,2360,2361),(2362,2363,2364),(2365,2366,2367),(2368,2369,2370),(2371,2372,2373),(2374,2375,2376),(2377,2378,2379),(2380,2381,2382),(2383,2384,2385),(2386,2387,2388),(2389,2390,2391),(2392,2393,2394),(2395,2396,2397),(2398,2399,2400),(2401,2402,2403),(2404,2405,2406),(2407,2408,2409),(2410,2411,2412),(2413,2414,2415),(2416,2417,2418),(2419,2420,2421),(2422,2423,2424),(2425,2426,2427),(2428,2429,2430),(2431,2432,2433),(2434,2435,2436),(2437,2438,2439),(2440,2441,2442),(2443,2444,2445),(2446,2447,2448),(2449,2450,2451),(2452,2453,2454),(2455,2456,2457),(2458,2459,2460),(2461,2462,2463),(2464,2465,2466),(2467,2468,2469),(2470,2471,2472),(2473,2474,2475),(2476,2477,2478),(2479,2480,2481),(2482,2483,2484),(2485,2486,2487),(2488,2489,2490),(2491,2492,2493),(2494,2495,2496),(2497,2498,2499),(2500,2501,2502),(2503,2504,2505),(2506,2507,2508),(2509,2510,2511),(2512,2513,2514),(2515,2516,2517),(2518,2519,2520),(2521,2522,2523),(2524,2525,2526),(2527,2528,2529),(2530,2531,2532),(2533,2534,2535),(2536,2537,2538),(2539,2540,2541),(2542,2543,2544),(2545,2546,2547),(2548,2549,2550),(2551,2552,2553),(2554,2555,2556),(2557,2558,2559),(2560,2561,2562),(2563,2564,2565),(2566,2567,2568),(2569,2570,2571),(2572,2573,2574),(2575,2576,2577),(2578,2579,2580),(2581,2582,2583),(2584,2585,2586),(2587,2588,2589),(2590,2591,2592),(2593,2594,2595),(2596,2597,2598),(2599,2600,2601),(2602,2603,2604),(2605,2606,2607),(2608,2609,2610),(2611,2612,2613),(2614,2615,2616),(2617,2618,2619),(2620,2621,2622),(2623,2624,2625),(2626,2627,2628),(2629,2630,2631),(2632,2633,2634),(2635,2636,2637),(2638,2639,2640),(2641,2642,2643),(2644,2645,2646),(2647,2648,2649),(2650,2651,2652),(2653,2654,2655),(2656,2657,2658),(2659,2660,2661),(2662,2663,2664),(2665,2666,2667),(2668,2669,2670),(2671,2672,2673),(2674,2675,2676),(2677,2678,2679),(2680,2681,2682),(2683,2684,2685),(2686,2687,2688),(2689,2690,2691),(2692,2693,2694),(2695,2696,2697),(2698,2699,2700),(2701,2702,2703),(2704,2705,2706),(2707,2708,2709),(2710,2711,2712),(2713,2714,2715),(2716,2717,2718),(2719,2720,2721),(2722,2723,2724),(2725,2726,2727),(2728,2729,2730),(2731,2732,2733),(2734,2735,2736),(2737,2738,2739),(2740,2741,2742),(2743,2744,2745),(2746,2747,2748),(2749,2750,2751),(2752,2753,2754),(2755,2756,2757),(2758,2759,2760),(2761,2762,2763),(2764,2765,2766),(2767,2768,2769),(2770,2771,2772),(2773,2774,2775),(2776,2777,2778),(2779,2780,2781),(2782,2783,2784),(2785,2786,2787),(2788,2789,2790),(2791,2792,2793),(2794,2795,2796),(2797,2798,2799),(2800,2801,2802),(2803,2804,2805),(2806,2807,2808),(2809,2810,2811),(2812,2813,2814),(2815,2816,2817),(2818,2819,2820),(2821,2822,2823),(2824,2825,2826),(2827,2828,2829),(2830,2831,2832),(2833,2834,2835),(2836,2837,2838),(2839,2840,2841),(2842,2843,2844),(2845,2846,2847),(2848,2849,2850),(2851,2852,2853),(2854,2855,2856),(2857,2858,2859),(2860,2861,2862),(2863,2864,2865),(2866,2867,2868),(2869,2870,2871),(2872,2873,2874),(2875,2876,2877),(2878,2879,2880),(2881,2882,2883),(2884,2885,2886),(2887,2888,2889),(2890,2891,2892),(2893,2894,2895),(2896,2897,2898),(2899,2900,2901),(2902,2903,2904),(2905,2906,2907),(2908,2909,2910),(2911,2912,2913),(2914,2915,2916),(2917,2918,2919),(2920,2921,2922),(2923,2924,2925),(2926,2927,2928),(2929,2930,2931),(2932,2933,2934),(2935,2936,2937),(2938,2939,2940),(2941,2942,2943),(2944,2945,2946),(2947,2948,2949),(2950,2951,2952),(2953,2954,2955),(2956,2957,2958),(2959,2960,2961),(2962,2963,2964),(2965,2966,2967),(2968,2969,2970),(2971,2972,2973),(2974,2975,2976),(2977,2978,2979),(2980,2981,2982),(2983,2984,2985),(2986,2987,2988),(2989,2990,2991),(2992,2993,2994),(2995,2996,2997),(2998,2999,3000),(3001,3002,3003),(3004,3005,3006),(3007,3008,3009),(3010,3011,3012),(3013,3014,3015),(3016,3017,3018),(3019,3020,3021),(3022,3023,3024),(3025,3026,3027),(3028,3029,3030),(3031,3032,3033),(3034,3035,3036),(3037,3038,3039),(3040,3041,3042),(3043,3044,3045),(3046,3047,3048),(3049,3050,3051),(3052,3053,3054),(3055,3056,3057),(3058,3059,3060),(3061,3062,3063),(3064,3065,3066),(3067,3068,3069),(3070,3071,3072),(3073,3074,3075),(3076,3077,3078),(3079,3080,3081),(3082,3083,3084),(3085,3086,3087),(3088,3089,3090),(3091,3092,3093),(3094,3095,3096),(3097,3098,3099),(3100,3101,3102),(3103,3104,3105),(3106,3107,3108),(3109,3110,3111),(3112,3113,3114),(3115,3116,3117),(3118,3119,3120),(3121,3122,3123),(3124,3125,3126),(3127,3128,3129),(3130,3131,3132),(3133,3134,3135),(3136,3137,3138),(3139,3140,3141),(3142,3143,3144),(3145,3146,3147),(3148,3149,3150),(3151,3152,3153),(3154,3155,3156),(3157,3158,3159),(3160,3161,3162),(3163,3164,3165),(3166,3167,3168),(3169,3170,3171),(3172,3173,3174),(3175,3176,3177),(3178,3179,3180),(3181,3182,3183),(3184,3185,3186),(3187,3188,3189),(3190,3191,3192),(3193,3194,3195),(3196,3197,3198),(3199,3200,3201),(3202,3203,3204),(3205,3206,3207),(3208,3209,3210),(3211,3212,3213),(3214,3215,3216),(3217,3218,3219),(3220,3221,3222),(3223,3224,3225),(3226,3227,3228),(3229,3230,3231),(3232,3233,3234),(3235,3236,3237),(3238,3239,3240),(3241,3242,3243),(3244,3245,3246),(3247,3248,3249),(3250,3251,3252),(3253,3254,3255),(3256,3257,3258),(3259,3260,3261),(3262,3263,3264),(3265,3266,3267),(3268,3269,3270),(3271,3272,3273),(3274,3275,3276),(3277,3278,3279),(3280,3281,3282),(3283,3284,3285),(3286,3287,3288),(3289,3290,3291),(3292,3293,3294),(3295,3296,3297),(3298,3299,3300),(3301,3302,3303),(3304,3305,3306),(3307,3308,3309),(3310,3311,3312),(3313,3314,3315),(3316,3317,3318),(3319,3320,3321),(3322,3323,3324),(3325,3326,3327),(3328,3329,3330),(3331,3332,3333),(3334,3335,3336),(3337,3338,3339),(3340,3341,3342),(3343,3344,3345),(3346,3347,3348),(3349,3350,3351),(3352,3353,3354),(3355,3356,3357),(3358,3359,3360),(3361,3362,3363),(3364,3365,3366),(3367,3368,3369),(3370,3371,3372),(3373,3374,3375),(3376,3377,3378),(3379,3380,3381),(3382,3383,3384),(3385,3386,3387),(3388,3389,3390),(3391,3392,3393),(3394,3395,3396),(3397,3398,3399),(3400,3401,3402),(3403,3404,3405),(3406,3407,3408),(3409,3410,3411),(3412,3413,3414),(3415,3416,3417),(3418,3419,3420),(3421,3422,3423),(3424,3425,3426),(3427,3428,3429),(3430,3431,3432),(3433,3434,3435),(3436,3437,3438),(3439,3440,3441),(3442,3443,3444),(3445,3446,3447),(3448,3449,3450),(3451,3452,3453),(3454,3455,3456),(3457,3458,3459),(3460,3461,3462),(3463,3464,3465),(3466,3467,3468),(3469,3470,3471),(3472,3473,3474),(3475,3476,3477),(3478,3479,3480),(3481,3482,3483),(3484,3485,3486),(3487,3488,3489),(3490,3491,3492),(3493,3494,3495),(3496,3497,3498),(3499,3500,3501),(3502,3503,3504),(3505,3506,3507),(3508,3509,3510),(3511,3512,3513),(3514,3515,3516),(3517,3518,3519),(3520,3521,3522),(3523,3524,3525),(3526,3527,3528),(3529,3530,3531),(3532,3533,3534),(3535,3536,3537),(3538,3539,3540),(3541,3542,3543),(3544,3545,3546),(3547,3548,3549),(3550,3551,3552),(3553,3554,3555),(3556,3557,3558),(3559,3560,3561),(3562,3563,3564),(3565,3566,3567),(3568,3569,3570),(3571,3572,3573),(3574,3575,3576),(3577,3578,3579),(3580,3581,3582),(3583,3584,3585),(3586,3587,3588),(3589,3590,3591),(3592,3593,3594),(3595,3596,3597),(3598,3599,3600),(3601,3602,3603),(3604,3605,3606),(3607,3608,3609),(3610,3611,3612),(3613,3614,3615),(3616,3617,3618),(3619,3620,3621),(3622,3623,3624),(3625,3626,3627),(3628,3629,3630),(3631,3632,3633),(3634,3635,3636),(3637,3638,3639),(3640,3641,3642),(3643,3644,3645),(3646,3647,3648),(3649,3650,3651),(3652,3653,3654),(3655,3656,3657),(3658,3659,3660),(3661,3662,3663),(3664,3665,3666),(3667,3668,3669),(3670,3671,3672),(3673,3674,3675),(3676,3677,3678),(3679,3680,3681),(3682,3683,3684),(3685,3686,3687),(3688,3689,3690),(3691,3692,3693),(3694,3695,3696),(3697,3698,3699),(3700,3701,3702),(3703,3704,3705),(3706,3707,3708)));
#1383=TESSELLATED_GEOMETRIC_SET('hole callout',(#1382));
#1384=COORDINATES_LIST('coordinates',5,((28.0950906,28.0040365,2.0000000),(59.0202489,28.0040365,2.0000000),(8.4700906,13.3790365,2.0000000),(23.0950906,28.0040365,2.0000000),(28.0950906,28.0040365,2.0000000)));
#1385=TESSELLATED_CURVE_SET('curve set',#1384,((1,2),(3,4,5)));
#1386=TESSELLATED_GEOMETRIC_SET('hole callout',(#1385));
#1387=TESSELLATED_ANNOTATION_OCCURRENCE('hole callout',(#1380),#1383);
#1388=TESSELLATED_ANNOTATION_OCCURRENCE('hole callout',(#1380),#1386);
#1389=DRAUGHTING_CALLOUT('hole callout',(#1387,#1388));
#1390=DRAUGHTING_MODEL_ITEM_ASSOCIATION('','',#1332,#1247,#1389);
#1391=DRAUGHTING_MODEL_ITEM_ASSOCIATION('','',#1340,#1247,#1389);
#1392=DRAUGHTING_MODEL_ITEM_ASSOCIATION('','',#1348,#1247,#1389);
#1393=DRAUGHTING_MODEL_ITEM_ASSOCIATION('','',#1322,#1247,#1389);
#1394=COMPOSITE_SHAPE_ASPECT('hole_callout.Fx1kpTbs5uvilfG_69.JFD.2',$,#1207,$);
#1395=SHAPE_ASPECT('hole_callout.Fx1kpTbs5uvilfG_69.JFD.2',$,#1207,.T.);
#1396=GEOMETRIC_ITEM_SPECIFIC_USAGE('','',#1395,#11,#699);
#1397=SHAPE_ASPECT_RELATIONSHIP('','',#1394,#1395);
#1398=SHAPE_ASPECT('hole_callout.Fx1kpTbs5uvilfG_69.JFD.2',$,#1207,.T.);
#1399=GEOMETRIC_ITEM_SPECIFIC_USAGE('','',#1398,#11,#698);
#1400=SHAPE_ASPECT_RELATIONSHIP('','',#1394,#1398);
#1401=DIMENSIONAL_SIZE(#1394,'diameter');
#1402=(
LENGTH_UNIT()
NAMED_UNIT(*)
SI_UNIT(.MILLI.,.METRE.)
);
#1404=PRECISION_QUALIFIER(3);
#1403=(
LENGTH_MEASURE_WITH_UNIT()
MEASURE_REPRESENTATION_ITEM()
MEASURE_WITH_UNIT(POSITIVE_LENGTH_MEASURE(2.5),#1402)
QUALIFIED_REPRESENTATION_ITEM((#1404))
REPRESENTATION_ITEM('nominal value')
);
#1405=COMPOUND_REPRESENTATION_ITEM('modifiers',SET_REPRESENTATION_ITEM((#1406)));
#1406=DESCRIPTIVE_REPRESENTATION_ITEM('dimensional note','diameter');
#1407=SHAPE_DIMENSION_REPRESENTATION('',(#1403,#1405),#1202);
#1408=DIMENSIONAL_CHARACTERISTIC_REPRESENTATION(#1401,#1407);
#1409=ANGULAR_SIZE(#1394,'angle',.EQUAL.);
#1411=(
NAMED_UNIT(*)
PLANE_ANGLE_UNIT()
SI_UNIT($,.RADIAN.)
);
#1412=LENGTH_MEASURE_WITH_UNIT(LENGTH_MEASURE(57.2957795130823),#1411);
#1410=(
CONVERSION_BASED_UNIT('degree',#1412)
NAMED_UNIT($)
PLANE_ANGLE_UNIT()
);
#1414=PRECISION_QUALIFIER(3);
#1413=(
MEASURE_REPRESENTATION_ITEM()
MEASURE_WITH_UNIT(PLANE_ANGLE_MEASURE(90.),#1410)
PLANE_ANGLE_MEASURE_WITH_UNIT()
QUALIFIED_REPRESENTATION_ITEM((#1414))
REPRESENTATION_ITEM('nominal value')
);
#1415=SHAPE_DIMENSION_REPRESENTATION('',(#1413),#1202);
#1416=DIMENSIONAL_CHARACTERISTIC_REPRESENTATION(#1409,#1415);
#1417=DIMENSIONAL_SIZE(#1394,'diameter');
#1418=(
LENGTH_UNIT()
NAMED_UNIT(*)
SI_UNIT(.MILLI.,.METRE.)
);
#1420=PRECISION_QUALIFIER(3);
#1419=(
LENGTH_MEASURE_WITH_UNIT()
MEASURE_REPRESENTATION_ITEM()
MEASURE_WITH_UNIT(POSITIVE_LENGTH_MEASURE(6.),#1418)
QUALIFIED_REPRESENTATION_ITEM((#1420))
REPRESENTATION_ITEM('nominal value')
);
#1421=COMPOUND_REPRESENTATION_ITEM('modifiers',SET_REPRESENTATION_ITEM((#1422,#1423)));
#1422=DESCRIPTIVE_REPRESENTATION_ITEM('dimensional note','countersink');
#1423=DESCRIPTIVE_REPRESENTATION_ITEM('dimensional note','diameter');
#1424=SHAPE_DIMENSION_REPRESENTATION('',(#1419,#1421),#1202);
#1425=DIMENSIONAL_CHARACTERISTIC_REPRESENTATION(#1417,#1424);
#1426=PRESENTATION_STYLE_ASSIGNMENT((NULL_STYLE(.NULL.)));
#1427=CARTESIAN_POINT('',(-0.012245359313857,0.0101679062416305,0.002));
#1428=DIRECTION('',(0.,0.,1.));
#1429=DIRECTION('',(1.,0.,0.));
#1430=AXIS2_PLACEMENT_3D('',#1427,#1428,#1429);
#1431=PLANE('',#1430);
#1432=ANNOTATION_PLANE('',(#1426),#1431,(#1458));
#1433=CARTESIAN_POINT('',(0.,0.,0.));
#1434=DIRECTION('',(0.,0.,1.));
#1435=DIRECTION('',(1.,0.,0.));
#1436=AXIS2_PLACEMENT_3D('',#1433,#1434,#1435);
#1437=CARTESIAN_POINT('',(0.,0.,0.));
#1438=DIRECTION('',(0.,0.,1.));
#1439=DIRECTION('',(1.,0.,0.));
#1440=AXIS2_PLACEMENT_3D('',#1437,#1438,#1439);
#1441=SHAPE_REPRESENTATION('',(#1440,#716),#1202);
#1442=REPRESENTATION_MAP(#1436,#1441);
#1443=MAPPED_ITEM('',#1442,#1436);
#1444=PRESENTATION_STYLE_ASSIGNMENT((NULL_STYLE(.NULL.)));
#1445=STYLED_ITEM('',(#1444),#1443);
#1446=DRAUGHTING_PRE_DEFINED_CURVE_FONT('continuous');
#1447=COLOUR_RGB('',0.,0.,0.);
#1448=CURVE_STYLE('',#1446,POSITIVE_LENGTH_MEASURE(0.02),#1447);
#1449=PRESENTATION_STYLE_ASSIGNMENT((#1448));
#1450=COORDINATES_LIST('coordinates',4335,((-10.1240390,12.2892266,2.0000000),(-8.7098254,15.1176537,2.0000000),(-7.2956118,13.7034401,2.0000000),(7.7999964,23.8115641,2.0000000),(7.8722277,23.8623641,2.0000000),(11.4970194,27.4892724,2.0000000),(7.7999964,23.8115641,2.0000000),(11.4970194,27.4892724,2.0000000),(11.5462319,27.5591224,2.0000000),(7.7999964,23.8115641,2.0000000),(11.5462319,27.5591224,2.0000000),(11.5626360,27.6416724,2.0000000),(7.7999964,23.8115641,2.0000000),(11.5626360,27.6416724,2.0000000),(11.5464964,27.7242224,2.0000000),(7.7999964,23.8115641,2.0000000),(11.5464964,27.7242224,2.0000000),(11.4980777,27.7940724,2.0000000),(7.7999964,23.8115641,2.0000000),(11.4980777,27.7940724,2.0000000),(11.4282277,27.8416974,2.0000000),(7.7999964,23.8115641,2.0000000),(11.4282277,27.8416974,2.0000000),(11.3456777,27.8575724,2.0000000),(7.7999964,23.8115641,2.0000000),(11.3456777,27.8575724,2.0000000),(11.2633923,27.8419620,2.0000000),(7.7999964,23.8115641,2.0000000),(11.2633923,27.8419620,2.0000000),(11.1943360,27.7951308,2.0000000),(7.7999964,23.8115641,2.0000000),(11.1943360,27.7951308,2.0000000),(7.7187694,24.3206224,2.0000000),(7.7999964,23.8115641,2.0000000),(7.7187694,24.3206224,2.0000000),(4.2442610,27.7951308,2.0000000),(7.7999964,23.8115641,2.0000000),(4.2442610,27.7951308,2.0000000),(4.1738819,27.8419620,2.0000000),(7.7999964,23.8115641,2.0000000),(4.1738819,27.8419620,2.0000000),(4.0918610,27.8575724,2.0000000),(7.7999964,23.8115641,2.0000000),(4.0918610,27.8575724,2.0000000),(4.0098402,27.8416974,2.0000000),(7.7999964,23.8115641,2.0000000),(4.0098402,27.8416974,2.0000000),(3.9394610,27.7940724,2.0000000),(7.7999964,23.8115641,2.0000000),(3.9394610,27.7940724,2.0000000),(3.8918360,27.7242224,2.0000000),(7.7999964,23.8115641,2.0000000),(3.8918360,27.7242224,2.0000000),(3.8759610,27.6416724,2.0000000),(7.7999964,23.8115641,2.0000000),(3.8759610,27.6416724,2.0000000),(3.8915714,27.5591224,2.0000000),(7.7999964,23.8115641,2.0000000),(3.8915714,27.5591224,2.0000000),(3.9384027,27.4892724,2.0000000),(7.7999964,23.8115641,2.0000000),(3.9384027,27.4892724,2.0000000),(7.5663694,23.8623641,2.0000000),(7.7999964,23.8115641,2.0000000),(7.5663694,23.8623641,2.0000000),(7.6383360,23.8115641,2.0000000),(7.7999964,23.8115641,2.0000000),(7.6383360,23.8115641,2.0000000),(7.7187694,23.7946308,2.0000000),(13.4186610,23.9729599,2.0000000),(13.5157135,23.9322802,2.0000000),(13.6137251,23.8970245,2.0000000),(13.4186610,23.9729599,2.0000000),(13.6137251,23.8970245,2.0000000),(13.7126958,23.8671927,2.0000000),(13.4186610,23.9729599,2.0000000),(13.7126958,23.8671927,2.0000000),(13.8126256,23.8427849,2.0000000),(13.4186610,23.9729599,2.0000000),(13.8126256,23.8427849,2.0000000),(13.9135145,23.8238011,2.0000000),(13.4186610,23.9729599,2.0000000),(13.9135145,23.8238011,2.0000000),(14.0153626,23.8102412,2.0000000),(13.4186610,23.9729599,2.0000000),(14.0153626,23.8102412,2.0000000),(14.1181698,23.8021052,2.0000000),(13.4186610,23.9729599,2.0000000),(14.1181698,23.8021052,2.0000000),(14.2219360,23.7993933,2.0000000),(13.4186610,23.9729599,2.0000000),(14.2219360,23.7993933,2.0000000),(14.3577169,23.8037093,2.0000000),(13.4186610,23.9729599,2.0000000),(14.3577169,23.8037093,2.0000000),(14.4909511,23.8166573,2.0000000),(13.4186610,23.9729599,2.0000000),(14.4909511,23.8166573,2.0000000),(14.6216388,23.8382374,2.0000000),(13.4186610,23.9729599,2.0000000),(14.6216388,23.8382374,2.0000000),(14.7497798,23.8684495,2.0000000),(13.4186610,23.9729599,2.0000000),(14.7497798,23.8684495,2.0000000),(14.8753742,23.9072936,2.0000000),(13.4186610,23.9729599,2.0000000),(14.8753742,23.9072936,2.0000000),(14.9984220,23.9547698,2.0000000),(13.4186610,23.9729599,2.0000000),(14.9984220,23.9547698,2.0000000),(15.1189231,24.0108780,2.0000000),(13.4186610,23.9729599,2.0000000),(15.1189231,24.0108780,2.0000000),(15.2368777,24.0756183,2.0000000),(13.4186610,23.9729599,2.0000000),(15.2368777,24.0756183,2.0000000),(15.3504501,24.1480149,2.0000000),(13.4186610,23.9729599,2.0000000),(15.3504501,24.1480149,2.0000000),(15.4578048,24.2265630,2.0000000),(13.4186610,23.9729599,2.0000000),(15.4578048,24.2265630,2.0000000),(15.5589418,24.3112628,2.0000000),(13.4186610,23.9729599,2.0000000),(15.5589418,24.3112628,2.0000000),(15.6538610,24.4021141,2.0000000),(13.4186610,23.9729599,2.0000000),(15.6538610,24.4021141,2.0000000),(15.7425626,24.4991169,2.0000000),(15.7425626,24.4991169,2.0000000),(15.8250464,24.6022714,2.0000000),(15.9013126,24.7115774,2.0000000),(15.7425626,24.4991169,2.0000000),(15.9013126,24.7115774,2.0000000),(15.9713610,24.8270349,2.0000000),(15.7425626,24.4991169,2.0000000),(15.9713610,24.8270349,2.0000000),(16.0343649,24.9468085,2.0000000),(15.7425626,24.4991169,2.0000000),(16.0343649,24.9468085,2.0000000),(16.0889683,25.0690625,2.0000000),(15.7425626,24.4991169,2.0000000),(16.0889683,25.0690625,2.0000000),(16.1351712,25.1937970,2.0000000),(15.7425626,24.4991169,2.0000000),(16.1351712,25.1937970,2.0000000),(16.1729735,25.3210120,2.0000000),(15.7425626,24.4991169,2.0000000),(16.1729735,25.3210120,2.0000000),(16.2023754,25.4507074,2.0000000),(15.7425626,24.4991169,2.0000000),(16.2023754,25.4507074,2.0000000),(16.2233767,25.5828834,2.0000000),(15.7425626,24.4991169,2.0000000),(16.2233767,25.5828834,2.0000000),(16.2359774,25.7175397,2.0000000),(15.7425626,24.4991169,2.0000000),(16.2359774,25.7175397,2.0000000),(16.2401777,25.8546766,2.0000000),(15.7425626,24.4991169,2.0000000),(16.2401777,25.8546766,2.0000000),(16.2359774,25.9863068,2.0000000),(15.7425626,24.4991169,2.0000000),(16.2359774,25.9863068,2.0000000),(16.2233767,26.1171433,2.0000000),(15.7425626,24.4991169,2.0000000),(16.2233767,26.1171433,2.0000000),(16.2023754,26.2471860,2.0000000),(15.7425626,24.4991169,2.0000000),(16.2023754,26.2471860,2.0000000),(16.1729735,26.3764349,2.0000000),(15.7425626,24.4991169,2.0000000),(16.1729735,26.3764349,2.0000000),(16.1351712,26.5048901,2.0000000),(15.7425626,24.4991169,2.0000000),(16.1351712,26.5048901,2.0000000),(16.0889683,26.6325516,2.0000000),(16.0889683,26.6325516,2.0000000),(15.6971866,26.4910656,2.0000000),(15.7337487,26.3931864,2.0000000),(16.0889683,26.6325516,2.0000000),(15.7337487,26.3931864,2.0000000),(15.7636631,26.2920328,2.0000000),(16.0889683,26.6325516,2.0000000),(15.7636631,26.2920328,2.0000000),(15.7869299,26.1876051,2.0000000),(16.0889683,26.6325516,2.0000000),(15.7869299,26.1876051,2.0000000),(15.8035491,26.0799031,2.0000000),(16.0889683,26.6325516,2.0000000),(15.8035491,26.0799031,2.0000000),(15.8135205,25.9689270,2.0000000),(16.0889683,26.6325516,2.0000000),(15.8135205,25.9689270,2.0000000),(15.8168444,25.8546766,2.0000000),(16.0889683,26.6325516,2.0000000),(15.8168444,25.8546766,2.0000000),(15.8134875,25.7446430,2.0000000),(15.7425626,24.4991169,2.0000000),(16.0889683,26.6325516,2.0000000),(15.8134875,25.7446430,2.0000000),(15.7425626,24.4991169,2.0000000),(15.8134875,25.7446430,2.0000000),(15.8034168,25.6367922,2.0000000),(15.7425626,24.4991169,2.0000000),(15.8034168,25.6367922,2.0000000),(15.7866323,25.5311242,2.0000000),(15.7425626,24.4991169,2.0000000),(15.7866323,25.5311242,2.0000000),(15.7631339,25.4276391,2.0000000),(15.7425626,24.4991169,2.0000000),(15.7631339,25.4276391,2.0000000),(15.7329218,25.3263367,2.0000000),(15.7425626,24.4991169,2.0000000),(15.7329218,25.3263367,2.0000000),(15.6959959,25.2272172,2.0000000),(15.7425626,24.4991169,2.0000000),(15.6959959,25.2272172,2.0000000),(15.6523562,25.1302805,2.0000000),(15.7425626,24.4991169,2.0000000),(15.6523562,25.1302805,2.0000000),(15.6020027,25.0355266,2.0000000),(15.7425626,24.4991169,2.0000000),(15.6020027,25.0355266,2.0000000),(15.5461591,24.9443115,2.0000000),(15.7425626,24.4991169,2.0000000),(15.5461591,24.9443115,2.0000000),(15.4855199,24.8579912,2.0000000),(15.7425626,24.4991169,2.0000000),(15.4855199,24.8579912,2.0000000),(15.4200851,24.7765656,2.0000000),(15.7425626,24.4991169,2.0000000),(15.4200851,24.7765656,2.0000000),(15.3498548,24.7000349,2.0000000),(15.7425626,24.4991169,2.0000000),(15.3498548,24.7000349,2.0000000),(15.2748289,24.6283990,2.0000000),(15.7425626,24.4991169,2.0000000),(15.2748289,24.6283990,2.0000000),(15.1950074,24.5616578,2.0000000),(15.7425626,24.4991169,2.0000000),(15.1950074,24.5616578,2.0000000),(15.1103903,24.4998115,2.0000000),(15.7425626,24.4991169,2.0000000),(15.1103903,24.4998115,2.0000000),(15.0209777,24.4428599,2.0000000),(15.7425626,24.4991169,2.0000000),(15.0209777,24.4428599,2.0000000),(14.9283901,24.3917623,2.0000000),(15.7425626,24.4991169,2.0000000),(14.9283901,24.3917623,2.0000000),(14.8337188,24.3474776,2.0000000),(15.7425626,24.4991169,2.0000000),(14.8337188,24.3474776,2.0000000),(14.7369640,24.3100060,2.0000000),(15.7425626,24.4991169,2.0000000),(14.7369640,24.3100060,2.0000000),(14.6381256,24.2793474,2.0000000),(13.4186610,23.9729599,2.0000000),(15.7425626,24.4991169,2.0000000),(14.6381256,24.2793474,2.0000000),(13.4186610,23.9729599,2.0000000),(14.6381256,24.2793474,2.0000000),(14.5372036,24.2555018,2.0000000),(13.4186610,23.9729599,2.0000000),(14.5372036,24.2555018,2.0000000),(14.4341980,24.2384693,2.0000000),(13.4186610,23.9729599,2.0000000),(14.4341980,24.2384693,2.0000000),(14.3291088,24.2282498,2.0000000),(13.4186610,23.9729599,2.0000000),(14.3291088,24.2282498,2.0000000),(14.2219360,24.2248433,2.0000000),(13.4186610,23.9729599,2.0000000),(14.2219360,24.2248433,2.0000000),(14.0683454,24.2319209,2.0000000),(13.4186610,23.9729599,2.0000000),(14.0683454,24.2319209,2.0000000),(13.9187235,24.2531537,2.0000000),(13.4186610,23.9729599,2.0000000),(13.9187235,24.2531537,2.0000000),(13.7730704,24.2885417,2.0000000),(13.4186610,23.9729599,2.0000000),(13.7730704,24.2885417,2.0000000),(13.6313860,24.3380849,2.0000000),(13.4186610,23.9729599,2.0000000),(13.6313860,24.3380849,2.0000000),(15.2284110,27.1215016,2.0000000),(12.8577444,22.9982349,2.0000000),(13.4186610,23.9729599,2.0000000),(15.2284110,27.1215016,2.0000000),(15.6539768,26.5856707,2.0000000),(15.6971866,26.4910656,2.0000000),(16.0889683,26.6325516,2.0000000),(15.6041194,26.6770016,2.0000000),(15.6539768,26.5856707,2.0000000),(16.0889683,26.6325516,2.0000000),(15.5361876,26.7809828,2.0000000),(15.6041194,26.6770016,2.0000000),(16.0889683,26.6325516,2.0000000),(15.4509256,26.8897266,2.0000000),(15.5361876,26.7809828,2.0000000),(16.0889683,26.6325516,2.0000000),(15.4017958,26.9458844,2.0000000),(15.4509256,26.8897266,2.0000000),(16.0889683,26.6325516,2.0000000),(15.3483334,27.0032328,2.0000000),(15.4017958,26.9458844,2.0000000),(16.0889683,26.6325516,2.0000000),(15.2905385,27.0617719,2.0000000),(15.3483334,27.0032328,2.0000000),(16.0889683,26.6325516,2.0000000),(15.2284110,27.1215016,2.0000000),(15.2905385,27.0617719,2.0000000),(16.0889683,26.6325516,2.0000000),(15.2284110,27.1215016,2.0000000),(16.0889683,26.6325516,2.0000000),(16.0343649,26.7594193,2.0000000),(15.2284110,27.1215016,2.0000000),(16.0343649,26.7594193,2.0000000),(15.9713610,26.8854933,2.0000000),(15.2284110,27.1215016,2.0000000),(15.9713610,26.8854933,2.0000000),(15.9211729,26.9722104,2.0000000),(15.2284110,27.1215016,2.0000000),(15.9211729,26.9722104,2.0000000),(15.8663876,27.0556203,2.0000000),(15.2284110,27.1215016,2.0000000),(15.8663876,27.0556203,2.0000000),(15.8070052,27.1357229,2.0000000),(15.2284110,27.1215016,2.0000000),(15.8070052,27.1357229,2.0000000),(15.7430256,27.2125183,2.0000000),(15.2284110,27.1215016,2.0000000),(15.7430256,27.2125183,2.0000000),(15.6744489,27.2860063,2.0000000),(15.2284110,27.1215016,2.0000000),(15.6744489,27.2860063,2.0000000),(15.6012751,27.3561870,2.0000000),(15.2284110,27.1215016,2.0000000),(15.6012751,27.3561870,2.0000000),(15.5235041,27.4230604,2.0000000),(15.2284110,27.1215016,2.0000000),(15.5235041,27.4230604,2.0000000),(15.4411360,27.4866266,2.0000000),(15.2284110,27.1215016,2.0000000),(15.4411360,27.4866266,2.0000000),(15.9830027,28.4391266,2.0000000),(12.8577444,22.9982349,2.0000000),(15.2284110,27.1215016,2.0000000),(15.9830027,28.4391266,2.0000000),(12.8577444,22.9982349,2.0000000),(15.9830027,28.4391266,2.0000000),(16.0115777,28.5428433,2.0000000),(12.8577444,22.9982349,2.0000000),(16.0115777,28.5428433,2.0000000),(16.0041694,28.6031683,2.0000000),(12.8577444,22.9982349,2.0000000),(16.0041694,28.6031683,2.0000000),(15.9655402,28.6783099,2.0000000),(12.8577444,22.9982349,2.0000000),(15.9655402,28.6783099,2.0000000),(15.9004527,28.7322849,2.0000000),(12.8577444,22.9982349,2.0000000),(15.9004527,28.7322849,2.0000000),(15.7977944,28.7629766,2.0000000),(12.8577444,22.9982349,2.0000000),(15.7977944,28.7629766,2.0000000),(15.7374694,28.7555683,2.0000000),(12.8577444,22.9982349,2.0000000),(15.7374694,28.7555683,2.0000000),(15.6617985,28.7169391,2.0000000),(12.8577444,22.9982349,2.0000000),(15.6617985,28.7169391,2.0000000),(15.6062360,28.6518516,2.0000000),(12.8577444,22.9982349,2.0000000),(15.6062360,28.6518516,2.0000000),(15.0707194,27.7236933,2.0000000),(15.0707194,27.7236933,2.0000000),(14.9701116,27.7680936,2.0000000),(14.8661964,27.8065740,2.0000000),(15.0707194,27.7236933,2.0000000),(14.8661964,27.8065740,2.0000000),(14.7589741,27.8391343,2.0000000),(15.0707194,27.7236933,2.0000000),(14.7589741,27.8391343,2.0000000),(14.6484444,27.8657745,2.0000000),(15.0707194,27.7236933,2.0000000),(14.6484444,27.8657745,2.0000000),(14.5346074,27.8864947,2.0000000),(15.0707194,27.7236933,2.0000000),(14.5346074,27.8864947,2.0000000),(14.4174631,27.9012948,2.0000000),(15.0707194,27.7236933,2.0000000),(14.4174631,27.9012948,2.0000000),(14.2970116,27.9101749,2.0000000),(15.0707194,27.7236933,2.0000000),(14.2970116,27.9101749,2.0000000),(14.1732527,27.9131349,2.0000000),(15.0707194,27.7236933,2.0000000),(14.1732527,27.9131349,2.0000000),(14.0486505,27.9088024,2.0000000),(15.0707194,27.7236933,2.0000000),(14.0486505,27.9088024,2.0000000),(13.9251397,27.8958047,2.0000000),(15.0707194,27.7236933,2.0000000),(13.9251397,27.8958047,2.0000000),(13.8027203,27.8741419,2.0000000),(15.0707194,27.7236933,2.0000000),(13.8027203,27.8741419,2.0000000),(13.6813923,27.8438141,2.0000000),(15.0707194,27.7236933,2.0000000),(13.6813923,27.8438141,2.0000000),(13.5611557,27.8048211,2.0000000),(15.0707194,27.7236933,2.0000000),(13.5611557,27.8048211,2.0000000),(13.4420105,27.7571630,2.0000000),(15.0707194,27.7236933,2.0000000),(13.4420105,27.7571630,2.0000000),(13.3239567,27.7008399,2.0000000),(15.0707194,27.7236933,2.0000000),(13.3239567,27.7008399,2.0000000),(13.2069944,27.6358516,2.0000000),(15.0707194,27.7236933,2.0000000),(13.2069944,27.6358516,2.0000000),(13.0938850,27.5636865,2.0000000),(15.0707194,27.7236933,2.0000000),(13.0938850,27.5636865,2.0000000),(12.9868610,27.4853037,2.0000000),(15.0707194,27.7236933,2.0000000),(12.9868610,27.4853037,2.0000000),(12.8859225,27.4007031,2.0000000),(15.0707194,27.7236933,2.0000000),(12.8859225,27.4007031,2.0000000),(12.7910694,27.3098849,2.0000000),(15.0707194,27.7236933,2.0000000),(12.7910694,27.3098849,2.0000000),(12.7023017,27.2128490,2.0000000),(12.7023017,27.2128490,2.0000000),(12.6196194,27.1095953,2.0000000),(12.5430225,27.0001240,2.0000000),(12.7023017,27.2128490,2.0000000),(12.5430225,27.0001240,2.0000000),(12.4725110,26.8844349,2.0000000),(12.7023017,27.2128490,2.0000000),(12.4725110,26.8844349,2.0000000),(12.4092591,26.7646283,2.0000000),(12.7023017,27.2128490,2.0000000),(12.4092591,26.7646283,2.0000000),(12.3544407,26.6422750,2.0000000),(12.7023017,27.2128490,2.0000000),(12.3544407,26.6422750,2.0000000),(12.3080560,26.5173752,2.0000000),(12.7023017,27.2128490,2.0000000),(12.3080560,26.5173752,2.0000000),(12.2701048,26.3899287,2.0000000),(12.7023017,27.2128490,2.0000000),(12.2701048,26.3899287,2.0000000),(12.2405872,26.2599356,2.0000000),(12.7023017,27.2128490,2.0000000),(12.2405872,26.2599356,2.0000000),(12.2195032,26.1273959,2.0000000),(12.7023017,27.2128490,2.0000000),(12.2195032,26.1273959,2.0000000),(12.2068528,25.9923095,2.0000000),(12.7023017,27.2128490,2.0000000),(12.2068528,25.9923095,2.0000000),(12.2026360,25.8546766,2.0000000),(12.7023017,27.2128490,2.0000000),(12.2026360,25.8546766,2.0000000),(12.2068363,25.7166137,2.0000000),(12.7023017,27.2128490,2.0000000),(12.2068363,25.7166137,2.0000000),(12.2194371,25.5812959,2.0000000),(12.7023017,27.2128490,2.0000000),(12.2194371,25.5812959,2.0000000),(12.2404384,25.4487231,2.0000000),(12.7023017,27.2128490,2.0000000),(12.2404384,25.4487231,2.0000000),(12.2698402,25.3188953,2.0000000),(12.7023017,27.2128490,2.0000000),(12.2698402,25.3188953,2.0000000),(12.3076425,25.1918127,2.0000000),(12.7023017,27.2128490,2.0000000),(12.3076425,25.1918127,2.0000000),(12.3538454,25.0674750,2.0000000),(12.7023017,27.2128490,2.0000000),(12.3538454,25.0674750,2.0000000),(12.4084488,24.9458824,2.0000000),(12.7023017,27.2128490,2.0000000),(12.4084488,24.9458824,2.0000000),(12.4714527,24.8270349,2.0000000),(12.4714527,24.8270349,2.0000000),(12.8397527,25.0355266,2.0000000),(12.7903914,25.1302640,2.0000000),(12.4714527,24.8270349,2.0000000),(12.7903914,25.1302640,2.0000000),(12.7476116,25.2271511,2.0000000),(12.4714527,24.8270349,2.0000000),(12.7476116,25.2271511,2.0000000),(12.7114132,25.3261879,2.0000000),(12.4714527,24.8270349,2.0000000),(12.7114132,25.3261879,2.0000000),(12.6817964,25.4273745,2.0000000),(12.4714527,24.8270349,2.0000000),(12.6817964,25.4273745,2.0000000),(12.6587612,25.5307108,2.0000000),(12.4714527,24.8270349,2.0000000),(12.6587612,25.5307108,2.0000000),(12.6423074,25.6361969,2.0000000),(12.4714527,24.8270349,2.0000000),(12.6423074,25.6361969,2.0000000),(12.6324351,25.7438327,2.0000000),(12.4714527,24.8270349,2.0000000),(12.6324351,25.7438327,2.0000000),(12.6291444,25.8536183,2.0000000),(12.4714527,24.8270349,2.0000000),(12.6291444,25.8536183,2.0000000),(12.6324847,25.9634369,2.0000000),(12.7023017,27.2128490,2.0000000),(12.4714527,24.8270349,2.0000000),(12.6324847,25.9634369,2.0000000),(12.7023017,27.2128490,2.0000000),(12.6324847,25.9634369,2.0000000),(12.6425058,26.0711719,2.0000000),(12.7023017,27.2128490,2.0000000),(12.6425058,26.0711719,2.0000000),(12.6592076,26.1768233,2.0000000),(12.7023017,27.2128490,2.0000000),(12.6592076,26.1768233,2.0000000),(12.6825902,26.2803912,2.0000000),(12.7023017,27.2128490,2.0000000),(12.6825902,26.2803912,2.0000000),(12.7126535,26.3818754,2.0000000),(12.7023017,27.2128490,2.0000000),(12.7126535,26.3818754,2.0000000),(12.7493975,26.4812761,2.0000000),(12.7023017,27.2128490,2.0000000),(12.7493975,26.4812761,2.0000000),(12.7928222,26.5785931,2.0000000),(12.7023017,27.2128490,2.0000000),(12.7928222,26.5785931,2.0000000),(12.8429277,26.6738266,2.0000000),(12.7023017,27.2128490,2.0000000),(12.8429277,26.6738266,2.0000000),(12.8987713,26.7657693,2.0000000),(12.7023017,27.2128490,2.0000000),(12.8987713,26.7657693,2.0000000),(12.9594105,26.8526849,2.0000000),(12.7023017,27.2128490,2.0000000),(12.9594105,26.8526849,2.0000000),(13.0248453,26.9345735,2.0000000),(12.7023017,27.2128490,2.0000000),(13.0248453,26.9345735,2.0000000),(13.0950756,27.0114349,2.0000000),(12.7023017,27.2128490,2.0000000),(13.0950756,27.0114349,2.0000000),(13.1701015,27.0832693,2.0000000),(12.7023017,27.2128490,2.0000000),(13.1701015,27.0832693,2.0000000),(13.2499230,27.1500766,2.0000000),(12.7023017,27.2128490,2.0000000),(13.2499230,27.1500766,2.0000000),(13.3345401,27.2118568,2.0000000),(12.7023017,27.2128490,2.0000000),(13.3345401,27.2118568,2.0000000),(13.4239527,27.2686099,2.0000000),(12.7023017,27.2128490,2.0000000),(13.4239527,27.2686099,2.0000000),(13.5160277,27.3197076,2.0000000),(12.7023017,27.2128490,2.0000000),(13.5160277,27.3197076,2.0000000),(13.6086319,27.3639922,2.0000000),(12.7023017,27.2128490,2.0000000),(13.6086319,27.3639922,2.0000000),(13.7017652,27.4014638,2.0000000),(12.7023017,27.2128490,2.0000000),(13.7017652,27.4014638,2.0000000),(13.7954277,27.4321224,2.0000000),(12.7023017,27.2128490,2.0000000),(13.7954277,27.4321224,2.0000000),(13.8896194,27.4559680,2.0000000),(15.0707194,27.7236933,2.0000000),(12.7023017,27.2128490,2.0000000),(13.8896194,27.4559680,2.0000000),(15.0707194,27.7236933,2.0000000),(13.8896194,27.4559680,2.0000000),(13.9843402,27.4730005,2.0000000),(15.0707194,27.7236933,2.0000000),(13.9843402,27.4730005,2.0000000),(14.0795902,27.4832201,2.0000000),(15.0707194,27.7236933,2.0000000),(14.0795902,27.4832201,2.0000000),(14.1753694,27.4866266,2.0000000),(15.0707194,27.7236933,2.0000000),(14.1753694,27.4866266,2.0000000),(14.1817194,27.4866266,2.0000000),(15.0707194,27.7236933,2.0000000),(14.1817194,27.4866266,2.0000000),(14.2754315,27.4845430,2.0000000),(15.0707194,27.7236933,2.0000000),(14.2754315,27.4845430,2.0000000),(14.3665970,27.4782922,2.0000000),(15.0707194,27.7236933,2.0000000),(14.3665970,27.4782922,2.0000000),(14.4552158,27.4678742,2.0000000),(15.0707194,27.7236933,2.0000000),(14.4552158,27.4678742,2.0000000),(14.5412881,27.4532891,2.0000000),(15.0707194,27.7236933,2.0000000),(14.5412881,27.4532891,2.0000000),(14.6248138,27.4345367,2.0000000),(15.0707194,27.7236933,2.0000000),(14.6248138,27.4345367,2.0000000),(14.7057928,27.4116172,2.0000000),(15.0707194,27.7236933,2.0000000),(14.7057928,27.4116172,2.0000000),(14.7842252,27.3845305,2.0000000),(15.0707194,27.7236933,2.0000000),(14.7842252,27.3845305,2.0000000),(14.8601110,27.3532766,2.0000000),(12.8577444,22.9982349,2.0000000),(15.0707194,27.7236933,2.0000000),(14.8601110,27.3532766,2.0000000),(12.8577444,22.9982349,2.0000000),(14.8601110,27.3532766,2.0000000),(13.2556777,24.5582183,2.0000000),(12.8577444,22.9982349,2.0000000),(13.2556777,24.5582183,2.0000000),(13.1352261,24.6610750,2.0000000),(12.8821356,24.9662554,2.0000000),(12.8397527,25.0355266,2.0000000),(12.4714527,24.8270349,2.0000000),(12.9272636,24.8997292,2.0000000),(12.8821356,24.9662554,2.0000000),(12.4714527,24.8270349,2.0000000),(13.0257548,24.7749120,2.0000000),(12.9272636,24.8997292,2.0000000),(12.4714527,24.8270349,2.0000000),(13.1352261,24.6610750,2.0000000),(13.0257548,24.7749120,2.0000000),(12.4714527,24.8270349,2.0000000),(13.1352261,24.6610750,2.0000000),(12.4714527,24.8270349,2.0000000),(12.5293964,24.7319834,2.0000000),(13.1352261,24.6610750,2.0000000),(12.5293964,24.7319834,2.0000000),(12.5910444,24.6410328,2.0000000),(13.1352261,24.6610750,2.0000000),(12.5910444,24.6410328,2.0000000),(12.6563964,24.5541834,2.0000000),(13.1352261,24.6610750,2.0000000),(12.6563964,24.5541834,2.0000000),(12.7254527,24.4714349,2.0000000),(13.1352261,24.6610750,2.0000000),(12.7254527,24.4714349,2.0000000),(12.7982131,24.3927875,2.0000000),(13.1352261,24.6610750,2.0000000),(12.7982131,24.3927875,2.0000000),(12.8746777,24.3182412,2.0000000),(13.1352261,24.6610750,2.0000000),(12.8746777,24.3182412,2.0000000),(12.9548464,24.2477959,2.0000000),(13.1352261,24.6610750,2.0000000),(12.9548464,24.2477959,2.0000000),(13.0387194,24.1814516,2.0000000),(12.8577444,22.9982349,2.0000000),(13.1352261,24.6610750,2.0000000),(13.0387194,24.1814516,2.0000000),(12.8577444,22.9982349,2.0000000),(13.0387194,24.1814516,2.0000000),(12.4830944,23.2109599,2.0000000),(12.8577444,22.9982349,2.0000000),(12.4830944,23.2109599,2.0000000),(12.4555777,23.1093599,2.0000000),(12.8577444,22.9982349,2.0000000),(12.4555777,23.1093599,2.0000000),(12.4619277,23.0490349,2.0000000),(12.8577444,22.9982349,2.0000000),(12.4619277,23.0490349,2.0000000),(12.5010860,22.9720412,2.0000000),(12.8577444,22.9982349,2.0000000),(12.5010860,22.9720412,2.0000000),(12.5635277,22.9167433,2.0000000),(12.8577444,22.9982349,2.0000000),(12.5635277,22.9167433,2.0000000),(12.6683027,22.8892266,2.0000000),(12.8577444,22.9982349,2.0000000),(12.6683027,22.8892266,2.0000000),(12.7286277,22.8966349,2.0000000),(12.8577444,22.9982349,2.0000000),(12.7286277,22.8966349,2.0000000),(12.8011235,22.9320891,2.0000000),(18.8203448,24.9147443,2.0000000),(18.8256860,25.0492849,2.0000000),(18.8243962,25.1525675,2.0000000),(18.8203448,24.9147443,2.0000000),(18.8243962,25.1525675,2.0000000),(18.8205267,25.2518069,2.0000000),(18.8203448,24.9147443,2.0000000),(18.8205267,25.2518069,2.0000000),(18.8140774,25.3470032,2.0000000),(18.8203448,24.9147443,2.0000000),(18.8140774,25.3470032,2.0000000),(18.8050485,25.4381563,2.0000000),(18.8203448,24.9147443,2.0000000),(18.8050485,25.4381563,2.0000000),(18.7934399,25.5252662,2.0000000),(18.8203448,24.9147443,2.0000000),(18.7934399,25.5252662,2.0000000),(18.7792517,25.6083330,2.0000000),(18.8203448,24.9147443,2.0000000),(18.7792517,25.6083330,2.0000000),(18.7624837,25.6873566,2.0000000),(18.8203448,24.9147443,2.0000000),(18.7624837,25.6873566,2.0000000),(18.7431360,25.7623370,2.0000000),(18.8203448,24.9147443,2.0000000),(18.7431360,25.7623370,2.0000000),(18.6967017,25.9001684,2.0000000),(18.8203448,24.9147443,2.0000000),(18.6967017,25.9001684,2.0000000),(18.6399485,26.0218271,2.0000000),(18.8203448,24.9147443,2.0000000),(18.6399485,26.0218271,2.0000000),(18.5728767,26.1273132,2.0000000),(18.8203448,24.9147443,2.0000000),(18.5728767,26.1273132,2.0000000),(18.4954860,26.2166266,2.0000000),(18.8203448,24.9147443,2.0000000),(18.4954860,26.2166266,2.0000000),(18.4159953,26.2860797,2.0000000),(18.8203448,24.9147443,2.0000000),(18.4159953,26.2860797,2.0000000),(18.3341563,26.3462724,2.0000000),(18.8203448,24.9147443,2.0000000),(18.3341563,26.3462724,2.0000000),(18.2499692,26.3972047,2.0000000),(18.8203448,24.9147443,2.0000000),(18.2499692,26.3972047,2.0000000),(18.1634339,26.4388766,2.0000000),(18.8203448,24.9147443,2.0000000),(18.1634339,26.4388766,2.0000000),(18.0745505,26.4712880,2.0000000),(18.8203448,24.9147443,2.0000000),(18.0745505,26.4712880,2.0000000),(17.9833188,26.4944391,2.0000000),(18.8203448,24.9147443,2.0000000),(17.9833188,26.4944391,2.0000000),(17.8897390,26.5083297,2.0000000),(17.8897390,26.5083297,2.0000000),(17.7938110,26.5129599,2.0000000),(17.7051756,26.5094046,2.0000000),(17.8897390,26.5083297,2.0000000),(17.7051756,26.5094046,2.0000000),(17.6197152,26.4987386,2.0000000),(17.8897390,26.5083297,2.0000000),(17.6197152,26.4987386,2.0000000),(17.5374298,26.4809619,2.0000000),(17.8897390,26.5083297,2.0000000),(17.5374298,26.4809619,2.0000000),(17.4583194,26.4560745,2.0000000),(17.8897390,26.5083297,2.0000000),(17.4583194,26.4560745,2.0000000),(17.3823839,26.4240765,2.0000000),(17.8897390,26.5083297,2.0000000),(17.3823839,26.4240765,2.0000000),(17.3096235,26.3849677,2.0000000),(17.8897390,26.5083297,2.0000000),(17.3096235,26.3849677,2.0000000),(17.2400381,26.3387483,2.0000000),(17.8897390,26.5083297,2.0000000),(17.2400381,26.3387483,2.0000000),(17.1736277,26.2854183,2.0000000),(18.2846131,27.1863245,2.0000000),(18.3515527,27.0474183,2.0000000),(18.4346319,26.9521683,2.0000000),(18.2846131,27.1863245,2.0000000),(18.4346319,26.9521683,2.0000000),(18.5505194,26.8992516,2.0000000),(18.1896277,27.3067099,2.0000000),(18.2846131,27.1863245,2.0000000),(18.5505194,26.8992516,2.0000000),(18.1896277,27.3067099,2.0000000),(18.5505194,26.8992516,2.0000000),(18.6265209,26.9308031,2.0000000),(18.1896277,27.3067099,2.0000000),(18.6265209,26.9308031,2.0000000),(18.6873089,26.9767745,2.0000000),(18.0965605,27.3854235,2.0000000),(18.1896277,27.3067099,2.0000000),(18.6873089,26.9767745,2.0000000),(18.0965605,27.3854235,2.0000000),(18.6873089,26.9767745,2.0000000),(18.7632444,27.1119766,2.0000000),(17.9983339,27.4416474,2.0000000),(18.0965605,27.3854235,2.0000000),(18.7632444,27.1119766,2.0000000),(17.9983339,27.4416474,2.0000000),(18.7632444,27.1119766,2.0000000),(18.7568944,27.1860599,2.0000000),(17.9983339,27.4416474,2.0000000),(18.7568944,27.1860599,2.0000000),(18.7078142,27.3028735,2.0000000),(17.8949480,27.4753818,2.0000000),(17.9983339,27.4416474,2.0000000),(18.7078142,27.3028735,2.0000000),(17.8949480,27.4753818,2.0000000),(18.7078142,27.3028735,2.0000000),(18.6462985,27.4120141,2.0000000),(17.7864027,27.4866266,2.0000000),(17.8949480,27.4753818,2.0000000),(18.6462985,27.4120141,2.0000000),(17.7864027,27.4866266,2.0000000),(18.6462985,27.4120141,2.0000000),(18.5723475,27.5134818,2.0000000),(17.7864027,27.4866266,2.0000000),(18.5723475,27.5134818,2.0000000),(18.4859610,27.6072766,2.0000000),(17.6910866,27.4746542,2.0000000),(17.7864027,27.4866266,2.0000000),(18.4859610,27.6072766,2.0000000),(17.6910866,27.4746542,2.0000000),(18.4859610,27.6072766,2.0000000),(18.4092815,27.6789621,2.0000000),(17.6910866,27.4746542,2.0000000),(18.4092815,27.6789621,2.0000000),(18.3295261,27.7410896,2.0000000),(17.5903464,27.4387370,2.0000000),(17.6910866,27.4746542,2.0000000),(18.3295261,27.7410896,2.0000000),(17.5903464,27.4387370,2.0000000),(18.3295261,27.7410896,2.0000000),(18.2466950,27.7936590,2.0000000),(17.5903464,27.4387370,2.0000000),(18.2466950,27.7936590,2.0000000),(18.1607881,27.8366703,2.0000000),(17.4841824,27.3788750,2.0000000),(17.5903464,27.4387370,2.0000000),(18.1607881,27.8366703,2.0000000),(17.4841824,27.3788750,2.0000000),(18.1607881,27.8366703,2.0000000),(18.0718054,27.8701236,2.0000000),(17.3725944,27.2950683,2.0000000),(17.4841824,27.3788750,2.0000000),(18.0718054,27.8701236,2.0000000),(17.3725944,27.2950683,2.0000000),(18.0718054,27.8701236,2.0000000),(17.9797470,27.8940188,2.0000000),(17.3725944,27.2950683,2.0000000),(17.9797470,27.8940188,2.0000000),(17.8846127,27.9083559,2.0000000),(17.2855464,27.1987599,2.0000000),(17.3725944,27.2950683,2.0000000),(17.8846127,27.9083559,2.0000000),(17.2855464,27.1987599,2.0000000),(17.8846127,27.9083559,2.0000000),(17.7864027,27.9131349,2.0000000),(17.2855464,27.1987599,2.0000000),(17.7864027,27.9131349,2.0000000),(17.7012730,27.9085378,2.0000000),(17.2855464,27.1987599,2.0000000),(17.7012730,27.9085378,2.0000000),(17.6157464,27.8947464,2.0000000),(17.2233694,27.0717599,2.0000000),(17.2855464,27.1987599,2.0000000),(17.6157464,27.8947464,2.0000000),(17.2233694,27.0717599,2.0000000),(17.6157464,27.8947464,2.0000000),(17.5298230,27.8717607,2.0000000),(17.2233694,27.0717599,2.0000000),(17.5298230,27.8717607,2.0000000),(17.4435027,27.8395808,2.0000000),(17.2016074,26.9967505,2.0000000),(17.2233694,27.0717599,2.0000000),(17.4435027,27.8395808,2.0000000),(17.2016074,26.9967505,2.0000000),(17.4435027,27.8395808,2.0000000),(17.3567855,27.7982065,2.0000000),(17.2016074,26.9967505,2.0000000),(17.3567855,27.7982065,2.0000000),(17.2696714,27.7476380,2.0000000),(17.1860631,26.9140683,2.0000000),(17.2016074,26.9967505,2.0000000),(17.2696714,27.7476380,2.0000000),(17.1767366,26.8237130,2.0000000),(17.1860631,26.9140683,2.0000000),(17.2696714,27.7476380,2.0000000),(17.1767366,26.8237130,2.0000000),(17.2696714,27.7476380,2.0000000),(17.1821605,27.6878753,2.0000000),(17.1736277,26.7256849,2.0000000),(17.1767366,26.8237130,2.0000000),(17.1821605,27.6878753,2.0000000),(17.1736277,26.7256849,2.0000000),(17.1821605,27.6878753,2.0000000),(17.0942527,27.6189183,2.0000000),(17.1736277,26.2854183,2.0000000),(17.1736277,26.7256849,2.0000000),(17.0942527,27.6189183,2.0000000),(17.1736277,26.2854183,2.0000000),(17.0942527,27.6189183,2.0000000),(17.0123972,27.5424041,2.0000000),(17.1736277,26.2854183,2.0000000),(17.0123972,27.5424041,2.0000000),(16.9414558,27.4562656,2.0000000),(17.1736277,26.2854183,2.0000000),(16.9414558,27.4562656,2.0000000),(16.8814285,27.3605030,2.0000000),(17.1736277,26.2854183,2.0000000),(16.8814285,27.3605030,2.0000000),(16.8323152,27.2551162,2.0000000),(17.1736277,26.2854183,2.0000000),(16.8323152,27.2551162,2.0000000),(16.7941160,27.1401051,2.0000000),(17.1736277,26.2854183,2.0000000),(16.7941160,27.1401051,2.0000000),(16.7668308,27.0154698,2.0000000),(17.1736277,26.2854183,2.0000000),(16.7668308,27.0154698,2.0000000),(16.7504597,26.8812103,2.0000000),(17.1736277,26.2854183,2.0000000),(16.7504597,26.8812103,2.0000000),(16.7450027,26.7373266,2.0000000),(17.1736277,26.2854183,2.0000000),(16.7450027,26.7373266,2.0000000),(16.7450027,25.4175849,2.0000000),(17.8897390,26.5083297,2.0000000),(17.1736277,26.2854183,2.0000000),(16.7450027,25.4175849,2.0000000),(16.7450027,25.4175849,2.0000000),(17.1408194,25.4239349,2.0000000),(17.1562975,25.5492151,2.0000000),(16.7450027,25.4175849,2.0000000),(17.1562975,25.5492151,2.0000000),(17.2027319,25.6721141,2.0000000),(16.7450027,25.4175849,2.0000000),(17.2027319,25.6721141,2.0000000),(17.2801225,25.7926318,2.0000000),(17.8897390,26.5083297,2.0000000),(16.7450027,25.4175849,2.0000000),(17.2801225,25.7926318,2.0000000),(17.8897390,26.5083297,2.0000000),(17.2801225,25.7926318,2.0000000),(17.3884694,25.9107683,2.0000000),(17.8897390,26.5083297,2.0000000),(17.3884694,25.9107683,2.0000000),(17.4840501,25.9885558,2.0000000),(17.8897390,26.5083297,2.0000000),(17.4840501,25.9885558,2.0000000),(17.5834673,26.0441183,2.0000000),(17.8897390,26.5083297,2.0000000),(17.5834673,26.0441183,2.0000000),(17.6867209,26.0774558,2.0000000),(17.8897390,26.5083297,2.0000000),(17.6867209,26.0774558,2.0000000),(17.7938110,26.0885683,2.0000000),(17.8897390,26.5083297,2.0000000),(17.7938110,26.0885683,2.0000000),(17.8995121,26.0774558,2.0000000),(17.8897390,26.5083297,2.0000000),(17.8995121,26.0774558,2.0000000),(18.0017735,26.0441183,2.0000000),(17.8897390,26.5083297,2.0000000),(18.0017735,26.0441183,2.0000000),(18.1005954,25.9885558,2.0000000),(17.8897390,26.5083297,2.0000000),(18.1005954,25.9885558,2.0000000),(18.1959777,25.9107683,2.0000000),(17.8897390,26.5083297,2.0000000),(18.1959777,25.9107683,2.0000000),(18.2844147,25.7821808,2.0000000),(18.8203448,24.9147443,2.0000000),(17.8897390,26.5083297,2.0000000),(18.2844147,25.7821808,2.0000000),(18.8203448,24.9147443,2.0000000),(18.2844147,25.7821808,2.0000000),(18.3191578,25.6960589,2.0000000),(18.8203448,24.9147443,2.0000000),(18.3191578,25.6960589,2.0000000),(18.3475839,25.5953849,2.0000000),(18.8203448,24.9147443,2.0000000),(18.3475839,25.5953849,2.0000000),(18.3696932,25.4801589,2.0000000),(18.8203448,24.9147443,2.0000000),(18.3696932,25.4801589,2.0000000),(18.3854855,25.3503808,2.0000000),(18.8203448,24.9147443,2.0000000),(18.3854855,25.3503808,2.0000000),(18.3949609,25.2060505,2.0000000),(18.8203448,24.9147443,2.0000000),(18.3949609,25.2060505,2.0000000),(18.3981194,25.0471683,2.0000000),(18.8203448,24.9147443,2.0000000),(18.3981194,25.0471683,2.0000000),(18.3947459,24.9557216,2.0000000),(18.8203448,24.9147443,2.0000000),(18.3947459,24.9557216,2.0000000),(18.3846256,24.8692360,2.0000000),(18.8203448,24.9147443,2.0000000),(18.3846256,24.8692360,2.0000000),(18.3677584,24.7877112,2.0000000),(18.8203448,24.9147443,2.0000000),(18.3677584,24.7877112,2.0000000),(18.3441444,24.7111474,2.0000000),(18.8203448,24.9147443,2.0000000),(18.3441444,24.7111474,2.0000000),(18.2766756,24.5729026,2.0000000),(18.8203448,24.9147443,2.0000000),(18.2766756,24.5729026,2.0000000),(18.1822194,24.4545016,2.0000000),(18.8203448,24.9147443,2.0000000),(18.1822194,24.4545016,2.0000000),(18.0909381,24.3785662,2.0000000),(17.1417495,25.3337285,2.0000000),(17.1408194,25.4239349,2.0000000),(16.7450027,25.4175849,2.0000000),(17.1445401,25.2475240,2.0000000),(17.1417495,25.3337285,2.0000000),(16.7450027,25.4175849,2.0000000),(17.1557022,25.0871203,2.0000000),(17.1445401,25.2475240,2.0000000),(16.7450027,25.4175849,2.0000000),(17.1743057,24.9427240,2.0000000),(17.1557022,25.0871203,2.0000000),(16.7450027,25.4175849,2.0000000),(17.2003506,24.8143349,2.0000000),(17.1743057,24.9427240,2.0000000),(16.7450027,25.4175849,2.0000000),(17.2338369,24.7019531,2.0000000),(17.2003506,24.8143349,2.0000000),(16.7450027,25.4175849,2.0000000),(17.2747647,24.6055787,2.0000000),(17.2338369,24.7019531,2.0000000),(16.7450027,25.4175849,2.0000000),(17.3231338,24.5252115,2.0000000),(17.2747647,24.6055787,2.0000000),(16.7450027,25.4175849,2.0000000),(17.3231338,24.5252115,2.0000000),(16.7450027,25.4175849,2.0000000),(16.7463421,25.3018917,2.0000000),(17.3231338,24.5252115,2.0000000),(16.7463421,25.3018917,2.0000000),(16.7503605,25.1910850,2.0000000),(17.3231338,24.5252115,2.0000000),(16.7503605,25.1910850,2.0000000),(16.7570578,25.0851649,2.0000000),(17.3789444,24.4608516,2.0000000),(17.3231338,24.5252115,2.0000000),(16.7570578,25.0851649,2.0000000),(17.3789444,24.4608516,2.0000000),(16.7570578,25.0851649,2.0000000),(16.7664339,24.9841313,2.0000000),(17.3789444,24.4608516,2.0000000),(16.7664339,24.9841313,2.0000000),(16.7784890,24.8879842,2.0000000),(17.4759803,24.3821380,2.0000000),(17.3789444,24.4608516,2.0000000),(16.7784890,24.8879842,2.0000000),(17.4759803,24.3821380,2.0000000),(16.7784890,24.8879842,2.0000000),(16.7932230,24.7967236,2.0000000),(17.4759803,24.3821380,2.0000000),(16.7932230,24.7967236,2.0000000),(16.8106359,24.7103495,2.0000000),(17.5765881,24.3259141,2.0000000),(17.4759803,24.3821380,2.0000000),(16.8106359,24.7103495,2.0000000),(17.5765881,24.3259141,2.0000000),(16.8106359,24.7103495,2.0000000),(16.8307277,24.6288620,2.0000000),(17.5765881,24.3259141,2.0000000),(16.8307277,24.6288620,2.0000000),(16.8534984,24.5522610,2.0000000),(17.6807678,24.2921797,2.0000000),(17.5765881,24.3259141,2.0000000),(16.8534984,24.5522610,2.0000000),(17.6807678,24.2921797,2.0000000),(16.8534984,24.5522610,2.0000000),(16.8789480,24.4805465,2.0000000),(17.6807678,24.2921797,2.0000000),(16.8789480,24.4805465,2.0000000),(16.9378839,24.3517771,2.0000000),(17.7885194,24.2809349,2.0000000),(17.6807678,24.2921797,2.0000000),(16.9378839,24.3517771,2.0000000),(17.7885194,24.2809349,2.0000000),(16.9378839,24.3517771,2.0000000),(17.0075355,24.2425538,2.0000000),(17.7885194,24.2809349,2.0000000),(17.0075355,24.2425538,2.0000000),(17.0879027,24.1528766,2.0000000),(17.8940881,24.2917828,2.0000000),(17.7885194,24.2809349,2.0000000),(17.0879027,24.1528766,2.0000000),(17.8940881,24.2917828,2.0000000),(17.0879027,24.1528766,2.0000000),(17.1672612,24.0834235,2.0000000),(17.8940881,24.2917828,2.0000000),(17.1672612,24.0834235,2.0000000),(17.2492324,24.0232308,2.0000000),(17.9948944,24.3243266,2.0000000),(17.8940881,24.2917828,2.0000000),(17.2492324,24.0232308,2.0000000),(17.9948944,24.3243266,2.0000000),(17.2492324,24.0232308,2.0000000),(17.3338164,23.9722985,2.0000000),(17.9948944,24.3243266,2.0000000),(17.3338164,23.9722985,2.0000000),(17.4210131,23.9306266,2.0000000),(18.0909381,24.3785662,2.0000000),(17.9948944,24.3243266,2.0000000),(17.4210131,23.9306266,2.0000000),(18.0909381,24.3785662,2.0000000),(17.4210131,23.9306266,2.0000000),(17.5108226,23.8982151,2.0000000),(18.8203448,24.9147443,2.0000000),(18.0909381,24.3785662,2.0000000),(17.5108226,23.8982151,2.0000000),(18.8203448,24.9147443,2.0000000),(17.5108226,23.8982151,2.0000000),(17.6032449,23.8750641,2.0000000),(18.8203448,24.9147443,2.0000000),(17.6032449,23.8750641,2.0000000),(17.6982799,23.8611735,2.0000000),(18.8203448,24.9147443,2.0000000),(17.6982799,23.8611735,2.0000000),(17.7959277,23.8565433,2.0000000),(18.8203448,24.9147443,2.0000000),(17.7959277,23.8565433,2.0000000),(17.8911777,23.8612561,2.0000000),(18.8203448,24.9147443,2.0000000),(17.8911777,23.8612561,2.0000000),(17.9837819,23.8753948,2.0000000),(18.8203448,24.9147443,2.0000000),(17.9837819,23.8753948,2.0000000),(18.0737402,23.8989593,2.0000000),(18.8203448,24.9147443,2.0000000),(18.0737402,23.8989593,2.0000000),(18.1610527,23.9319495,2.0000000),(18.8203448,24.9147443,2.0000000),(18.1610527,23.9319495,2.0000000),(18.2457194,23.9743655,2.0000000),(18.8203448,24.9147443,2.0000000),(18.2457194,23.9743655,2.0000000),(18.3277402,24.0262073,2.0000000),(18.8203448,24.9147443,2.0000000),(18.3277402,24.0262073,2.0000000),(18.4071152,24.0874749,2.0000000),(18.8203448,24.9147443,2.0000000),(18.4071152,24.0874749,2.0000000),(18.4838444,24.1581683,2.0000000),(18.8203448,24.9147443,2.0000000),(18.4838444,24.1581683,2.0000000),(18.5639635,24.2464068,2.0000000),(18.8203448,24.9147443,2.0000000),(18.5639635,24.2464068,2.0000000),(18.6334001,24.3412599,2.0000000),(18.8203448,24.9147443,2.0000000),(18.6334001,24.3412599,2.0000000),(18.6921541,24.4427276,2.0000000),(18.8203448,24.9147443,2.0000000),(18.6921541,24.4427276,2.0000000),(18.7402256,24.5508099,2.0000000),(18.8203448,24.9147443,2.0000000),(18.7402256,24.5508099,2.0000000),(18.7776145,24.6655068,2.0000000),(18.8203448,24.9147443,2.0000000),(18.7776145,24.6655068,2.0000000),(18.8043209,24.7868183,2.0000000),(29.1530364,24.5231940,2.0000000),(29.1583777,24.6555849,2.0000000),(29.1583777,26.3457433,2.0000000),(29.1530364,24.5231940,2.0000000),(29.1583777,26.3457433,2.0000000),(29.1530695,26.4763647,2.0000000),(29.1530364,24.5231940,2.0000000),(29.1530695,26.4763647,2.0000000),(29.1371449,26.6010000,2.0000000),(29.1530364,24.5231940,2.0000000),(29.1371449,26.6010000,2.0000000),(29.1106039,26.7196491,2.0000000),(29.1530364,24.5231940,2.0000000),(29.1106039,26.7196491,2.0000000),(29.0734464,26.8323120,2.0000000),(29.1530364,24.5231940,2.0000000),(29.0734464,26.8323120,2.0000000),(29.0256726,26.9389887,2.0000000),(29.1530364,24.5231940,2.0000000),(29.0256726,26.9389887,2.0000000),(28.9672824,27.0396792,2.0000000),(29.1530364,24.5231940,2.0000000),(28.9672824,27.0396792,2.0000000),(28.8982757,27.1343835,2.0000000),(29.1530364,24.5231940,2.0000000),(28.8982757,27.1343835,2.0000000),(28.8186527,27.2231016,2.0000000),(29.1530364,24.5231940,2.0000000),(28.8186527,27.2231016,2.0000000),(28.7419731,27.2947871,2.0000000),(29.1530364,24.5231940,2.0000000),(28.7419731,27.2947871,2.0000000),(28.6622178,27.3569146,2.0000000),(29.1530364,24.5231940,2.0000000),(28.6622178,27.3569146,2.0000000),(28.5793867,27.4094840,2.0000000),(28.5793867,27.4094840,2.0000000),(28.4934798,27.4524953,2.0000000),(28.4044971,27.4859486,2.0000000),(28.5793867,27.4094840,2.0000000),(28.4044971,27.4859486,2.0000000),(28.3124386,27.5098438,2.0000000),(28.5793867,27.4094840,2.0000000),(28.3124386,27.5098438,2.0000000),(28.2173044,27.5241809,2.0000000),(28.5793867,27.4094840,2.0000000),(28.2173044,27.5241809,2.0000000),(28.1190944,27.5289599,2.0000000),(28.5793867,27.4094840,2.0000000),(28.1190944,27.5289599,2.0000000),(28.0220088,27.5241809,2.0000000),(28.5793867,27.4094840,2.0000000),(28.0220088,27.5241809,2.0000000),(27.9276022,27.5098438,2.0000000),(28.5793867,27.4094840,2.0000000),(27.9276022,27.5098438,2.0000000),(27.8358744,27.4859486,2.0000000),(28.5793867,27.4094840,2.0000000),(27.8358744,27.4859486,2.0000000),(27.7468256,27.4524953,2.0000000),(28.5793867,27.4094840,2.0000000),(27.7468256,27.4524953,2.0000000),(27.6604557,27.4094840,2.0000000),(28.5793867,27.4094840,2.0000000),(27.6604557,27.4094840,2.0000000),(27.5767647,27.3569146,2.0000000),(28.5793867,27.4094840,2.0000000),(27.5767647,27.3569146,2.0000000),(27.4957526,27.2947871,2.0000000),(28.5793867,27.4094840,2.0000000),(27.4957526,27.2947871,2.0000000),(27.4174194,27.2231016,2.0000000),(28.5793867,27.4094840,2.0000000),(27.4174194,27.2231016,2.0000000),(27.3377963,27.1361198,2.0000000),(28.5793867,27.4094840,2.0000000),(27.3377963,27.1361198,2.0000000),(27.2687897,27.0429203,2.0000000),(28.5793867,27.4094840,2.0000000),(27.2687897,27.0429203,2.0000000),(27.2103994,26.9435031,2.0000000),(28.5793867,27.4094840,2.0000000),(27.2103994,26.9435031,2.0000000),(27.1626256,26.8378683,2.0000000),(28.5793867,27.4094840,2.0000000),(27.1626256,26.8378683,2.0000000),(27.1254682,26.7260156,2.0000000),(27.1254682,26.7260156,2.0000000),(27.0989272,26.6079453,2.0000000),(27.0830026,26.4836573,2.0000000),(27.1254682,26.7260156,2.0000000),(27.0830026,26.4836573,2.0000000),(27.0776944,26.3531516,2.0000000),(27.1254682,26.7260156,2.0000000),(27.0776944,26.3531516,2.0000000),(27.0776944,26.3457433,2.0000000),(27.1254682,26.7260156,2.0000000),(27.0776944,26.3457433,2.0000000),(27.0776944,24.6513516,2.0000000),(27.1254682,26.7260156,2.0000000),(27.0776944,24.6513516,2.0000000),(27.0830026,24.5200356,2.0000000),(27.1254682,26.7260156,2.0000000),(27.0830026,24.5200356,2.0000000),(27.0989272,24.3949042,2.0000000),(27.1254682,26.7260156,2.0000000),(27.0989272,24.3949042,2.0000000),(27.1254682,24.2759574,2.0000000),(27.1254682,26.7260156,2.0000000),(27.1254682,24.2759574,2.0000000),(27.1626256,24.1631953,2.0000000),(27.1254682,26.7260156,2.0000000),(27.1626256,24.1631953,2.0000000),(27.2103994,24.0566179,2.0000000),(27.1254682,26.7260156,2.0000000),(27.2103994,24.0566179,2.0000000),(27.2687897,23.9562250,2.0000000),(27.1254682,26.7260156,2.0000000),(27.2687897,23.9562250,2.0000000),(27.3377963,23.8620168,2.0000000),(27.1254682,26.7260156,2.0000000),(27.3377963,23.8620168,2.0000000),(27.4174194,23.7739933,2.0000000),(27.4174194,23.7739933,2.0000000),(27.7211610,24.0703266,2.0000000),(27.6271678,24.1866771,2.0000000),(27.4174194,23.7739933,2.0000000),(27.6271678,24.1866771,2.0000000),(27.5600298,24.3230037,2.0000000),(27.4174194,23.7739933,2.0000000),(27.5600298,24.3230037,2.0000000),(27.5197470,24.4793063,2.0000000),(27.1254682,26.7260156,2.0000000),(27.4174194,23.7739933,2.0000000),(27.5197470,24.4793063,2.0000000),(27.1254682,26.7260156,2.0000000),(27.5197470,24.4793063,2.0000000),(27.5096763,24.5649486,2.0000000),(27.1254682,26.7260156,2.0000000),(27.5096763,24.5649486,2.0000000),(27.5063194,24.6555849,2.0000000),(27.1254682,26.7260156,2.0000000),(27.5063194,24.6555849,2.0000000),(27.5063194,26.3531516,2.0000000),(27.1254682,26.7260156,2.0000000),(27.5063194,26.3531516,2.0000000),(27.5096432,26.4414563,2.0000000),(27.1254682,26.7260156,2.0000000),(27.5096432,26.4414563,2.0000000),(27.5196147,26.5248662,2.0000000),(27.1254682,26.7260156,2.0000000),(27.5196147,26.5248662,2.0000000),(27.5362338,26.6033813,2.0000000),(27.1254682,26.7260156,2.0000000),(27.5362338,26.6033813,2.0000000),(27.5595006,26.6770016,2.0000000),(27.1254682,26.7260156,2.0000000),(27.5595006,26.6770016,2.0000000),(27.6259772,26.8095578,2.0000000),(27.1254682,26.7260156,2.0000000),(27.6259772,26.8095578,2.0000000),(27.7190444,26.9225349,2.0000000),(27.1254682,26.7260156,2.0000000),(27.7190444,26.9225349,2.0000000),(27.8142944,27.0012485,2.0000000),(27.1254682,26.7260156,2.0000000),(27.8142944,27.0012485,2.0000000),(27.9127194,27.0574724,2.0000000),(28.5793867,27.4094840,2.0000000),(27.1254682,26.7260156,2.0000000),(27.9127194,27.0574724,2.0000000),(28.5793867,27.4094840,2.0000000),(27.9127194,27.0574724,2.0000000),(28.0143194,27.0912068,2.0000000),(28.5793867,27.4094840,2.0000000),(28.0143194,27.0912068,2.0000000),(28.1190944,27.1024516,2.0000000),(28.5793867,27.4094840,2.0000000),(28.1190944,27.1024516,2.0000000),(28.2281688,27.0912068,2.0000000),(28.5793867,27.4094840,2.0000000),(28.2281688,27.0912068,2.0000000),(28.3310256,27.0574724,2.0000000),(28.5793867,27.4094840,2.0000000),(28.3310256,27.0574724,2.0000000),(28.4276647,27.0012485,2.0000000),(28.5793867,27.4094840,2.0000000),(28.4276647,27.0012485,2.0000000),(28.5180860,26.9225349,2.0000000),(28.5793867,27.4094840,2.0000000),(28.5180860,26.9225349,2.0000000),(28.6111532,26.8039354,2.0000000),(28.5793867,27.4094840,2.0000000),(28.6111532,26.8039354,2.0000000),(28.6776298,26.6682703,2.0000000),(28.5793867,27.4094840,2.0000000),(28.6776298,26.6682703,2.0000000),(28.7175157,26.5155396,2.0000000),(29.1530364,24.5231940,2.0000000),(28.5793867,27.4094840,2.0000000),(28.7175157,26.5155396,2.0000000),(29.1530364,24.5231940,2.0000000),(28.7175157,26.5155396,2.0000000),(28.7274872,26.4327746,2.0000000),(29.1530364,24.5231940,2.0000000),(28.7274872,26.4327746,2.0000000),(28.7308110,26.3457433,2.0000000),(29.1530364,24.5231940,2.0000000),(28.7308110,26.3457433,2.0000000),(28.7308110,24.6555849,2.0000000),(29.1530364,24.5231940,2.0000000),(28.7308110,24.6555849,2.0000000),(28.7274872,24.5659408,2.0000000),(29.1530364,24.5231940,2.0000000),(28.7274872,24.5659408,2.0000000),(28.7175157,24.4811584,2.0000000),(29.1530364,24.5231940,2.0000000),(28.7175157,24.4811584,2.0000000),(28.7008966,24.4012377,2.0000000),(29.1530364,24.5231940,2.0000000),(28.7008966,24.4012377,2.0000000),(28.6776298,24.3261787,2.0000000),(29.1530364,24.5231940,2.0000000),(28.6776298,24.3261787,2.0000000),(28.6111532,24.1906459,2.0000000),(29.1530364,24.5231940,2.0000000),(28.6111532,24.1906459,2.0000000),(28.5180860,24.0745599,2.0000000),(29.1530364,24.5231940,2.0000000),(28.5180860,24.0745599,2.0000000),(28.4268709,23.9967724,2.0000000),(27.8127069,23.9943912,2.0000000),(27.7211610,24.0703266,2.0000000),(27.4174194,23.7739933,2.0000000),(27.9095444,23.9401516,2.0000000),(27.8127069,23.9943912,2.0000000),(27.4174194,23.7739933,2.0000000),(28.0116735,23.9076078,2.0000000),(27.9095444,23.9401516,2.0000000),(27.4174194,23.7739933,2.0000000),(28.1190944,23.8967599,2.0000000),(28.0116735,23.9076078,2.0000000),(27.4174194,23.7739933,2.0000000),(28.2273751,23.9078724,2.0000000),(28.1190944,23.8967599,2.0000000),(27.4174194,23.7739933,2.0000000),(28.2273751,23.9078724,2.0000000),(27.4174194,23.7739933,2.0000000),(27.4942974,23.7032999,2.0000000),(28.2273751,23.9078724,2.0000000),(27.4942974,23.7032999,2.0000000),(27.5741188,23.6420323,2.0000000),(28.3299673,23.9412099,2.0000000),(28.2273751,23.9078724,2.0000000),(27.5741188,23.6420323,2.0000000),(28.3299673,23.9412099,2.0000000),(27.5741188,23.6420323,2.0000000),(27.6568838,23.5901905,2.0000000),(28.3299673,23.9412099,2.0000000),(27.6568838,23.5901905,2.0000000),(27.7425923,23.5477745,2.0000000),(28.4268709,23.9967724,2.0000000),(28.3299673,23.9412099,2.0000000),(27.7425923,23.5477745,2.0000000),(28.4268709,23.9967724,2.0000000),(27.7425923,23.5477745,2.0000000),(27.8312442,23.5147843,2.0000000),(29.1530364,24.5231940,2.0000000),(28.4268709,23.9967724,2.0000000),(27.8312442,23.5147843,2.0000000),(29.1530364,24.5231940,2.0000000),(27.8312442,23.5147843,2.0000000),(27.9228397,23.4912198,2.0000000),(29.1530364,24.5231940,2.0000000),(27.9228397,23.4912198,2.0000000),(28.0173786,23.4770811,2.0000000),(29.1530364,24.5231940,2.0000000),(28.0173786,23.4770811,2.0000000),(28.1148610,23.4723683,2.0000000),(29.1530364,24.5231940,2.0000000),(28.1148610,23.4723683,2.0000000),(28.2140302,23.4769985,2.0000000),(29.1530364,24.5231940,2.0000000),(28.2140302,23.4769985,2.0000000),(28.3099251,23.4908891,2.0000000),(29.1530364,24.5231940,2.0000000),(28.3099251,23.4908891,2.0000000),(28.4025458,23.5140401,2.0000000),(29.1530364,24.5231940,2.0000000),(28.4025458,23.5140401,2.0000000),(28.4918923,23.5464516,2.0000000),(29.1530364,24.5231940,2.0000000),(28.4918923,23.5464516,2.0000000),(28.5779645,23.5881235,2.0000000),(29.1530364,24.5231940,2.0000000),(28.5779645,23.5881235,2.0000000),(28.6607626,23.6390558,2.0000000),(29.1530364,24.5231940,2.0000000),(28.6607626,23.6390558,2.0000000),(28.7402864,23.6992485,2.0000000),(29.1530364,24.5231940,2.0000000),(28.7402864,23.6992485,2.0000000),(28.8165360,23.7687016,2.0000000),(29.1530364,24.5231940,2.0000000),(28.8165360,23.7687016,2.0000000),(28.8966552,23.8580315,2.0000000),(29.1530364,24.5231940,2.0000000),(28.8966552,23.8580315,2.0000000),(28.9660918,23.9535130,2.0000000),(29.1530364,24.5231940,2.0000000),(28.9660918,23.9535130,2.0000000),(29.0248458,24.0551461,2.0000000),(29.1530364,24.5231940,2.0000000),(29.0248458,24.0551461,2.0000000),(29.0729173,24.1629308,2.0000000),(29.1530364,24.5231940,2.0000000),(29.0729173,24.1629308,2.0000000),(29.1103062,24.2768669,2.0000000),(29.1530364,24.5231940,2.0000000),(29.1103062,24.2768669,2.0000000),(29.1370126,24.3969547,2.0000000),(24.3737188,26.4691052,2.0000000),(24.3683610,26.3341016,2.0000000),(24.3696715,26.2308314,2.0000000),(24.3737188,26.4691052,2.0000000),(24.3696715,26.2308314,2.0000000),(24.3736031,26.1316292,2.0000000),(24.3737188,26.4691052,2.0000000),(24.3736031,26.1316292,2.0000000),(24.3801557,26.0364949,2.0000000),(24.3737188,26.4691052,2.0000000),(24.3801557,26.0364949,2.0000000),(24.3893293,25.9454287,2.0000000),(24.3737188,26.4691052,2.0000000),(24.3893293,25.9454287,2.0000000),(24.4011239,25.8584304,2.0000000),(24.3737188,26.4691052,2.0000000),(24.4011239,25.8584304,2.0000000),(24.4155395,25.7755000,2.0000000),(24.3737188,26.4691052,2.0000000),(24.4155395,25.7755000,2.0000000),(24.4325762,25.6966377,2.0000000),(24.3737188,26.4691052,2.0000000),(24.4325762,25.6966377,2.0000000),(24.4522339,25.6218433,2.0000000),(24.3737188,26.4691052,2.0000000),(24.4522339,25.6218433,2.0000000),(24.4994125,25.4844584,2.0000000),(24.3737188,26.4691052,2.0000000),(24.4994125,25.4844584,2.0000000),(24.5570751,25.3633453,2.0000000),(24.3737188,26.4691052,2.0000000),(24.5570751,25.3633453,2.0000000),(24.6252218,25.2585042,2.0000000),(24.3737188,26.4691052,2.0000000),(24.6252218,25.2585042,2.0000000),(24.7038527,25.1699349,2.0000000),(24.3737188,26.4691052,2.0000000),(24.7038527,25.1699349,2.0000000),(24.7821198,25.0994896,2.0000000),(24.3737188,26.4691052,2.0000000),(24.7821198,25.0994896,2.0000000),(24.8629334,25.0384370,2.0000000),(24.3737188,26.4691052,2.0000000),(24.8629334,25.0384370,2.0000000),(24.9462937,24.9867771,2.0000000),(24.3737188,26.4691052,2.0000000),(24.9462937,24.9867771,2.0000000),(25.0322006,24.9445099,2.0000000),(24.3737188,26.4691052,2.0000000),(25.0322006,24.9445099,2.0000000),(25.1206541,24.9116354,2.0000000),(24.3737188,26.4691052,2.0000000),(25.1206541,24.9116354,2.0000000),(25.2116543,24.8881537,2.0000000),(24.3737188,26.4691052,2.0000000),(25.2116543,24.8881537,2.0000000),(25.3052010,24.8740646,2.0000000),(25.3052010,24.8740646,2.0000000),(25.4012944,24.8693683,2.0000000),(25.4903928,24.8728740,2.0000000),(25.3052010,24.8740646,2.0000000),(25.4903928,24.8728740,2.0000000),(25.5761839,24.8833912,2.0000000),(25.3052010,24.8740646,2.0000000),(25.5761839,24.8833912,2.0000000),(25.6586678,24.9009198,2.0000000),(25.3052010,24.8740646,2.0000000),(25.6586678,24.9009198,2.0000000),(25.7378444,24.9254599,2.0000000),(25.3052010,24.8740646,2.0000000),(25.7378444,24.9254599,2.0000000),(25.8137136,24.9570115,2.0000000),(25.3052010,24.8740646,2.0000000),(25.8137136,24.9570115,2.0000000),(25.8862756,24.9955745,2.0000000),(25.3052010,24.8740646,2.0000000),(25.8862756,24.9955745,2.0000000),(25.9555303,25.0411490,2.0000000),(25.3052010,24.8740646,2.0000000),(25.9555303,25.0411490,2.0000000),(26.0214777,25.0937349,2.0000000),(24.9099631,24.1944162,2.0000000),(24.8424944,24.3359683,2.0000000),(24.7594152,24.4296308,2.0000000),(24.9099631,24.1944162,2.0000000),(24.7594152,24.4296308,2.0000000),(24.6435277,24.4820183,2.0000000),(25.0044194,24.0745599,2.0000000),(24.9099631,24.1944162,2.0000000),(24.6435277,24.4820183,2.0000000),(25.0044194,24.0745599,2.0000000),(24.6435277,24.4820183,2.0000000),(24.5679230,24.4512604,2.0000000),(25.0044194,24.0745599,2.0000000),(24.5679230,24.4512604,2.0000000),(24.5072673,24.4055537,2.0000000),(25.0976188,23.9967724,2.0000000),(25.0044194,24.0745599,2.0000000),(24.5072673,24.4055537,2.0000000),(25.0976188,23.9967724,2.0000000),(24.5072673,24.4055537,2.0000000),(24.4308027,24.2692933,2.0000000),(25.1962423,23.9412099,2.0000000),(25.0976188,23.9967724,2.0000000),(24.4308027,24.2692933,2.0000000),(25.1962423,23.9412099,2.0000000),(24.4308027,24.2692933,2.0000000),(24.4382110,24.1973266,2.0000000),(25.1962423,23.9412099,2.0000000),(24.4382110,24.1973266,2.0000000),(24.4868282,24.0795870,2.0000000),(25.3002897,23.9078724,2.0000000),(25.1962423,23.9412099,2.0000000),(24.4868282,24.0795870,2.0000000),(25.3002897,23.9078724,2.0000000),(24.4868282,24.0795870,2.0000000),(24.5480131,23.9697849,2.0000000),(25.4097610,23.8967599,2.0000000),(25.3002897,23.9078724,2.0000000),(24.5480131,23.9697849,2.0000000),(25.4097610,23.8967599,2.0000000),(24.5480131,23.9697849,2.0000000),(24.6217657,23.8679203,2.0000000),(25.4097610,23.8967599,2.0000000),(24.6217657,23.8679203,2.0000000),(24.7080860,23.7739933,2.0000000),(25.5043496,23.9084677,2.0000000),(25.4097610,23.8967599,2.0000000),(24.7080860,23.7739933,2.0000000),(25.5043496,23.9084677,2.0000000),(24.7080860,23.7739933,2.0000000),(24.7850302,23.7032999,2.0000000),(25.5043496,23.9084677,2.0000000),(24.7850302,23.7032999,2.0000000),(24.8650501,23.6420323,2.0000000),(25.6050235,23.9435912,2.0000000),(25.5043496,23.9084677,2.0000000),(24.8650501,23.6420323,2.0000000),(25.6050235,23.9435912,2.0000000),(24.8650501,23.6420323,2.0000000),(24.9481458,23.5901905,2.0000000),(25.6050235,23.9435912,2.0000000),(24.9481458,23.5901905,2.0000000),(25.0343173,23.5477745,2.0000000),(25.7117829,24.0021302,2.0000000),(25.6050235,23.9435912,2.0000000),(25.0343173,23.5477745,2.0000000),(25.7117829,24.0021302,2.0000000),(25.0343173,23.5477745,2.0000000),(25.1235645,23.5147843,2.0000000),(25.8246277,24.0840849,2.0000000),(25.7117829,24.0021302,2.0000000),(25.1235645,23.5147843,2.0000000),(25.8246277,24.0840849,2.0000000),(25.1235645,23.5147843,2.0000000),(25.2158876,23.4912198,2.0000000),(25.8246277,24.0840849,2.0000000),(25.2158876,23.4912198,2.0000000),(25.3112864,23.4770811,2.0000000),(25.9107496,24.1821130,2.0000000),(25.8246277,24.0840849,2.0000000),(25.3112864,23.4770811,2.0000000),(25.9107496,24.1821130,2.0000000),(25.3112864,23.4770811,2.0000000),(25.4097610,23.4723683,2.0000000),(25.9107496,24.1821130,2.0000000),(25.4097610,23.4723683,2.0000000),(25.4946261,23.4768992,2.0000000),(25.9107496,24.1821130,2.0000000),(25.4946261,23.4768992,2.0000000),(25.5798881,23.4904922,2.0000000),(25.9722652,24.3100391,2.0000000),(25.9107496,24.1821130,2.0000000),(25.5798881,23.4904922,2.0000000),(25.9722652,24.3100391,2.0000000),(25.5798881,23.4904922,2.0000000),(25.6655470,23.5131472,2.0000000),(25.9722652,24.3100391,2.0000000),(25.6655470,23.5131472,2.0000000),(25.7516027,23.5448641,2.0000000),(25.9722652,24.3100391,2.0000000),(25.7516027,23.5448641,2.0000000),(25.8380553,23.5856430,2.0000000),(25.9937957,24.3852138,2.0000000),(25.9722652,24.3100391,2.0000000),(25.8380553,23.5856430,2.0000000),(25.9937957,24.3852138,2.0000000),(25.8380553,23.5856430,2.0000000),(25.9249048,23.6354839,2.0000000),(26.0091746,24.4678630,2.0000000),(25.9937957,24.3852138,2.0000000),(25.9249048,23.6354839,2.0000000),(26.0184019,24.5579867,2.0000000),(26.0091746,24.4678630,2.0000000),(25.9249048,23.6354839,2.0000000),(26.0184019,24.5579867,2.0000000),(25.9249048,23.6354839,2.0000000),(26.0121511,23.6943867,2.0000000),(26.0214777,24.6555849,2.0000000),(26.0184019,24.5579867,2.0000000),(26.0121511,23.6943867,2.0000000),(26.0214777,24.6555849,2.0000000),(26.0121511,23.6943867,2.0000000),(26.0997944,23.7623516,2.0000000),(26.0214777,25.0937349,2.0000000),(26.0214777,24.6555849,2.0000000),(26.0997944,23.7623516,2.0000000),(26.0214777,25.0937349,2.0000000),(26.0997944,23.7623516,2.0000000),(26.1816498,23.8401060,2.0000000),(26.0214777,25.0937349,2.0000000),(26.1816498,23.8401060,2.0000000),(26.2525912,23.9273193,2.0000000),(26.0214777,25.0937349,2.0000000),(26.2525912,23.9273193,2.0000000),(26.3126186,24.0239914,2.0000000),(26.0214777,25.0937349,2.0000000),(26.3126186,24.0239914,2.0000000),(26.3617319,24.1301224,2.0000000),(26.0214777,25.0937349,2.0000000),(26.3617319,24.1301224,2.0000000),(26.3999311,24.2457123,2.0000000),(26.0214777,25.0937349,2.0000000),(26.3999311,24.2457123,2.0000000),(26.4272162,24.3707610,2.0000000),(26.0214777,25.0937349,2.0000000),(26.4272162,24.3707610,2.0000000),(26.4435873,24.5052685,2.0000000),(26.0214777,25.0937349,2.0000000),(26.4435873,24.5052685,2.0000000),(26.4490444,24.6492349,2.0000000),(26.0214777,25.0937349,2.0000000),(26.4490444,24.6492349,2.0000000),(26.4490444,25.9658016,2.0000000),(25.3052010,24.8740646,2.0000000),(26.0214777,25.0937349,2.0000000),(26.4490444,25.9658016,2.0000000),(26.4490444,25.9658016,2.0000000),(26.0532277,25.9541599,2.0000000),(26.0377496,25.8311948,2.0000000),(26.4490444,25.9658016,2.0000000),(26.0377496,25.8311948,2.0000000),(25.9913152,25.7099495,2.0000000),(26.4490444,25.9658016,2.0000000),(25.9913152,25.7099495,2.0000000),(25.9139246,25.5904240,2.0000000),(25.3052010,24.8740646,2.0000000),(26.4490444,25.9658016,2.0000000),(25.9139246,25.5904240,2.0000000),(25.3052010,24.8740646,2.0000000),(25.9139246,25.5904240,2.0000000),(25.8055777,25.4726183,2.0000000),(25.3052010,24.8740646,2.0000000),(25.8055777,25.4726183,2.0000000),(25.7100631,25.3939047,2.0000000),(25.3052010,24.8740646,2.0000000),(25.7100631,25.3939047,2.0000000),(25.6108444,25.3376808,2.0000000),(25.3052010,24.8740646,2.0000000),(25.6108444,25.3376808,2.0000000),(25.5079214,25.3039464,2.0000000),(25.3052010,24.8740646,2.0000000),(25.5079214,25.3039464,2.0000000),(25.4012944,25.2927016,2.0000000),(25.3052010,24.8740646,2.0000000),(25.4012944,25.2927016,2.0000000),(25.2951303,25.3039464,2.0000000),(25.3052010,24.8740646,2.0000000),(25.2951303,25.3039464,2.0000000),(25.1925381,25.3376808,2.0000000),(25.3052010,24.8740646,2.0000000),(25.1925381,25.3376808,2.0000000),(25.0935178,25.3939047,2.0000000),(25.3052010,24.8740646,2.0000000),(25.0935178,25.3939047,2.0000000),(24.9980694,25.4726183,2.0000000),(25.3052010,24.8740646,2.0000000),(24.9980694,25.4726183,2.0000000),(24.9100954,25.6014703,2.0000000),(24.3737188,26.4691052,2.0000000),(25.3052010,24.8740646,2.0000000),(24.9100954,25.6014703,2.0000000),(24.3737188,26.4691052,2.0000000),(24.9100954,25.6014703,2.0000000),(24.8755342,25.6875261,2.0000000),(24.3737188,26.4691052,2.0000000),(24.8755342,25.6875261,2.0000000),(24.8472569,25.7880016,2.0000000),(24.3737188,26.4691052,2.0000000),(24.8472569,25.7880016,2.0000000),(24.8252634,25.9028969,2.0000000),(24.3737188,26.4691052,2.0000000),(24.8252634,25.9028969,2.0000000),(24.8095537,26.0322120,2.0000000),(24.3737188,26.4691052,2.0000000),(24.8095537,26.0322120,2.0000000),(24.8001280,26.1759469,2.0000000),(24.3737188,26.4691052,2.0000000),(24.8001280,26.1759469,2.0000000),(24.7969860,26.3341016,2.0000000),(24.3737188,26.4691052,2.0000000),(24.7969860,26.3341016,2.0000000),(24.8003429,26.4255151,2.0000000),(24.3737188,26.4691052,2.0000000),(24.8003429,26.4255151,2.0000000),(24.8104136,26.5119016,2.0000000),(24.3737188,26.4691052,2.0000000),(24.8104136,26.5119016,2.0000000),(24.8271981,26.5932610,2.0000000),(24.3737188,26.4691052,2.0000000),(24.8271981,26.5932610,2.0000000),(24.8506964,26.6695933,2.0000000),(24.3737188,26.4691052,2.0000000),(24.8506964,26.6695933,2.0000000),(24.9178345,26.8071766,2.0000000),(24.3737188,26.4691052,2.0000000),(24.9178345,26.8071766,2.0000000),(25.0118277,26.9246516,2.0000000),(24.3737188,26.4691052,2.0000000),(25.0118277,26.9246516,2.0000000),(25.1031089,27.0024391,2.0000000),(26.0522975,26.0453792,2.0000000),(26.0532277,25.9541599,2.0000000),(26.4490444,25.9658016,2.0000000),(26.0495070,26.1325056,2.0000000),(26.0522975,26.0453792,2.0000000),(26.4490444,25.9658016,2.0000000),(26.0383449,26.2944802,2.0000000),(26.0495070,26.1325056,2.0000000),(26.4490444,25.9658016,2.0000000),(26.0197414,26.4400837,2.0000000),(26.0383449,26.2944802,2.0000000),(26.4490444,25.9658016,2.0000000),(25.9936964,26.5693162,2.0000000),(26.0197414,26.4400837,2.0000000),(26.4490444,25.9658016,2.0000000),(25.9602101,26.6821775,2.0000000),(25.9936964,26.5693162,2.0000000),(26.4490444,25.9658016,2.0000000),(25.9192824,26.7786677,2.0000000),(25.9602101,26.6821775,2.0000000),(26.4490444,25.9658016,2.0000000),(25.8709132,26.8587869,2.0000000),(25.9192824,26.7786677,2.0000000),(26.4490444,25.9658016,2.0000000),(25.8709132,26.8587869,2.0000000),(26.4490444,25.9658016,2.0000000),(26.4477090,26.0812467,2.0000000),(25.8709132,26.8587869,2.0000000),(26.4477090,26.0812467,2.0000000),(26.4437031,26.1918384,2.0000000),(25.8709132,26.8587869,2.0000000),(26.4437031,26.1918384,2.0000000),(26.4370265,26.2975767,2.0000000),(25.8151027,26.9225349,2.0000000),(25.8709132,26.8587869,2.0000000),(26.4370265,26.2975767,2.0000000),(25.8151027,26.9225349,2.0000000),(26.4370265,26.2975767,2.0000000),(26.4276793,26.3984615,2.0000000),(25.8151027,26.9225349,2.0000000),(26.4276793,26.3984615,2.0000000),(26.4156614,26.4944928,2.0000000),(25.7184636,27.0012485,2.0000000),(25.8151027,26.9225349,2.0000000),(26.4156614,26.4944928,2.0000000),(25.7184636,27.0012485,2.0000000),(26.4156614,26.4944928,2.0000000),(26.4009729,26.5856707,2.0000000),(25.7184636,27.0012485,2.0000000),(26.4009729,26.5856707,2.0000000),(26.3836137,26.6719952,2.0000000),(25.6179881,27.0574724,2.0000000),(25.7184636,27.0012485,2.0000000),(26.3836137,26.6719952,2.0000000),(25.6179881,27.0574724,2.0000000),(26.3836137,26.6719952,2.0000000),(26.3635839,26.7534662,2.0000000),(25.6179881,27.0574724,2.0000000),(26.3635839,26.7534662,2.0000000),(26.3408835,26.8300837,2.0000000),(25.5136761,27.0912068,2.0000000),(25.6179881,27.0574724,2.0000000),(26.3408835,26.8300837,2.0000000),(25.5136761,27.0912068,2.0000000),(26.3408835,26.8300837,2.0000000),(26.3155125,26.9018478,2.0000000),(25.5136761,27.0912068,2.0000000),(26.3155125,26.9018478,2.0000000),(26.2567584,27.0308156,2.0000000),(25.4055277,27.1024516,2.0000000),(25.5136761,27.0912068,2.0000000),(26.2567584,27.0308156,2.0000000),(25.4055277,27.1024516,2.0000000),(26.2567584,27.0308156,2.0000000),(26.1873218,27.1403697,2.0000000),(25.4055277,27.1024516,2.0000000),(26.1873218,27.1403697,2.0000000),(26.1072027,27.2305099,2.0000000),(25.2999589,27.0913391,2.0000000),(25.4055277,27.1024516,2.0000000),(26.1072027,27.2305099,2.0000000),(25.2999589,27.0913391,2.0000000),(26.1072027,27.2305099,2.0000000),(26.0275962,27.3004591,2.0000000),(25.2999589,27.0913391,2.0000000),(26.0275962,27.3004591,2.0000000),(25.9454100,27.3610818,2.0000000),(25.1991527,27.0580016,2.0000000),(25.2999589,27.0913391,2.0000000),(25.9454100,27.3610818,2.0000000),(25.1991527,27.0580016,2.0000000),(25.9454100,27.3610818,2.0000000),(25.8606441,27.4123779,2.0000000),(25.1991527,27.0580016,2.0000000),(25.8606441,27.4123779,2.0000000),(25.7732985,27.4543474,2.0000000),(25.1031089,27.0024391,2.0000000),(25.1991527,27.0580016,2.0000000),(25.7732985,27.4543474,2.0000000),(25.1031089,27.0024391,2.0000000),(25.7732985,27.4543474,2.0000000),(25.6833733,27.4869904,2.0000000),(24.3737188,26.4691052,2.0000000),(25.1031089,27.0024391,2.0000000),(25.6833733,27.4869904,2.0000000),(24.3737188,26.4691052,2.0000000),(25.6833733,27.4869904,2.0000000),(25.5908683,27.5103068,2.0000000),(24.3737188,26.4691052,2.0000000),(25.5908683,27.5103068,2.0000000),(25.4957837,27.5242966,2.0000000),(24.3737188,26.4691052,2.0000000),(25.4957837,27.5242966,2.0000000),(25.3981194,27.5289599,2.0000000),(24.3737188,26.4691052,2.0000000),(25.3981194,27.5289599,2.0000000),(25.3028859,27.5242140,2.0000000),(24.3737188,26.4691052,2.0000000),(25.3028859,27.5242140,2.0000000),(25.2103313,27.5099761,2.0000000),(24.3737188,26.4691052,2.0000000),(25.2103313,27.5099761,2.0000000),(25.1204557,27.4862462,2.0000000),(24.3737188,26.4691052,2.0000000),(25.1204557,27.4862462,2.0000000),(25.0332589,27.4530245,2.0000000),(24.3737188,26.4691052,2.0000000),(25.0332589,27.4530245,2.0000000),(24.9487411,27.4103108,2.0000000),(24.3737188,26.4691052,2.0000000),(24.9487411,27.4103108,2.0000000),(24.8669022,27.3581052,2.0000000),(24.3737188,26.4691052,2.0000000),(24.8669022,27.3581052,2.0000000),(24.7877421,27.2964077,2.0000000),(24.3737188,26.4691052,2.0000000),(24.7877421,27.2964077,2.0000000),(24.7112610,27.2252183,2.0000000),(24.3737188,26.4691052,2.0000000),(24.7112610,27.2252183,2.0000000),(24.6308938,27.1374427,2.0000000),(24.3737188,26.4691052,2.0000000),(24.6308938,27.1374427,2.0000000),(24.5612423,27.0429203,2.0000000),(24.3737188,26.4691052,2.0000000),(24.5612423,27.0429203,2.0000000),(24.5023063,26.9416511,2.0000000),(24.3737188,26.4691052,2.0000000),(24.5023063,26.9416511,2.0000000),(24.4540860,26.8336349,2.0000000),(24.3737188,26.4691052,2.0000000),(24.4540860,26.8336349,2.0000000),(24.4165813,26.7188719,2.0000000),(24.3737188,26.4691052,2.0000000),(24.4165813,26.7188719,2.0000000),(24.3897923,26.5973620,2.0000000),(22.2718027,25.8599683,2.0000000),(21.1351527,27.4358266,2.0000000),(21.0727110,27.4916537,2.0000000),(22.2718027,25.8599683,2.0000000),(21.0727110,27.4916537,2.0000000),(20.9933360,27.5194349,2.0000000),(22.2718027,25.8599683,2.0000000),(20.9933360,27.5194349,2.0000000),(20.9594694,27.5247266,2.0000000),(22.2718027,25.8599683,2.0000000),(20.9594694,27.5247266,2.0000000),(20.8388194,27.4823933,2.0000000),(22.2718027,25.8599683,2.0000000),(20.8388194,27.4823933,2.0000000),(20.7790235,27.4191578,2.0000000),(22.2718027,25.8599683,2.0000000),(20.7790235,27.4191578,2.0000000),(20.7478027,27.3437516,2.0000000),(22.2718027,25.8599683,2.0000000),(20.7478027,27.3437516,2.0000000),(20.7456860,27.3088266,2.0000000),(22.2718027,25.8599683,2.0000000),(20.7456860,27.3088266,2.0000000),(20.7880194,27.1881766,2.0000000),(22.2718027,25.8599683,2.0000000),(20.7880194,27.1881766,2.0000000),(22.0072194,25.4990766,2.0000000),(22.2718027,25.8599683,2.0000000),(22.0072194,25.4990766,2.0000000),(20.7880194,23.8089183,2.0000000),(22.2718027,25.8599683,2.0000000),(20.7880194,23.8089183,2.0000000),(20.7456860,23.6882683,2.0000000),(23.4084527,27.4358266,2.0000000),(22.2718027,25.8599683,2.0000000),(20.7456860,23.6882683,2.0000000),(23.4084527,27.4358266,2.0000000),(20.7456860,23.6882683,2.0000000),(20.7478027,23.6533433,2.0000000),(23.4084527,27.4358266,2.0000000),(20.7478027,23.6533433,2.0000000),(20.7777006,23.5731745,2.0000000),(23.4084527,27.4358266,2.0000000),(20.7777006,23.5731745,2.0000000),(20.8335277,23.5125849,2.0000000),(23.4084527,27.4358266,2.0000000),(20.8335277,23.5125849,2.0000000),(20.9594694,23.4723683,2.0000000),(23.4084527,27.4358266,2.0000000),(20.9594694,23.4723683,2.0000000),(20.9933360,23.4755433,2.0000000),(23.4084527,27.4358266,2.0000000),(20.9933360,23.4755433,2.0000000),(21.0721819,23.5038537,2.0000000),(23.4084527,27.4358266,2.0000000),(21.0721819,23.5038537,2.0000000),(21.1330360,23.5612683,2.0000000),(23.4084527,27.4358266,2.0000000),(21.1330360,23.5612683,2.0000000),(22.2718027,25.1328933,2.0000000),(22.2718027,25.1328933,2.0000000),(23.4084527,23.5612683,2.0000000),(23.4708944,23.5038537,2.0000000),(22.2718027,25.1328933,2.0000000),(23.4708944,23.5038537,2.0000000),(23.5523860,23.4755433,2.0000000),(22.2718027,25.1328933,2.0000000),(23.5523860,23.4755433,2.0000000),(23.5862527,23.4723683,2.0000000),(22.2718027,25.1328933,2.0000000),(23.5862527,23.4723683,2.0000000),(23.7111360,23.5125849,2.0000000),(22.2718027,25.1328933,2.0000000),(23.7111360,23.5125849,2.0000000),(23.7664339,23.5731745,2.0000000),(22.2718027,25.1328933,2.0000000),(23.7664339,23.5731745,2.0000000),(23.7926277,23.6533433,2.0000000),(22.2718027,25.1328933,2.0000000),(23.7926277,23.6533433,2.0000000),(23.7947444,23.6882683,2.0000000),(22.2718027,25.1328933,2.0000000),(23.7947444,23.6882683,2.0000000),(23.7555860,23.8089183,2.0000000),(22.2718027,25.1328933,2.0000000),(23.7555860,23.8089183,2.0000000),(22.5353277,25.4990766,2.0000000),(23.4084527,27.4358266,2.0000000),(22.2718027,25.1328933,2.0000000),(22.5353277,25.4990766,2.0000000),(23.4084527,27.4358266,2.0000000),(22.5353277,25.4990766,2.0000000),(23.7555860,27.1881766,2.0000000),(23.4084527,27.4358266,2.0000000),(23.7555860,27.1881766,2.0000000),(23.8000360,27.3088266,2.0000000),(23.4084527,27.4358266,2.0000000),(23.8000360,27.3088266,2.0000000),(23.7947444,27.3437516,2.0000000),(23.4084527,27.4358266,2.0000000),(23.7947444,27.3437516,2.0000000),(23.7659048,27.4191578,2.0000000),(23.4084527,27.4358266,2.0000000),(23.7659048,27.4191578,2.0000000),(23.7069027,27.4823933,2.0000000),(23.4084527,27.4358266,2.0000000),(23.7069027,27.4823933,2.0000000),(23.5862527,27.5247266,2.0000000),(23.4084527,27.4358266,2.0000000),(23.5862527,27.5247266,2.0000000),(23.5523860,27.5194349,2.0000000),(23.4084527,27.4358266,2.0000000),(23.5523860,27.5194349,2.0000000),(23.4708944,27.4916537,2.0000000),(30.2216389,27.9724016,2.0000000),(30.1521527,27.9089016,2.0000000),(30.0889007,27.8394154,2.0000000),(30.2216389,27.9724016,2.0000000),(30.0889007,27.8394154,2.0000000),(30.0340824,27.7664235,2.0000000),(30.2216389,27.9724016,2.0000000),(30.0340824,27.7664235,2.0000000),(29.9876976,27.6899258,2.0000000),(30.2216389,27.9724016,2.0000000),(29.9876976,27.6899258,2.0000000),(29.9497464,27.6099224,2.0000000),(30.2216389,27.9724016,2.0000000),(29.9497464,27.6099224,2.0000000),(29.9202289,27.5264133,2.0000000),(30.2216389,27.9724016,2.0000000),(29.9202289,27.5264133,2.0000000),(29.8991449,27.4393985,2.0000000),(30.2216389,27.9724016,2.0000000),(29.8991449,27.4393985,2.0000000),(29.8864945,27.3488779,2.0000000),(30.2216389,27.9724016,2.0000000),(29.8864945,27.3488779,2.0000000),(29.8822777,27.2548516,2.0000000),(30.2216389,27.9724016,2.0000000),(29.8822777,27.2548516,2.0000000),(29.8864945,27.1608253,2.0000000),(30.2216389,27.9724016,2.0000000),(29.8864945,27.1608253,2.0000000),(29.8991449,27.0703047,2.0000000),(30.2216389,27.9724016,2.0000000),(29.8991449,27.0703047,2.0000000),(29.9202289,26.9832899,2.0000000),(30.2216389,27.9724016,2.0000000),(29.9202289,26.9832899,2.0000000),(29.9497464,26.8997808,2.0000000),(30.2216389,27.9724016,2.0000000),(29.9497464,26.8997808,2.0000000),(29.9876976,26.8197774,2.0000000),(30.2216389,27.9724016,2.0000000),(29.9876976,26.8197774,2.0000000),(30.0340824,26.7432797,2.0000000),(30.2216389,27.9724016,2.0000000),(30.0340824,26.7432797,2.0000000),(30.0889007,26.6702878,2.0000000),(30.2216389,27.9724016,2.0000000),(30.0889007,26.6702878,2.0000000),(30.1521527,26.6008016,2.0000000),(30.1521527,26.6008016,2.0000000),(30.4580110,26.9056016,2.0000000),(30.3955032,26.9813386,2.0000000),(30.1521527,26.6008016,2.0000000),(30.3955032,26.9813386,2.0000000),(30.3508548,27.0646162,2.0000000),(30.1521527,26.6008016,2.0000000),(30.3508548,27.0646162,2.0000000),(30.3240657,27.1554344,2.0000000),(30.2216389,27.9724016,2.0000000),(30.1521527,26.6008016,2.0000000),(30.3240657,27.1554344,2.0000000),(30.2216389,27.9724016,2.0000000),(30.3240657,27.1554344,2.0000000),(30.3151360,27.2537933,2.0000000),(30.2216389,27.9724016,2.0000000),(30.3151360,27.2537933,2.0000000),(30.3240657,27.3526151,2.0000000),(30.2216389,27.9724016,2.0000000),(30.3240657,27.3526151,2.0000000),(30.3508548,27.4437641,2.0000000),(30.2216389,27.9724016,2.0000000),(30.3508548,27.4437641,2.0000000),(30.3955032,27.5272401,2.0000000),(30.2216389,27.9724016,2.0000000),(30.3955032,27.5272401,2.0000000),(30.4580110,27.6030433,2.0000000),(30.2216389,27.9724016,2.0000000),(30.4580110,27.6030433,2.0000000),(30.5337480,27.6660141,2.0000000),(30.2216389,27.9724016,2.0000000),(30.5337480,27.6660141,2.0000000),(30.6170256,27.7109933,2.0000000),(30.2216389,27.9724016,2.0000000),(30.6170256,27.7109933,2.0000000),(30.7078438,27.7379808,2.0000000),(30.2216389,27.9724016,2.0000000),(30.7078438,27.7379808,2.0000000),(30.8062027,27.7469766,2.0000000),(30.2216389,27.9724016,2.0000000),(30.8062027,27.7469766,2.0000000),(30.9049584,27.7379808,2.0000000),(30.2216389,27.9724016,2.0000000),(30.9049584,27.7379808,2.0000000),(30.9959089,27.7109933,2.0000000),(30.5337480,26.8430938,2.0000000),(30.4580110,26.9056016,2.0000000),(30.1521527,26.6008016,2.0000000),(30.6170256,26.7984453,2.0000000),(30.5337480,26.8430938,2.0000000),(30.1521527,26.6008016,2.0000000),(30.7078438,26.7716563,2.0000000),(30.6170256,26.7984453,2.0000000),(30.1521527,26.6008016,2.0000000),(30.8062027,26.7627266,2.0000000),(30.7078438,26.7716563,2.0000000),(30.1521527,26.6008016,2.0000000),(30.9049584,26.7716563,2.0000000),(30.8062027,26.7627266,2.0000000),(30.1521527,26.6008016,2.0000000),(30.9049584,26.7716563,2.0000000),(30.1521527,26.6008016,2.0000000),(30.2216389,26.5373016,2.0000000),(30.9959089,26.7984453,2.0000000),(30.9049584,26.7716563,2.0000000),(30.2216389,26.5373016,2.0000000),(30.9959089,26.7984453,2.0000000),(30.2216389,26.5373016,2.0000000),(30.2946308,26.4822683,2.0000000),(30.9959089,26.7984453,2.0000000),(30.2946308,26.4822683,2.0000000),(30.3711285,26.4357016,2.0000000),(31.0790543,26.8430938,2.0000000),(30.9959089,26.7984453,2.0000000),(30.3711285,26.4357016,2.0000000),(31.0790543,26.8430938,2.0000000),(30.3711285,26.4357016,2.0000000),(30.4511319,26.3976016,2.0000000),(31.0790543,26.8430938,2.0000000),(30.4511319,26.3976016,2.0000000),(30.5346410,26.3679683,2.0000000),(31.1543944,26.9056016,2.0000000),(31.0790543,26.8430938,2.0000000),(30.5346410,26.3679683,2.0000000),(31.1543944,26.9056016,2.0000000),(30.5346410,26.3679683,2.0000000),(30.6216558,26.3468016,2.0000000),(31.1543944,26.9056016,2.0000000),(30.6216558,26.3468016,2.0000000),(30.7121764,26.3341016,2.0000000),(31.2173652,26.9813386,2.0000000),(31.1543944,26.9056016,2.0000000),(30.7121764,26.3341016,2.0000000),(31.2173652,26.9813386,2.0000000),(30.7121764,26.3341016,2.0000000),(30.8062027,26.3298683,2.0000000),(31.2173652,26.9813386,2.0000000),(30.8062027,26.3298683,2.0000000),(30.9004605,26.3341016,2.0000000),(31.2623444,27.0646162,2.0000000),(31.2173652,26.9813386,2.0000000),(30.9004605,26.3341016,2.0000000),(31.2623444,27.0646162,2.0000000),(30.9004605,26.3341016,2.0000000),(30.9911464,26.3468016,2.0000000),(31.2623444,27.0646162,2.0000000),(30.9911464,26.3468016,2.0000000),(31.0782605,26.3679683,2.0000000),(31.2893319,27.1554344,2.0000000),(31.2623444,27.0646162,2.0000000),(31.0782605,26.3679683,2.0000000),(31.2893319,27.1554344,2.0000000),(31.0782605,26.3679683,2.0000000),(31.1618027,26.3976016,2.0000000),(31.2893319,27.1554344,2.0000000),(31.1618027,26.3976016,2.0000000),(31.2417730,26.4357016,2.0000000),(31.2983277,27.2537933,2.0000000),(31.2893319,27.1554344,2.0000000),(31.2417730,26.4357016,2.0000000),(31.2983277,27.2537933,2.0000000),(31.2417730,26.4357016,2.0000000),(31.3181714,26.4822683,2.0000000),(31.2983277,27.2537933,2.0000000),(31.3181714,26.4822683,2.0000000),(31.3909980,26.5373016,2.0000000),(31.2893319,27.3526151,2.0000000),(31.2983277,27.2537933,2.0000000),(31.3909980,26.5373016,2.0000000),(31.2893319,27.3526151,2.0000000),(31.3909980,26.5373016,2.0000000),(31.4602527,26.6008016,2.0000000),(31.2893319,27.3526151,2.0000000),(31.4602527,26.6008016,2.0000000),(31.5237527,26.6702878,2.0000000),(31.2623444,27.4437641,2.0000000),(31.2893319,27.3526151,2.0000000),(31.5237527,26.6702878,2.0000000),(31.2623444,27.4437641,2.0000000),(31.5237527,26.6702878,2.0000000),(31.5787860,26.7432797,2.0000000),(31.2623444,27.4437641,2.0000000),(31.5787860,26.7432797,2.0000000),(31.6253527,26.8197774,2.0000000),(31.2173652,27.5272401,2.0000000),(31.2623444,27.4437641,2.0000000),(31.6253527,26.8197774,2.0000000),(31.2173652,27.5272401,2.0000000),(31.6253527,26.8197774,2.0000000),(31.6634527,26.8997808,2.0000000),(31.2173652,27.5272401,2.0000000),(31.6634527,26.8997808,2.0000000),(31.6930860,26.9832899,2.0000000),(31.1543944,27.6030433,2.0000000),(31.2173652,27.5272401,2.0000000),(31.6930860,26.9832899,2.0000000),(31.1543944,27.6030433,2.0000000),(31.6930860,26.9832899,2.0000000),(31.7142527,27.0703047,2.0000000),(31.1543944,27.6030433,2.0000000),(31.7142527,27.0703047,2.0000000),(31.7269527,27.1608253,2.0000000),(31.0790543,27.6660141,2.0000000),(31.1543944,27.6030433,2.0000000),(31.7269527,27.1608253,2.0000000),(31.0790543,27.6660141,2.0000000),(31.7269527,27.1608253,2.0000000),(31.7311860,27.2548516,2.0000000),(31.0790543,27.6660141,2.0000000),(31.7311860,27.2548516,2.0000000),(31.7269527,27.3488779,2.0000000),(30.9959089,27.7109933,2.0000000),(31.0790543,27.6660141,2.0000000),(31.7269527,27.3488779,2.0000000),(30.9959089,27.7109933,2.0000000),(31.7269527,27.3488779,2.0000000),(31.7142527,27.4393985,2.0000000),(30.9959089,27.7109933,2.0000000),(31.7142527,27.4393985,2.0000000),(31.6930860,27.5264133,2.0000000),(30.2216389,27.9724016,2.0000000),(30.9959089,27.7109933,2.0000000),(31.6930860,27.5264133,2.0000000),(30.2216389,27.9724016,2.0000000),(31.6930860,27.5264133,2.0000000),(31.6634527,27.6099224,2.0000000),(30.2216389,27.9724016,2.0000000),(31.6634527,27.6099224,2.0000000),(31.6253527,27.6899258,2.0000000),(30.2216389,27.9724016,2.0000000),(31.6253527,27.6899258,2.0000000),(31.5787860,27.7664235,2.0000000),(30.2216389,27.9724016,2.0000000),(31.5787860,27.7664235,2.0000000),(31.5237527,27.8394154,2.0000000),(30.2216389,27.9724016,2.0000000),(31.5237527,27.8394154,2.0000000),(31.4602527,27.9089016,2.0000000),(30.2216389,27.9724016,2.0000000),(31.4602527,27.9089016,2.0000000),(31.3909980,27.9724016,2.0000000),(30.2216389,27.9724016,2.0000000),(31.3909980,27.9724016,2.0000000),(31.3181714,28.0274349,2.0000000),(30.2216389,27.9724016,2.0000000),(31.3181714,28.0274349,2.0000000),(31.2417730,28.0740016,2.0000000),(30.2216389,27.9724016,2.0000000),(31.2417730,28.0740016,2.0000000),(31.1618027,28.1121016,2.0000000),(30.2216389,27.9724016,2.0000000),(31.1618027,28.1121016,2.0000000),(31.0782605,28.1417349,2.0000000),(30.2216389,27.9724016,2.0000000),(31.0782605,28.1417349,2.0000000),(30.9911464,28.1629016,2.0000000),(30.2216389,27.9724016,2.0000000),(30.9911464,28.1629016,2.0000000),(30.9004605,28.1756016,2.0000000),(30.2216389,27.9724016,2.0000000),(30.9004605,28.1756016,2.0000000),(30.8062027,28.1798349,2.0000000),(30.2216389,27.9724016,2.0000000),(30.8062027,28.1798349,2.0000000),(30.7121764,28.1756016,2.0000000),(30.2216389,27.9724016,2.0000000),(30.7121764,28.1756016,2.0000000),(30.6216558,28.1629016,2.0000000),(30.2216389,27.9724016,2.0000000),(30.6216558,28.1629016,2.0000000),(30.5346410,28.1417349,2.0000000),(30.2216389,27.9724016,2.0000000),(30.5346410,28.1417349,2.0000000),(30.4511319,28.1121016,2.0000000),(30.2216389,27.9724016,2.0000000),(30.4511319,28.1121016,2.0000000),(30.3711285,28.0740016,2.0000000),(30.2216389,27.9724016,2.0000000),(30.3711285,28.0740016,2.0000000),(30.2946308,28.0274349,2.0000000),(6.3648694,30.6467099,2.0000000),(6.4619218,30.6060302,2.0000000),(6.5599334,30.5707745,2.0000000),(6.3648694,30.6467099,2.0000000),(6.5599334,30.5707745,2.0000000),(6.6589041,30.5409427,2.0000000),(6.3648694,30.6467099,2.0000000),(6.6589041,30.5409427,2.0000000),(6.7588339,30.5165349,2.0000000),(6.3648694,30.6467099,2.0000000),(6.7588339,30.5165349,2.0000000),(6.8597229,30.4975511,2.0000000),(6.3648694,30.6467099,2.0000000),(6.8597229,30.4975511,2.0000000),(6.9615709,30.4839912,2.0000000),(6.3648694,30.6467099,2.0000000),(6.9615709,30.4839912,2.0000000),(7.0643781,30.4758552,2.0000000),(6.3648694,30.6467099,2.0000000),(7.0643781,30.4758552,2.0000000),(7.1681444,30.4731433,2.0000000),(6.3648694,30.6467099,2.0000000),(7.1681444,30.4731433,2.0000000),(7.3039252,30.4774593,2.0000000),(6.3648694,30.6467099,2.0000000),(7.3039252,30.4774593,2.0000000),(7.4371595,30.4904073,2.0000000),(6.3648694,30.6467099,2.0000000),(7.4371595,30.4904073,2.0000000),(7.5678471,30.5119874,2.0000000),(6.3648694,30.6467099,2.0000000),(7.5678471,30.5119874,2.0000000),(7.6959881,30.5421995,2.0000000),(6.3648694,30.6467099,2.0000000),(7.6959881,30.5421995,2.0000000),(7.8215825,30.5810436,2.0000000),(6.3648694,30.6467099,2.0000000),(7.8215825,30.5810436,2.0000000),(7.9446303,30.6285198,2.0000000),(6.3648694,30.6467099,2.0000000),(7.9446303,30.6285198,2.0000000),(8.0651315,30.6846280,2.0000000),(6.3648694,30.6467099,2.0000000),(8.0651315,30.6846280,2.0000000),(8.1830860,30.7493683,2.0000000),(6.3648694,30.6467099,2.0000000),(8.1830860,30.7493683,2.0000000),(8.2966584,30.8217649,2.0000000),(6.3648694,30.6467099,2.0000000),(8.2966584,30.8217649,2.0000000),(8.4040131,30.9003130,2.0000000),(6.3648694,30.6467099,2.0000000),(8.4040131,30.9003130,2.0000000),(8.5051501,30.9850128,2.0000000),(6.3648694,30.6467099,2.0000000),(8.5051501,30.9850128,2.0000000),(8.6000694,31.0758641,2.0000000),(6.3648694,30.6467099,2.0000000),(8.6000694,31.0758641,2.0000000),(8.6887709,31.1728669,2.0000000),(8.6887709,31.1728669,2.0000000),(8.7712548,31.2760214,2.0000000),(8.8475209,31.3853274,2.0000000),(8.6887709,31.1728669,2.0000000),(8.8475209,31.3853274,2.0000000),(8.9175694,31.5007849,2.0000000),(8.6887709,31.1728669,2.0000000),(8.9175694,31.5007849,2.0000000),(8.9805733,31.6205585,2.0000000),(8.6887709,31.1728669,2.0000000),(8.9805733,31.6205585,2.0000000),(9.0351767,31.7428125,2.0000000),(8.6887709,31.1728669,2.0000000),(9.0351767,31.7428125,2.0000000),(9.0813795,31.8675470,2.0000000),(8.6887709,31.1728669,2.0000000),(9.0813795,31.8675470,2.0000000),(9.1191819,31.9947620,2.0000000),(8.6887709,31.1728669,2.0000000),(9.1191819,31.9947620,2.0000000),(9.1485837,32.1244574,2.0000000),(8.6887709,31.1728669,2.0000000),(9.1485837,32.1244574,2.0000000),(9.1695850,32.2566334,2.0000000),(8.6887709,31.1728669,2.0000000),(9.1695850,32.2566334,2.0000000),(9.1821858,32.3912897,2.0000000),(8.6887709,31.1728669,2.0000000),(9.1821858,32.3912897,2.0000000),(9.1863860,32.5284266,2.0000000),(8.6887709,31.1728669,2.0000000),(9.1863860,32.5284266,2.0000000),(9.1821858,32.6600568,2.0000000),(8.6887709,31.1728669,2.0000000),(9.1821858,32.6600568,2.0000000),(9.1695850,32.7908933,2.0000000),(8.6887709,31.1728669,2.0000000),(9.1695850,32.7908933,2.0000000),(9.1485837,32.9209360,2.0000000),(8.6887709,31.1728669,2.0000000),(9.1485837,32.9209360,2.0000000),(9.1191819,33.0501849,2.0000000),(8.6887709,31.1728669,2.0000000),(9.1191819,33.0501849,2.0000000),(9.0813795,33.1786401,2.0000000),(8.6887709,31.1728669,2.0000000),(9.0813795,33.1786401,2.0000000),(9.0351767,33.3063016,2.0000000),(9.0351767,33.3063016,2.0000000),(8.6433949,33.1648156,2.0000000),(8.6799570,33.0669364,2.0000000),(9.0351767,33.3063016,2.0000000),(8.6799570,33.0669364,2.0000000),(8.7098714,32.9657828,2.0000000),(9.0351767,33.3063016,2.0000000),(8.7098714,32.9657828,2.0000000),(8.7331382,32.8613551,2.0000000),(9.0351767,33.3063016,2.0000000),(8.7331382,32.8613551,2.0000000),(8.7497574,32.7536531,2.0000000),(9.0351767,33.3063016,2.0000000),(8.7497574,32.7536531,2.0000000),(8.7597289,32.6426770,2.0000000),(9.0351767,33.3063016,2.0000000),(8.7597289,32.6426770,2.0000000),(8.7630527,32.5284266,2.0000000),(9.0351767,33.3063016,2.0000000),(8.7630527,32.5284266,2.0000000),(8.7596958,32.4183930,2.0000000),(8.6887709,31.1728669,2.0000000),(9.0351767,33.3063016,2.0000000),(8.7596958,32.4183930,2.0000000),(8.6887709,31.1728669,2.0000000),(8.7596958,32.4183930,2.0000000),(8.7496251,32.3105422,2.0000000),(8.6887709,31.1728669,2.0000000),(8.7496251,32.3105422,2.0000000),(8.7328406,32.2048742,2.0000000),(8.6887709,31.1728669,2.0000000),(8.7328406,32.2048742,2.0000000),(8.7093423,32.1013891,2.0000000),(8.6887709,31.1728669,2.0000000),(8.7093423,32.1013891,2.0000000),(8.6791302,32.0000867,2.0000000),(8.6887709,31.1728669,2.0000000),(8.6791302,32.0000867,2.0000000),(8.6422043,31.9009672,2.0000000),(8.6887709,31.1728669,2.0000000),(8.6422043,31.9009672,2.0000000),(8.5985645,31.8040305,2.0000000),(8.6887709,31.1728669,2.0000000),(8.5985645,31.8040305,2.0000000),(8.5482110,31.7092766,2.0000000),(8.6887709,31.1728669,2.0000000),(8.5482110,31.7092766,2.0000000),(8.4923674,31.6180615,2.0000000),(8.6887709,31.1728669,2.0000000),(8.4923674,31.6180615,2.0000000),(8.4317282,31.5317412,2.0000000),(8.6887709,31.1728669,2.0000000),(8.4317282,31.5317412,2.0000000),(8.3662935,31.4503156,2.0000000),(8.6887709,31.1728669,2.0000000),(8.3662935,31.4503156,2.0000000),(8.2960631,31.3737849,2.0000000),(8.6887709,31.1728669,2.0000000),(8.2960631,31.3737849,2.0000000),(8.2210372,31.3021490,2.0000000),(8.6887709,31.1728669,2.0000000),(8.2210372,31.3021490,2.0000000),(8.1412157,31.2354078,2.0000000),(8.6887709,31.1728669,2.0000000),(8.1412157,31.2354078,2.0000000),(8.0565987,31.1735615,2.0000000),(8.6887709,31.1728669,2.0000000),(8.0565987,31.1735615,2.0000000),(7.9671860,31.1166099,2.0000000),(8.6887709,31.1728669,2.0000000),(7.9671860,31.1166099,2.0000000),(7.8745984,31.0655123,2.0000000),(8.6887709,31.1728669,2.0000000),(7.8745984,31.0655123,2.0000000),(7.7799272,31.0212276,2.0000000),(8.6887709,31.1728669,2.0000000),(7.7799272,31.0212276,2.0000000),(7.6831724,30.9837560,2.0000000),(8.6887709,31.1728669,2.0000000),(7.6831724,30.9837560,2.0000000),(7.5843339,30.9530974,2.0000000),(6.3648694,30.6467099,2.0000000),(8.6887709,31.1728669,2.0000000),(7.5843339,30.9530974,2.0000000),(6.3648694,30.6467099,2.0000000),(7.5843339,30.9530974,2.0000000),(7.4834119,30.9292518,2.0000000),(6.3648694,30.6467099,2.0000000),(7.4834119,30.9292518,2.0000000),(7.3804063,30.9122193,2.0000000),(6.3648694,30.6467099,2.0000000),(7.3804063,30.9122193,2.0000000),(7.2753171,30.9019998,2.0000000),(6.3648694,30.6467099,2.0000000),(7.2753171,30.9019998,2.0000000),(7.1681444,30.8985933,2.0000000),(6.3648694,30.6467099,2.0000000),(7.1681444,30.8985933,2.0000000),(7.0145537,30.9056709,2.0000000),(6.3648694,30.6467099,2.0000000),(7.0145537,30.9056709,2.0000000),(6.8649319,30.9269037,2.0000000),(6.3648694,30.6467099,2.0000000),(6.8649319,30.9269037,2.0000000),(6.7192787,30.9622917,2.0000000),(6.3648694,30.6467099,2.0000000),(6.7192787,30.9622917,2.0000000),(6.5775944,31.0118349,2.0000000),(6.3648694,30.6467099,2.0000000),(6.5775944,31.0118349,2.0000000),(8.1746194,33.7952516,2.0000000),(5.8039527,29.6719849,2.0000000),(6.3648694,30.6467099,2.0000000),(8.1746194,33.7952516,2.0000000),(8.6001851,33.2594207,2.0000000),(8.6433949,33.1648156,2.0000000),(9.0351767,33.3063016,2.0000000),(8.5503277,33.3507516,2.0000000),(8.6001851,33.2594207,2.0000000),(9.0351767,33.3063016,2.0000000),(8.4823959,33.4547328,2.0000000),(8.5503277,33.3507516,2.0000000),(9.0351767,33.3063016,2.0000000),(8.3971339,33.5634766,2.0000000),(8.4823959,33.4547328,2.0000000),(9.0351767,33.3063016,2.0000000),(8.3480041,33.6196344,2.0000000),(8.3971339,33.5634766,2.0000000),(9.0351767,33.3063016,2.0000000),(8.2945418,33.6769828,2.0000000),(8.3480041,33.6196344,2.0000000),(9.0351767,33.3063016,2.0000000),(8.2367468,33.7355219,2.0000000),(8.2945418,33.6769828,2.0000000),(9.0351767,33.3063016,2.0000000),(8.1746194,33.7952516,2.0000000),(8.2367468,33.7355219,2.0000000),(9.0351767,33.3063016,2.0000000),(8.1746194,33.7952516,2.0000000),(9.0351767,33.3063016,2.0000000),(8.9805733,33.4331693,2.0000000),(8.1746194,33.7952516,2.0000000),(8.9805733,33.4331693,2.0000000),(8.9175694,33.5592433,2.0000000),(8.1746194,33.7952516,2.0000000),(8.9175694,33.5592433,2.0000000),(8.8673812,33.6459604,2.0000000),(8.1746194,33.7952516,2.0000000),(8.8673812,33.6459604,2.0000000),(8.8125959,33.7293703,2.0000000),(8.1746194,33.7952516,2.0000000),(8.8125959,33.7293703,2.0000000),(8.7532135,33.8094729,2.0000000),(8.1746194,33.7952516,2.0000000),(8.7532135,33.8094729,2.0000000),(8.6892339,33.8862683,2.0000000),(8.1746194,33.7952516,2.0000000),(8.6892339,33.8862683,2.0000000),(8.6206573,33.9597563,2.0000000),(8.1746194,33.7952516,2.0000000),(8.6206573,33.9597563,2.0000000),(8.5474834,34.0299370,2.0000000),(8.1746194,33.7952516,2.0000000),(8.5474834,34.0299370,2.0000000),(8.4697125,34.0968104,2.0000000),(8.1746194,33.7952516,2.0000000),(8.4697125,34.0968104,2.0000000),(8.3873444,34.1603766,2.0000000),(8.1746194,33.7952516,2.0000000),(8.3873444,34.1603766,2.0000000),(8.9292110,35.1128766,2.0000000),(5.8039527,29.6719849,2.0000000),(8.1746194,33.7952516,2.0000000),(8.9292110,35.1128766,2.0000000),(5.8039527,29.6719849,2.0000000),(8.9292110,35.1128766,2.0000000),(8.9577860,35.2165933,2.0000000),(5.8039527,29.6719849,2.0000000),(8.9577860,35.2165933,2.0000000),(8.9503777,35.2769183,2.0000000),(5.8039527,29.6719849,2.0000000),(8.9503777,35.2769183,2.0000000),(8.9117485,35.3520599,2.0000000),(5.8039527,29.6719849,2.0000000),(8.9117485,35.3520599,2.0000000),(8.8466610,35.4060349,2.0000000),(5.8039527,29.6719849,2.0000000),(8.8466610,35.4060349,2.0000000),(8.7440027,35.4367266,2.0000000),(5.8039527,29.6719849,2.0000000),(8.7440027,35.4367266,2.0000000),(8.6836777,35.4293183,2.0000000),(5.8039527,29.6719849,2.0000000),(8.6836777,35.4293183,2.0000000),(8.6080069,35.3906891,2.0000000),(5.8039527,29.6719849,2.0000000),(8.6080069,35.3906891,2.0000000),(8.5524444,35.3256016,2.0000000),(5.8039527,29.6719849,2.0000000),(8.5524444,35.3256016,2.0000000),(8.0169277,34.3974433,2.0000000),(8.0169277,34.3974433,2.0000000),(7.9163199,34.4418436,2.0000000),(7.8124048,34.4803240,2.0000000),(8.0169277,34.3974433,2.0000000),(7.8124048,34.4803240,2.0000000),(7.7051824,34.5128843,2.0000000),(8.0169277,34.3974433,2.0000000),(7.7051824,34.5128843,2.0000000),(7.5946527,34.5395245,2.0000000),(8.0169277,34.3974433,2.0000000),(7.5946527,34.5395245,2.0000000),(7.4808157,34.5602447,2.0000000),(8.0169277,34.3974433,2.0000000),(7.4808157,34.5602447,2.0000000),(7.3636714,34.5750448,2.0000000),(8.0169277,34.3974433,2.0000000),(7.3636714,34.5750448,2.0000000),(7.2432199,34.5839249,2.0000000),(8.0169277,34.3974433,2.0000000),(7.2432199,34.5839249,2.0000000),(7.1194610,34.5868849,2.0000000),(8.0169277,34.3974433,2.0000000),(7.1194610,34.5868849,2.0000000),(6.9948588,34.5825524,2.0000000),(8.0169277,34.3974433,2.0000000),(6.9948588,34.5825524,2.0000000),(6.8713480,34.5695547,2.0000000),(8.0169277,34.3974433,2.0000000),(6.8713480,34.5695547,2.0000000),(6.7489286,34.5478919,2.0000000),(8.0169277,34.3974433,2.0000000),(6.7489286,34.5478919,2.0000000),(6.6276006,34.5175641,2.0000000),(8.0169277,34.3974433,2.0000000),(6.6276006,34.5175641,2.0000000),(6.5073640,34.4785711,2.0000000),(8.0169277,34.3974433,2.0000000),(6.5073640,34.4785711,2.0000000),(6.3882188,34.4309130,2.0000000),(8.0169277,34.3974433,2.0000000),(6.3882188,34.4309130,2.0000000),(6.2701651,34.3745899,2.0000000),(8.0169277,34.3974433,2.0000000),(6.2701651,34.3745899,2.0000000),(6.1532027,34.3096016,2.0000000),(8.0169277,34.3974433,2.0000000),(6.1532027,34.3096016,2.0000000),(6.0400933,34.2374365,2.0000000),(8.0169277,34.3974433,2.0000000),(6.0400933,34.2374365,2.0000000),(5.9330694,34.1590537,2.0000000),(8.0169277,34.3974433,2.0000000),(5.9330694,34.1590537,2.0000000),(5.8321308,34.0744531,2.0000000),(8.0169277,34.3974433,2.0000000),(5.8321308,34.0744531,2.0000000),(5.7372777,33.9836349,2.0000000),(8.0169277,34.3974433,2.0000000),(5.7372777,33.9836349,2.0000000),(5.6485100,33.8865990,2.0000000),(5.6485100,33.8865990,2.0000000),(5.5658277,33.7833453,2.0000000),(5.4892308,33.6738740,2.0000000),(5.6485100,33.8865990,2.0000000),(5.4892308,33.6738740,2.0000000),(5.4187194,33.5581849,2.0000000),(5.6485100,33.8865990,2.0000000),(5.4187194,33.5581849,2.0000000),(5.3554674,33.4383783,2.0000000),(5.6485100,33.8865990,2.0000000),(5.3554674,33.4383783,2.0000000),(5.3006491,33.3160250,2.0000000),(5.6485100,33.8865990,2.0000000),(5.3006491,33.3160250,2.0000000),(5.2542643,33.1911252,2.0000000),(5.6485100,33.8865990,2.0000000),(5.2542643,33.1911252,2.0000000),(5.2163131,33.0636787,2.0000000),(5.6485100,33.8865990,2.0000000),(5.2163131,33.0636787,2.0000000),(5.1867955,32.9336856,2.0000000),(5.6485100,33.8865990,2.0000000),(5.1867955,32.9336856,2.0000000),(5.1657116,32.8011459,2.0000000),(5.6485100,33.8865990,2.0000000),(5.1657116,32.8011459,2.0000000),(5.1530612,32.6660595,2.0000000),(5.6485100,33.8865990,2.0000000),(5.1530612,32.6660595,2.0000000),(5.1488444,32.5284266,2.0000000),(5.6485100,33.8865990,2.0000000),(5.1488444,32.5284266,2.0000000),(5.1530446,32.3903637,2.0000000),(5.6485100,33.8865990,2.0000000),(5.1530446,32.3903637,2.0000000),(5.1656454,32.2550459,2.0000000),(5.6485100,33.8865990,2.0000000),(5.1656454,32.2550459,2.0000000),(5.1866467,32.1224731,2.0000000),(5.6485100,33.8865990,2.0000000),(5.1866467,32.1224731,2.0000000),(5.2160485,31.9926453,2.0000000),(5.6485100,33.8865990,2.0000000),(5.2160485,31.9926453,2.0000000),(5.2538509,31.8655627,2.0000000),(5.6485100,33.8865990,2.0000000),(5.2538509,31.8655627,2.0000000),(5.3000537,31.7412250,2.0000000),(5.6485100,33.8865990,2.0000000),(5.3000537,31.7412250,2.0000000),(5.3546571,31.6196324,2.0000000),(5.6485100,33.8865990,2.0000000),(5.3546571,31.6196324,2.0000000),(5.4176610,31.5007849,2.0000000),(5.4176610,31.5007849,2.0000000),(5.7859610,31.7092766,2.0000000),(5.7365997,31.8040140,2.0000000),(5.4176610,31.5007849,2.0000000),(5.7365997,31.8040140,2.0000000),(5.6938199,31.9009011,2.0000000),(5.4176610,31.5007849,2.0000000),(5.6938199,31.9009011,2.0000000),(5.6576216,31.9999379,2.0000000),(5.4176610,31.5007849,2.0000000),(5.6576216,31.9999379,2.0000000),(5.6280048,32.1011245,2.0000000),(5.4176610,31.5007849,2.0000000),(5.6280048,32.1011245,2.0000000),(5.6049695,32.2044608,2.0000000),(5.4176610,31.5007849,2.0000000),(5.6049695,32.2044608,2.0000000),(5.5885157,32.3099469,2.0000000),(5.4176610,31.5007849,2.0000000),(5.5885157,32.3099469,2.0000000),(5.5786435,32.4175827,2.0000000),(5.4176610,31.5007849,2.0000000),(5.5786435,32.4175827,2.0000000),(5.5753527,32.5273683,2.0000000),(5.4176610,31.5007849,2.0000000),(5.5753527,32.5273683,2.0000000),(5.5786931,32.6371869,2.0000000),(5.6485100,33.8865990,2.0000000),(5.4176610,31.5007849,2.0000000),(5.5786931,32.6371869,2.0000000),(5.6485100,33.8865990,2.0000000),(5.5786931,32.6371869,2.0000000),(5.5887142,32.7449219,2.0000000),(5.6485100,33.8865990,2.0000000),(5.5887142,32.7449219,2.0000000),(5.6054160,32.8505733,2.0000000),(5.6485100,33.8865990,2.0000000),(5.6054160,32.8505733,2.0000000),(5.6287985,32.9541412,2.0000000),(5.6485100,33.8865990,2.0000000),(5.6287985,32.9541412,2.0000000),(5.6588618,33.0556254,2.0000000),(5.6485100,33.8865990,2.0000000),(5.6588618,33.0556254,2.0000000),(5.6956058,33.1550261,2.0000000),(5.6485100,33.8865990,2.0000000),(5.6956058,33.1550261,2.0000000),(5.7390306,33.2523431,2.0000000),(5.6485100,33.8865990,2.0000000),(5.7390306,33.2523431,2.0000000),(5.7891360,33.3475766,2.0000000),(5.6485100,33.8865990,2.0000000),(5.7891360,33.3475766,2.0000000),(5.8449796,33.4395193,2.0000000),(5.6485100,33.8865990,2.0000000),(5.8449796,33.4395193,2.0000000),(5.9056188,33.5264349,2.0000000),(5.6485100,33.8865990,2.0000000),(5.9056188,33.5264349,2.0000000),(5.9710536,33.6083235,2.0000000),(5.6485100,33.8865990,2.0000000),(5.9710536,33.6083235,2.0000000),(6.0412839,33.6851849,2.0000000),(5.6485100,33.8865990,2.0000000),(6.0412839,33.6851849,2.0000000),(6.1163099,33.7570193,2.0000000),(5.6485100,33.8865990,2.0000000),(6.1163099,33.7570193,2.0000000),(6.1961313,33.8238266,2.0000000),(5.6485100,33.8865990,2.0000000),(6.1961313,33.8238266,2.0000000),(6.2807484,33.8856068,2.0000000),(5.6485100,33.8865990,2.0000000),(6.2807484,33.8856068,2.0000000),(6.3701610,33.9423599,2.0000000),(5.6485100,33.8865990,2.0000000),(6.3701610,33.9423599,2.0000000),(6.4622360,33.9934576,2.0000000),(5.6485100,33.8865990,2.0000000),(6.4622360,33.9934576,2.0000000),(6.5548402,34.0377422,2.0000000),(5.6485100,33.8865990,2.0000000),(6.5548402,34.0377422,2.0000000),(6.6479735,34.0752138,2.0000000),(5.6485100,33.8865990,2.0000000),(6.6479735,34.0752138,2.0000000),(6.7416360,34.1058724,2.0000000),(5.6485100,33.8865990,2.0000000),(6.7416360,34.1058724,2.0000000),(6.8358277,34.1297180,2.0000000),(8.0169277,34.3974433,2.0000000),(5.6485100,33.8865990,2.0000000),(6.8358277,34.1297180,2.0000000),(8.0169277,34.3974433,2.0000000),(6.8358277,34.1297180,2.0000000),(6.9305485,34.1467505,2.0000000),(8.0169277,34.3974433,2.0000000),(6.9305485,34.1467505,2.0000000),(7.0257985,34.1569701,2.0000000),(8.0169277,34.3974433,2.0000000),(7.0257985,34.1569701,2.0000000),(7.1215777,34.1603766,2.0000000),(8.0169277,34.3974433,2.0000000),(7.1215777,34.1603766,2.0000000),(7.1279277,34.1603766,2.0000000),(8.0169277,34.3974433,2.0000000),(7.1279277,34.1603766,2.0000000),(7.2216398,34.1582930,2.0000000),(8.0169277,34.3974433,2.0000000),(7.2216398,34.1582930,2.0000000),(7.3128053,34.1520422,2.0000000),(8.0169277,34.3974433,2.0000000),(7.3128053,34.1520422,2.0000000),(7.4014242,34.1416242,2.0000000),(8.0169277,34.3974433,2.0000000),(7.4014242,34.1416242,2.0000000),(7.4874964,34.1270391,2.0000000),(8.0169277,34.3974433,2.0000000),(7.4874964,34.1270391,2.0000000),(7.5710221,34.1082867,2.0000000),(8.0169277,34.3974433,2.0000000),(7.5710221,34.1082867,2.0000000),(7.6520011,34.0853672,2.0000000),(8.0169277,34.3974433,2.0000000),(7.6520011,34.0853672,2.0000000),(7.7304336,34.0582805,2.0000000),(8.0169277,34.3974433,2.0000000),(7.7304336,34.0582805,2.0000000),(7.8063194,34.0270266,2.0000000),(5.8039527,29.6719849,2.0000000),(8.0169277,34.3974433,2.0000000),(7.8063194,34.0270266,2.0000000),(5.8039527,29.6719849,2.0000000),(7.8063194,34.0270266,2.0000000),(6.2018860,31.2319683,2.0000000),(5.8039527,29.6719849,2.0000000),(6.2018860,31.2319683,2.0000000),(6.0814345,31.3348250,2.0000000),(5.8283440,31.6400054,2.0000000),(5.7859610,31.7092766,2.0000000),(5.4176610,31.5007849,2.0000000),(5.8734720,31.5734792,2.0000000),(5.8283440,31.6400054,2.0000000),(5.4176610,31.5007849,2.0000000),(5.9719631,31.4486620,2.0000000),(5.8734720,31.5734792,2.0000000),(5.4176610,31.5007849,2.0000000),(6.0814345,31.3348250,2.0000000),(5.9719631,31.4486620,2.0000000),(5.4176610,31.5007849,2.0000000),(6.0814345,31.3348250,2.0000000),(5.4176610,31.5007849,2.0000000),(5.4756048,31.4057334,2.0000000),(6.0814345,31.3348250,2.0000000),(5.4756048,31.4057334,2.0000000),(5.5372527,31.3147828,2.0000000),(6.0814345,31.3348250,2.0000000),(5.5372527,31.3147828,2.0000000),(5.6026048,31.2279334,2.0000000),(6.0814345,31.3348250,2.0000000),(5.6026048,31.2279334,2.0000000),(5.6716610,31.1451849,2.0000000),(6.0814345,31.3348250,2.0000000),(5.6716610,31.1451849,2.0000000),(5.7444214,31.0665375,2.0000000),(6.0814345,31.3348250,2.0000000),(5.7444214,31.0665375,2.0000000),(5.8208860,30.9919912,2.0000000),(6.0814345,31.3348250,2.0000000),(5.8208860,30.9919912,2.0000000),(5.9010548,30.9215459,2.0000000),(6.0814345,31.3348250,2.0000000),(5.9010548,30.9215459,2.0000000),(5.9849277,30.8552016,2.0000000),(5.8039527,29.6719849,2.0000000),(6.0814345,31.3348250,2.0000000),(5.9849277,30.8552016,2.0000000),(5.8039527,29.6719849,2.0000000),(5.9849277,30.8552016,2.0000000),(5.4293027,29.8847099,2.0000000),(5.8039527,29.6719849,2.0000000),(5.4293027,29.8847099,2.0000000),(5.4017860,29.7831099,2.0000000),(5.8039527,29.6719849,2.0000000),(5.4017860,29.7831099,2.0000000),(5.4081360,29.7227849,2.0000000),(5.8039527,29.6719849,2.0000000),(5.4081360,29.7227849,2.0000000),(5.4472944,29.6457912,2.0000000),(5.8039527,29.6719849,2.0000000),(5.4472944,29.6457912,2.0000000),(5.5097360,29.5904933,2.0000000),(5.8039527,29.6719849,2.0000000),(5.5097360,29.5904933,2.0000000),(5.6145110,29.5629766,2.0000000),(5.8039527,29.6719849,2.0000000),(5.6145110,29.5629766,2.0000000),(5.6748360,29.5703849,2.0000000),(5.8039527,29.6719849,2.0000000),(5.6748360,29.5703849,2.0000000),(5.7473319,29.6058391,2.0000000),(13.3202360,31.4499849,2.0000000),(13.3223527,31.4013016,2.0000000),(13.3462810,31.3092100,2.0000000),(13.3202360,31.4499849,2.0000000),(13.3462810,31.3092100,2.0000000),(13.3741449,31.2229063,2.0000000),(13.3202360,31.4499849,2.0000000),(13.3741449,31.2229063,2.0000000),(13.4059445,31.1423903,2.0000000),(13.3202360,31.4499849,2.0000000),(13.4059445,31.1423903,2.0000000),(13.4416798,31.0676620,2.0000000),(13.3202360,31.4499849,2.0000000),(13.4416798,31.0676620,2.0000000),(13.4813507,30.9987215,2.0000000),(13.3202360,31.4499849,2.0000000),(13.4813507,30.9987215,2.0000000),(13.5249574,30.9355688,2.0000000),(13.3202360,31.4499849,2.0000000),(13.5249574,30.9355688,2.0000000),(13.6239777,30.8266266,2.0000000),(13.3202360,31.4499849,2.0000000),(13.6239777,30.8266266,2.0000000),(13.7049567,30.7571735,2.0000000),(13.3202360,31.4499849,2.0000000),(13.7049567,30.7571735,2.0000000),(13.7880855,30.6969808,2.0000000),(13.3202360,31.4499849,2.0000000),(13.7880855,30.6969808,2.0000000),(13.8733640,30.6460485,2.0000000),(13.3202360,31.4499849,2.0000000),(13.8733640,30.6460485,2.0000000),(13.9607923,30.6043766,2.0000000),(13.3202360,31.4499849,2.0000000),(13.9607923,30.6043766,2.0000000),(14.0503703,30.5719651,2.0000000),(13.3202360,31.4499849,2.0000000),(14.0503703,30.5719651,2.0000000),(14.1420980,30.5488141,2.0000000),(13.3202360,31.4499849,2.0000000),(14.1420980,30.5488141,2.0000000),(14.2359755,30.5349235,2.0000000),(13.3202360,31.4499849,2.0000000),(14.2359755,30.5349235,2.0000000),(14.3320027,30.5302933,2.0000000),(13.3202360,31.4499849,2.0000000),(14.3320027,30.5302933,2.0000000),(14.4272527,30.5350061,2.0000000),(13.3202360,31.4499849,2.0000000),(14.4272527,30.5350061,2.0000000),(14.5198569,30.5491448,2.0000000),(13.3202360,31.4499849,2.0000000),(14.5198569,30.5491448,2.0000000),(14.6098152,30.5727093,2.0000000),(13.3202360,31.4499849,2.0000000),(14.6098152,30.5727093,2.0000000),(14.6971277,30.6056995,2.0000000),(14.6971277,30.6056995,2.0000000),(14.7817944,30.6481155,2.0000000),(14.8638152,30.6999573,2.0000000),(14.6971277,30.6056995,2.0000000),(14.8638152,30.6999573,2.0000000),(14.9431902,30.7612249,2.0000000),(14.6971277,30.6056995,2.0000000),(14.9431902,30.7612249,2.0000000),(15.0199194,30.8319183,2.0000000),(14.6971277,30.6056995,2.0000000),(15.0199194,30.8319183,2.0000000),(15.1000385,30.9201568,2.0000000),(14.6971277,30.6056995,2.0000000),(15.1000385,30.9201568,2.0000000),(15.1694751,31.0150099,2.0000000),(14.6971277,30.6056995,2.0000000),(15.1694751,31.0150099,2.0000000),(15.2282291,31.1164776,2.0000000),(14.6971277,30.6056995,2.0000000),(15.2282291,31.1164776,2.0000000),(15.2763006,31.2245599,2.0000000),(14.6971277,30.6056995,2.0000000),(15.2763006,31.2245599,2.0000000),(15.3136895,31.3392568,2.0000000),(14.6971277,30.6056995,2.0000000),(15.3136895,31.3392568,2.0000000),(15.3403959,31.4605683,2.0000000),(14.6971277,30.6056995,2.0000000),(15.3403959,31.4605683,2.0000000),(15.3564198,31.5884943,2.0000000),(14.6971277,30.6056995,2.0000000),(15.3564198,31.5884943,2.0000000),(15.3617610,31.7230349,2.0000000),(14.6971277,30.6056995,2.0000000),(15.3617610,31.7230349,2.0000000),(15.3604712,31.8263175,2.0000000),(14.6971277,30.6056995,2.0000000),(15.3604712,31.8263175,2.0000000),(15.3566017,31.9255569,2.0000000),(14.6971277,30.6056995,2.0000000),(15.3566017,31.9255569,2.0000000),(15.3501524,32.0207532,2.0000000),(14.6971277,30.6056995,2.0000000),(15.3501524,32.0207532,2.0000000),(15.3411235,32.1119063,2.0000000),(14.6971277,30.6056995,2.0000000),(15.3411235,32.1119063,2.0000000),(15.3295149,32.1990162,2.0000000),(14.6971277,30.6056995,2.0000000),(15.3295149,32.1990162,2.0000000),(15.3153267,32.2820830,2.0000000),(14.6971277,30.6056995,2.0000000),(15.3153267,32.2820830,2.0000000),(15.2985587,32.3611066,2.0000000),(14.6971277,30.6056995,2.0000000),(15.2985587,32.3611066,2.0000000),(15.2792110,32.4360870,2.0000000),(14.6971277,30.6056995,2.0000000),(15.2792110,32.4360870,2.0000000),(15.2327767,32.5739184,2.0000000),(15.2327767,32.5739184,2.0000000),(15.1760235,32.6955771,2.0000000),(15.1089517,32.8010632,2.0000000),(15.2327767,32.5739184,2.0000000),(15.1089517,32.8010632,2.0000000),(15.0315610,32.8903766,2.0000000),(15.2327767,32.5739184,2.0000000),(15.0315610,32.8903766,2.0000000),(14.9520703,32.9598297,2.0000000),(15.2327767,32.5739184,2.0000000),(14.9520703,32.9598297,2.0000000),(14.8702313,33.0200224,2.0000000),(15.2327767,32.5739184,2.0000000),(14.8702313,33.0200224,2.0000000),(14.7860442,33.0709547,2.0000000),(15.2327767,32.5739184,2.0000000),(14.7860442,33.0709547,2.0000000),(14.6995089,33.1126266,2.0000000),(15.2327767,32.5739184,2.0000000),(14.6995089,33.1126266,2.0000000),(14.6106255,33.1450380,2.0000000),(15.2327767,32.5739184,2.0000000),(14.6106255,33.1450380,2.0000000),(14.5193938,33.1681891,2.0000000),(15.2327767,32.5739184,2.0000000),(14.5193938,33.1681891,2.0000000),(14.4258140,33.1820797,2.0000000),(15.2327767,32.5739184,2.0000000),(14.4258140,33.1820797,2.0000000),(14.3298860,33.1867099,2.0000000),(15.2327767,32.5739184,2.0000000),(14.3298860,33.1867099,2.0000000),(14.2445744,33.1834522,2.0000000),(15.2327767,32.5739184,2.0000000),(14.2445744,33.1834522,2.0000000),(14.1622063,33.1736792,2.0000000),(15.2327767,32.5739184,2.0000000),(14.1622063,33.1736792,2.0000000),(14.0827817,33.1573908,2.0000000),(15.2327767,32.5739184,2.0000000),(14.0827817,33.1573908,2.0000000),(14.0063006,33.1345870,2.0000000),(15.2327767,32.5739184,2.0000000),(14.0063006,33.1345870,2.0000000),(13.8621688,33.0694334,2.0000000),(15.2327767,32.5739184,2.0000000),(13.8621688,33.0694334,2.0000000),(13.7298110,32.9782183,2.0000000),(13.7721444,34.1561433,2.0000000),(15.0474360,34.1561433,2.0000000),(15.1289277,34.1720183,2.0000000),(13.7721444,34.1561433,2.0000000),(15.1289277,34.1720183,2.0000000),(15.1977194,34.2196433,2.0000000),(13.7721444,34.1561433,2.0000000),(15.1977194,34.2196433,2.0000000),(15.2445506,34.2889641,2.0000000),(13.7721444,34.1561433,2.0000000),(15.2445506,34.2889641,2.0000000),(15.2601610,34.3699266,2.0000000),(13.7721444,34.1561433,2.0000000),(15.2601610,34.3699266,2.0000000),(15.2445506,34.4506245,2.0000000),(13.7721444,34.1561433,2.0000000),(15.2445506,34.4506245,2.0000000),(15.1977194,34.5191516,2.0000000),(13.7721444,34.1561433,2.0000000),(15.1977194,34.5191516,2.0000000),(15.1289277,34.5667766,2.0000000),(13.7721444,34.1561433,2.0000000),(15.1289277,34.5667766,2.0000000),(15.0474360,34.5826516,2.0000000),(13.7721444,34.1561433,2.0000000),(15.0474360,34.5826516,2.0000000),(13.5752944,34.5826516,2.0000000),(13.7298110,32.9782183,2.0000000),(13.7721444,34.1561433,2.0000000),(13.5752944,34.5826516,2.0000000),(13.7298110,32.9782183,2.0000000),(13.5752944,34.5826516,2.0000000),(13.4948610,34.5686287,2.0000000),(13.7298110,32.9782183,2.0000000),(13.4948610,34.5686287,2.0000000),(13.4250110,34.5265599,2.0000000),(13.7298110,32.9782183,2.0000000),(13.4250110,34.5265599,2.0000000),(13.3773860,34.4614724,2.0000000),(13.7298110,32.9782183,2.0000000),(13.3773860,34.4614724,2.0000000),(13.3615110,34.3826266,2.0000000),(13.7298110,32.9782183,2.0000000),(13.3615110,34.3826266,2.0000000),(13.2810777,32.3178183,2.0000000),(13.7298110,32.9782183,2.0000000),(13.2810777,32.3178183,2.0000000),(13.2943069,32.2384433,2.0000000),(13.7298110,32.9782183,2.0000000),(13.2943069,32.2384433,2.0000000),(13.3339944,32.1675349,2.0000000),(13.7298110,32.9782183,2.0000000),(13.3339944,32.1675349,2.0000000),(13.3990819,32.1135599,2.0000000),(13.7298110,32.9782183,2.0000000),(13.3990819,32.1135599,2.0000000),(13.4821610,32.0955683,2.0000000),(13.7298110,32.9782183,2.0000000),(13.4821610,32.0955683,2.0000000),(13.5633881,32.1090620,2.0000000),(13.7298110,32.9782183,2.0000000),(13.5633881,32.1090620,2.0000000),(13.6356194,32.1495433,2.0000000),(13.7298110,32.9782183,2.0000000),(13.6356194,32.1495433,2.0000000),(13.6980610,32.2511433,2.0000000),(13.7298110,32.9782183,2.0000000),(13.6980610,32.2511433,2.0000000),(13.7320600,32.3362729,2.0000000),(13.7298110,32.9782183,2.0000000),(13.7320600,32.3362729,2.0000000),(13.7811402,32.4202120,2.0000000),(13.7298110,32.9782183,2.0000000),(13.7811402,32.4202120,2.0000000),(13.8453017,32.5029604,2.0000000),(13.7298110,32.9782183,2.0000000),(13.8453017,32.5029604,2.0000000),(13.9245444,32.5845183,2.0000000),(13.7298110,32.9782183,2.0000000),(13.9245444,32.5845183,2.0000000),(14.0201251,32.6623058,2.0000000),(13.7298110,32.9782183,2.0000000),(14.0201251,32.6623058,2.0000000),(14.1195423,32.7178683,2.0000000),(13.7298110,32.9782183,2.0000000),(14.1195423,32.7178683,2.0000000),(14.2227959,32.7512058,2.0000000),(13.7298110,32.9782183,2.0000000),(14.2227959,32.7512058,2.0000000),(14.3298860,32.7623183,2.0000000),(13.7298110,32.9782183,2.0000000),(14.3298860,32.7623183,2.0000000),(14.4363808,32.7512058,2.0000000),(15.2327767,32.5739184,2.0000000),(13.7298110,32.9782183,2.0000000),(14.4363808,32.7512058,2.0000000),(15.2327767,32.5739184,2.0000000),(14.4363808,32.7512058,2.0000000),(14.5389069,32.7178683,2.0000000),(15.2327767,32.5739184,2.0000000),(14.5389069,32.7178683,2.0000000),(14.6374642,32.6623058,2.0000000),(15.2327767,32.5739184,2.0000000),(14.6374642,32.6623058,2.0000000),(14.7320527,32.5845183,2.0000000),(15.2327767,32.5739184,2.0000000),(14.7320527,32.5845183,2.0000000),(14.8223418,32.4559308,2.0000000),(15.2327767,32.5739184,2.0000000),(14.8223418,32.4559308,2.0000000),(14.8578125,32.3698089,2.0000000),(15.2327767,32.5739184,2.0000000),(14.8578125,32.3698089,2.0000000),(14.8868339,32.2691349,2.0000000),(15.2327767,32.5739184,2.0000000),(14.8868339,32.2691349,2.0000000),(14.9094062,32.1539089,2.0000000),(15.2327767,32.5739184,2.0000000),(14.9094062,32.1539089,2.0000000),(14.9255293,32.0241308,2.0000000),(15.2327767,32.5739184,2.0000000),(14.9255293,32.0241308,2.0000000),(14.9352031,31.8798005,2.0000000),(15.2327767,32.5739184,2.0000000),(14.9352031,31.8798005,2.0000000),(14.9384277,31.7209183,2.0000000),(15.2327767,32.5739184,2.0000000),(14.9384277,31.7209183,2.0000000),(14.9349881,31.6294716,2.0000000),(15.2327767,32.5739184,2.0000000),(14.9349881,31.6294716,2.0000000),(14.9246694,31.5429860,2.0000000),(15.2327767,32.5739184,2.0000000),(14.9246694,31.5429860,2.0000000),(14.9074714,31.4614612,2.0000000),(14.6971277,30.6056995,2.0000000),(15.2327767,32.5739184,2.0000000),(14.9074714,31.4614612,2.0000000),(14.6971277,30.6056995,2.0000000),(14.9074714,31.4614612,2.0000000),(14.8833944,31.3848974,2.0000000),(14.6971277,30.6056995,2.0000000),(14.8833944,31.3848974,2.0000000),(14.8146027,31.2466526,2.0000000),(14.6971277,30.6056995,2.0000000),(14.8146027,31.2466526,2.0000000),(14.7182944,31.1282516,2.0000000),(14.6971277,30.6056995,2.0000000),(14.7182944,31.1282516,2.0000000),(14.6270131,31.0523162,2.0000000),(14.6971277,30.6056995,2.0000000),(14.6270131,31.0523162,2.0000000),(14.5309694,30.9980766,2.0000000),(14.6971277,30.6056995,2.0000000),(14.5309694,30.9980766,2.0000000),(14.4301631,30.9655328,2.0000000),(14.6971277,30.6056995,2.0000000),(14.4301631,30.9655328,2.0000000),(14.3245944,30.9546849,2.0000000),(14.6971277,30.6056995,2.0000000),(14.3245944,30.9546849,2.0000000),(14.2220022,30.9659297,2.0000000),(14.6971277,30.6056995,2.0000000),(14.2220022,30.9659297,2.0000000),(14.1195423,30.9996641,2.0000000),(14.6971277,30.6056995,2.0000000),(14.1195423,30.9996641,2.0000000),(14.0172147,31.0558880,2.0000000),(13.3202360,31.4499849,2.0000000),(14.6971277,30.6056995,2.0000000),(14.0172147,31.0558880,2.0000000),(13.3202360,31.4499849,2.0000000),(14.0172147,31.0558880,2.0000000),(13.9150194,31.1346016,2.0000000),(13.3202360,31.4499849,2.0000000),(13.9150194,31.1346016,2.0000000),(13.8128902,31.2774766,2.0000000),(13.3202360,31.4499849,2.0000000),(13.8128902,31.2774766,2.0000000),(13.7733350,31.3774891,2.0000000),(13.3202360,31.4499849,2.0000000),(13.7733350,31.3774891,2.0000000),(13.7414527,31.4965516,2.0000000),(13.3202360,31.4499849,2.0000000),(13.7414527,31.4965516,2.0000000),(13.6973996,31.5692459,2.0000000),(13.3202360,31.4499849,2.0000000),(13.6973996,31.5692459,2.0000000),(13.6488485,31.6211703,2.0000000),(13.3202360,31.4499849,2.0000000),(13.6488485,31.6211703,2.0000000),(13.5382527,31.6627099,2.0000000),(13.3202360,31.4499849,2.0000000),(13.5382527,31.6627099,2.0000000),(13.5308444,31.6627099,2.0000000),(13.3202360,31.4499849,2.0000000),(13.5308444,31.6627099,2.0000000),(13.4569595,31.6470334,2.0000000),(13.3202360,31.4499849,2.0000000),(13.4569595,31.6470334,2.0000000),(13.3972298,31.6063537,2.0000000),(10.3251527,30.9546849,2.0000000),(11.4967277,32.5453599,2.0000000),(11.5612199,32.6391051,2.0000000),(10.3251527,30.9546849,2.0000000),(11.5612199,32.6391051,2.0000000),(11.6171131,32.7367198,2.0000000),(10.3251527,30.9546849,2.0000000),(11.6171131,32.7367198,2.0000000),(11.6644074,32.8382041,2.0000000),(10.3251527,30.9546849,2.0000000),(11.6644074,32.8382041,2.0000000),(11.7031027,32.9435578,2.0000000),(10.3251527,30.9546849,2.0000000),(11.7031027,32.9435578,2.0000000),(11.7331991,33.0527811,2.0000000),(10.3251527,30.9546849,2.0000000),(11.7331991,33.0527811,2.0000000),(11.7546964,33.1658740,2.0000000),(10.3251527,30.9546849,2.0000000),(11.7546964,33.1658740,2.0000000),(11.7675949,33.2828364,2.0000000),(10.3251527,30.9546849,2.0000000),(11.7675949,33.2828364,2.0000000),(11.7718944,33.4036683,2.0000000),(10.3251527,30.9546849,2.0000000),(11.7718944,33.4036683,2.0000000),(11.7667681,33.5286343,2.0000000),(10.3251527,30.9546849,2.0000000),(11.7667681,33.5286343,2.0000000),(11.7513892,33.6490031,2.0000000),(10.3251527,30.9546849,2.0000000),(11.7513892,33.6490031,2.0000000),(11.7257576,33.7647749,2.0000000),(10.3251527,30.9546849,2.0000000),(11.7257576,33.7647749,2.0000000),(11.6898735,33.8759495,2.0000000),(11.6898735,33.8759495,2.0000000),(11.6437368,33.9825270,2.0000000),(11.5873475,34.0845073,2.0000000),(11.6898735,33.8759495,2.0000000),(11.5873475,34.0845073,2.0000000),(11.5207056,34.1818905,2.0000000),(11.6898735,33.8759495,2.0000000),(11.5207056,34.1818905,2.0000000),(11.4438110,34.2746766,2.0000000),(11.6898735,33.8759495,2.0000000),(11.4438110,34.2746766,2.0000000),(11.3709183,34.3478504,2.0000000),(11.6898735,33.8759495,2.0000000),(11.3709183,34.3478504,2.0000000),(11.2935277,34.4112677,2.0000000),(11.6898735,33.8759495,2.0000000),(11.2935277,34.4112677,2.0000000),(11.2116392,34.4649285,2.0000000),(11.6898735,33.8759495,2.0000000),(11.2116392,34.4649285,2.0000000),(11.1252527,34.5088328,2.0000000),(11.6898735,33.8759495,2.0000000),(11.1252527,34.5088328,2.0000000),(11.0343683,34.5429806,2.0000000),(11.6898735,33.8759495,2.0000000),(11.0343683,34.5429806,2.0000000),(10.9389860,34.5673719,2.0000000),(11.6898735,33.8759495,2.0000000),(10.9389860,34.5673719,2.0000000),(10.8391058,34.5820067,2.0000000),(11.6898735,33.8759495,2.0000000),(10.8391058,34.5820067,2.0000000),(10.7347277,34.5868849,2.0000000),(11.6898735,33.8759495,2.0000000),(10.7347277,34.5868849,2.0000000),(10.6362200,34.5821059,2.0000000),(11.6898735,33.8759495,2.0000000),(10.6362200,34.5821059,2.0000000),(10.5407220,34.5677688,2.0000000),(11.6898735,33.8759495,2.0000000),(10.5407220,34.5677688,2.0000000),(10.4482336,34.5438736,2.0000000),(11.6898735,33.8759495,2.0000000),(10.4482336,34.5438736,2.0000000),(10.3587548,34.5104203,2.0000000),(11.6898735,33.8759495,2.0000000),(10.3587548,34.5104203,2.0000000),(10.2722856,34.4674090,2.0000000),(11.6898735,33.8759495,2.0000000),(10.2722856,34.4674090,2.0000000),(10.1888261,34.4148396,2.0000000),(10.1888261,34.4148396,2.0000000),(10.1083763,34.3527121,2.0000000),(10.0309360,34.2810266,2.0000000),(10.1888261,34.4148396,2.0000000),(10.0309360,34.2810266,2.0000000),(9.9518091,34.1945078,2.0000000),(10.1888261,34.4148396,2.0000000),(9.9518091,34.1945078,2.0000000),(9.8832324,34.1016391,2.0000000),(10.1888261,34.4148396,2.0000000),(9.8832324,34.1016391,2.0000000),(9.8252060,34.0024203,2.0000000),(10.1888261,34.4148396,2.0000000),(9.8252060,34.0024203,2.0000000),(9.7777298,33.8968516,2.0000000),(10.1888261,34.4148396,2.0000000),(9.7777298,33.8968516,2.0000000),(9.7408039,33.7849328,2.0000000),(10.1888261,34.4148396,2.0000000),(9.7408039,33.7849328,2.0000000),(9.7144282,33.6666641,2.0000000),(10.1888261,34.4148396,2.0000000),(9.7144282,33.6666641,2.0000000),(9.6986028,33.5420453,2.0000000),(10.1888261,34.4148396,2.0000000),(9.6986028,33.5420453,2.0000000),(9.6933277,33.4110766,2.0000000),(10.1888261,34.4148396,2.0000000),(9.6933277,33.4110766,2.0000000),(9.6933277,33.4057849,2.0000000),(10.1888261,34.4148396,2.0000000),(9.6933277,33.4057849,2.0000000),(9.7089381,33.3242933,2.0000000),(10.1888261,34.4148396,2.0000000),(9.7089381,33.3242933,2.0000000),(9.7557694,33.2555016,2.0000000),(10.1888261,34.4148396,2.0000000),(9.7557694,33.2555016,2.0000000),(9.8245610,33.2086703,2.0000000),(10.1888261,34.4148396,2.0000000),(9.8245610,33.2086703,2.0000000),(9.9060527,33.1930599,2.0000000),(10.1888261,34.4148396,2.0000000),(9.9060527,33.1930599,2.0000000),(9.9875444,33.2086703,2.0000000),(10.1888261,34.4148396,2.0000000),(9.9875444,33.2086703,2.0000000),(10.0563360,33.2555016,2.0000000),(10.1888261,34.4148396,2.0000000),(10.0563360,33.2555016,2.0000000),(10.1039610,33.3242933,2.0000000),(10.1039610,33.3242933,2.0000000),(10.1198360,33.4057849,2.0000000),(10.1198360,33.4110766,2.0000000),(10.1039610,33.3242933,2.0000000),(10.1198360,33.4110766,2.0000000),(10.1231599,33.4979922,2.0000000),(10.1888261,34.4148396,2.0000000),(10.1039610,33.3242933,2.0000000),(10.1231599,33.4979922,2.0000000),(10.1888261,34.4148396,2.0000000),(10.1231599,33.4979922,2.0000000),(10.1331313,33.5804099,2.0000000),(10.1888261,34.4148396,2.0000000),(10.1331313,33.5804099,2.0000000),(10.1497505,33.6583297,2.0000000),(10.1888261,34.4148396,2.0000000),(10.1497505,33.6583297,2.0000000),(10.1730173,33.7317516,2.0000000),(10.1888261,34.4148396,2.0000000),(10.1730173,33.7317516,2.0000000),(10.2394938,33.8651016,2.0000000),(10.1888261,34.4148396,2.0000000),(10.2394938,33.8651016,2.0000000),(10.3325610,33.9804599,2.0000000),(10.1888261,34.4148396,2.0000000),(10.3325610,33.9804599,2.0000000),(10.4234454,34.0591735,2.0000000),(10.1888261,34.4148396,2.0000000),(10.4234454,34.0591735,2.0000000),(10.5204152,34.1153974,2.0000000),(10.1888261,34.4148396,2.0000000),(10.5204152,34.1153974,2.0000000),(10.6234704,34.1491318,2.0000000),(10.1888261,34.4148396,2.0000000),(10.6234704,34.1491318,2.0000000),(10.7326110,34.1603766,2.0000000),(10.1888261,34.4148396,2.0000000),(10.7326110,34.1603766,2.0000000),(10.8458527,34.1495287,2.0000000),(10.1888261,34.4148396,2.0000000),(10.8458527,34.1495287,2.0000000),(10.9495694,34.1169849,2.0000000),(11.6898735,33.8759495,2.0000000),(10.1888261,34.4148396,2.0000000),(10.9495694,34.1169849,2.0000000),(11.6898735,33.8759495,2.0000000),(10.9495694,34.1169849,2.0000000),(11.0437610,34.0627453,2.0000000),(11.6898735,33.8759495,2.0000000),(11.0437610,34.0627453,2.0000000),(11.1284277,33.9868099,2.0000000),(11.6898735,33.8759495,2.0000000),(11.1284277,33.9868099,2.0000000),(11.1800214,33.9256416,2.0000000),(11.6898735,33.8759495,2.0000000),(11.1800214,33.9256416,2.0000000),(11.2247360,33.8611990,2.0000000),(11.6898735,33.8759495,2.0000000),(11.2247360,33.8611990,2.0000000),(11.2935277,33.7224912,2.0000000),(11.6898735,33.8759495,2.0000000),(11.2935277,33.7224912,2.0000000),(11.3348027,33.5706865,2.0000000),(11.6898735,33.8759495,2.0000000),(11.3348027,33.5706865,2.0000000),(11.3451214,33.4898728,2.0000000),(11.6898735,33.8759495,2.0000000),(11.3451214,33.4898728,2.0000000),(11.3485610,33.4057849,2.0000000),(11.6898735,33.8759495,2.0000000),(11.3485610,33.4057849,2.0000000),(11.3456341,33.3190677,2.0000000),(11.6898735,33.8759495,2.0000000),(11.3456341,33.3190677,2.0000000),(11.3368532,33.2356578,2.0000000),(11.6898735,33.8759495,2.0000000),(11.3368532,33.2356578,2.0000000),(11.3222185,33.1555552,2.0000000),(11.6898735,33.8759495,2.0000000),(11.3222185,33.1555552,2.0000000),(11.3017298,33.0787599,2.0000000),(11.6898735,33.8759495,2.0000000),(11.3017298,33.0787599,2.0000000),(11.2431907,32.9350912,2.0000000),(10.3251527,30.9546849,2.0000000),(11.6898735,33.8759495,2.0000000),(11.2431907,32.9350912,2.0000000),(10.3251527,30.9546849,2.0000000),(11.2431907,32.9350912,2.0000000),(11.1612360,32.8046516,2.0000000),(10.3251527,30.9546849,2.0000000),(11.1612360,32.8046516,2.0000000),(9.7377777,30.8710766,2.0000000),(11.5612860,30.9546849,2.0000000),(10.3251527,30.9546849,2.0000000),(9.7377777,30.8710766,2.0000000),(11.5612860,30.9546849,2.0000000),(9.7377777,30.8710766,2.0000000),(9.6912110,30.7461933,2.0000000),(11.5612860,30.9546849,2.0000000),(9.6912110,30.7461933,2.0000000),(9.6933277,30.7112683,2.0000000),(11.5612860,30.9546849,2.0000000),(9.6933277,30.7112683,2.0000000),(9.7197860,30.6326870,2.0000000),(11.5612860,30.9546849,2.0000000),(9.7197860,30.6326870,2.0000000),(9.7716444,30.5768599,2.0000000),(11.5612860,30.9546849,2.0000000),(9.7716444,30.5768599,2.0000000),(9.8401714,30.5419349,2.0000000),(11.5612860,30.9546849,2.0000000),(9.8401714,30.5419349,2.0000000),(9.9060527,30.5302933,2.0000000),(11.5612860,30.9546849,2.0000000),(9.9060527,30.5302933,2.0000000),(11.5612860,30.5302933,2.0000000),(11.5612860,30.9546849,2.0000000),(11.5612860,30.5302933,2.0000000),(11.6446298,30.5453745,2.0000000),(11.5612860,30.9546849,2.0000000),(11.6446298,30.5453745,2.0000000),(11.7126277,30.5906183,2.0000000),(11.5612860,30.9546849,2.0000000),(11.7126277,30.5906183,2.0000000),(11.7570777,30.6586162,2.0000000),(11.5612860,30.9546849,2.0000000),(11.7570777,30.6586162,2.0000000),(11.7718944,30.7419599,2.0000000),(11.5612860,30.9546849,2.0000000),(11.7718944,30.7419599,2.0000000),(11.7570777,30.8260974,2.0000000),(11.5612860,30.9546849,2.0000000),(11.7570777,30.8260974,2.0000000),(11.7126277,30.8943599,2.0000000),(11.5612860,30.9546849,2.0000000),(11.7126277,30.8943599,2.0000000),(11.6467464,30.9396037,2.0000000),(12.2301527,30.5607203,2.0000000),(12.3031777,30.4540933,2.0000000),(12.4098048,30.3810683,2.0000000),(12.2301527,30.5607203,2.0000000),(12.4098048,30.3810683,2.0000000),(12.5349527,30.3567266,2.0000000),(12.2301527,30.5607203,2.0000000),(12.5349527,30.3567266,2.0000000),(12.6598360,30.3810683,2.0000000),(12.2301527,30.5607203,2.0000000),(12.6598360,30.3810683,2.0000000),(12.7656694,30.4540933,2.0000000),(12.2301527,30.5607203,2.0000000),(12.7656694,30.4540933,2.0000000),(12.8386944,30.5607203,2.0000000),(12.2301527,30.5607203,2.0000000),(12.8386944,30.5607203,2.0000000),(12.8630360,30.6858683,2.0000000),(12.2301527,30.5607203,2.0000000),(12.8630360,30.6858683,2.0000000),(12.8386944,30.8110162,2.0000000),(12.2301527,30.5607203,2.0000000),(12.8386944,30.8110162,2.0000000),(12.7656694,30.9176433,2.0000000),(12.2301527,30.5607203,2.0000000),(12.7656694,30.9176433,2.0000000),(12.6598360,30.9906683,2.0000000),(12.2301527,30.5607203,2.0000000),(12.6598360,30.9906683,2.0000000),(12.5349527,31.0150099,2.0000000),(12.2301527,30.5607203,2.0000000),(12.5349527,31.0150099,2.0000000),(12.4098048,30.9906683,2.0000000),(12.2301527,30.5607203,2.0000000),(12.4098048,30.9906683,2.0000000),(12.3031777,30.9176433,2.0000000),(12.2301527,30.5607203,2.0000000),(12.3031777,30.9176433,2.0000000),(12.2301527,30.8110162,2.0000000),(12.2301527,30.5607203,2.0000000),(12.2301527,30.8110162,2.0000000),(12.2058110,30.6858683,2.0000000),(25.7494860,32.3130558,2.0000000),(27.1316694,30.5234141,2.0000000),(27.2039006,30.4615016,2.0000000),(25.7494860,32.3130558,2.0000000),(27.2039006,30.4615016,2.0000000),(27.2957110,30.4408641,2.0000000),(25.7494860,32.3130558,2.0000000),(27.2957110,30.4408641,2.0000000),(27.4280027,30.4863724,2.0000000),(25.7494860,32.3130558,2.0000000),(27.4280027,30.4863724,2.0000000),(27.4922964,30.5599266,2.0000000),(25.7494860,32.3130558,2.0000000),(27.4922964,30.5599266,2.0000000),(27.5137277,30.6557058,2.0000000),(25.7494860,32.3130558,2.0000000),(27.5137277,30.6557058,2.0000000),(27.4692777,30.7879974,2.0000000),(25.7494860,32.3130558,2.0000000),(27.4692777,30.7879974,2.0000000),(26.2934694,32.3130558,2.0000000),(26.2934694,32.3130558,2.0000000),(26.3791944,32.3130558,2.0000000),(26.4984388,32.3181655,2.0000000),(25.7494860,32.3130558,2.0000000),(26.2934694,32.3130558,2.0000000),(26.4984388,32.3181655,2.0000000),(24.8858860,32.3130558,2.0000000),(25.7494860,32.3130558,2.0000000),(26.4984388,32.3181655,2.0000000),(24.8858860,32.3130558,2.0000000),(26.4984388,32.3181655,2.0000000),(26.6122261,32.3334948,2.0000000),(24.8858860,32.3130558,2.0000000),(26.6122261,32.3334948,2.0000000),(26.7205565,32.3590436,2.0000000),(24.8858860,32.3130558,2.0000000),(26.7205565,32.3590436,2.0000000),(26.8234298,32.3948120,2.0000000),(24.8858860,32.3130558,2.0000000),(26.8234298,32.3948120,2.0000000),(26.9208461,32.4407999,2.0000000),(24.8858860,32.3130558,2.0000000),(26.9208461,32.4407999,2.0000000),(27.0128053,32.4970073,2.0000000),(24.8858860,32.3130558,2.0000000),(27.0128053,32.4970073,2.0000000),(27.0993075,32.5634343,2.0000000),(24.8858860,32.3130558,2.0000000),(27.0993075,32.5634343,2.0000000),(27.1803527,32.6400808,2.0000000),(24.8858860,32.3130558,2.0000000),(27.1803527,32.6400808,2.0000000),(27.2567511,32.7298076,2.0000000),(24.8858860,32.3130558,2.0000000),(27.2567511,32.7298076,2.0000000),(27.3229631,32.8222464,2.0000000),(24.8858860,32.3130558,2.0000000),(27.3229631,32.8222464,2.0000000),(27.3789886,32.9173972,2.0000000),(27.3789886,32.9173972,2.0000000),(27.4248277,33.0152599,2.0000000),(27.0292756,33.1644849,2.0000000),(27.3789886,32.9173972,2.0000000),(27.0292756,33.1644849,2.0000000),(26.9647834,33.0468776,2.0000000),(27.3789886,32.9173972,2.0000000),(26.9647834,33.0468776,2.0000000),(26.8744944,32.9406474,2.0000000),(27.3789886,32.9173972,2.0000000),(26.8744944,32.9406474,2.0000000),(26.7645600,32.8526735,2.0000000),(27.3789886,32.9173972,2.0000000),(26.7645600,32.8526735,2.0000000),(26.6453652,32.7898349,2.0000000),(27.3789886,32.9173972,2.0000000),(26.6453652,32.7898349,2.0000000),(26.5169100,32.7521318,2.0000000),(24.8858860,32.3130558,2.0000000),(27.3789886,32.9173972,2.0000000),(26.5169100,32.7521318,2.0000000),(24.8858860,32.3130558,2.0000000),(26.5169100,32.7521318,2.0000000),(26.3791944,32.7395641,2.0000000),(24.8858860,32.3130558,2.0000000),(26.3791944,32.7395641,2.0000000),(24.8858860,32.7395641,2.0000000),(27.0679709,33.2934693,2.0000000),(27.0292756,33.1644849,2.0000000),(27.4248277,33.0152599,2.0000000),(27.0808694,33.4338308,2.0000000),(27.0679709,33.2934693,2.0000000),(27.4248277,33.0152599,2.0000000),(27.0679709,33.5728693,2.0000000),(27.0808694,33.4338308,2.0000000),(27.4248277,33.0152599,2.0000000),(27.0292756,33.7010599,2.0000000),(27.0679709,33.5728693,2.0000000),(27.4248277,33.0152599,2.0000000),(26.9647834,33.8184026,2.0000000),(27.0292756,33.7010599,2.0000000),(27.4248277,33.0152599,2.0000000),(26.9647834,33.8184026,2.0000000),(27.4248277,33.0152599,2.0000000),(27.4604803,33.1158347,2.0000000),(26.9647834,33.8184026,2.0000000),(27.4604803,33.1158347,2.0000000),(27.4859464,33.2191214,2.0000000),(26.8744944,33.9248974,2.0000000),(26.9647834,33.8184026,2.0000000),(27.4859464,33.2191214,2.0000000),(26.8744944,33.9248974,2.0000000),(27.4859464,33.2191214,2.0000000),(27.5012261,33.3251201,2.0000000),(26.8744944,33.9248974,2.0000000),(27.5012261,33.3251201,2.0000000),(27.5063194,33.4338308,2.0000000),(26.7673381,34.0128714,2.0000000),(26.8744944,33.9248974,2.0000000),(27.5063194,33.4338308,2.0000000),(26.7673381,34.0128714,2.0000000),(27.5063194,33.4338308,2.0000000),(27.5012261,33.5464440,2.0000000),(26.7673381,34.0128714,2.0000000),(27.5012261,33.5464440,2.0000000),(27.4859464,33.6551547,2.0000000),(26.6501277,34.0757099,2.0000000),(26.7673381,34.0128714,2.0000000),(27.4859464,33.6551547,2.0000000),(26.6501277,34.0757099,2.0000000),(27.4859464,33.6551547,2.0000000),(27.4604803,33.7599628,2.0000000),(26.6501277,34.0757099,2.0000000),(27.4604803,33.7599628,2.0000000),(27.4248277,33.8608683,2.0000000),(26.5228631,34.1134130,2.0000000),(26.6501277,34.0757099,2.0000000),(27.4248277,33.8608683,2.0000000),(26.5228631,34.1134130,2.0000000),(27.4248277,33.8608683,2.0000000),(27.3789886,33.9578711,2.0000000),(26.5228631,34.1134130,2.0000000),(27.3789886,33.9578711,2.0000000),(27.3229631,34.0509714,2.0000000),(26.3855444,34.1259808,2.0000000),(26.5228631,34.1134130,2.0000000),(27.3229631,34.0509714,2.0000000),(26.3855444,34.1259808,2.0000000),(27.3229631,34.0509714,2.0000000),(27.2567511,34.1401690,2.0000000),(24.8858860,34.1259808,2.0000000),(26.3855444,34.1259808,2.0000000),(27.2567511,34.1401690,2.0000000),(24.8858860,34.1259808,2.0000000),(27.2567511,34.1401690,2.0000000),(27.1803527,34.2254641,2.0000000),(24.8858860,34.1259808,2.0000000),(27.1803527,34.2254641,2.0000000),(27.0932882,34.3035989,2.0000000),(24.8858860,34.1259808,2.0000000),(27.0932882,34.3035989,2.0000000),(27.0024866,34.3713156,2.0000000),(24.8858860,34.1259808,2.0000000),(27.0024866,34.3713156,2.0000000),(26.9079476,34.4286145,2.0000000),(24.8858860,34.1259808,2.0000000),(26.9079476,34.4286145,2.0000000),(26.8096714,34.4754953,2.0000000),(24.8858860,34.1259808,2.0000000),(26.8096714,34.4754953,2.0000000),(26.7076580,34.5119582,2.0000000),(24.8858860,34.1259808,2.0000000),(26.7076580,34.5119582,2.0000000),(26.6019074,34.5380031,2.0000000),(24.8858860,34.1259808,2.0000000),(26.6019074,34.5380031,2.0000000),(26.4924195,34.5536301,2.0000000),(24.8858860,34.1259808,2.0000000),(26.4924195,34.5536301,2.0000000),(26.3791944,34.5588391,2.0000000),(24.8858860,34.1259808,2.0000000),(26.3791944,34.5588391,2.0000000),(24.6731610,34.5588391,2.0000000),(24.8858860,32.7395641,2.0000000),(24.8858860,34.1259808,2.0000000),(24.6731610,34.5588391,2.0000000),(24.8858860,32.3130558,2.0000000),(24.8858860,32.7395641,2.0000000),(24.6731610,34.5588391,2.0000000),(24.8858860,32.3130558,2.0000000),(24.6731610,34.5588391,2.0000000),(24.5871714,34.5421703,2.0000000),(24.8858860,32.3130558,2.0000000),(24.5871714,34.5421703,2.0000000),(24.5154694,34.4921641,2.0000000),(24.8858860,32.3130558,2.0000000),(24.5154694,34.4921641,2.0000000),(24.4734006,34.4178162,2.0000000),(24.8858860,32.3130558,2.0000000),(24.4734006,34.4178162,2.0000000),(24.4593777,34.3387058,2.0000000),(24.8858860,32.3130558,2.0000000),(24.4593777,34.3387058,2.0000000),(24.4593777,30.7117974,2.0000000),(24.8858860,32.3130558,2.0000000),(24.4593777,30.7117974,2.0000000),(24.4822642,30.6284537,2.0000000),(24.8858860,32.3130558,2.0000000),(24.4822642,30.6284537,2.0000000),(24.5255235,30.5689224,2.0000000),(24.8858860,32.3130558,2.0000000),(24.5255235,30.5689224,2.0000000),(24.6731610,30.5212974,2.0000000),(24.8858860,32.3130558,2.0000000),(24.6731610,30.5212974,2.0000000),(24.7471782,30.5332037,2.0000000),(24.8858860,32.3130558,2.0000000),(24.7471782,30.5332037,2.0000000),(24.8073048,30.5689224,2.0000000),(24.8858860,32.3130558,2.0000000),(24.8073048,30.5689224,2.0000000),(24.8858860,30.7117974,2.0000000),(23.4973527,32.3183474,2.0000000),(23.4952360,30.7117974,2.0000000),(23.5113756,30.6297766,2.0000000),(23.4973527,32.3183474,2.0000000),(23.5113756,30.6297766,2.0000000),(23.5597944,30.5615141,2.0000000),(23.4973527,32.3183474,2.0000000),(23.5597944,30.5615141,2.0000000),(23.6285860,30.5154766,2.0000000),(23.4973527,32.3183474,2.0000000),(23.6285860,30.5154766,2.0000000),(23.7058444,30.5001308,2.0000000),(23.4973527,32.3183474,2.0000000),(23.7058444,30.5001308,2.0000000),(23.7886589,30.5154766,2.0000000),(23.4973527,32.3183474,2.0000000),(23.7886589,30.5154766,2.0000000),(23.8571860,30.5615141,2.0000000),(23.4973527,32.3183474,2.0000000),(23.8571860,30.5615141,2.0000000),(23.9032235,30.6297766,2.0000000),(23.4973527,32.3183474,2.0000000),(23.9032235,30.6297766,2.0000000),(23.9185694,30.7117974,2.0000000),(23.4973527,32.3183474,2.0000000),(23.9185694,30.7117974,2.0000000),(23.9185694,34.3387058,2.0000000),(23.4973527,32.3183474,2.0000000),(23.9185694,34.3387058,2.0000000),(23.9032235,34.4201974,2.0000000),(23.4973527,32.3183474,2.0000000),(23.9032235,34.4201974,2.0000000),(23.8571860,34.4889891,2.0000000),(23.4973527,32.3183474,2.0000000),(23.8571860,34.4889891,2.0000000),(23.7897173,34.5366141,2.0000000),(23.4973527,32.3183474,2.0000000),(23.7897173,34.5366141,2.0000000),(23.7100777,34.5524891,2.0000000),(23.4973527,32.3183474,2.0000000),(23.7100777,34.5524891,2.0000000),(23.6280569,34.5360849,2.0000000),(23.4973527,32.3183474,2.0000000),(23.6280569,34.5360849,2.0000000),(23.5576777,34.4868724,2.0000000),(23.4973527,32.3183474,2.0000000),(23.5576777,34.4868724,2.0000000),(23.5108464,34.4223141,2.0000000),(23.4973527,32.3183474,2.0000000),(23.5108464,34.4223141,2.0000000),(23.4952360,34.3387058,2.0000000),(23.4973527,32.3183474,2.0000000),(23.4952360,34.3387058,2.0000000),(23.4952360,32.7395641,2.0000000),(21.2960194,32.3183474,2.0000000),(23.4973527,32.3183474,2.0000000),(23.4952360,32.7395641,2.0000000),(21.2960194,32.3183474,2.0000000),(23.4952360,32.7395641,2.0000000),(21.3023694,32.7395641,2.0000000),(21.2960194,32.3183474,2.0000000),(21.3023694,32.7395641,2.0000000),(21.3023694,34.3387058,2.0000000),(21.2960194,32.3183474,2.0000000),(21.3023694,34.3387058,2.0000000),(21.2859652,34.4201974,2.0000000),(21.2960194,32.3183474,2.0000000),(21.2859652,34.4201974,2.0000000),(21.2367527,34.4889891,2.0000000),(21.2960194,32.3183474,2.0000000),(21.2367527,34.4889891,2.0000000),(21.1671673,34.5366141,2.0000000),(21.2960194,32.3183474,2.0000000),(21.1671673,34.5366141,2.0000000),(21.0896444,34.5524891,2.0000000),(21.2960194,32.3183474,2.0000000),(21.0896444,34.5524891,2.0000000),(21.0073589,34.5366141,2.0000000),(21.2960194,32.3183474,2.0000000),(21.0073589,34.5366141,2.0000000),(20.9361860,34.4889891,2.0000000),(21.2960194,32.3183474,2.0000000),(20.9361860,34.4889891,2.0000000),(20.8877673,34.4201974,2.0000000),(21.2960194,32.3183474,2.0000000),(20.8877673,34.4201974,2.0000000),(20.8716277,34.3387058,2.0000000),(21.2960194,32.3183474,2.0000000),(20.8716277,34.3387058,2.0000000),(20.8716277,30.7117974,2.0000000),(21.2960194,32.3183474,2.0000000),(20.8716277,30.7117974,2.0000000),(20.8872381,30.6297766,2.0000000),(21.2960194,32.3183474,2.0000000),(20.8872381,30.6297766,2.0000000),(20.9340694,30.5615141,2.0000000),(21.2960194,32.3183474,2.0000000),(20.9340694,30.5615141,2.0000000),(21.0036548,30.5154766,2.0000000),(21.2960194,32.3183474,2.0000000),(21.0036548,30.5154766,2.0000000),(21.0854110,30.5001308,2.0000000),(21.2960194,32.3183474,2.0000000),(21.0854110,30.5001308,2.0000000),(21.1631985,30.5152120,2.0000000),(21.2960194,32.3183474,2.0000000),(21.1631985,30.5152120,2.0000000),(21.2356944,30.5604558,2.0000000),(21.2960194,32.3183474,2.0000000),(21.2356944,30.5604558,2.0000000),(21.2809381,30.6252787,2.0000000),(21.2960194,32.3183474,2.0000000),(21.2809381,30.6252787,2.0000000),(21.2960194,30.7117974,2.0000000),(28.4778694,32.0304808,2.0000000),(28.4778694,34.3387058,2.0000000),(28.4625235,34.4201974,2.0000000),(28.4778694,32.0304808,2.0000000),(28.4625235,34.4201974,2.0000000),(28.4164860,34.4889891,2.0000000),(28.4778694,32.0304808,2.0000000),(28.4164860,34.4889891,2.0000000),(28.3490173,34.5366141,2.0000000),(28.4828468,31.9180163,2.0000000),(28.4778694,32.0304808,2.0000000),(28.3490173,34.5366141,2.0000000),(28.4828468,31.9180163,2.0000000),(28.3490173,34.5366141,2.0000000),(28.2693777,34.5524891,2.0000000),(28.4828468,31.9180163,2.0000000),(28.2693777,34.5524891,2.0000000),(28.1860339,34.5360849,2.0000000),(28.4828468,31.9180163,2.0000000),(28.1860339,34.5360849,2.0000000),(28.1116860,34.4868724,2.0000000),(28.4828468,31.9180163,2.0000000),(28.1116860,34.4868724,2.0000000),(28.0664423,34.4223141,2.0000000),(28.4828468,31.9180163,2.0000000),(28.0664423,34.4223141,2.0000000),(28.0513610,34.3387058,2.0000000),(28.4828468,31.9180163,2.0000000),(28.0513610,34.3387058,2.0000000),(28.0513610,32.0304808,2.0000000),(28.4828468,31.9180163,2.0000000),(28.0513610,32.0304808,2.0000000),(28.0583063,31.8753853,2.0000000),(28.4828468,31.9180163,2.0000000),(28.0583063,31.8753853,2.0000000),(28.0791423,31.7260115,2.0000000),(28.4828468,31.9180163,2.0000000),(28.0791423,31.7260115,2.0000000),(28.1138688,31.5823593,2.0000000),(28.4828468,31.9180163,2.0000000),(28.1138688,31.5823593,2.0000000),(28.1624860,31.4444287,2.0000000),(28.4828468,31.9180163,2.0000000),(28.1624860,31.4444287,2.0000000),(28.2249938,31.3122197,2.0000000),(28.4828468,31.9180163,2.0000000),(28.2249938,31.3122197,2.0000000),(28.3013923,31.1857323,2.0000000),(28.4828468,31.9180163,2.0000000),(28.3013923,31.1857323,2.0000000),(28.3916813,31.0649666,2.0000000),(28.4828468,31.9180163,2.0000000),(28.3916813,31.0649666,2.0000000),(28.4958610,30.9499224,2.0000000),(28.4828468,31.9180163,2.0000000),(28.4958610,30.9499224,2.0000000),(28.6084412,30.8445025,2.0000000),(28.6084412,30.8445025,2.0000000),(28.7271069,30.7531386,2.0000000),(28.8518579,30.6758306,2.0000000),(28.6084412,30.8445025,2.0000000),(28.8518579,30.6758306,2.0000000),(28.9826944,30.6125787,2.0000000),(28.6084412,30.8445025,2.0000000),(28.9826944,30.6125787,2.0000000),(29.1196162,30.5633827,2.0000000),(28.6084412,30.8445025,2.0000000),(29.1196162,30.5633827,2.0000000),(29.2626235,30.5282427,2.0000000),(28.6084412,30.8445025,2.0000000),(29.2626235,30.5282427,2.0000000),(29.4117162,30.5071587,2.0000000),(28.6084412,30.8445025,2.0000000),(29.4117162,30.5071587,2.0000000),(29.5668944,30.5001308,2.0000000),(28.6084412,30.8445025,2.0000000),(29.5668944,30.5001308,2.0000000),(29.7222875,30.5071587,2.0000000),(28.6084412,30.8445025,2.0000000),(29.7222875,30.5071587,2.0000000),(29.8720251,30.5282427,2.0000000),(28.6084412,30.8445025,2.0000000),(29.8720251,30.5282427,2.0000000),(30.0161073,30.5633827,2.0000000),(28.6084412,30.8445025,2.0000000),(30.0161073,30.5633827,2.0000000),(30.1545339,30.6125787,2.0000000),(28.6084412,30.8445025,2.0000000),(30.1545339,30.6125787,2.0000000),(30.2873052,30.6758306,2.0000000),(28.6084412,30.8445025,2.0000000),(30.2873052,30.6758306,2.0000000),(30.4144209,30.7531386,2.0000000),(28.6084412,30.8445025,2.0000000),(30.4144209,30.7531386,2.0000000),(30.5358812,30.8445025,2.0000000),(28.6084412,30.8445025,2.0000000),(30.5358812,30.8445025,2.0000000),(30.6516860,30.9499224,2.0000000),(30.6516860,30.9499224,2.0000000),(30.7563618,31.0636271,2.0000000),(30.8470808,31.1835495,2.0000000),(30.6516860,30.9499224,2.0000000),(30.8470808,31.1835495,2.0000000),(30.9238431,31.3096896,2.0000000),(30.6516860,30.9499224,2.0000000),(30.9238431,31.3096896,2.0000000),(30.9866485,31.4420474,2.0000000),(30.6516860,30.9499224,2.0000000),(30.9866485,31.4420474,2.0000000),(31.0354972,31.5806229,2.0000000),(30.6516860,30.9499224,2.0000000),(31.0354972,31.5806229,2.0000000),(31.0703892,31.7254162,2.0000000),(30.6516860,30.9499224,2.0000000),(31.0703892,31.7254162,2.0000000),(31.0913243,31.8764271,2.0000000),(30.6516860,30.9499224,2.0000000),(31.0913243,31.8764271,2.0000000),(31.0983027,32.0336558,2.0000000),(30.6516860,30.9499224,2.0000000),(31.0983027,32.0336558,2.0000000),(31.0983027,34.3387058,2.0000000),(30.6516860,30.9499224,2.0000000),(31.0983027,34.3387058,2.0000000),(31.0829569,34.4201974,2.0000000),(30.6516860,30.9499224,2.0000000),(31.0829569,34.4201974,2.0000000),(31.0369194,34.4889891,2.0000000),(30.6516860,30.9499224,2.0000000),(31.0369194,34.4889891,2.0000000),(30.9686569,34.5366141,2.0000000),(30.6516860,30.9499224,2.0000000),(30.9686569,34.5366141,2.0000000),(30.8866360,34.5524891,2.0000000),(30.6516860,30.9499224,2.0000000),(30.8866360,34.5524891,2.0000000),(30.8046152,34.5366141,2.0000000),(30.6516860,30.9499224,2.0000000),(30.8046152,34.5366141,2.0000000),(30.7363527,34.4889891,2.0000000),(30.7363527,34.4889891,2.0000000),(30.6903152,34.4201974,2.0000000),(30.6749694,34.3387058,2.0000000),(30.7363527,34.4889891,2.0000000),(30.6749694,34.3387058,2.0000000),(30.6749694,32.0336558,2.0000000),(30.6516860,30.9499224,2.0000000),(30.7363527,34.4889891,2.0000000),(30.6749694,32.0336558,2.0000000),(30.6516860,30.9499224,2.0000000),(30.6749694,32.0336558,2.0000000),(30.6698596,31.9216378,2.0000000),(30.6516860,30.9499224,2.0000000),(30.6698596,31.9216378,2.0000000),(30.6545303,31.8136547,2.0000000),(30.6516860,30.9499224,2.0000000),(30.6545303,31.8136547,2.0000000),(30.6289815,31.7097065,2.0000000),(30.6516860,30.9499224,2.0000000),(30.6289815,31.7097065,2.0000000),(30.5932131,31.6097933,2.0000000),(30.6516860,30.9499224,2.0000000),(30.5932131,31.6097933,2.0000000),(30.5472252,31.5139149,2.0000000),(30.6516860,30.9499224,2.0000000),(30.5472252,31.5139149,2.0000000),(30.4910178,31.4220714,2.0000000),(30.6516860,30.9499224,2.0000000),(30.4910178,31.4220714,2.0000000),(30.4245908,31.3342628,2.0000000),(30.6516860,30.9499224,2.0000000),(30.4245908,31.3342628,2.0000000),(30.3479444,31.2504891,2.0000000),(30.6516860,30.9499224,2.0000000),(30.3479444,31.2504891,2.0000000),(30.2660724,31.1740906,2.0000000),(30.6516860,30.9499224,2.0000000),(30.2660724,31.1740906,2.0000000),(30.1797355,31.1078787,2.0000000),(30.6516860,30.9499224,2.0000000),(30.1797355,31.1078787,2.0000000),(30.0889338,31.0518531,2.0000000),(30.6516860,30.9499224,2.0000000),(30.0889338,31.0518531,2.0000000),(29.9936673,31.0060141,2.0000000),(30.6516860,30.9499224,2.0000000),(29.9936673,31.0060141,2.0000000),(29.8939359,30.9703615,2.0000000),(30.6516860,30.9499224,2.0000000),(29.8939359,30.9703615,2.0000000),(29.7897397,30.9448953,2.0000000),(30.6516860,30.9499224,2.0000000),(29.7897397,30.9448953,2.0000000),(29.6810786,30.9296156,2.0000000),(28.6084412,30.8445025,2.0000000),(30.6516860,30.9499224,2.0000000),(29.6810786,30.9296156,2.0000000),(28.6084412,30.8445025,2.0000000),(29.6810786,30.9296156,2.0000000),(29.5679527,30.9245224,2.0000000),(28.6084412,30.8445025,2.0000000),(29.5679527,30.9245224,2.0000000),(29.4568112,30.9295826,2.0000000),(28.6084412,30.8445025,2.0000000),(29.4568112,30.9295826,2.0000000),(29.3498699,30.9447630,2.0000000),(28.6084412,30.8445025,2.0000000),(29.3498699,30.9447630,2.0000000),(29.2471289,30.9700638,2.0000000),(28.6084412,30.8445025,2.0000000),(29.2471289,30.9700638,2.0000000),(29.1485881,31.0054849,2.0000000),(28.6084412,30.8445025,2.0000000),(29.1485881,31.0054849,2.0000000),(29.0542476,31.0510263,2.0000000),(28.6084412,30.8445025,2.0000000),(29.0542476,31.0510263,2.0000000),(28.9641074,31.1066880,2.0000000),(28.6084412,30.8445025,2.0000000),(28.9641074,31.1066880,2.0000000),(28.8781674,31.1724701,2.0000000),(28.6084412,30.8445025,2.0000000),(28.8781674,31.1724701,2.0000000),(28.7964277,31.2483724,2.0000000),(28.6084412,30.8445025,2.0000000),(28.7964277,31.2483724,2.0000000),(28.7217656,31.3314350,2.0000000),(28.6084412,30.8445025,2.0000000),(28.7217656,31.3314350,2.0000000),(28.6570584,31.4186979,2.0000000),(28.6084412,30.8445025,2.0000000),(28.6570584,31.4186979,2.0000000),(28.6023062,31.5101611,2.0000000),(28.6084412,30.8445025,2.0000000),(28.6023062,31.5101611,2.0000000),(28.5575089,31.6058245,2.0000000),(28.6084412,30.8445025,2.0000000),(28.5575089,31.6058245,2.0000000),(28.5226666,31.7056882,2.0000000),(28.6084412,30.8445025,2.0000000),(28.5226666,31.7056882,2.0000000),(28.4977793,31.8097521,2.0000000),(28.4828468,31.9180163,2.0000000),(28.6084412,30.8445025,2.0000000),(28.4977793,31.8097521,2.0000000),(20.2755214,34.1791620,2.0000000),(20.3287027,34.3387058,2.0000000),(20.3136214,34.4186099,2.0000000),(20.2755214,34.1791620,2.0000000),(20.3136214,34.4186099,2.0000000),(20.2683777,34.4868724,2.0000000),(20.2755214,34.1791620,2.0000000),(20.2683777,34.4868724,2.0000000),(20.2001152,34.5360849,2.0000000),(20.2755214,34.1791620,2.0000000),(20.2001152,34.5360849,2.0000000),(20.1159777,34.5524891,2.0000000),(20.2755214,34.1791620,2.0000000),(20.1159777,34.5524891,2.0000000),(17.4955444,34.5524891,2.0000000),(20.2755214,34.1791620,2.0000000),(17.4955444,34.5524891,2.0000000),(17.4024110,34.5321162,2.0000000),(20.2755214,34.1791620,2.0000000),(17.4024110,34.5321162,2.0000000),(17.3283277,34.4709974,2.0000000),(20.2755214,34.1791620,2.0000000),(17.3283277,34.4709974,2.0000000),(17.2817610,34.3387058,2.0000000),(20.2755214,34.1791620,2.0000000),(17.2817610,34.3387058,2.0000000),(17.2817610,34.3228308,2.0000000),(20.2755214,34.1791620,2.0000000),(17.2817610,34.3228308,2.0000000),(17.3420860,34.1937141,2.0000000),(20.2755214,34.1791620,2.0000000),(17.3420860,34.1937141,2.0000000),(17.4132589,34.1429141,2.0000000),(20.2755214,34.1791620,2.0000000),(17.4132589,34.1429141,2.0000000),(17.4955444,34.1259808,2.0000000),(20.2755214,34.1791620,2.0000000),(17.4955444,34.1259808,2.0000000),(18.5951527,34.1259808,2.0000000),(18.5951527,34.1259808,2.0000000),(18.5951527,30.7117974,2.0000000),(18.6104985,30.6297766,2.0000000),(18.5951527,34.1259808,2.0000000),(18.6104985,30.6297766,2.0000000),(18.6565360,30.5615141,2.0000000),(18.5951527,34.1259808,2.0000000),(18.6565360,30.5615141,2.0000000),(18.7247985,30.5154766,2.0000000),(18.5951527,34.1259808,2.0000000),(18.7247985,30.5154766,2.0000000),(18.8068194,30.5001308,2.0000000),(18.5951527,34.1259808,2.0000000),(18.8068194,30.5001308,2.0000000),(18.8888402,30.5154766,2.0000000),(18.5951527,34.1259808,2.0000000),(18.8888402,30.5154766,2.0000000),(18.9571027,30.5615141,2.0000000),(18.5951527,34.1259808,2.0000000),(18.9571027,30.5615141,2.0000000),(19.0031402,30.6297766,2.0000000),(18.5951527,34.1259808,2.0000000),(19.0031402,30.6297766,2.0000000),(19.0184860,30.7117974,2.0000000),(18.5951527,34.1259808,2.0000000),(19.0184860,30.7117974,2.0000000),(19.0184860,34.1259808,2.0000000),(20.2755214,34.1791620,2.0000000),(18.5951527,34.1259808,2.0000000),(19.0184860,34.1259808,2.0000000),(20.2755214,34.1791620,2.0000000),(19.0184860,34.1259808,2.0000000),(20.1159777,34.1259808,2.0000000),(20.2755214,34.1791620,2.0000000),(20.1159777,34.1259808,2.0000000),(20.2090449,34.1392761,2.0000000)));
#1451=COMPLEX_TRIANGULATED_SURFACE_SET('surface set',#1450,4335,(),(),(),((1,2,3),(4,5,6),(7,8,9),(10,11,12),(13,14,15),(16,17,18),(19,20,21),(22,23,24),(25,26,27),(28,29,30),(31,32,33),(34,35,36),(37,38,39),(40,41,42),(43,44,45),(46,47,48),(49,50,51),(52,53,54),(55,56,57),(58,59,60),(61,62,63),(64,65,66),(67,68,69),(70,71,72),(73,74,75),(76,77,78),(79,80,81),(82,83,84),(85,86,87),(88,89,90),(91,92,93),(94,95,96),(97,98,99),(100,101,102),(103,104,105),(106,107,108),(109,110,111),(112,113,114),(115,116,117),(118,119,120),(121,122,123),(124,125,126),(127,128,129),(130,131,132),(133,134,135),(136,137,138),(139,140,141),(142,143,144),(145,146,147),(148,149,150),(151,152,153),(154,155,156),(157,158,159),(160,161,162),(163,164,165),(166,167,168),(169,170,171),(172,173,174),(175,176,177),(178,179,180),(181,182,183),(184,185,186),(187,188,189),(190,191,192),(193,194,195),(196,197,198),(199,200,201),(202,203,204),(205,206,207),(208,209,210),(211,212,213),(214,215,216),(217,218,219),(220,221,222),(223,224,225),(226,227,228),(229,230,231),(232,233,234),(235,236,237),(238,239,240),(241,242,243),(244,245,246),(247,248,249),(250,251,252),(253,254,255),(256,257,258),(259,260,261),(262,263,264),(265,266,267),(268,269,270),(271,272,273),(274,275,276),(277,278,279),(280,281,282),(283,284,285),(286,287,288),(289,290,291),(292,293,294),(295,296,297),(298,299,300),(301,302,303),(304,305,306),(307,308,309),(310,311,312),(313,314,315),(316,317,318),(319,320,321),(322,323,324),(325,326,327),(328,329,330),(331,332,333),(334,335,336),(337,338,339),(340,341,342),(343,344,345),(346,347,348),(349,350,351),(352,353,354),(355,356,357),(358,359,360),(361,362,363),(364,365,366),(367,368,369),(370,371,372),(373,374,375),(376,377,378),(379,380,381),(382,383,384),(385,386,387),(388,389,390),(391,392,393),(394,395,396),(397,398,399),(400,401,402),(403,404,405),(406,407,408),(409,410,411),(412,413,414),(415,416,417),(418,419,420),(421,422,423),(424,425,426),(427,428,429),(430,431,432),(433,434,435),(436,437,438),(439,440,441),(442,443,444),(445,446,447),(448,449,450),(451,452,453),(454,455,456),(457,458,459),(460,461,462),(463,464,465),(466,467,468),(469,470,471),(472,473,474),(475,476,477),(478,479,480),(481,482,483),(484,485,486),(487,488,489),(490,491,492),(493,494,495),(496,497,498),(499,500,501),(502,503,504),(505,506,507),(508,509,510),(511,512,513),(514,515,516),(517,518,519),(520,521,522),(523,524,525),(526,527,528),(529,530,531),(532,533,534),(535,536,537),(538,539,540),(541,542,543),(544,545,546),(547,548,549),(550,551,552),(553,554,555),(556,557,558),(559,560,561),(562,563,564),(565,566,567),(568,569,570),(571,572,573),(574,575,576),(577,578,579),(580,581,582),(583,584,585),(586,587,588),(589,590,591),(592,593,594),(595,596,597),(598,599,600),(601,602,603),(604,605,606),(607,608,609),(610,611,612),(613,614,615),(616,617,618),(619,620,621),(622,623,624),(625,626,627),(628,629,630),(631,632,633),(634,635,636),(637,638,639),(640,641,642),(643,644,645),(646,647,648),(649,650,651),(652,653,654),(655,656,657),(658,659,660),(661,662,663),(664,665,666),(667,668,669),(670,671,672),(673,674,675),(676,677,678),(679,680,681),(682,683,684),(685,686,687),(688,689,690),(691,692,693),(694,695,696),(697,698,699),(700,701,702),(703,704,705),(706,707,708),(709,710,711),(712,713,714),(715,716,717),(718,719,720),(721,722,723),(724,725,726),(727,728,729),(730,731,732),(733,734,735),(736,737,738),(739,740,741),(742,743,744),(745,746,747),(748,749,750),(751,752,753),(754,755,756),(757,758,759),(760,761,762),(763,764,765),(766,767,768),(769,770,771),(772,773,774),(775,776,777),(778,779,780),(781,782,783),(784,785,786),(787,788,789),(790,791,792),(793,794,795),(796,797,798),(799,800,801),(802,803,804),(805,806,807),(808,809,810),(811,812,813),(814,815,816),(817,818,819),(820,821,822),(823,824,825),(826,827,828),(829,830,831),(832,833,834),(835,836,837),(838,839,840),(841,842,843),(844,845,846),(847,848,849),(850,851,852),(853,854,855),(856,857,858),(859,860,861),(862,863,864),(865,866,867),(868,869,870),(871,872,873),(874,875,876),(877,878,879),(880,881,882),(883,884,885),(886,887,888),(889,890,891),(892,893,894),(895,896,897),(898,899,900),(901,902,903),(904,905,906),(907,908,909),(910,911,912),(913,914,915),(916,917,918),(919,920,921),(922,923,924),(925,926,927),(928,929,930),(931,932,933),(934,935,936),(937,938,939),(940,941,942),(943,944,945),(946,947,948),(949,950,951),(952,953,954),(955,956,957),(958,959,960),(961,962,963),(964,965,966),(967,968,969),(970,971,972),(973,974,975),(976,977,978),(979,980,981),(982,983,984),(985,986,987),(988,989,990),(991,992,993),(994,995,996),(997,998,999),(1000,1001,1002),(1003,1004,1005),(1006,1007,1008),(1009,1010,1011),(1012,1013,1014),(1015,1016,1017),(1018,1019,1020),(1021,1022,1023),(1024,1025,1026),(1027,1028,1029),(1030,1031,1032),(1033,1034,1035),(1036,1037,1038),(1039,1040,1041),(1042,1043,1044),(1045,1046,1047),(1048,1049,1050),(1051,1052,1053),(1054,1055,1056),(1057,1058,1059),(1060,1061,1062),(1063,1064,1065),(1066,1067,1068),(1069,1070,1071),(1072,1073,1074),(1075,1076,1077),(1078,1079,1080),(1081,1082,1083),(1084,1085,1086),(1087,1088,1089),(1090,1091,1092),(1093,1094,1095),(1096,1097,1098),(1099,1100,1101),(1102,1103,1104),(1105,1106,1107),(1108,1109,1110),(1111,1112,1113),(1114,1115,1116),(1117,1118,1119),(1120,1121,1122),(1123,1124,1125),(1126,1127,1128),(1129,1130,1131),(1132,1133,1134),(1135,1136,1137),(1138,1139,1140),(1141,1142,1143),(1144,1145,1146),(1147,1148,1149),(1150,1151,1152),(1153,1154,1155),(1156,1157,1158),(1159,1160,1161),(1162,1163,1164),(1165,1166,1167),(1168,1169,1170),(1171,1172,1173),(1174,1175,1176),(1177,1178,1179),(1180,1181,1182),(1183,1184,1185),(1186,1187,1188),(1189,1190,1191),(1192,1193,1194),(1195,1196,1197),(1198,1199,1200),(1201,1202,1203),(1204,1205,1206),(1207,1208,1209),(1210,1211,1212),(1213,1214,1215),(1216,1217,1218),(1219,1220,1221),(1222,1223,1224),(1225,1226,1227),(1228,1229,1230),(1231,1232,1233),(1234,1235,1236),(1237,1238,1239),(1240,1241,1242),(1243,1244,1245),(1246,1247,1248),(1249,1250,1251),(1252,1253,1254),(1255,1256,1257),(1258,1259,1260),(1261,1262,1263),(1264,1265,1266),(1267,1268,1269),(1270,1271,1272),(1273,1274,1275),(1276,1277,1278),(1279,1280,1281),(1282,1283,1284),(1285,1286,1287),(1288,1289,1290),(1291,1292,1293),(1294,1295,1296),(1297,1298,1299),(1300,1301,1302),(1303,1304,1305),(1306,1307,1308),(1309,1310,1311),(1312,1313,1314),(1315,1316,1317),(1318,1319,1320),(1321,1322,1323),(1324,1325,1326),(1327,1328,1329),(1330,1331,1332),(1333,1334,1335),(1336,1337,1338),(1339,1340,1341),(1342,1343,1344),(1345,1346,1347),(1348,1349,1350),(1351,1352,1353),(1354,1355,1356),(1357,1358,1359),(1360,1361,1362),(1363,1364,1365),(1366,1367,1368),(1369,1370,1371),(1372,1373,1374),(1375,1376,1377),(1378,1379,1380),(1381,1382,1383),(1384,1385,1386),(1387,1388,1389),(1390,1391,1392),(1393,1394,1395),(1396,1397,1398),(1399,1400,1401),(1402,1403,1404),(1405,1406,1407),(1408,1409,1410),(1411,1412,1413),(1414,1415,1416),(1417,1418,1419),(1420,1421,1422),(1423,1424,1425),(1426,1427,1428),(1429,1430,1431),(1432,1433,1434),(1435,1436,1437),(1438,1439,1440),(1441,1442,1443),(1444,1445,1446),(1447,1448,1449),(1450,1451,1452),(1453,1454,1455),(1456,1457,1458),(1459,1460,1461),(1462,1463,1464),(1465,1466,1467),(1468,1469,1470),(1471,1472,1473),(1474,1475,1476),(1477,1478,1479),(1480,1481,1482),(1483,1484,1485),(1486,1487,1488),(1489,1490,1491),(1492,1493,1494),(1495,1496,1497),(1498,1499,1500),(1501,1502,1503),(1504,1505,1506),(1507,1508,1509),(1510,1511,1512),(1513,1514,1515),(1516,1517,1518),(1519,1520,1521),(1522,1523,1524),(1525,1526,1527),(1528,1529,1530),(1531,1532,1533),(1534,1535,1536),(1537,1538,1539),(1540,1541,1542),(1543,1544,1545),(1546,1547,1548),(1549,1550,1551),(1552,1553,1554),(1555,1556,1557),(1558,1559,1560),(1561,1562,1563),(1564,1565,1566),(1567,1568,1569),(1570,1571,1572),(1573,1574,1575),(1576,1577,1578),(1579,1580,1581),(1582,1583,1584),(1585,1586,1587),(1588,1589,1590),(1591,1592,1593),(1594,1595,1596),(1597,1598,1599),(1600,1601,1602),(1603,1604,1605),(1606,1607,1608),(1609,1610,1611),(1612,1613,1614),(1615,1616,1617),(1618,1619,1620),(1621,1622,1623),(1624,1625,1626),(1627,1628,1629),(1630,1631,1632),(1633,1634,1635),(1636,1637,1638),(1639,1640,1641),(1642,1643,1644),(1645,1646,1647),(1648,1649,1650),(1651,1652,1653),(1654,1655,1656),(1657,1658,1659),(1660,1661,1662),(1663,1664,1665),(1666,1667,1668),(1669,1670,1671),(1672,1673,1674),(1675,1676,1677),(1678,1679,1680),(1681,1682,1683),(1684,1685,1686),(1687,1688,1689),(1690,1691,1692),(1693,1694,1695),(1696,1697,1698),(1699,1700,1701),(1702,1703,1704),(1705,1706,1707),(1708,1709,1710),(1711,1712,1713),(1714,1715,1716),(1717,1718,1719),(1720,1721,1722),(1723,1724,1725),(1726,1727,1728),(1729,1730,1731),(1732,1733,1734),(1735,1736,1737),(1738,1739,1740),(1741,1742,1743),(1744,1745,1746),(1747,1748,1749),(1750,1751,1752),(1753,1754,1755),(1756,1757,1758),(1759,1760,1761),(1762,1763,1764),(1765,1766,1767),(1768,1769,1770),(1771,1772,1773),(1774,1775,1776),(1777,1778,1779),(1780,1781,1782),(1783,1784,1785),(1786,1787,1788),(1789,1790,1791),(1792,1793,1794),(1795,1796,1797),(1798,1799,1800),(1801,1802,1803),(1804,1805,1806),(1807,1808,1809),(1810,1811,1812),(1813,1814,1815),(1816,1817,1818),(1819,1820,1821),(1822,1823,1824),(1825,1826,1827),(1828,1829,1830),(1831,1832,1833),(1834,1835,1836),(1837,1838,1839),(1840,1841,1842),(1843,1844,1845),(1846,1847,1848),(1849,1850,1851),(1852,1853,1854),(1855,1856,1857),(1858,1859,1860),(1861,1862,1863),(1864,1865,1866),(1867,1868,1869),(1870,1871,1872),(1873,1874,1875),(1876,1877,1878),(1879,1880,1881),(1882,1883,1884),(1885,1886,1887),(1888,1889,1890),(1891,1892,1893),(1894,1895,1896),(1897,1898,1899),(1900,1901,1902),(1903,1904,1905),(1906,1907,1908),(1909,1910,1911),(1912,1913,1914),(1915,1916,1917),(1918,1919,1920),(1921,1922,1923),(1924,1925,1926),(1927,1928,1929),(1930,1931,1932),(1933,1934,1935),(1936,1937,1938),(1939,1940,1941),(1942,1943,1944),(1945,1946,1947),(1948,1949,1950),(1951,1952,1953),(1954,1955,1956),(1957,1958,1959),(1960,1961,1962),(1963,1964,1965),(1966,1967,1968),(1969,1970,1971),(1972,1973,1974),(1975,1976,1977),(1978,1979,1980),(1981,1982,1983),(1984,1985,1986),(1987,1988,1989),(1990,1991,1992),(1993,1994,1995),(1996,1997,1998),(1999,2000,2001),(2002,2003,2004),(2005,2006,2007),(2008,2009,2010),(2011,2012,2013),(2014,2015,2016),(2017,2018,2019),(2020,2021,2022),(2023,2024,2025),(2026,2027,2028),(2029,2030,2031),(2032,2033,2034),(2035,2036,2037),(2038,2039,2040),(2041,2042,2043),(2044,2045,2046),(2047,2048,2049),(2050,2051,2052),(2053,2054,2055),(2056,2057,2058),(2059,2060,2061),(2062,2063,2064),(2065,2066,2067),(2068,2069,2070),(2071,2072,2073),(2074,2075,2076),(2077,2078,2079),(2080,2081,2082),(2083,2084,2085),(2086,2087,2088),(2089,2090,2091),(2092,2093,2094),(2095,2096,2097),(2098,2099,2100),(2101,2102,2103),(2104,2105,2106),(2107,2108,2109),(2110,2111,2112),(2113,2114,2115),(2116,2117,2118),(2119,2120,2121),(2122,2123,2124),(2125,2126,2127),(2128,2129,2130),(2131,2132,2133),(2134,2135,2136),(2137,2138,2139),(2140,2141,2142),(2143,2144,2145),(2146,2147,2148),(2149,2150,2151),(2152,2153,2154),(2155,2156,2157),(2158,2159,2160),(2161,2162,2163),(2164,2165,2166),(2167,2168,2169),(2170,2171,2172),(2173,2174,2175),(2176,2177,2178),(2179,2180,2181),(2182,2183,2184),(2185,2186,2187),(2188,2189,2190),(2191,2192,2193),(2194,2195,2196),(2197,2198,2199),(2200,2201,2202),(2203,2204,2205),(2206,2207,2208),(2209,2210,2211),(2212,2213,2214),(2215,2216,2217),(2218,2219,2220),(2221,2222,2223),(2224,2225,2226),(2227,2228,2229),(2230,2231,2232),(2233,2234,2235),(2236,2237,2238),(2239,2240,2241),(2242,2243,2244),(2245,2246,2247),(2248,2249,2250),(2251,2252,2253),(2254,2255,2256),(2257,2258,2259),(2260,2261,2262),(2263,2264,2265),(2266,2267,2268),(2269,2270,2271),(2272,2273,2274),(2275,2276,2277),(2278,2279,2280),(2281,2282,2283),(2284,2285,2286),(2287,2288,2289),(2290,2291,2292),(2293,2294,2295),(2296,2297,2298),(2299,2300,2301),(2302,2303,2304),(2305,2306,2307),(2308,2309,2310),(2311,2312,2313),(2314,2315,2316),(2317,2318,2319),(2320,2321,2322),(2323,2324,2325),(2326,2327,2328),(2329,2330,2331),(2332,2333,2334),(2335,2336,2337),(2338,2339,2340),(2341,2342,2343),(2344,2345,2346),(2347,2348,2349),(2350,2351,2352),(2353,2354,2355),(2356,2357,2358),(2359,2360,2361),(2362,2363,2364),(2365,2366,2367),(2368,2369,2370),(2371,2372,2373),(2374,2375,2376),(2377,2378,2379),(2380,2381,2382),(2383,2384,2385),(2386,2387,2388),(2389,2390,2391),(2392,2393,2394),(2395,2396,2397),(2398,2399,2400),(2401,2402,2403),(2404,2405,2406),(2407,2408,2409),(2410,2411,2412),(2413,2414,2415),(2416,2417,2418),(2419,2420,2421),(2422,2423,2424),(2425,2426,2427),(2428,2429,2430),(2431,2432,2433),(2434,2435,2436),(2437,2438,2439),(2440,2441,2442),(2443,2444,2445),(2446,2447,2448),(2449,2450,2451),(2452,2453,2454),(2455,2456,2457),(2458,2459,2460),(2461,2462,2463),(2464,2465,2466),(2467,2468,2469),(2470,2471,2472),(2473,2474,2475),(2476,2477,2478),(2479,2480,2481),(2482,2483,2484),(2485,2486,2487),(2488,2489,2490),(2491,2492,2493),(2494,2495,2496),(2497,2498,2499),(2500,2501,2502),(2503,2504,2505),(2506,2507,2508),(2509,2510,2511),(2512,2513,2514),(2515,2516,2517),(2518,2519,2520),(2521,2522,2523),(2524,2525,2526),(2527,2528,2529),(2530,2531,2532),(2533,2534,2535),(2536,2537,2538),(2539,2540,2541),(2542,2543,2544),(2545,2546,2547),(2548,2549,2550),(2551,2552,2553),(2554,2555,2556),(2557,2558,2559),(2560,2561,2562),(2563,2564,2565),(2566,2567,2568),(2569,2570,2571),(2572,2573,2574),(2575,2576,2577),(2578,2579,2580),(2581,2582,2583),(2584,2585,2586),(2587,2588,2589),(2590,2591,2592),(2593,2594,2595),(2596,2597,2598),(2599,2600,2601),(2602,2603,2604),(2605,2606,2607),(2608,2609,2610),(2611,2612,2613),(2614,2615,2616),(2617,2618,2619),(2620,2621,2622),(2623,2624,2625),(2626,2627,2628),(2629,2630,2631),(2632,2633,2634),(2635,2636,2637),(2638,2639,2640),(2641,2642,2643),(2644,2645,2646),(2647,2648,2649),(2650,2651,2652),(2653,2654,2655),(2656,2657,2658),(2659,2660,2661),(2662,2663,2664),(2665,2666,2667),(2668,2669,2670),(2671,2672,2673),(2674,2675,2676),(2677,2678,2679),(2680,2681,2682),(2683,2684,2685),(2686,2687,2688),(2689,2690,2691),(2692,2693,2694),(2695,2696,2697),(2698,2699,2700),(2701,2702,2703),(2704,2705,2706),(2707,2708,2709),(2710,2711,2712),(2713,2714,2715),(2716,2717,2718),(2719,2720,2721),(2722,2723,2724),(2725,2726,2727),(2728,2729,2730),(2731,2732,2733),(2734,2735,2736),(2737,2738,2739),(2740,2741,2742),(2743,2744,2745),(2746,2747,2748),(2749,2750,2751),(2752,2753,2754),(2755,2756,2757),(2758,2759,2760),(2761,2762,2763),(2764,2765,2766),(2767,2768,2769),(2770,2771,2772),(2773,2774,2775),(2776,2777,2778),(2779,2780,2781),(2782,2783,2784),(2785,2786,2787),(2788,2789,2790),(2791,2792,2793),(2794,2795,2796),(2797,2798,2799),(2800,2801,2802),(2803,2804,2805),(2806,2807,2808),(2809,2810,2811),(2812,2813,2814),(2815,2816,2817),(2818,2819,2820),(2821,2822,2823),(2824,2825,2826),(2827,2828,2829),(2830,2831,2832),(2833,2834,2835),(2836,2837,2838),(2839,2840,2841),(2842,2843,2844),(2845,2846,2847),(2848,2849,2850),(2851,2852,2853),(2854,2855,2856),(2857,2858,2859),(2860,2861,2862),(2863,2864,2865),(2866,2867,2868),(2869,2870,2871),(2872,2873,2874),(2875,2876,2877),(2878,2879,2880),(2881,2882,2883),(2884,2885,2886),(2887,2888,2889),(2890,2891,2892),(2893,2894,2895),(2896,2897,2898),(2899,2900,2901),(2902,2903,2904),(2905,2906,2907),(2908,2909,2910),(2911,2912,2913),(2914,2915,2916),(2917,2918,2919),(2920,2921,2922),(2923,2924,2925),(2926,2927,2928),(2929,2930,2931),(2932,2933,2934),(2935,2936,2937),(2938,2939,2940),(2941,2942,2943),(2944,2945,2946),(2947,2948,2949),(2950,2951,2952),(2953,2954,2955),(2956,2957,2958),(2959,2960,2961),(2962,2963,2964),(2965,2966,2967),(2968,2969,2970),(2971,2972,2973),(2974,2975,2976),(2977,2978,2979),(2980,2981,2982),(2983,2984,2985),(2986,2987,2988),(2989,2990,2991),(2992,2993,2994),(2995,2996,2997),(2998,2999,3000),(3001,3002,3003),(3004,3005,3006),(3007,3008,3009),(3010,3011,3012),(3013,3014,3015),(3016,3017,3018),(3019,3020,3021),(3022,3023,3024),(3025,3026,3027),(3028,3029,3030),(3031,3032,3033),(3034,3035,3036),(3037,3038,3039),(3040,3041,3042),(3043,3044,3045),(3046,3047,3048),(3049,3050,3051),(3052,3053,3054),(3055,3056,3057),(3058,3059,3060),(3061,3062,3063),(3064,3065,3066),(3067,3068,3069),(3070,3071,3072),(3073,3074,3075),(3076,3077,3078),(3079,3080,3081),(3082,3083,3084),(3085,3086,3087),(3088,3089,3090),(3091,3092,3093),(3094,3095,3096),(3097,3098,3099),(3100,3101,3102),(3103,3104,3105),(3106,3107,3108),(3109,3110,3111),(3112,3113,3114),(3115,3116,3117),(3118,3119,3120),(3121,3122,3123),(3124,3125,3126),(3127,3128,3129),(3130,3131,3132),(3133,3134,3135),(3136,3137,3138),(3139,3140,3141),(3142,3143,3144),(3145,3146,3147),(3148,3149,3150),(3151,3152,3153),(3154,3155,3156),(3157,3158,3159),(3160,3161,3162),(3163,3164,3165),(3166,3167,3168),(3169,3170,3171),(3172,3173,3174),(3175,3176,3177),(3178,3179,3180),(3181,3182,3183),(3184,3185,3186),(3187,3188,3189),(3190,3191,3192),(3193,3194,3195),(3196,3197,3198),(3199,3200,3201),(3202,3203,3204),(3205,3206,3207),(3208,3209,3210),(3211,3212,3213),(3214,3215,3216),(3217,3218,3219),(3220,3221,3222),(3223,3224,3225),(3226,3227,3228),(3229,3230,3231),(3232,3233,3234),(3235,3236,3237),(3238,3239,3240),(3241,3242,3243),(3244,3245,3246),(3247,3248,3249),(3250,3251,3252),(3253,3254,3255),(3256,3257,3258),(3259,3260,3261),(3262,3263,3264),(3265,3266,3267),(3268,3269,3270),(3271,3272,3273),(3274,3275,3276),(3277,3278,3279),(3280,3281,3282),(3283,3284,3285),(3286,3287,3288),(3289,3290,3291),(3292,3293,3294),(3295,3296,3297),(3298,3299,3300),(3301,3302,3303),(3304,3305,3306),(3307,3308,3309),(3310,3311,3312),(3313,3314,3315),(3316,3317,3318),(3319,3320,3321),(3322,3323,3324),(3325,3326,3327),(3328,3329,3330),(3331,3332,3333),(3334,3335,3336),(3337,3338,3339),(3340,3341,3342),(3343,3344,3345),(3346,3347,3348),(3349,3350,3351),(3352,3353,3354),(3355,3356,3357),(3358,3359,3360),(3361,3362,3363),(3364,3365,3366),(3367,3368,3369),(3370,3371,3372),(3373,3374,3375),(3376,3377,3378),(3379,3380,3381),(3382,3383,3384),(3385,3386,3387),(3388,3389,3390),(3391,3392,3393),(3394,3395,3396),(3397,3398,3399),(3400,3401,3402),(3403,3404,3405),(3406,3407,3408),(3409,3410,3411),(3412,3413,3414),(3415,3416,3417),(3418,3419,3420),(3421,3422,3423),(3424,3425,3426),(3427,3428,3429),(3430,3431,3432),(3433,3434,3435),(3436,3437,3438),(3439,3440,3441),(3442,3443,3444),(3445,3446,3447),(3448,3449,3450),(3451,3452,3453),(3454,3455,3456),(3457,3458,3459),(3460,3461,3462),(3463,3464,3465),(3466,3467,3468),(3469,3470,3471),(3472,3473,3474),(3475,3476,3477),(3478,3479,3480),(3481,3482,3483),(3484,3485,3486),(3487,3488,3489),(3490,3491,3492),(3493,3494,3495),(3496,3497,3498),(3499,3500,3501),(3502,3503,3504),(3505,3506,3507),(3508,3509,3510),(3511,3512,3513),(3514,3515,3516),(3517,3518,3519),(3520,3521,3522),(3523,3524,3525),(3526,3527,3528),(3529,3530,3531),(3532,3533,3534),(3535,3536,3537),(3538,3539,3540),(3541,3542,3543),(3544,3545,3546),(3547,3548,3549),(3550,3551,3552),(3553,3554,3555),(3556,3557,3558),(3559,3560,3561),(3562,3563,3564),(3565,3566,3567),(3568,3569,3570),(3571,3572,3573),(3574,3575,3576),(3577,3578,3579),(3580,3581,3582),(3583,3584,3585),(3586,3587,3588),(3589,3590,3591),(3592,3593,3594),(3595,3596,3597),(3598,3599,3600),(3601,3602,3603),(3604,3605,3606),(3607,3608,3609),(3610,3611,3612),(3613,3614,3615),(3616,3617,3618),(3619,3620,3621),(3622,3623,3624),(3625,3626,3627),(3628,3629,3630),(3631,3632,3633),(3634,3635,3636),(3637,3638,3639),(3640,3641,3642),(3643,3644,3645),(3646,3647,3648),(3649,3650,3651),(3652,3653,3654),(3655,3656,3657),(3658,3659,3660),(3661,3662,3663),(3664,3665,3666),(3667,3668,3669),(3670,3671,3672),(3673,3674,3675),(3676,3677,3678),(3679,3680,3681),(3682,3683,3684),(3685,3686,3687),(3688,3689,3690),(3691,3692,3693),(3694,3695,3696),(3697,3698,3699),(3700,3701,3702),(3703,3704,3705),(3706,3707,3708),(3709,3710,3711),(3712,3713,3714),(3715,3716,3717),(3718,3719,3720),(3721,3722,3723),(3724,3725,3726),(3727,3728,3729),(3730,3731,3732),(3733,3734,3735),(3736,3737,3738),(3739,3740,3741),(3742,3743,3744),(3745,3746,3747),(3748,3749,3750),(3751,3752,3753),(3754,3755,3756),(3757,3758,3759),(3760,3761,3762),(3763,3764,3765),(3766,3767,3768),(3769,3770,3771),(3772,3773,3774),(3775,3776,3777),(3778,3779,3780),(3781,3782,3783),(3784,3785,3786),(3787,3788,3789),(3790,3791,3792),(3793,3794,3795),(3796,3797,3798),(3799,3800,3801),(3802,3803,3804),(3805,3806,3807),(3808,3809,3810),(3811,3812,3813),(3814,3815,3816),(3817,3818,3819),(3820,3821,3822),(3823,3824,3825),(3826,3827,3828),(3829,3830,3831),(3832,3833,3834),(3835,3836,3837),(3838,3839,3840),(3841,3842,3843),(3844,3845,3846),(3847,3848,3849),(3850,3851,3852),(3853,3854,3855),(3856,3857,3858),(3859,3860,3861),(3862,3863,3864),(3865,3866,3867),(3868,3869,3870),(3871,3872,3873),(3874,3875,3876),(3877,3878,3879),(3880,3881,3882),(3883,3884,3885),(3886,3887,3888),(3889,3890,3891),(3892,3893,3894),(3895,3896,3897),(3898,3899,3900),(3901,3902,3903),(3904,3905,3906),(3907,3908,3909),(3910,3911,3912),(3913,3914,3915),(3916,3917,3918),(3919,3920,3921),(3922,3923,3924),(3925,3926,3927),(3928,3929,3930),(3931,3932,3933),(3934,3935,3936),(3937,3938,3939),(3940,3941,3942),(3943,3944,3945),(3946,3947,3948),(3949,3950,3951),(3952,3953,3954),(3955,3956,3957),(3958,3959,3960),(3961,3962,3963),(3964,3965,3966),(3967,3968,3969),(3970,3971,3972),(3973,3974,3975),(3976,3977,3978),(3979,3980,3981),(3982,3983,3984),(3985,3986,3987),(3988,3989,3990),(3991,3992,3993),(3994,3995,3996),(3997,3998,3999),(4000,4001,4002),(4003,4004,4005),(4006,4007,4008),(4009,4010,4011),(4012,4013,4014),(4015,4016,4017),(4018,4019,4020),(4021,4022,4023),(4024,4025,4026),(4027,4028,4029),(4030,4031,4032),(4033,4034,4035),(4036,4037,4038),(4039,4040,4041),(4042,4043,4044),(4045,4046,4047),(4048,4049,4050),(4051,4052,4053),(4054,4055,4056),(4057,4058,4059),(4060,4061,4062),(4063,4064,4065),(4066,4067,4068),(4069,4070,4071),(4072,4073,4074),(4075,4076,4077),(4078,4079,4080),(4081,4082,4083),(4084,4085,4086),(4087,4088,4089),(4090,4091,4092),(4093,4094,4095),(4096,4097,4098),(4099,4100,4101),(4102,4103,4104),(4105,4106,4107),(4108,4109,4110),(4111,4112,4113),(4114,4115,4116),(4117,4118,4119),(4120,4121,4122),(4123,4124,4125),(4126,4127,4128),(4129,4130,4131),(4132,4133,4134),(4135,4136,4137),(4138,4139,4140),(4141,4142,4143),(4144,4145,4146),(4147,4148,4149),(4150,4151,4152),(4153,4154,4155),(4156,4157,4158),(4159,4160,4161),(4162,4163,4164),(4165,4166,4167),(4168,4169,4170),(4171,4172,4173),(4174,4175,4176),(4177,4178,4179),(4180,4181,4182),(4183,4184,4185),(4186,4187,4188),(4189,4190,4191),(4192,4193,4194),(4195,4196,4197),(4198,4199,4200),(4201,4202,4203),(4204,4205,4206),(4207,4208,4209),(4210,4211,4212),(4213,4214,4215),(4216,4217,4218),(4219,4220,4221),(4222,4223,4224),(4225,4226,4227),(4228,4229,4230),(4231,4232,4233),(4234,4235,4236),(4237,4238,4239),(4240,4241,4242),(4243,4244,4245),(4246,4247,4248),(4249,4250,4251),(4252,4253,4254),(4255,4256,4257),(4258,4259,4260),(4261,4262,4263),(4264,4265,4266),(4267,4268,4269),(4270,4271,4272),(4273,4274,4275),(4276,4277,4278),(4279,4280,4281),(4282,4283,4284),(4285,4286,4287),(4288,4289,4290),(4291,4292,4293),(4294,4295,4296),(4297,4298,4299),(4300,4301,4302),(4303,4304,4305),(4306,4307,4308),(4309,4310,4311),(4312,4313,4314),(4315,4316,4317),(4318,4319,4320),(4321,4322,4323),(4324,4325,4326),(4327,4328,4329),(4330,4331,4332),(4333,4334,4335)));
#1452=TESSELLATED_GEOMETRIC_SET('hole callout',(#1451));
#1453=COORDINATES_LIST('coordinates',5,((3.8759610,21.2892266,2.0000000),(32.3711860,21.2892266,2.0000000),(-10.1240390,12.2892266,2.0000000),(-1.1240390,21.2892266,2.0000000),(3.8759610,21.2892266,2.0000000)));
#1454=TESSELLATED_CURVE_SET('curve set',#1453,((1,2),(3,4,5)));
#1455=TESSELLATED_GEOMETRIC_SET('hole callout',(#1454));
#1456=TESSELLATED_ANNOTATION_OCCURRENCE('hole callout',(#1449),#1452);
#1457=TESSELLATED_ANNOTATION_OCCURRENCE('hole callout',(#1449),#1455);
#1458=DRAUGHTING_CALLOUT('hole callout',(#1456,#1457));
#1459=DRAUGHTING_MODEL_ITEM_ASSOCIATION('','',#1401,#1247,#1458);
#1460=DRAUGHTING_MODEL_ITEM_ASSOCIATION('','',#1409,#1247,#1458);
#1461=DRAUGHTING_MODEL_ITEM_ASSOCIATION('','',#1417,#1247,#1458);
#1462=DRAUGHTING_MODEL_ITEM_ASSOCIATION('','',#1394,#1247,#1458);
ENDSEC;
END-ISO-10303-21;
