ISO-10303-21;
HEADER;
/*Generated by software containing ST-Developer
 * from STEP Tools, Inc. (www.steptools.com) 
 */
/*OPTION: using custom renumber hook */
/*description */
/*implementation_level */
FILE_DESCRIPTION(('STEP AP242 Edition 2','STEP AP242 Edition 2''CAx-IF Rec.Pracs.---Representation and Presentation of Product Manufa
cturing Information (PMI)---4.0---2014-10-13','STEP AP242 Edition 2''CAx-IF Rec.Pracs.---Representation and Presentation of Product Manufa
cturing Information (PMI)---4.0---2014-10-13''CAx-IF Rec.Pracs.---3D Tessellated Geometry---0.4---2014-09-14','STEP AP242 Edition 2''CAx-IF Rec.Pracs.---Representation and Presentation of Product Manufa
cturing Information (PMI)---4.0---2014-10-13''CAx-IF Rec.Pracs.---3D Tessellated Geometry---0.4---2014-09-14''2;1','STEP AP242 Edition 2''CAx-IF Rec.Pracs.---Representation and Presentation of Product Manufa
cturing Information (PMI)---4.0---2014-10-13''CAx-IF Rec.Pracs.---3D Tessellated Geometry---0.4---2014-09-14''2;1''CAx-IF Rec.Pracs.---User Defined Attributes---1.5---2016-08-15'),'2;1');
/*name */
/*time_stamp */
/*author */
/*organization */
/*preprocessor_version */
/*originating_system */
/*authorisation */
FILE_NAME('/vol/tmp/translate-8279536780942328318/Part Studio 1 - Part 1.step','2026-03-17T02:47:22',(''),(''),'ST-DEVELOPER v20','ONSHAPE BY PTC INC, 1.212','  ');
FILE_SCHEMA(('AP242_MANAGED_MODEL_BASED_3D_ENGINEERING_MIM_LF { 1 0 10303 442 3 1 4 }'));
ENDSEC;
DATA;
#10=SHAPE_REPRESENTATION_RELATIONSHIP('','',#295,#11);
#11=ADVANCED_BREP_SHAPE_REPRESENTATION('',(#293),#479);
#12=CYLINDRICAL_SURFACE('',#313,1.45);
#13=CYLINDRICAL_SURFACE('',#316,1.45);
#14=VERTEX_LOOP('',#201);
#15=VERTEX_LOOP('',#203);
#16=CONICAL_SURFACE('',#311,1.45,1.02974425867665);
#17=CONICAL_SURFACE('',#314,1.45,1.02974425867665);
#18=B_SPLINE_CURVE_WITH_KNOTS('',3,(#447,#448,#449,#450),.UNSPECIFIED.,.F.,.F.,(4,4),(0.,1.),.PIECEWISE_BEZIER_KNOTS.);
#19=B_SPLINE_CURVE_WITH_KNOTS('',3,(#452,#453,#454,#455),.UNSPECIFIED.,.F.,.F.,(4,4),(0.,1.),.PIECEWISE_BEZIER_KNOTS.);
#20=B_SPLINE_SURFACE_WITH_KNOTS('',3,1,((#439,#440),(#441,#442),(#443,#444),(#445,#446)),.SURF_OF_LINEAR_EXTRUSION.,.F.,.F.,.F.,(4,4),(2,2),(0.,1.),(0.,1.),.PIECEWISE_BEZIER_KNOTS.);
#21=LINE('',#393,#49);
#22=LINE('',#396,#50);
#23=LINE('',#398,#51);
#24=LINE('',#400,#52);
#25=LINE('',#401,#53);
#26=LINE('',#404,#54);
#27=LINE('',#406,#55);
#28=LINE('',#408,#56);
#29=LINE('',#410,#57);
#30=LINE('',#412,#58);
#31=LINE('',#414,#59);
#32=LINE('',#416,#60);
#33=LINE('',#418,#61);
#34=LINE('',#420,#62);
#35=LINE('',#422,#63);
#36=LINE('',#424,#64);
#37=LINE('',#426,#65);
#38=LINE('',#428,#66);
#39=LINE('',#430,#67);
#40=LINE('',#432,#68);
#41=LINE('',#434,#69);
#42=LINE('',#437,#70);
#43=LINE('',#438,#71);
#44=LINE('',#457,#72);
#45=LINE('',#459,#73);
#46=LINE('',#460,#74);
#47=LINE('',#464,#75);
#48=LINE('',#465,#76);
#49=VECTOR('',#325,1000.);
#50=VECTOR('',#326,1000.);
#51=VECTOR('',#327,1000.);
#52=VECTOR('',#328,1000.);
#53=VECTOR('',#329,1000.);
#54=VECTOR('',#330,1000.);
#55=VECTOR('',#331,1000.);
#56=VECTOR('',#332,1000.);
#57=VECTOR('',#335,1000.);
#58=VECTOR('',#336,1000.);
#59=VECTOR('',#337,1000.);
#60=VECTOR('',#340,1000.);
#61=VECTOR('',#341,1000.);
#62=VECTOR('',#344,1000.);
#63=VECTOR('',#345,1000.);
#64=VECTOR('',#348,1000.);
#65=VECTOR('',#349,1000.);
#66=VECTOR('',#350,1000.);
#67=VECTOR('',#351,1000.);
#68=VECTOR('',#352,1000.);
#69=VECTOR('',#355,1000.);
#70=VECTOR('',#356,1000.);
#71=VECTOR('',#357,1000.);
#72=VECTOR('',#358,1000.);
#73=VECTOR('',#361,1000.);
#74=VECTOR('',#362,1000.);
#75=VECTOR('',#369,1000.);
#76=VECTOR('',#370,1000.);
#77=ORIENTED_EDGE('',*,*,#145,.T.);
#78=ORIENTED_EDGE('',*,*,#146,.T.);
#79=ORIENTED_EDGE('',*,*,#147,.F.);
#80=ORIENTED_EDGE('',*,*,#148,.T.);
#81=ORIENTED_EDGE('',*,*,#149,.T.);
#82=ORIENTED_EDGE('',*,*,#150,.F.);
#83=ORIENTED_EDGE('',*,*,#151,.F.);
#84=ORIENTED_EDGE('',*,*,#152,.T.);
#85=ORIENTED_EDGE('',*,*,#153,.T.);
#86=ORIENTED_EDGE('',*,*,#154,.F.);
#87=ORIENTED_EDGE('',*,*,#147,.T.);
#88=ORIENTED_EDGE('',*,*,#155,.F.);
#89=ORIENTED_EDGE('',*,*,#156,.F.);
#90=ORIENTED_EDGE('',*,*,#157,.T.);
#91=ORIENTED_EDGE('',*,*,#148,.F.);
#92=ORIENTED_EDGE('',*,*,#157,.F.);
#93=ORIENTED_EDGE('',*,*,#158,.T.);
#94=ORIENTED_EDGE('',*,*,#159,.T.);
#95=ORIENTED_EDGE('',*,*,#149,.F.);
#96=ORIENTED_EDGE('',*,*,#159,.F.);
#97=ORIENTED_EDGE('',*,*,#160,.T.);
#98=ORIENTED_EDGE('',*,*,#161,.T.);
#99=ORIENTED_EDGE('',*,*,#162,.F.);
#100=ORIENTED_EDGE('',*,*,#163,.T.);
#101=ORIENTED_EDGE('',*,*,#164,.F.);
#102=ORIENTED_EDGE('',*,*,#165,.F.);
#103=ORIENTED_EDGE('',*,*,#166,.F.);
#104=ORIENTED_EDGE('',*,*,#155,.T.);
#105=ORIENTED_EDGE('',*,*,#150,.T.);
#106=ORIENTED_EDGE('',*,*,#161,.F.);
#107=ORIENTED_EDGE('',*,*,#167,.T.);
#108=ORIENTED_EDGE('',*,*,#168,.T.);
#109=ORIENTED_EDGE('',*,*,#162,.T.);
#110=ORIENTED_EDGE('',*,*,#160,.F.);
#111=ORIENTED_EDGE('',*,*,#158,.F.);
#112=ORIENTED_EDGE('',*,*,#156,.T.);
#113=ORIENTED_EDGE('',*,*,#166,.T.);
#114=ORIENTED_EDGE('',*,*,#169,.F.);
#115=ORIENTED_EDGE('',*,*,#170,.F.);
#116=ORIENTED_EDGE('',*,*,#153,.F.);
#117=ORIENTED_EDGE('',*,*,#171,.T.);
#118=ORIENTED_EDGE('',*,*,#172,.T.);
#119=ORIENTED_EDGE('',*,*,#173,.F.);
#120=ORIENTED_EDGE('',*,*,#172,.F.);
#121=ORIENTED_EDGE('',*,*,#174,.T.);
#122=ORIENTED_EDGE('',*,*,#151,.T.);
#123=ORIENTED_EDGE('',*,*,#171,.F.);
#124=ORIENTED_EDGE('',*,*,#152,.F.);
#125=ORIENTED_EDGE('',*,*,#174,.F.);
#126=ORIENTED_EDGE('',*,*,#170,.T.);
#127=ORIENTED_EDGE('',*,*,#173,.T.);
#128=ORIENTED_EDGE('',*,*,#154,.T.);
#129=ORIENTED_EDGE('',*,*,#175,.F.);
#130=ORIENTED_EDGE('',*,*,#167,.F.);
#131=ORIENTED_EDGE('',*,*,#176,.T.);
#132=ORIENTED_EDGE('',*,*,#164,.T.);
#133=ORIENTED_EDGE('',*,*,#176,.F.);
#134=ORIENTED_EDGE('',*,*,#169,.T.);
#135=ORIENTED_EDGE('',*,*,#165,.T.);
#136=ORIENTED_EDGE('',*,*,#175,.T.);
#137=ORIENTED_EDGE('',*,*,#163,.F.);
#138=ORIENTED_EDGE('',*,*,#168,.F.);
#139=ORIENTED_EDGE('',*,*,#177,.F.);
#140=ORIENTED_EDGE('',*,*,#177,.T.);
#141=ORIENTED_EDGE('',*,*,#146,.F.);
#142=ORIENTED_EDGE('',*,*,#178,.F.);
#143=ORIENTED_EDGE('',*,*,#178,.T.);
#144=ORIENTED_EDGE('',*,*,#145,.F.);
#145=EDGE_CURVE('',#179,#179,#205,.T.);
#146=EDGE_CURVE('',#180,#180,#206,.T.);
#147=EDGE_CURVE('',#181,#182,#21,.T.);
#148=EDGE_CURVE('',#181,#183,#22,.T.);
#149=EDGE_CURVE('',#183,#184,#23,.T.);
#150=EDGE_CURVE('',#182,#184,#24,.T.);
#151=EDGE_CURVE('',#185,#186,#25,.T.);
#152=EDGE_CURVE('',#185,#187,#26,.T.);
#153=EDGE_CURVE('',#187,#188,#27,.T.);
#154=EDGE_CURVE('',#186,#188,#28,.T.);
#155=EDGE_CURVE('',#189,#182,#29,.T.);
#156=EDGE_CURVE('',#190,#189,#30,.T.);
#157=EDGE_CURVE('',#190,#181,#31,.T.);
#158=EDGE_CURVE('',#190,#191,#32,.T.);
#159=EDGE_CURVE('',#191,#183,#33,.T.);
#160=EDGE_CURVE('',#191,#192,#34,.T.);
#161=EDGE_CURVE('',#192,#184,#35,.T.);
#162=EDGE_CURVE('',#193,#192,#36,.T.);
#163=EDGE_CURVE('',#193,#194,#37,.T.);
#164=EDGE_CURVE('',#195,#194,#38,.T.);
#165=EDGE_CURVE('',#196,#195,#39,.T.);
#166=EDGE_CURVE('',#189,#196,#40,.T.);
#167=EDGE_CURVE('',#197,#198,#41,.T.);
#168=EDGE_CURVE('',#198,#193,#42,.T.);
#169=EDGE_CURVE('',#197,#196,#43,.T.);
#170=EDGE_CURVE('',#188,#199,#18,.T.);
#171=EDGE_CURVE('',#187,#200,#19,.T.);
#172=EDGE_CURVE('',#200,#199,#44,.T.);
#173=EDGE_CURVE('',#199,#186,#45,.T.);
#174=EDGE_CURVE('',#200,#185,#46,.T.);
#175=EDGE_CURVE('',#198,#194,#47,.T.);
#176=EDGE_CURVE('',#197,#195,#48,.T.);
#177=EDGE_CURVE('',#202,#202,#207,.T.);
#178=EDGE_CURVE('',#204,#204,#208,.T.);
#179=VERTEX_POINT('',#390);
#180=VERTEX_POINT('',#392);
#181=VERTEX_POINT('',#394);
#182=VERTEX_POINT('',#395);
#183=VERTEX_POINT('',#397);
#184=VERTEX_POINT('',#399);
#185=VERTEX_POINT('',#402);
#186=VERTEX_POINT('',#403);
#187=VERTEX_POINT('',#405);
#188=VERTEX_POINT('',#407);
#189=VERTEX_POINT('',#411);
#190=VERTEX_POINT('',#413);
#191=VERTEX_POINT('',#417);
#192=VERTEX_POINT('',#421);
#193=VERTEX_POINT('',#425);
#194=VERTEX_POINT('',#427);
#195=VERTEX_POINT('',#429);
#196=VERTEX_POINT('',#431);
#197=VERTEX_POINT('',#435);
#198=VERTEX_POINT('',#436);
#199=VERTEX_POINT('',#451);
#200=VERTEX_POINT('',#456);
#201=VERTEX_POINT('',#469);
#202=VERTEX_POINT('',#471);
#203=VERTEX_POINT('',#474);
#204=VERTEX_POINT('',#476);
#205=CIRCLE('',#298,1.45);
#206=CIRCLE('',#299,1.45);
#207=CIRCLE('',#312,1.45);
#208=CIRCLE('',#315,1.45);
#209=EDGE_LOOP('',(#77));
#210=EDGE_LOOP('',(#78));
#211=EDGE_LOOP('',(#79,#80,#81,#82));
#212=EDGE_LOOP('',(#83,#84,#85,#86));
#213=EDGE_LOOP('',(#87,#88,#89,#90));
#214=EDGE_LOOP('',(#91,#92,#93,#94));
#215=EDGE_LOOP('',(#95,#96,#97,#98));
#216=EDGE_LOOP('',(#99,#100,#101,#102,#103,#104,#105,#106));
#217=EDGE_LOOP('',(#107,#108,#109,#110,#111,#112,#113,#114));
#218=EDGE_LOOP('',(#115,#116,#117,#118));
#219=EDGE_LOOP('',(#119,#120,#121,#122));
#220=EDGE_LOOP('',(#123,#124,#125));
#221=EDGE_LOOP('',(#126,#127,#128));
#222=EDGE_LOOP('',(#129,#130,#131,#132));
#223=EDGE_LOOP('',(#133,#134,#135));
#224=EDGE_LOOP('',(#136,#137,#138));
#225=EDGE_LOOP('',(#139));
#226=EDGE_LOOP('',(#140));
#227=EDGE_LOOP('',(#141));
#228=EDGE_LOOP('',(#142));
#229=EDGE_LOOP('',(#143));
#230=EDGE_LOOP('',(#144));
#231=FACE_BOUND('',#209,.T.);
#232=FACE_BOUND('',#210,.T.);
#233=FACE_BOUND('',#211,.T.);
#234=FACE_BOUND('',#212,.T.);
#235=FACE_BOUND('',#213,.T.);
#236=FACE_BOUND('',#214,.T.);
#237=FACE_BOUND('',#215,.T.);
#238=FACE_BOUND('',#216,.T.);
#239=FACE_BOUND('',#217,.T.);
#240=FACE_BOUND('',#218,.T.);
#241=FACE_BOUND('',#219,.T.);
#242=FACE_BOUND('',#220,.T.);
#243=FACE_BOUND('',#221,.T.);
#244=FACE_BOUND('',#222,.T.);
#245=FACE_BOUND('',#223,.T.);
#246=FACE_BOUND('',#224,.T.);
#247=FACE_BOUND('',#14,.T.);
#248=FACE_BOUND('',#225,.T.);
#249=FACE_BOUND('',#226,.T.);
#250=FACE_BOUND('',#227,.T.);
#251=FACE_BOUND('',#15,.T.);
#252=FACE_BOUND('',#228,.T.);
#253=FACE_BOUND('',#229,.T.);
#254=FACE_BOUND('',#230,.T.);
#255=PLANE('',#297);
#256=PLANE('',#300);
#257=PLANE('',#301);
#258=PLANE('',#302);
#259=PLANE('',#303);
#260=PLANE('',#304);
#261=PLANE('',#305);
#262=PLANE('',#306);
#263=PLANE('',#307);
#264=PLANE('',#308);
#265=PLANE('',#309);
#266=PLANE('',#310);
#267=ADVANCED_FACE('',(#231,#232,#233,#234),#255,.T.);
#268=ADVANCED_FACE('',(#235),#256,.F.);
#269=ADVANCED_FACE('',(#236),#257,.T.);
#270=ADVANCED_FACE('',(#237),#258,.T.);
#271=ADVANCED_FACE('',(#238),#259,.F.);
#272=ADVANCED_FACE('',(#239),#260,.F.);
#273=ADVANCED_FACE('',(#240),#20,.T.);
#274=ADVANCED_FACE('',(#241),#261,.T.);
#275=ADVANCED_FACE('',(#242),#262,.T.);
#276=ADVANCED_FACE('',(#243),#263,.F.);
#277=ADVANCED_FACE('',(#244),#264,.T.);
#278=ADVANCED_FACE('',(#245),#265,.T.);
#279=ADVANCED_FACE('',(#246),#266,.F.);
#280=ADVANCED_FACE('',(#247,#248),#16,.F.);
#281=ADVANCED_FACE('',(#249,#250),#12,.F.);
#282=ADVANCED_FACE('',(#251,#252),#17,.F.);
#283=ADVANCED_FACE('',(#253,#254),#13,.F.);
#284=CLOSED_SHELL('',(#267,#268,#269,#270,#271,#272,#273,#274,#275,#276,#277,#278,#279,#280,#281,#282,#283));
#285=STYLED_ITEM('',(#286),#293);
#286=PRESENTATION_STYLE_ASSIGNMENT((#287));
#287=SURFACE_STYLE_USAGE(.BOTH.,#288);
#288=SURFACE_SIDE_STYLE('',(#289));
#289=SURFACE_STYLE_FILL_AREA(#290);
#290=FILL_AREA_STYLE('',(#291));
#291=FILL_AREA_STYLE_COLOUR('',#292);
#292=COLOUR_RGB('',0.615686274509804,0.811764705882353,0.929411764705882);
#293=MANIFOLD_SOLID_BREP('Part 1',#284);
#294=SHAPE_DEFINITION_REPRESENTATION(#484,#295);
#295=SHAPE_REPRESENTATION('Part 1',(#296),#479);
#296=AXIS2_PLACEMENT_3D('',#387,#317,#318);
#297=AXIS2_PLACEMENT_3D('',#388,#319,#320);
#298=AXIS2_PLACEMENT_3D('',#389,#321,#322);
#299=AXIS2_PLACEMENT_3D('',#391,#323,#324);
#300=AXIS2_PLACEMENT_3D('',#409,#333,#334);
#301=AXIS2_PLACEMENT_3D('',#415,#338,#339);
#302=AXIS2_PLACEMENT_3D('',#419,#342,#343);
#303=AXIS2_PLACEMENT_3D('',#423,#346,#347);
#304=AXIS2_PLACEMENT_3D('',#433,#353,#354);
#305=AXIS2_PLACEMENT_3D('',#458,#359,#360);
#306=AXIS2_PLACEMENT_3D('',#461,#363,#364);
#307=AXIS2_PLACEMENT_3D('',#462,#365,#366);
#308=AXIS2_PLACEMENT_3D('',#463,#367,#368);
#309=AXIS2_PLACEMENT_3D('',#466,#371,#372);
#310=AXIS2_PLACEMENT_3D('',#467,#373,#374);
#311=AXIS2_PLACEMENT_3D('',#468,#375,#376);
#312=AXIS2_PLACEMENT_3D('',#470,#377,#378);
#313=AXIS2_PLACEMENT_3D('',#472,#379,#380);
#314=AXIS2_PLACEMENT_3D('',#473,#381,#382);
#315=AXIS2_PLACEMENT_3D('',#475,#383,#384);
#316=AXIS2_PLACEMENT_3D('',#477,#385,#386);
#317=DIRECTION('',(0.,0.,1.));
#318=DIRECTION('',(1.,0.,0.));
#319=DIRECTION('',(0.,-1.,0.));
#320=DIRECTION('',(1.,0.,0.));
#321=DIRECTION('',(0.,1.,0.));
#322=DIRECTION('',(0.,0.,1.));
#323=DIRECTION('',(0.,1.,0.));
#324=DIRECTION('',(0.,0.,1.));
#325=DIRECTION('',(1.7347234759768E-16,0.,-1.));
#326=DIRECTION('',(-1.,0.,0.));
#327=DIRECTION('',(1.7347234759768E-16,0.,-1.));
#328=DIRECTION('',(-1.,0.,0.));
#329=DIRECTION('',(-1.,0.,-1.7347234759768E-16));
#330=DIRECTION('',(1.7347234759768E-16,0.,-1.));
#331=DIRECTION('',(-1.,0.,-1.7347234759768E-16));
#332=DIRECTION('',(1.7347234759768E-16,0.,-1.));
#333=DIRECTION('',(-1.,0.,-1.7347234759768E-16));
#334=DIRECTION('',(-1.7347234759768E-16,0.,1.));
#335=DIRECTION('',(0.,-1.,0.));
#336=DIRECTION('',(1.7347234759768E-16,0.,-1.));
#337=DIRECTION('',(0.,-1.,0.));
#338=DIRECTION('',(0.,0.,1.));
#339=DIRECTION('',(1.,0.,0.));
#340=DIRECTION('',(-1.,0.,0.));
#341=DIRECTION('',(0.,-1.,0.));
#342=DIRECTION('',(-1.,0.,-1.7347234759768E-16));
#343=DIRECTION('',(-1.7347234759768E-16,0.,1.));
#344=DIRECTION('',(1.7347234759768E-16,0.,-1.));
#345=DIRECTION('',(0.,-1.,0.));
#346=DIRECTION('',(0.,0.,1.));
#347=DIRECTION('',(1.,0.,0.));
#348=DIRECTION('',(-1.,0.,0.));
#349=DIRECTION('',(0.,-1.,0.));
#350=DIRECTION('',(-1.,0.,-1.7347234759768E-16));
#351=DIRECTION('',(0.,-1.,0.));
#352=DIRECTION('',(-1.,0.,0.));
#353=DIRECTION('',(0.,-1.,0.));
#354=DIRECTION('',(1.,0.,0.));
#355=DIRECTION('',(-1.,0.,-1.7347234759768E-16));
#356=DIRECTION('',(1.7347234759768E-16,0.,-1.));
#357=DIRECTION('',(1.7347234759768E-16,0.,-1.));
#358=DIRECTION('',(-1.,0.,-1.7347234759768E-16));
#359=DIRECTION('',(1.7347234759768E-16,0.,-1.));
#360=DIRECTION('',(-1.,0.,-1.7347234759768E-16));
#361=DIRECTION('',(0.,-1.,0.));
#362=DIRECTION('',(0.,-1.,0.));
#363=DIRECTION('',(-1.,0.,-1.7347234759768E-16));
#364=DIRECTION('',(0.,-1.,0.));
#365=DIRECTION('',(-1.,0.,-1.7347234759768E-16));
#366=DIRECTION('',(0.,-1.,0.));
#367=DIRECTION('',(1.2266347333467E-16,0.707106781186547,-0.707106781186548));
#368=DIRECTION('',(0.,0.707106781186548,0.707106781186547));
#369=DIRECTION('',(1.2266347333467E-16,-0.707106781186548,-0.707106781186547));
#370=DIRECTION('',(1.2266347333467E-16,-0.707106781186548,-0.707106781186547));
#371=DIRECTION('',(-1.,0.,-1.7347234759768E-16));
#372=DIRECTION('',(0.,-1.,0.));
#373=DIRECTION('',(-1.,0.,-1.7347234759768E-16));
#374=DIRECTION('',(0.,-1.,0.));
#375=DIRECTION('',(0.,-1.,0.));
#376=DIRECTION('',(0.,0.,-1.));
#377=DIRECTION('',(0.,1.,0.));
#378=DIRECTION('',(0.,0.,1.));
#379=DIRECTION('',(0.,1.,0.));
#380=DIRECTION('',(0.,0.,1.));
#381=DIRECTION('',(0.,-1.,0.));
#382=DIRECTION('',(0.,0.,-1.));
#383=DIRECTION('',(0.,1.,0.));
#384=DIRECTION('',(0.,0.,1.));
#385=DIRECTION('',(0.,1.,0.));
#386=DIRECTION('',(0.,0.,1.));
#387=CARTESIAN_POINT('',(0.,0.,0.));
#388=CARTESIAN_POINT('',(0.,0.,0.));
#389=CARTESIAN_POINT('',(-37.,0.,-20.));
#390=CARTESIAN_POINT('',(-37.,0.,-18.55));
#391=CARTESIAN_POINT('',(37.,0.,20.));
#392=CARTESIAN_POINT('',(37.,0.,21.45));
#393=CARTESIAN_POINT('',(50.,0.,0.));
#394=CARTESIAN_POINT('',(50.,0.,40.));
#395=CARTESIAN_POINT('',(50.,0.,-40.));
#396=CARTESIAN_POINT('',(-6.93889390390723E-15,0.,40.));
#397=CARTESIAN_POINT('',(-50.,0.,40.));
#398=CARTESIAN_POINT('',(-50.,0.,0.));
#399=CARTESIAN_POINT('',(-50.,0.,-40.));
#400=CARTESIAN_POINT('',(6.93889390390723E-15,0.,-40.));
#401=CARTESIAN_POINT('',(30.,0.,30.));
#402=CARTESIAN_POINT('',(30.,0.,30.));
#403=CARTESIAN_POINT('',(-30.,0.,30.));
#404=CARTESIAN_POINT('',(30.,0.,1.38777878078145E-14));
#405=CARTESIAN_POINT('',(30.,0.,-30.));
#406=CARTESIAN_POINT('',(30.,0.,-30.));
#407=CARTESIAN_POINT('',(-30.,0.,-30.));
#408=CARTESIAN_POINT('',(-30.,0.,3.46944695195361E-15));
#409=CARTESIAN_POINT('',(50.,80.,0.));
#410=CARTESIAN_POINT('',(50.,80.,-40.));
#411=CARTESIAN_POINT('',(50.,80.,-40.));
#412=CARTESIAN_POINT('',(50.,80.,0.));
#413=CARTESIAN_POINT('',(50.,80.,40.));
#414=CARTESIAN_POINT('',(50.,80.,40.));
#415=CARTESIAN_POINT('',(-6.93889390390723E-15,80.,40.));
#416=CARTESIAN_POINT('',(-6.93889390390723E-15,80.,40.));
#417=CARTESIAN_POINT('',(-50.,80.,40.));
#418=CARTESIAN_POINT('',(-50.,80.,40.));
#419=CARTESIAN_POINT('',(-50.,80.,0.));
#420=CARTESIAN_POINT('',(-50.,80.,0.));
#421=CARTESIAN_POINT('',(-50.,80.,-40.));
#422=CARTESIAN_POINT('',(-50.,80.,-40.));
#423=CARTESIAN_POINT('',(6.93889390390723E-15,80.,-40.));
#424=CARTESIAN_POINT('',(6.93889390390723E-15,80.,-40.));
#425=CARTESIAN_POINT('',(-40.,80.,-40.));
#426=CARTESIAN_POINT('',(-40.,80.,-40.));
#427=CARTESIAN_POINT('',(-40.,27.8912126899999,-40.));
#428=CARTESIAN_POINT('',(40.,27.8912126899999,-40.));
#429=CARTESIAN_POINT('',(40.,27.8912126899999,-40.));
#430=CARTESIAN_POINT('',(40.,80.,-40.));
#431=CARTESIAN_POINT('',(40.,80.,-40.));
#432=CARTESIAN_POINT('',(6.93889390390723E-15,80.,-40.));
#433=CARTESIAN_POINT('',(0.,80.,0.));
#434=CARTESIAN_POINT('',(40.,80.,12.10878731));
#435=CARTESIAN_POINT('',(40.,80.,12.10878731));
#436=CARTESIAN_POINT('',(-40.,80.,12.10878731));
#437=CARTESIAN_POINT('',(-40.,80.,1.7347234759768E-15));
#438=CARTESIAN_POINT('',(40.,80.,1.56125112837912E-14));
#439=CARTESIAN_POINT('',(30.,0.,-30.));
#440=CARTESIAN_POINT('',(-30.,0.,-30.));
#441=CARTESIAN_POINT('',(30.,50.2175090142431,-30.));
#442=CARTESIAN_POINT('',(-30.,50.2175090142431,-30.));
#443=CARTESIAN_POINT('',(30.,60.,-10.));
#444=CARTESIAN_POINT('',(-30.,60.,-10.));
#445=CARTESIAN_POINT('',(30.,60.,30.));
#446=CARTESIAN_POINT('',(-30.,60.,30.));
#447=CARTESIAN_POINT('',(-30.,0.,-30.));
#448=CARTESIAN_POINT('',(-30.,50.2175090142431,-30.));
#449=CARTESIAN_POINT('',(-30.,60.,-10.));
#450=CARTESIAN_POINT('',(-30.,60.,30.));
#451=CARTESIAN_POINT('',(-30.,60.,30.));
#452=CARTESIAN_POINT('',(30.,0.,-30.));
#453=CARTESIAN_POINT('',(30.,50.2175090142431,-30.));
#454=CARTESIAN_POINT('',(30.,60.,-10.));
#455=CARTESIAN_POINT('',(30.,60.,30.));
#456=CARTESIAN_POINT('',(30.,60.,30.));
#457=CARTESIAN_POINT('',(30.,60.,30.));
#458=CARTESIAN_POINT('',(30.,30.,30.));
#459=CARTESIAN_POINT('',(-30.,30.,30.));
#460=CARTESIAN_POINT('',(30.,30.,30.));
#461=CARTESIAN_POINT('',(30.,40.,1.21430643318376E-14));
#462=CARTESIAN_POINT('',(-30.,40.,1.73472347597681E-15));
#463=CARTESIAN_POINT('',(40.,53.945606345,-13.945606345));
#464=CARTESIAN_POINT('',(-40.,53.945606345,-13.945606345));
#465=CARTESIAN_POINT('',(40.,53.945606345,-13.945606345));
#466=CARTESIAN_POINT('',(40.,40.,1.38777878078145E-14));
#467=CARTESIAN_POINT('',(-40.,40.,1.34815096107106E-30));
#468=CARTESIAN_POINT('',(37.,10.,20.));
#469=CARTESIAN_POINT('',(37.,10.87124789759,20.));
#470=CARTESIAN_POINT('',(37.,10.,20.));
#471=CARTESIAN_POINT('',(37.,10.,21.45));
#472=CARTESIAN_POINT('',(37.,0.,20.));
#473=CARTESIAN_POINT('',(-37.,10.,-20.));
#474=CARTESIAN_POINT('',(-37.,10.87124789759,-20.));
#475=CARTESIAN_POINT('',(-37.,10.,-20.));
#476=CARTESIAN_POINT('',(-37.,10.,-18.55));
#477=CARTESIAN_POINT('',(-37.,0.,-20.));
#478=MECHANICAL_DESIGN_GEOMETRIC_PRESENTATION_REPRESENTATION('',(#285),#479);
#479=(
GEOMETRIC_REPRESENTATION_CONTEXT(3)
GLOBAL_UNCERTAINTY_ASSIGNED_CONTEXT((#480))
GLOBAL_UNIT_ASSIGNED_CONTEXT((#483,#482,#481))
REPRESENTATION_CONTEXT('Part 1','TOP_LEVEL_ASSEMBLY_PART')
);
#480=UNCERTAINTY_MEASURE_WITH_UNIT(LENGTH_MEASURE(1.E-05),#483,'DISTANCE_ACCURACY_VALUE','Maximum Tolerance applied to model');
#481=(
NAMED_UNIT(*)
SI_UNIT($,.STERADIAN.)
SOLID_ANGLE_UNIT()
);
#482=(
NAMED_UNIT(*)
PLANE_ANGLE_UNIT()
SI_UNIT($,.RADIAN.)
);
#483=(
LENGTH_UNIT()
NAMED_UNIT(*)
SI_UNIT(.MILLI.,.METRE.)
);
#484=PRODUCT_DEFINITION_SHAPE('','',#485);
#485=PRODUCT_DEFINITION('','',#487,#486);
#486=PRODUCT_DEFINITION_CONTEXT('',#493,'design');
#487=PRODUCT_DEFINITION_FORMATION_WITH_SPECIFIED_SOURCE('','',#489,.NOT_KNOWN.);
#488=PRODUCT_RELATED_PRODUCT_CATEGORY('','',(#489));
#489=PRODUCT('Part 1','Part 1','Part 1',(#491));
#490=PRODUCT_CATEGORY('','');
#491=PRODUCT_CONTEXT('',#493,'mechanical');
#492=APPLICATION_PROTOCOL_DEFINITION('international standard','ap242_managed_model_based_3d_engineering',2020,#493);
#493=APPLICATION_CONTEXT('managed model based 3d engineering');
#494=COMPOSITE_SHAPE_ASPECT('hole_callout.FESafd6t7vaRDbF_2.JHD.0',$,#484,$);
#495=SHAPE_ASPECT('hole_callout.FESafd6t7vaRDbF_2.JHD.0',$,#484,.T.);
#496=GEOMETRIC_ITEM_SPECIFIC_USAGE('','',#495,#11,#283);
#497=SHAPE_ASPECT_RELATIONSHIP('','',#494,#495);
#498=SHAPE_ASPECT('hole_callout.FESafd6t7vaRDbF_2.JHD.0',$,#484,.T.);
#499=GEOMETRIC_ITEM_SPECIFIC_USAGE('','',#498,#11,#282);
#500=SHAPE_ASPECT_RELATIONSHIP('','',#494,#498);
#501=SHAPE_ASPECT('hole_callout.FESafd6t7vaRDbF_2.JHD.0',$,#484,.T.);
#502=GEOMETRIC_ITEM_SPECIFIC_USAGE('','',#501,#11,#281);
#503=SHAPE_ASPECT_RELATIONSHIP('','',#494,#501);
#504=SHAPE_ASPECT('hole_callout.FESafd6t7vaRDbF_2.JHD.0',$,#484,.T.);
#505=GEOMETRIC_ITEM_SPECIFIC_USAGE('','',#504,#11,#280);
#506=SHAPE_ASPECT_RELATIONSHIP('','',#494,#504);
#507=DIMENSIONAL_SIZE(#494,'depth');
#508=(
LENGTH_UNIT()
NAMED_UNIT(*)
SI_UNIT(.MILLI.,.METRE.)
);
#510=PRECISION_QUALIFIER(3);
#509=(
LENGTH_MEASURE_WITH_UNIT()
MEASURE_REPRESENTATION_ITEM()
MEASURE_WITH_UNIT(POSITIVE_LENGTH_MEASURE(10.),#508)
QUALIFIED_REPRESENTATION_ITEM((#510))
REPRESENTATION_ITEM('nominal value')
);
#511=COMPOUND_REPRESENTATION_ITEM('modifiers',SET_REPRESENTATION_ITEM((#512)));
#512=DESCRIPTIVE_REPRESENTATION_ITEM('dimensional note','depth');
#513=SHAPE_DIMENSION_REPRESENTATION('',(#509,#511),#479);
#514=DIMENSIONAL_CHARACTERISTIC_REPRESENTATION(#507,#513);
#515=DIMENSIONAL_SIZE(#494,'diameter');
#516=(
LENGTH_UNIT()
NAMED_UNIT(*)
SI_UNIT(.MILLI.,.METRE.)
);
#518=PRECISION_QUALIFIER(3);
#517=(
LENGTH_MEASURE_WITH_UNIT()
MEASURE_REPRESENTATION_ITEM()
MEASURE_WITH_UNIT(POSITIVE_LENGTH_MEASURE(2.9),#516)
QUALIFIED_REPRESENTATION_ITEM((#518))
REPRESENTATION_ITEM('nominal value')
);
#519=COMPOUND_REPRESENTATION_ITEM('modifiers',SET_REPRESENTATION_ITEM((#520)));
#520=DESCRIPTIVE_REPRESENTATION_ITEM('dimensional note','diameter');
#521=SHAPE_DIMENSION_REPRESENTATION('',(#517,#519),#479);
#522=DIMENSIONAL_CHARACTERISTIC_REPRESENTATION(#515,#521);
#523=DIMENSIONAL_SIZE(#494,'depth');
#524=(
LENGTH_UNIT()
NAMED_UNIT(*)
SI_UNIT(.MILLI.,.METRE.)
);
#526=PRECISION_QUALIFIER(3);
#525=(
LENGTH_MEASURE_WITH_UNIT()
MEASURE_REPRESENTATION_ITEM()
MEASURE_WITH_UNIT(POSITIVE_LENGTH_MEASURE(10.),#524)
QUALIFIED_REPRESENTATION_ITEM((#526))
REPRESENTATION_ITEM('nominal value')
);
#527=COMPOUND_REPRESENTATION_ITEM('modifiers',SET_REPRESENTATION_ITEM((#528)));
#528=DESCRIPTIVE_REPRESENTATION_ITEM('dimensional note','depth');
#529=SHAPE_DIMENSION_REPRESENTATION('',(#525,#527),#479);
#530=DIMENSIONAL_CHARACTERISTIC_REPRESENTATION(#523,#529);
#531=PRESENTATION_STYLE_ASSIGNMENT((NULL_STYLE(.NULL.)));
#532=CARTESIAN_POINT('',(-0.037,0.,-0.02));
#533=DIRECTION('',(0.,-1.,0.));
#534=DIRECTION('',(1.,0.,0.));
#535=AXIS2_PLACEMENT_3D('',#532,#533,#534);
#536=PLANE('',#535);
#537=ANNOTATION_PLANE('',(#531),#536,(#564));
#538=CARTESIAN_POINT('',(0.,0.,0.));
#539=DIRECTION('',(0.,0.,1.));
#540=DIRECTION('',(1.,0.,0.));
#541=AXIS2_PLACEMENT_3D('',#538,#539,#540);
#542=CARTESIAN_POINT('',(0.,0.,0.));
#543=DIRECTION('',(0.,0.,1.));
#544=DIRECTION('',(1.,0.,0.));
#545=AXIS2_PLACEMENT_3D('',#542,#543,#544);
#546=SHAPE_REPRESENTATION('',(#545,#293),#479);
#547=REPRESENTATION_MAP(#541,#546);
#548=MAPPED_ITEM('',#547,#541);
#549=PRESENTATION_STYLE_ASSIGNMENT((NULL_STYLE(.NULL.)));
#550=STYLED_ITEM('',(#549),#548);
#551=DRAUGHTING_MODEL('',(#537,#541,#548,#550),#479);
#552=DRAUGHTING_PRE_DEFINED_CURVE_FONT('continuous');
#553=COLOUR_RGB('',0.,0.,0.);
#554=CURVE_STYLE('',#552,POSITIVE_LENGTH_MEASURE(0.02),#553);
#555=PRESENTATION_STYLE_ASSIGNMENT((#554));
#556=COORDINATES_LIST('coordinates',4398,((-35.9746952,0.,-18.9746952),(-34.5604816,0.,-16.1462680),(-33.1462680,0.,-17.5604816),(-11.9202614,0.,-11.8003027),(-11.9149202,0.,-11.6679118),(-11.9149202,0.,-9.9777535),(-11.9202614,0.,-11.8003027),(-11.9149202,0.,-9.9777535),(-11.9202284,0.,-9.8471320),(-11.9202614,0.,-11.8003027),(-11.9202284,0.,-9.8471320),(-11.9361530,0.,-9.7224967),(-11.9202614,0.,-11.8003027),(-11.9361530,0.,-9.7224967),(-11.9626940,0.,-9.6038476),(-11.9202614,0.,-11.8003027),(-11.9626940,0.,-9.6038476),(-11.9998514,0.,-9.4911848),(-11.9202614,0.,-11.8003027),(-11.9998514,0.,-9.4911848),(-12.0476252,0.,-9.3845081),(-11.9202614,0.,-11.8003027),(-12.0476252,0.,-9.3845081),(-12.1060155,0.,-9.2838176),(-11.9202614,0.,-11.8003027),(-12.1060155,0.,-9.2838176),(-12.1750221,0.,-9.1891133),(-11.9202614,0.,-11.8003027),(-12.1750221,0.,-9.1891133),(-12.2546452,0.,-9.1003952),(-11.9202614,0.,-11.8003027),(-12.2546452,0.,-9.1003952),(-12.3313247,0.,-9.0287096),(-11.9202614,0.,-11.8003027),(-12.3313247,0.,-9.0287096),(-12.4110801,0.,-8.9665821),(-11.9202614,0.,-11.8003027),(-12.4110801,0.,-8.9665821),(-12.4939112,0.,-8.9140127),(-12.4939112,0.,-8.9140127),(-12.5798181,0.,-8.8710014),(-12.6688008,0.,-8.8375482),(-12.4939112,0.,-8.9140127),(-12.6688008,0.,-8.8375482),(-12.7608592,0.,-8.8136530),(-12.4939112,0.,-8.9140127),(-12.7608592,0.,-8.8136530),(-12.8559935,0.,-8.7993159),(-12.4939112,0.,-8.9140127),(-12.8559935,0.,-8.7993159),(-12.9542035,0.,-8.7945368),(-12.4939112,0.,-8.9140127),(-12.9542035,0.,-8.7945368),(-13.0512890,0.,-8.7993159),(-12.4939112,0.,-8.9140127),(-13.0512890,0.,-8.7993159),(-13.1456957,0.,-8.8136530),(-12.4939112,0.,-8.9140127),(-13.1456957,0.,-8.8136530),(-13.2374234,0.,-8.8375482),(-12.4939112,0.,-8.9140127),(-13.2374234,0.,-8.8375482),(-13.3264723,0.,-8.8710014),(-12.4939112,0.,-8.9140127),(-13.3264723,0.,-8.8710014),(-13.4128422,0.,-8.9140127),(-12.4939112,0.,-8.9140127),(-13.4128422,0.,-8.9140127),(-13.4965332,0.,-8.9665821),(-12.4939112,0.,-8.9140127),(-13.4965332,0.,-8.9665821),(-13.5775453,0.,-9.0287096),(-12.4939112,0.,-8.9140127),(-13.5775453,0.,-9.0287096),(-13.6558785,0.,-9.1003952),(-12.4939112,0.,-8.9140127),(-13.6558785,0.,-9.1003952),(-13.7355015,0.,-9.1873769),(-12.4939112,0.,-8.9140127),(-13.7355015,0.,-9.1873769),(-13.8045082,0.,-9.2805764),(-12.4939112,0.,-8.9140127),(-13.8045082,0.,-9.2805764),(-13.8628984,0.,-9.3799936),(-12.4939112,0.,-8.9140127),(-13.8628984,0.,-9.3799936),(-13.9106723,0.,-9.4856285),(-12.4939112,0.,-8.9140127),(-13.9106723,0.,-9.4856285),(-13.9478297,0.,-9.5974811),(-13.9478297,0.,-9.5974811),(-13.9743707,0.,-9.7155514),(-13.9902953,0.,-9.8398394),(-13.9478297,0.,-9.5974811),(-13.9902953,0.,-9.8398394),(-13.9956035,0.,-9.9703452),(-13.9478297,0.,-9.5974811),(-13.9956035,0.,-9.9703452),(-13.9956035,0.,-9.9777535),(-13.9478297,0.,-9.5974811),(-13.9956035,0.,-9.9777535),(-13.9956035,0.,-11.6721452),(-13.9478297,0.,-9.5974811),(-13.9956035,0.,-11.6721452),(-13.9902953,0.,-11.8034612),(-13.9478297,0.,-9.5974811),(-13.9902953,0.,-11.8034612),(-13.9743707,0.,-11.9285926),(-13.9478297,0.,-9.5974811),(-13.9743707,0.,-11.9285926),(-13.9478297,0.,-12.0475393),(-13.9478297,0.,-9.5974811),(-13.9478297,0.,-12.0475393),(-13.9106723,0.,-12.1603014),(-13.9478297,0.,-9.5974811),(-13.9106723,0.,-12.1603014),(-13.8628984,0.,-12.2668789),(-13.9478297,0.,-9.5974811),(-13.8628984,0.,-12.2668789),(-13.8045082,0.,-12.3672717),(-13.9478297,0.,-9.5974811),(-13.8045082,0.,-12.3672717),(-13.7355015,0.,-12.4614799),(-13.9478297,0.,-9.5974811),(-13.7355015,0.,-12.4614799),(-13.6558785,0.,-12.5495035),(-13.6558785,0.,-12.5495035),(-13.3521368,0.,-12.2531702),(-13.4461301,0.,-12.1368196),(-13.6558785,0.,-12.5495035),(-13.4461301,0.,-12.1368196),(-13.5132681,0.,-12.0004931),(-13.6558785,0.,-12.5495035),(-13.5132681,0.,-12.0004931),(-13.5535509,0.,-11.8441905),(-13.9478297,0.,-9.5974811),(-13.6558785,0.,-12.5495035),(-13.5535509,0.,-11.8441905),(-13.9478297,0.,-9.5974811),(-13.5535509,0.,-11.8441905),(-13.5636216,0.,-11.7585482),(-13.9478297,0.,-9.5974811),(-13.5636216,0.,-11.7585482),(-13.5669785,0.,-11.6679118),(-13.9478297,0.,-9.5974811),(-13.5669785,0.,-11.6679118),(-13.5669785,0.,-9.9703452),(-13.9478297,0.,-9.5974811),(-13.5669785,0.,-9.9703452),(-13.5636547,0.,-9.8820405),(-13.9478297,0.,-9.5974811),(-13.5636547,0.,-9.8820405),(-13.5536832,0.,-9.7986306),(-13.9478297,0.,-9.5974811),(-13.5536832,0.,-9.7986306),(-13.5370640,0.,-9.7201155),(-13.9478297,0.,-9.5974811),(-13.5370640,0.,-9.7201155),(-13.5137973,0.,-9.6464952),(-13.9478297,0.,-9.5974811),(-13.5137973,0.,-9.6464952),(-13.4473207,0.,-9.5139389),(-13.9478297,0.,-9.5974811),(-13.4473207,0.,-9.5139389),(-13.3542535,0.,-9.4009618),(-13.9478297,0.,-9.5974811),(-13.3542535,0.,-9.4009618),(-13.2590035,0.,-9.3222483),(-13.9478297,0.,-9.5974811),(-13.2590035,0.,-9.3222483),(-13.1605785,0.,-9.2660243),(-12.4939112,0.,-8.9140127),(-13.9478297,0.,-9.5974811),(-13.1605785,0.,-9.2660243),(-12.4939112,0.,-8.9140127),(-13.1605785,0.,-9.2660243),(-13.0589785,0.,-9.2322900),(-12.4939112,0.,-8.9140127),(-13.0589785,0.,-9.2322900),(-12.9542035,0.,-9.2210452),(-12.4939112,0.,-8.9140127),(-12.9542035,0.,-9.2210452),(-12.8451290,0.,-9.2322900),(-12.4939112,0.,-8.9140127),(-12.8451290,0.,-9.2322900),(-12.7422723,0.,-9.2660243),(-12.4939112,0.,-8.9140127),(-12.7422723,0.,-9.2660243),(-12.6456332,0.,-9.3222483),(-12.4939112,0.,-8.9140127),(-12.6456332,0.,-9.3222483),(-12.5552118,0.,-9.4009618),(-12.4939112,0.,-8.9140127),(-12.5552118,0.,-9.4009618),(-12.4621446,0.,-9.5195613),(-12.4939112,0.,-8.9140127),(-12.4621446,0.,-9.5195613),(-12.3956681,0.,-9.6552264),(-12.4939112,0.,-8.9140127),(-12.3956681,0.,-9.6552264),(-12.3557821,0.,-9.8079571),(-11.9202614,0.,-11.8003027),(-12.4939112,0.,-8.9140127),(-12.3557821,0.,-9.8079571),(-11.9202614,0.,-11.8003027),(-12.3557821,0.,-9.8079571),(-12.3458107,0.,-9.8907221),(-11.9202614,0.,-11.8003027),(-12.3458107,0.,-9.8907221),(-12.3424868,0.,-9.9777535),(-11.9202614,0.,-11.8003027),(-12.3424868,0.,-9.9777535),(-12.3424868,0.,-11.6679118),(-11.9202614,0.,-11.8003027),(-12.3424868,0.,-11.6679118),(-12.3458107,0.,-11.7575560),(-11.9202614,0.,-11.8003027),(-12.3458107,0.,-11.7575560),(-12.3557821,0.,-11.8423384),(-11.9202614,0.,-11.8003027),(-12.3557821,0.,-11.8423384),(-12.3724013,0.,-11.9222591),(-11.9202614,0.,-11.8003027),(-12.3724013,0.,-11.9222591),(-12.3956681,0.,-11.9973181),(-11.9202614,0.,-11.8003027),(-12.3956681,0.,-11.9973181),(-12.4621446,0.,-12.1328509),(-11.9202614,0.,-11.8003027),(-12.4621446,0.,-12.1328509),(-12.5552118,0.,-12.2489368),(-11.9202614,0.,-11.8003027),(-12.5552118,0.,-12.2489368),(-12.6464269,0.,-12.3267243),(-13.2605910,0.,-12.3291056),(-13.3521368,0.,-12.2531702),(-13.6558785,0.,-12.5495035),(-13.1637535,0.,-12.3833452),(-13.2605910,0.,-12.3291056),(-13.6558785,0.,-12.5495035),(-13.0616243,0.,-12.4158889),(-13.1637535,0.,-12.3833452),(-13.6558785,0.,-12.5495035),(-12.9542035,0.,-12.4267368),(-13.0616243,0.,-12.4158889),(-13.6558785,0.,-12.5495035),(-12.8459228,0.,-12.4156243),(-12.9542035,0.,-12.4267368),(-13.6558785,0.,-12.5495035),(-12.8459228,0.,-12.4156243),(-13.6558785,0.,-12.5495035),(-13.5790005,0.,-12.6201969),(-12.8459228,0.,-12.4156243),(-13.5790005,0.,-12.6201969),(-13.4991790,0.,-12.6814644),(-12.7433306,0.,-12.3822868),(-12.8459228,0.,-12.4156243),(-13.4991790,0.,-12.6814644),(-12.7433306,0.,-12.3822868),(-13.4991790,0.,-12.6814644),(-13.4164140,0.,-12.7333062),(-12.7433306,0.,-12.3822868),(-13.4164140,0.,-12.7333062),(-13.3307056,0.,-12.7757223),(-12.6464269,0.,-12.3267243),(-12.7433306,0.,-12.3822868),(-13.3307056,0.,-12.7757223),(-12.6464269,0.,-12.3267243),(-13.3307056,0.,-12.7757223),(-13.2420536,0.,-12.8087125),(-11.9202614,0.,-11.8003027),(-12.6464269,0.,-12.3267243),(-13.2420536,0.,-12.8087125),(-11.9202614,0.,-11.8003027),(-13.2420536,0.,-12.8087125),(-13.1504582,0.,-12.8322769),(-11.9202614,0.,-11.8003027),(-13.1504582,0.,-12.8322769),(-13.0559193,0.,-12.8464156),(-11.9202614,0.,-11.8003027),(-13.0559193,0.,-12.8464156),(-12.9584368,0.,-12.8511285),(-11.9202614,0.,-11.8003027),(-12.9584368,0.,-12.8511285),(-12.8592677,0.,-12.8464983),(-11.9202614,0.,-11.8003027),(-12.8592677,0.,-12.8464983),(-12.7633728,0.,-12.8326077),(-11.9202614,0.,-11.8003027),(-12.7633728,0.,-12.8326077),(-12.6707521,0.,-12.8094566),(-11.9202614,0.,-11.8003027),(-12.6707521,0.,-12.8094566),(-12.5814056,0.,-12.7770452),(-11.9202614,0.,-11.8003027),(-12.5814056,0.,-12.7770452),(-12.4953333,0.,-12.7353733),(-11.9202614,0.,-11.8003027),(-12.4953333,0.,-12.7353733),(-12.4125353,0.,-12.6844410),(-11.9202614,0.,-11.8003027),(-12.4125353,0.,-12.6844410),(-12.3330114,0.,-12.6242483),(-11.9202614,0.,-11.8003027),(-12.3330114,0.,-12.6242483),(-12.2567618,0.,-12.5547952),(-11.9202614,0.,-11.8003027),(-12.2567618,0.,-12.5547952),(-12.1766427,0.,-12.4654652),(-11.9202614,0.,-11.8003027),(-12.1766427,0.,-12.4654652),(-12.1072061,0.,-12.3699837),(-11.9202614,0.,-11.8003027),(-12.1072061,0.,-12.3699837),(-12.0484521,0.,-12.2683506),(-11.9202614,0.,-11.8003027),(-12.0484521,0.,-12.2683506),(-12.0003806,0.,-12.1605660),(-11.9202614,0.,-11.8003027),(-12.0003806,0.,-12.1605660),(-11.9629917,0.,-12.0466298),(-11.9202614,0.,-11.8003027),(-11.9629917,0.,-12.0466298),(-11.9362853,0.,-11.9265420),(-26.2172368,0.,-8.9268285),(-26.2913202,0.,-8.8336952),(-26.4214952,0.,-8.7987702),(-26.2172368,0.,-8.9268285),(-26.4214952,0.,-8.7987702),(-26.4984889,0.,-8.8138514),(-26.2172368,0.,-8.9268285),(-26.4984889,0.,-8.8138514),(-26.5643702,0.,-8.8590952),(-26.2172368,0.,-8.9268285),(-26.5643702,0.,-8.8590952),(-26.6096139,0.,-8.9276223),(-26.2172368,0.,-8.9268285),(-26.6096139,0.,-8.9276223),(-26.6246952,0.,-9.0125535),(-26.2172368,0.,-8.9268285),(-26.6246952,0.,-9.0125535),(-26.6246952,0.,-12.6394618),(-26.2172368,0.,-8.9268285),(-26.6246952,0.,-12.6394618),(-26.6082910,0.,-12.7217473),(-26.2172368,0.,-8.9268285),(-26.6082910,0.,-12.7217473),(-26.5590785,0.,-12.7908035),(-26.2172368,0.,-8.9268285),(-26.5590785,0.,-12.7908035),(-26.4916098,0.,-12.8360473),(-26.2172368,0.,-8.9268285),(-26.4916098,0.,-12.8360473),(-26.4098535,0.,-12.8511285),(-26.2172368,0.,-8.9268285),(-26.4098535,0.,-12.8511285),(-26.3280973,0.,-12.8360473),(-26.2172368,0.,-8.9268285),(-26.3280973,0.,-12.8360473),(-26.2606285,0.,-12.7908035),(-26.2172368,0.,-8.9268285),(-26.2606285,0.,-12.7908035),(-26.2137973,0.,-12.7217473),(-26.2172368,0.,-8.9268285),(-26.2137973,0.,-12.7217473),(-26.1981868,0.,-12.6394618),(-26.2172368,0.,-8.9268285),(-26.1981868,0.,-12.6394618),(-26.1981868,0.,-10.1746035),(-26.2172368,0.,-8.9268285),(-26.1981868,0.,-10.1746035),(-25.2954285,0.,-12.7209535),(-26.2172368,0.,-8.9268285),(-25.2954285,0.,-12.7209535),(-25.2231973,0.,-12.8185848),(-26.2172368,0.,-8.9268285),(-25.2231973,0.,-12.8185848),(-25.0996368,0.,-12.8511285),(-26.2172368,0.,-8.9268285),(-25.0996368,0.,-12.8511285),(-24.9760764,0.,-12.8185848),(-26.2172368,0.,-8.9268285),(-24.9760764,0.,-12.8185848),(-24.9038452,0.,-12.7209535),(-24.0010868,0.,-10.1746035),(-24.0010868,0.,-12.6394618),(-23.9854764,0.,-12.7529681),(-24.0010868,0.,-10.1746035),(-23.9854764,0.,-12.7529681),(-23.9386452,0.,-12.7908035),(-24.0010868,0.,-10.1746035),(-23.9386452,0.,-12.7908035),(-23.7904785,0.,-12.8511285),(-24.0010868,0.,-10.1746035),(-23.7904785,0.,-12.8511285),(-23.7576702,0.,-12.8627702),(-24.0010868,0.,-10.1746035),(-23.7576702,0.,-12.8627702),(-23.6380785,0.,-12.7908035),(-24.0010868,0.,-10.1746035),(-23.6380785,0.,-12.7908035),(-23.5928348,0.,-12.7228056),(-24.0010868,0.,-10.1746035),(-23.5928348,0.,-12.7228056),(-23.5777535,0.,-12.6394618),(-24.0010868,0.,-10.1746035),(-23.5777535,0.,-12.6394618),(-23.5777535,0.,-9.0125535),(-24.0010868,0.,-10.1746035),(-23.5777535,0.,-9.0125535),(-23.5928348,0.,-8.9315910),(-24.9038452,0.,-12.7209535),(-24.0010868,0.,-10.1746035),(-23.5928348,0.,-8.9315910),(-24.9038452,0.,-12.7209535),(-23.5928348,0.,-8.9315910),(-23.6380785,0.,-8.8643868),(-24.9038452,0.,-12.7209535),(-23.6380785,0.,-8.8643868),(-23.7044889,0.,-8.8151743),(-24.9038452,0.,-12.7209535),(-23.7044889,0.,-8.8151743),(-23.7788368,0.,-8.7987702),(-24.9038452,0.,-12.7209535),(-23.7788368,0.,-8.7987702),(-23.9058368,0.,-8.8336952),(-24.9038452,0.,-12.7209535),(-23.9058368,0.,-8.8336952),(-23.9852118,0.,-8.9310618),(-24.9038452,0.,-12.7209535),(-23.9852118,0.,-8.9310618),(-25.1006952,0.,-11.9822368),(-26.2172368,0.,-8.9268285),(-24.9038452,0.,-12.7209535),(-25.1006952,0.,-11.9822368),(-8.3303948,0.,-11.7929275),(-8.3250535,0.,-11.6583868),(-8.3263433,0.,-11.5551042),(-8.3303948,0.,-11.7929275),(-8.3263433,0.,-11.5551042),(-8.3302129,0.,-11.4558648),(-8.3303948,0.,-11.7929275),(-8.3302129,0.,-11.4558648),(-8.3366621,0.,-11.3606686),(-8.3303948,0.,-11.7929275),(-8.3366621,0.,-11.3606686),(-8.3456910,0.,-11.2695155),(-8.3303948,0.,-11.7929275),(-8.3456910,0.,-11.2695155),(-8.3572996,0.,-11.1824056),(-8.3303948,0.,-11.7929275),(-8.3572996,0.,-11.1824056),(-8.3714879,0.,-11.0993388),(-8.3303948,0.,-11.7929275),(-8.3714879,0.,-11.0993388),(-8.3882558,0.,-11.0203152),(-8.3303948,0.,-11.7929275),(-8.3882558,0.,-11.0203152),(-8.4076035,0.,-10.9453348),(-8.3303948,0.,-11.7929275),(-8.4076035,0.,-10.9453348),(-8.4540379,0.,-10.8075034),(-8.3303948,0.,-11.7929275),(-8.4540379,0.,-10.8075034),(-8.5107910,0.,-10.6858446),(-8.3303948,0.,-11.7929275),(-8.5107910,0.,-10.6858446),(-8.5778629,0.,-10.5803586),(-8.3303948,0.,-11.7929275),(-8.5778629,0.,-10.5803586),(-8.6552535,0.,-10.4910452),(-8.3303948,0.,-11.7929275),(-8.6552535,0.,-10.4910452),(-8.7347443,0.,-10.4215920),(-8.3303948,0.,-11.7929275),(-8.7347443,0.,-10.4215920),(-8.8165832,0.,-10.3613993),(-8.3303948,0.,-11.7929275),(-8.8165832,0.,-10.3613993),(-8.9007703,0.,-10.3104670),(-8.3303948,0.,-11.7929275),(-8.9007703,0.,-10.3104670),(-8.9873056,0.,-10.2687952),(-8.3303948,0.,-11.7929275),(-8.9873056,0.,-10.2687952),(-9.0761890,0.,-10.2363837),(-8.3303948,0.,-11.7929275),(-9.0761890,0.,-10.2363837),(-9.1674207,0.,-10.2132327),(-8.3303948,0.,-11.7929275),(-9.1674207,0.,-10.2132327),(-9.2610005,0.,-10.1993420),(-9.2610005,0.,-10.1993420),(-9.3569285,0.,-10.1947118),(-9.4455639,0.,-10.1982672),(-9.2610005,0.,-10.1993420),(-9.4455639,0.,-10.1982672),(-9.5310243,0.,-10.2089332),(-9.2610005,0.,-10.1993420),(-9.5310243,0.,-10.2089332),(-9.6133098,0.,-10.2267099),(-9.2610005,0.,-10.1993420),(-9.6133098,0.,-10.2267099),(-9.6924202,0.,-10.2515973),(-9.2610005,0.,-10.1993420),(-9.6924202,0.,-10.2515973),(-9.7683556,0.,-10.2835953),(-9.2610005,0.,-10.1993420),(-9.7683556,0.,-10.2835953),(-9.8411160,0.,-10.3227040),(-9.2610005,0.,-10.1993420),(-9.8411160,0.,-10.3227040),(-9.9107014,0.,-10.3689234),(-9.2610005,0.,-10.1993420),(-9.9107014,0.,-10.3689234),(-9.9771118,0.,-10.4222535),(-8.8661264,0.,-9.5213473),(-8.7991868,0.,-9.6602535),(-8.7161077,0.,-9.7555035),(-8.8661264,0.,-9.5213473),(-8.7161077,0.,-9.7555035),(-8.6002202,0.,-9.8084202),(-8.9611118,0.,-9.4009618),(-8.8661264,0.,-9.5213473),(-8.6002202,0.,-9.8084202),(-8.9611118,0.,-9.4009618),(-8.6002202,0.,-9.8084202),(-8.5242186,0.,-9.7768686),(-8.9611118,0.,-9.4009618),(-8.5242186,0.,-9.7768686),(-8.4634306,0.,-9.7308973),(-9.0541790,0.,-9.3222483),(-8.9611118,0.,-9.4009618),(-8.4634306,0.,-9.7308973),(-9.0541790,0.,-9.3222483),(-8.4634306,0.,-9.7308973),(-8.3874952,0.,-9.5956952),(-9.1524056,0.,-9.2660243),(-9.0541790,0.,-9.3222483),(-8.3874952,0.,-9.5956952),(-9.1524056,0.,-9.2660243),(-8.3874952,0.,-9.5956952),(-8.3938452,0.,-9.5216118),(-9.1524056,0.,-9.2660243),(-8.3938452,0.,-9.5216118),(-8.4429254,0.,-9.4047983),(-9.2557915,0.,-9.2322900),(-9.1524056,0.,-9.2660243),(-8.4429254,0.,-9.4047983),(-9.2557915,0.,-9.2322900),(-8.4429254,0.,-9.4047983),(-8.5044410,0.,-9.2956577),(-9.3643368,0.,-9.2210452),(-9.2557915,0.,-9.2322900),(-8.5044410,0.,-9.2956577),(-9.3643368,0.,-9.2210452),(-8.5044410,0.,-9.2956577),(-8.5783920,0.,-9.1941900),(-9.3643368,0.,-9.2210452),(-8.5783920,0.,-9.1941900),(-8.6647785,0.,-9.1003952),(-9.4596530,0.,-9.2330176),(-9.3643368,0.,-9.2210452),(-8.6647785,0.,-9.1003952),(-9.4596530,0.,-9.2330176),(-8.6647785,0.,-9.1003952),(-8.7414581,0.,-9.0287096),(-9.4596530,0.,-9.2330176),(-8.7414581,0.,-9.0287096),(-8.8212134,0.,-8.9665821),(-9.5603931,0.,-9.2689348),(-9.4596530,0.,-9.2330176),(-8.8212134,0.,-8.9665821),(-9.5603931,0.,-9.2689348),(-8.8212134,0.,-8.9665821),(-8.9040445,0.,-8.9140127),(-9.5603931,0.,-9.2689348),(-8.9040445,0.,-8.9140127),(-8.9899514,0.,-8.8710014),(-9.6665571,0.,-9.3287967),(-9.5603931,0.,-9.2689348),(-8.9899514,0.,-8.8710014),(-9.6665571,0.,-9.3287967),(-8.9899514,0.,-8.8710014),(-9.0789341,0.,-8.8375482),(-9.7781452,0.,-9.4126035),(-9.6665571,0.,-9.3287967),(-9.0789341,0.,-8.8375482),(-9.7781452,0.,-9.4126035),(-9.0789341,0.,-8.8375482),(-9.1709926,0.,-8.8136530),(-9.7781452,0.,-9.4126035),(-9.1709926,0.,-8.8136530),(-9.2661268,0.,-8.7993159),(-9.8651931,0.,-9.5089118),(-9.7781452,0.,-9.4126035),(-9.2661268,0.,-8.7993159),(-9.8651931,0.,-9.5089118),(-9.2661268,0.,-8.7993159),(-9.3643368,0.,-8.7945368),(-9.8651931,0.,-9.5089118),(-9.3643368,0.,-8.7945368),(-9.4494665,0.,-8.7991340),(-9.8651931,0.,-9.5089118),(-9.4494665,0.,-8.7991340),(-9.5349931,0.,-8.8129254),(-9.9273702,0.,-9.6359118),(-9.8651931,0.,-9.5089118),(-9.5349931,0.,-8.8129254),(-9.9273702,0.,-9.6359118),(-9.5349931,0.,-8.8129254),(-9.6209165,0.,-8.8359111),(-9.9273702,0.,-9.6359118),(-9.6209165,0.,-8.8359111),(-9.7072368,0.,-8.8680910),(-9.9491321,0.,-9.7109212),(-9.9273702,0.,-9.6359118),(-9.7072368,0.,-8.8680910),(-9.9491321,0.,-9.7109212),(-9.7072368,0.,-8.8680910),(-9.7939540,0.,-8.9094652),(-9.9491321,0.,-9.7109212),(-9.7939540,0.,-8.9094652),(-9.8810681,0.,-8.9600337),(-9.9646764,0.,-9.7936035),(-9.9491321,0.,-9.7109212),(-9.8810681,0.,-8.9600337),(-9.9740030,0.,-9.8839587),(-9.9646764,0.,-9.7936035),(-9.8810681,0.,-8.9600337),(-9.9740030,0.,-9.8839587),(-9.8810681,0.,-8.9600337),(-9.9685790,0.,-9.0197965),(-9.9771118,0.,-9.9819868),(-9.9740030,0.,-9.8839587),(-9.9685790,0.,-9.0197965),(-9.9771118,0.,-9.9819868),(-9.9685790,0.,-9.0197965),(-10.0564868,0.,-9.0887535),(-9.9771118,0.,-10.4222535),(-9.9771118,0.,-9.9819868),(-10.0564868,0.,-9.0887535),(-9.9771118,0.,-10.4222535),(-10.0564868,0.,-9.0887535),(-10.1383423,0.,-9.1652677),(-9.9771118,0.,-10.4222535),(-10.1383423,0.,-9.1652677),(-10.2092837,0.,-9.2514061),(-9.9771118,0.,-10.4222535),(-10.2092837,0.,-9.2514061),(-10.2693111,0.,-9.3471687),(-9.9771118,0.,-10.4222535),(-10.2693111,0.,-9.3471687),(-10.3184243,0.,-9.4525556),(-9.9771118,0.,-10.4222535),(-10.3184243,0.,-9.4525556),(-10.3566236,0.,-9.5675667),(-9.9771118,0.,-10.4222535),(-10.3566236,0.,-9.5675667),(-10.3839087,0.,-9.6922019),(-9.9771118,0.,-10.4222535),(-10.3839087,0.,-9.6922019),(-10.4002798,0.,-9.8264614),(-9.9771118,0.,-10.4222535),(-10.4002798,0.,-9.8264614),(-10.4057368,0.,-9.9703452),(-9.9771118,0.,-10.4222535),(-10.4057368,0.,-9.9703452),(-10.4057368,0.,-11.2900868),(-9.2610005,0.,-10.1993420),(-9.9771118,0.,-10.4222535),(-10.4057368,0.,-11.2900868),(-10.4057368,0.,-11.2900868),(-10.0099202,0.,-11.2837368),(-9.9944420,0.,-11.1584566),(-10.4057368,0.,-11.2900868),(-9.9944420,0.,-11.1584566),(-9.9480077,0.,-11.0355577),(-10.4057368,0.,-11.2900868),(-9.9480077,0.,-11.0355577),(-9.8706170,0.,-10.9150400),(-9.2610005,0.,-10.1993420),(-10.4057368,0.,-11.2900868),(-9.8706170,0.,-10.9150400),(-9.2610005,0.,-10.1993420),(-9.8706170,0.,-10.9150400),(-9.7622702,0.,-10.7969035),(-9.2610005,0.,-10.1993420),(-9.7622702,0.,-10.7969035),(-9.6666894,0.,-10.7191160),(-9.2610005,0.,-10.1993420),(-9.6666894,0.,-10.7191160),(-9.5672723,0.,-10.6635535),(-9.2610005,0.,-10.1993420),(-9.5672723,0.,-10.6635535),(-9.4640186,0.,-10.6302160),(-9.2610005,0.,-10.1993420),(-9.4640186,0.,-10.6302160),(-9.3569285,0.,-10.6191035),(-9.2610005,0.,-10.1993420),(-9.3569285,0.,-10.6191035),(-9.2512275,0.,-10.6302160),(-9.2610005,0.,-10.1993420),(-9.2512275,0.,-10.6302160),(-9.1489660,0.,-10.6635535),(-9.2610005,0.,-10.1993420),(-9.1489660,0.,-10.6635535),(-9.0501441,0.,-10.7191160),(-9.2610005,0.,-10.1993420),(-9.0501441,0.,-10.7191160),(-8.9547618,0.,-10.7969035),(-9.2610005,0.,-10.1993420),(-8.9547618,0.,-10.7969035),(-8.8663249,0.,-10.9254910),(-8.3303948,0.,-11.7929275),(-9.2610005,0.,-10.1993420),(-8.8663249,0.,-10.9254910),(-8.3303948,0.,-11.7929275),(-8.8663249,0.,-10.9254910),(-8.8315818,0.,-11.0116129),(-8.3303948,0.,-11.7929275),(-8.8315818,0.,-11.0116129),(-8.8031556,0.,-11.1122868),(-8.3303948,0.,-11.7929275),(-8.8031556,0.,-11.1122868),(-8.7810463,0.,-11.2275129),(-8.3303948,0.,-11.7929275),(-8.7810463,0.,-11.2275129),(-8.7652540,0.,-11.3572910),(-8.3303948,0.,-11.7929275),(-8.7652540,0.,-11.3572910),(-8.7557786,0.,-11.5016212),(-8.3303948,0.,-11.7929275),(-8.7557786,0.,-11.5016212),(-8.7526202,0.,-11.6605035),(-8.3303948,0.,-11.7929275),(-8.7526202,0.,-11.6605035),(-8.7559936,0.,-11.7519501),(-8.3303948,0.,-11.7929275),(-8.7559936,0.,-11.7519501),(-8.7661139,0.,-11.8384358),(-8.3303948,0.,-11.7929275),(-8.7661139,0.,-11.8384358),(-8.7829811,0.,-11.9199605),(-8.3303948,0.,-11.7929275),(-8.7829811,0.,-11.9199605),(-8.8065952,0.,-11.9965243),(-8.3303948,0.,-11.7929275),(-8.8065952,0.,-11.9965243),(-8.8740639,0.,-12.1347691),(-8.3303948,0.,-11.7929275),(-8.8740639,0.,-12.1347691),(-8.9685202,0.,-12.2531702),(-8.3303948,0.,-11.7929275),(-8.9685202,0.,-12.2531702),(-9.0598014,0.,-12.3291056),(-10.0089900,0.,-11.3739432),(-10.0099202,0.,-11.2837368),(-10.4057368,0.,-11.2900868),(-10.0061995,0.,-11.4601478),(-10.0089900,0.,-11.3739432),(-10.4057368,0.,-11.2900868),(-9.9950374,0.,-11.6205514),(-10.0061995,0.,-11.4601478),(-10.4057368,0.,-11.2900868),(-9.9764338,0.,-11.7649478),(-9.9950374,0.,-11.6205514),(-10.4057368,0.,-11.2900868),(-9.9503889,0.,-11.8933368),(-9.9764338,0.,-11.7649478),(-10.4057368,0.,-11.2900868),(-9.9169026,0.,-12.0057186),(-9.9503889,0.,-11.8933368),(-10.4057368,0.,-11.2900868),(-9.8759749,0.,-12.1020931),(-9.9169026,0.,-12.0057186),(-10.4057368,0.,-11.2900868),(-9.8276057,0.,-12.1824603),(-9.8759749,0.,-12.1020931),(-10.4057368,0.,-11.2900868),(-9.8276057,0.,-12.1824603),(-10.4057368,0.,-11.2900868),(-10.4043974,0.,-11.4057800),(-9.8276057,0.,-12.1824603),(-10.4043974,0.,-11.4057800),(-10.4003790,0.,-11.5165867),(-9.8276057,0.,-12.1824603),(-10.4003790,0.,-11.5165867),(-10.3936818,0.,-11.6225069),(-9.7717952,0.,-12.2468202),(-9.8276057,0.,-12.1824603),(-10.3936818,0.,-11.6225069),(-9.7717952,0.,-12.2468202),(-10.3936818,0.,-11.6225069),(-10.3843056,0.,-11.7235405),(-9.7717952,0.,-12.2468202),(-10.3843056,0.,-11.7235405),(-10.3722505,0.,-11.8196876),(-9.6747592,0.,-12.3255337),(-9.7717952,0.,-12.2468202),(-10.3722505,0.,-11.8196876),(-9.6747592,0.,-12.3255337),(-10.3722505,0.,-11.8196876),(-10.3575165,0.,-11.9109482),(-9.6747592,0.,-12.3255337),(-10.3575165,0.,-11.9109482),(-10.3401036,0.,-11.9973222),(-9.5741514,0.,-12.3817577),(-9.6747592,0.,-12.3255337),(-10.3401036,0.,-11.9973222),(-9.5741514,0.,-12.3817577),(-10.3401036,0.,-11.9973222),(-10.3200118,0.,-12.0788098),(-9.5741514,0.,-12.3817577),(-10.3200118,0.,-12.0788098),(-10.2972411,0.,-12.1554108),(-9.4699717,0.,-12.4154920),(-9.5741514,0.,-12.3817577),(-10.2972411,0.,-12.1554108),(-9.4699717,0.,-12.4154920),(-10.2972411,0.,-12.1554108),(-10.2717915,0.,-12.2271252),(-9.4699717,0.,-12.4154920),(-10.2717915,0.,-12.2271252),(-10.2128556,0.,-12.3558946),(-9.3622202,0.,-12.4267368),(-9.4699717,0.,-12.4154920),(-10.2128556,0.,-12.3558946),(-9.3622202,0.,-12.4267368),(-10.2128556,0.,-12.3558946),(-10.1432040,0.,-12.4651180),(-9.3622202,0.,-12.4267368),(-10.1432040,0.,-12.4651180),(-10.0628368,0.,-12.5547952),(-9.2566514,0.,-12.4158889),(-9.3622202,0.,-12.4267368),(-10.0628368,0.,-12.5547952),(-9.2566514,0.,-12.4158889),(-10.0628368,0.,-12.5547952),(-9.9834784,0.,-12.6242483),(-9.2566514,0.,-12.4158889),(-9.9834784,0.,-12.6242483),(-9.9015071,0.,-12.6844410),(-9.1558452,0.,-12.3833452),(-9.2566514,0.,-12.4158889),(-9.9015071,0.,-12.6844410),(-9.1558452,0.,-12.3833452),(-9.9015071,0.,-12.6844410),(-9.8169232,0.,-12.7353733),(-9.1558452,0.,-12.3833452),(-9.8169232,0.,-12.7353733),(-9.7297264,0.,-12.7770452),(-9.0598014,0.,-12.3291056),(-9.1558452,0.,-12.3833452),(-9.7297264,0.,-12.7770452),(-9.0598014,0.,-12.3291056),(-9.7297264,0.,-12.7770452),(-9.6399169,0.,-12.8094566),(-8.3303948,0.,-11.7929275),(-9.0598014,0.,-12.3291056),(-9.6399169,0.,-12.8094566),(-8.3303948,0.,-11.7929275),(-9.6399169,0.,-12.8094566),(-9.5474946,0.,-12.8326077),(-8.3303948,0.,-11.7929275),(-9.5474946,0.,-12.8326077),(-9.4524596,0.,-12.8464983),(-8.3303948,0.,-11.7929275),(-9.4524596,0.,-12.8464983),(-9.3548118,0.,-12.8511285),(-8.3303948,0.,-11.7929275),(-9.3548118,0.,-12.8511285),(-9.2595618,0.,-12.8464156),(-8.3303948,0.,-11.7929275),(-9.2595618,0.,-12.8464156),(-9.1669577,0.,-12.8322769),(-8.3303948,0.,-11.7929275),(-9.1669577,0.,-12.8322769),(-9.0769993,0.,-12.8087125),(-8.3303948,0.,-11.7929275),(-9.0769993,0.,-12.8087125),(-8.9896868,0.,-12.7757223),(-8.3303948,0.,-11.7929275),(-8.9896868,0.,-12.7757223),(-8.9050202,0.,-12.7333062),(-8.3303948,0.,-11.7929275),(-8.9050202,0.,-12.7333062),(-8.8229993,0.,-12.6814644),(-8.3303948,0.,-11.7929275),(-8.8229993,0.,-12.6814644),(-8.7436243,0.,-12.6201969),(-8.3303948,0.,-11.7929275),(-8.7436243,0.,-12.6201969),(-8.6668952,0.,-12.5495035),(-8.3303948,0.,-11.7929275),(-8.6668952,0.,-12.5495035),(-8.5867760,0.,-12.4612650),(-8.3303948,0.,-11.7929275),(-8.5867760,0.,-12.4612650),(-8.5173394,0.,-12.3664118),(-8.3303948,0.,-11.7929275),(-8.5173394,0.,-12.3664118),(-8.4585854,0.,-12.2649441),(-8.3303948,0.,-11.7929275),(-8.4585854,0.,-12.2649441),(-8.4105139,0.,-12.1568618),(-8.3303948,0.,-11.7929275),(-8.4105139,0.,-12.1568618),(-8.3731250,0.,-12.0421650),(-8.3303948,0.,-11.7929275),(-8.3731250,0.,-12.0421650),(-8.3464186,0.,-11.9208535),(-19.3751118,0.,-11.9314368),(-19.3729952,0.,-11.9801202),(-19.3490669,0.,-12.0722117),(-19.3751118,0.,-11.9314368),(-19.3490669,0.,-12.0722117),(-19.3212030,0.,-12.1585155),(-19.3751118,0.,-11.9314368),(-19.3212030,0.,-12.1585155),(-19.2894034,0.,-12.2390315),(-19.3751118,0.,-11.9314368),(-19.2894034,0.,-12.2390315),(-19.2536681,0.,-12.3137598),(-19.3751118,0.,-11.9314368),(-19.2536681,0.,-12.3137598),(-19.2139971,0.,-12.3827002),(-19.3751118,0.,-11.9314368),(-19.2139971,0.,-12.3827002),(-19.1703905,0.,-12.4458530),(-19.3751118,0.,-11.9314368),(-19.1703905,0.,-12.4458530),(-19.0713702,0.,-12.5547952),(-19.3751118,0.,-11.9314368),(-19.0713702,0.,-12.5547952),(-18.9903911,0.,-12.6242483),(-19.3751118,0.,-11.9314368),(-18.9903911,0.,-12.6242483),(-18.9072624,0.,-12.6844410),(-19.3751118,0.,-11.9314368),(-18.9072624,0.,-12.6844410),(-18.8219838,0.,-12.7353733),(-19.3751118,0.,-11.9314368),(-18.8219838,0.,-12.7353733),(-18.7345556,0.,-12.7770452),(-19.3751118,0.,-11.9314368),(-18.7345556,0.,-12.7770452),(-18.6449776,0.,-12.8094566),(-19.3751118,0.,-11.9314368),(-18.6449776,0.,-12.8094566),(-18.5532499,0.,-12.8326077),(-19.3751118,0.,-11.9314368),(-18.5532499,0.,-12.8326077),(-18.4593724,0.,-12.8464983),(-19.3751118,0.,-11.9314368),(-18.4593724,0.,-12.8464983),(-18.3633452,0.,-12.8511285),(-19.3751118,0.,-11.9314368),(-18.3633452,0.,-12.8511285),(-18.2680952,0.,-12.8464156),(-19.3751118,0.,-11.9314368),(-18.2680952,0.,-12.8464156),(-18.1754910,0.,-12.8322769),(-19.3751118,0.,-11.9314368),(-18.1754910,0.,-12.8322769),(-18.0855327,0.,-12.8087125),(-19.3751118,0.,-11.9314368),(-18.0855327,0.,-12.8087125),(-17.9982202,0.,-12.7757223),(-17.9982202,0.,-12.7757223),(-17.9135535,0.,-12.7333062),(-17.8315327,0.,-12.6814644),(-17.9982202,0.,-12.7757223),(-17.8315327,0.,-12.6814644),(-17.7521577,0.,-12.6201969),(-17.9982202,0.,-12.7757223),(-17.7521577,0.,-12.6201969),(-17.6754285,0.,-12.5495035),(-17.9982202,0.,-12.7757223),(-17.6754285,0.,-12.5495035),(-17.5953094,0.,-12.4612650),(-17.9982202,0.,-12.7757223),(-17.5953094,0.,-12.4612650),(-17.5258728,0.,-12.3664118),(-17.9982202,0.,-12.7757223),(-17.5258728,0.,-12.3664118),(-17.4671187,0.,-12.2649441),(-17.9982202,0.,-12.7757223),(-17.4671187,0.,-12.2649441),(-17.4190473,0.,-12.1568618),(-17.9982202,0.,-12.7757223),(-17.4190473,0.,-12.1568618),(-17.3816583,0.,-12.0421650),(-17.9982202,0.,-12.7757223),(-17.3816583,0.,-12.0421650),(-17.3549519,0.,-11.9208535),(-17.9982202,0.,-12.7757223),(-17.3549519,0.,-11.9208535),(-17.3389281,0.,-11.7929275),(-17.9982202,0.,-12.7757223),(-17.3389281,0.,-11.7929275),(-17.3335868,0.,-11.6583868),(-17.9982202,0.,-12.7757223),(-17.3335868,0.,-11.6583868),(-17.3348767,0.,-11.5551042),(-17.9982202,0.,-12.7757223),(-17.3348767,0.,-11.5551042),(-17.3387462,0.,-11.4558648),(-17.9982202,0.,-12.7757223),(-17.3387462,0.,-11.4558648),(-17.3451954,0.,-11.3606686),(-17.9982202,0.,-12.7757223),(-17.3451954,0.,-11.3606686),(-17.3542243,0.,-11.2695155),(-17.9982202,0.,-12.7757223),(-17.3542243,0.,-11.2695155),(-17.3658329,0.,-11.1824056),(-17.9982202,0.,-12.7757223),(-17.3658329,0.,-11.1824056),(-17.3800212,0.,-11.0993388),(-17.9982202,0.,-12.7757223),(-17.3800212,0.,-11.0993388),(-17.3967892,0.,-11.0203152),(-17.9982202,0.,-12.7757223),(-17.3967892,0.,-11.0203152),(-17.4161368,0.,-10.9453348),(-17.9982202,0.,-12.7757223),(-17.4161368,0.,-10.9453348),(-17.4625712,0.,-10.8075034),(-17.4625712,0.,-10.8075034),(-17.5193243,0.,-10.6858446),(-17.5863962,0.,-10.5803586),(-17.4625712,0.,-10.8075034),(-17.5863962,0.,-10.5803586),(-17.6637868,0.,-10.4910452),(-17.4625712,0.,-10.8075034),(-17.6637868,0.,-10.4910452),(-17.7432776,0.,-10.4215920),(-17.4625712,0.,-10.8075034),(-17.7432776,0.,-10.4215920),(-17.8251165,0.,-10.3613993),(-17.4625712,0.,-10.8075034),(-17.8251165,0.,-10.3613993),(-17.9093036,0.,-10.3104670),(-17.4625712,0.,-10.8075034),(-17.9093036,0.,-10.3104670),(-17.9958389,0.,-10.2687952),(-17.4625712,0.,-10.8075034),(-17.9958389,0.,-10.2687952),(-18.0847224,0.,-10.2363837),(-17.4625712,0.,-10.8075034),(-18.0847224,0.,-10.2363837),(-18.1759540,0.,-10.2132327),(-17.4625712,0.,-10.8075034),(-18.1759540,0.,-10.2132327),(-18.2695338,0.,-10.1993420),(-17.4625712,0.,-10.8075034),(-18.2695338,0.,-10.1993420),(-18.3654618,0.,-10.1947118),(-17.4625712,0.,-10.8075034),(-18.3654618,0.,-10.1947118),(-18.4507734,0.,-10.1979695),(-17.4625712,0.,-10.8075034),(-18.4507734,0.,-10.1979695),(-18.5331415,0.,-10.2077426),(-17.4625712,0.,-10.8075034),(-18.5331415,0.,-10.2077426),(-18.6125661,0.,-10.2240310),(-17.4625712,0.,-10.8075034),(-18.6125661,0.,-10.2240310),(-18.6890473,0.,-10.2468348),(-17.4625712,0.,-10.8075034),(-18.6890473,0.,-10.2468348),(-18.8331790,0.,-10.3119884),(-17.4625712,0.,-10.8075034),(-18.8331790,0.,-10.3119884),(-18.9655368,0.,-10.4032035),(-18.9232035,0.,-9.2252785),(-17.6479118,0.,-9.2252785),(-17.5664202,0.,-9.2094035),(-18.9232035,0.,-9.2252785),(-17.5664202,0.,-9.2094035),(-17.4976285,0.,-9.1617785),(-18.9232035,0.,-9.2252785),(-17.4976285,0.,-9.1617785),(-17.4507973,0.,-9.0924577),(-18.9232035,0.,-9.2252785),(-17.4507973,0.,-9.0924577),(-17.4351868,0.,-9.0114952),(-18.9232035,0.,-9.2252785),(-17.4351868,0.,-9.0114952),(-17.4507973,0.,-8.9307973),(-18.9232035,0.,-9.2252785),(-17.4507973,0.,-8.9307973),(-17.4976285,0.,-8.8622702),(-18.9232035,0.,-9.2252785),(-17.4976285,0.,-8.8622702),(-17.5664202,0.,-8.8146452),(-18.9232035,0.,-9.2252785),(-17.5664202,0.,-8.8146452),(-17.6479118,0.,-8.7987702),(-18.9232035,0.,-9.2252785),(-17.6479118,0.,-8.7987702),(-19.1200535,0.,-8.7987702),(-18.9655368,0.,-10.4032035),(-18.9232035,0.,-9.2252785),(-19.1200535,0.,-8.7987702),(-18.9655368,0.,-10.4032035),(-19.1200535,0.,-8.7987702),(-19.2004868,0.,-8.8127931),(-18.9655368,0.,-10.4032035),(-19.2004868,0.,-8.8127931),(-19.2703368,0.,-8.8548618),(-18.9655368,0.,-10.4032035),(-19.2703368,0.,-8.8548618),(-19.3179618,0.,-8.9199493),(-18.9655368,0.,-10.4032035),(-19.3179618,0.,-8.9199493),(-19.3338368,0.,-8.9987952),(-18.9655368,0.,-10.4032035),(-19.3338368,0.,-8.9987952),(-19.4142702,0.,-11.0636035),(-18.9655368,0.,-10.4032035),(-19.4142702,0.,-11.0636035),(-19.4010410,0.,-11.1429785),(-18.9655368,0.,-10.4032035),(-19.4010410,0.,-11.1429785),(-19.3613535,0.,-11.2138868),(-18.9655368,0.,-10.4032035),(-19.3613535,0.,-11.2138868),(-19.2962660,0.,-11.2678618),(-18.9655368,0.,-10.4032035),(-19.2962660,0.,-11.2678618),(-19.2131868,0.,-11.2858535),(-18.9655368,0.,-10.4032035),(-19.2131868,0.,-11.2858535),(-19.1319598,0.,-11.2723598),(-18.9655368,0.,-10.4032035),(-19.1319598,0.,-11.2723598),(-19.0597285,0.,-11.2318785),(-18.9655368,0.,-10.4032035),(-19.0597285,0.,-11.2318785),(-18.9972868,0.,-11.1302785),(-18.9655368,0.,-10.4032035),(-18.9972868,0.,-11.1302785),(-18.9632879,0.,-11.0451488),(-18.9655368,0.,-10.4032035),(-18.9632879,0.,-11.0451488),(-18.9142077,0.,-10.9612098),(-18.9655368,0.,-10.4032035),(-18.9142077,0.,-10.9612098),(-18.8500462,0.,-10.8784613),(-18.9655368,0.,-10.4032035),(-18.8500462,0.,-10.8784613),(-18.7708035,0.,-10.7969035),(-18.9655368,0.,-10.4032035),(-18.7708035,0.,-10.7969035),(-18.6752228,0.,-10.7191160),(-18.9655368,0.,-10.4032035),(-18.6752228,0.,-10.7191160),(-18.5758056,0.,-10.6635535),(-18.9655368,0.,-10.4032035),(-18.5758056,0.,-10.6635535),(-18.4725519,0.,-10.6302160),(-18.9655368,0.,-10.4032035),(-18.4725519,0.,-10.6302160),(-18.3654618,0.,-10.6191035),(-18.9655368,0.,-10.4032035),(-18.3654618,0.,-10.6191035),(-18.2589670,0.,-10.6302160),(-17.4625712,0.,-10.8075034),(-18.9655368,0.,-10.4032035),(-18.2589670,0.,-10.6302160),(-17.4625712,0.,-10.8075034),(-18.2589670,0.,-10.6302160),(-18.1564410,0.,-10.6635535),(-17.4625712,0.,-10.8075034),(-18.1564410,0.,-10.6635535),(-18.0578837,0.,-10.7191160),(-17.4625712,0.,-10.8075034),(-18.0578837,0.,-10.7191160),(-17.9632952,0.,-10.7969035),(-17.4625712,0.,-10.8075034),(-17.9632952,0.,-10.7969035),(-17.8730061,0.,-10.9254910),(-17.4625712,0.,-10.8075034),(-17.8730061,0.,-10.9254910),(-17.8375354,0.,-11.0116129),(-17.4625712,0.,-10.8075034),(-17.8375354,0.,-11.0116129),(-17.8085139,0.,-11.1122868),(-17.4625712,0.,-10.8075034),(-17.8085139,0.,-11.1122868),(-17.7859417,0.,-11.2275129),(-17.4625712,0.,-10.8075034),(-17.7859417,0.,-11.2275129),(-17.7698186,0.,-11.3572910),(-17.4625712,0.,-10.8075034),(-17.7698186,0.,-11.3572910),(-17.7601448,0.,-11.5016212),(-17.4625712,0.,-10.8075034),(-17.7601448,0.,-11.5016212),(-17.7569202,0.,-11.6605035),(-17.4625712,0.,-10.8075034),(-17.7569202,0.,-11.6605035),(-17.7603598,0.,-11.7519501),(-17.4625712,0.,-10.8075034),(-17.7603598,0.,-11.7519501),(-17.7706785,0.,-11.8384358),(-17.4625712,0.,-10.8075034),(-17.7706785,0.,-11.8384358),(-17.7878764,0.,-11.9199605),(-17.9982202,0.,-12.7757223),(-17.4625712,0.,-10.8075034),(-17.7878764,0.,-11.9199605),(-17.9982202,0.,-12.7757223),(-17.7878764,0.,-11.9199605),(-17.8119535,0.,-11.9965243),(-17.9982202,0.,-12.7757223),(-17.8119535,0.,-11.9965243),(-17.8807452,0.,-12.1347691),(-17.9982202,0.,-12.7757223),(-17.8807452,0.,-12.1347691),(-17.9770535,0.,-12.2531702),(-17.9982202,0.,-12.7757223),(-17.9770535,0.,-12.2531702),(-18.0683348,0.,-12.3291056),(-17.9982202,0.,-12.7757223),(-18.0683348,0.,-12.3291056),(-18.1643785,0.,-12.3833452),(-17.9982202,0.,-12.7757223),(-18.1643785,0.,-12.3833452),(-18.2651848,0.,-12.4158889),(-17.9982202,0.,-12.7757223),(-18.2651848,0.,-12.4158889),(-18.3707535,0.,-12.4267368),(-17.9982202,0.,-12.7757223),(-18.3707535,0.,-12.4267368),(-18.4733457,0.,-12.4154920),(-17.9982202,0.,-12.7757223),(-18.4733457,0.,-12.4154920),(-18.5758056,0.,-12.3817577),(-17.9982202,0.,-12.7757223),(-18.5758056,0.,-12.3817577),(-18.6781332,0.,-12.3255337),(-19.3751118,0.,-11.9314368),(-17.9982202,0.,-12.7757223),(-18.6781332,0.,-12.3255337),(-19.3751118,0.,-11.9314368),(-18.6781332,0.,-12.3255337),(-18.7803285,0.,-12.2468202),(-19.3751118,0.,-11.9314368),(-18.7803285,0.,-12.2468202),(-18.8824577,0.,-12.1039452),(-19.3751118,0.,-11.9314368),(-18.8824577,0.,-12.1039452),(-18.9220129,0.,-12.0039327),(-19.3751118,0.,-11.9314368),(-18.9220129,0.,-12.0039327),(-18.9538952,0.,-11.8848702),(-19.3751118,0.,-11.9314368),(-18.9538952,0.,-11.8848702),(-18.9979483,0.,-11.8121759),(-19.3751118,0.,-11.9314368),(-18.9979483,0.,-11.8121759),(-19.0464993,0.,-11.7602514),(-19.3751118,0.,-11.9314368),(-19.0464993,0.,-11.7602514),(-19.1570952,0.,-11.7187118),(-19.3751118,0.,-11.9314368),(-19.1570952,0.,-11.7187118),(-19.1645035,0.,-11.7187118),(-19.3751118,0.,-11.9314368),(-19.1645035,0.,-11.7187118),(-19.2383884,0.,-11.7343884),(-19.3751118,0.,-11.9314368),(-19.2383884,0.,-11.7343884),(-19.2981181,0.,-11.7750681),(-21.3785368,0.,-10.5630118),(-21.3309118,0.,-10.5143285),(-21.2748532,0.,-10.4367560),(-21.3785368,0.,-10.5630118),(-21.2748532,0.,-10.4367560),(-21.2262691,0.,-10.3553801),(-21.3785368,0.,-10.5630118),(-21.2262691,0.,-10.3553801),(-21.1851595,0.,-10.2702008),(-21.3785368,0.,-10.5630118),(-21.1851595,0.,-10.2702008),(-21.1515243,0.,-10.1812181),(-21.3785368,0.,-10.5630118),(-21.1515243,0.,-10.1812181),(-21.1253637,0.,-10.0884320),(-21.3785368,0.,-10.5630118),(-21.1253637,0.,-10.0884320),(-21.1066775,0.,-9.9918426),(-21.3785368,0.,-10.5630118),(-21.1066775,0.,-9.9918426),(-21.0954657,0.,-9.8914497),(-21.3785368,0.,-10.5630118),(-21.0954657,0.,-9.8914497),(-21.0917285,0.,-9.7872535),(-21.3785368,0.,-10.5630118),(-21.0917285,0.,-9.7872535),(-21.0954492,0.,-9.6831400),(-21.3785368,0.,-10.5630118),(-21.0954492,0.,-9.6831400),(-21.1066113,0.,-9.5835243),(-21.3785368,0.,-10.5630118),(-21.1066113,0.,-9.5835243),(-21.1252148,0.,-9.4884066),(-21.3785368,0.,-10.5630118),(-21.1252148,0.,-9.4884066),(-21.1512598,0.,-9.3977868),(-21.3785368,0.,-10.5630118),(-21.1512598,0.,-9.3977868),(-21.1847461,0.,-9.3116650),(-21.3785368,0.,-10.5630118),(-21.1847461,0.,-9.3116650),(-21.2256738,0.,-9.2300410),(-21.3785368,0.,-10.5630118),(-21.2256738,0.,-9.2300410),(-21.2740430,0.,-9.1529150),(-21.3785368,0.,-10.5630118),(-21.2740430,0.,-9.1529150),(-21.3298535,0.,-9.0802868),(-21.3785368,0.,-10.5630118),(-21.3298535,0.,-9.0802868),(-21.3916006,0.,-9.0143064),(-21.3785368,0.,-10.5630118),(-21.3916006,0.,-9.0143064),(-21.4583087,0.,-8.9571233),(-21.3785368,0.,-10.5630118),(-21.4583087,0.,-8.9571233),(-21.5299777,0.,-8.9087376),(-21.3785368,0.,-10.5630118),(-21.5299777,0.,-8.9087376),(-21.6066077,0.,-8.8691493),(-21.6066077,0.,-8.8691493),(-21.6881986,0.,-8.8383584),(-21.7747504,0.,-8.8163650),(-21.6066077,0.,-8.8691493),(-21.7747504,0.,-8.8163650),(-21.8662631,0.,-8.8031689),(-21.6066077,0.,-8.8691493),(-21.8662631,0.,-8.8031689),(-21.9627368,0.,-8.7987702),(-21.6066077,0.,-8.8691493),(-21.9627368,0.,-8.7987702),(-22.0582514,0.,-8.8031523),(-21.6066077,0.,-8.8691493),(-22.0582514,0.,-8.8031523),(-22.1495327,0.,-8.8162988),(-21.6066077,0.,-8.8691493),(-22.1495327,0.,-8.8162988),(-22.2365806,0.,-8.8382096),(-21.6066077,0.,-8.8691493),(-22.2365806,0.,-8.8382096),(-22.3193952,0.,-8.8688848),(-21.6066077,0.,-8.8691493),(-22.3193952,0.,-8.8688848),(-22.3979764,0.,-8.9083242),(-21.6066077,0.,-8.8691493),(-22.3979764,0.,-8.9083242),(-22.4723243,0.,-8.9565280),(-21.6066077,0.,-8.8691493),(-22.4723243,0.,-8.9565280),(-22.5424389,0.,-9.0134961),(-21.6066077,0.,-8.8691493),(-22.5424389,0.,-9.0134961),(-22.6083202,0.,-9.0792285),(-21.6066077,0.,-8.8691493),(-22.6083202,0.,-9.0792285),(-22.6680995,0.,-9.1516417),(-21.6066077,0.,-8.8691493),(-22.6680995,0.,-9.1516417),(-22.7199082,0.,-9.2286519),(-21.6066077,0.,-8.8691493),(-22.7199082,0.,-9.2286519),(-22.7637463,0.,-9.3102594),(-21.6066077,0.,-8.8691493),(-22.7637463,0.,-9.3102594),(-22.7996139,0.,-9.3964639),(-21.6066077,0.,-8.8691493),(-22.7996139,0.,-9.3964639),(-22.8275109,0.,-9.4872656),(-21.6066077,0.,-8.8691493),(-22.8275109,0.,-9.4872656),(-22.8474374,0.,-9.5826644),(-21.6066077,0.,-8.8691493),(-22.8474374,0.,-9.5826644),(-22.8593932,0.,-9.6826604),(-22.8593932,0.,-9.6826604),(-22.8633785,0.,-9.7872535),(-22.8480327,0.,-9.8695389),(-22.8593932,0.,-9.6826604),(-22.8480327,0.,-9.8695389),(-22.8019952,0.,-9.9385952),(-22.8593932,0.,-9.6826604),(-22.8019952,0.,-9.9385952),(-22.7337327,0.,-9.9854264),(-22.8593932,0.,-9.6826604),(-22.7337327,0.,-9.9854264),(-22.6517118,0.,-10.0010368),(-22.8593932,0.,-9.6826604),(-22.6517118,0.,-10.0010368),(-22.5688973,0.,-9.9854264),(-22.8593932,0.,-9.6826604),(-22.5688973,0.,-9.9854264),(-22.5003702,0.,-9.9385952),(-22.8593932,0.,-9.6826604),(-22.5003702,0.,-9.9385952),(-22.4543327,0.,-9.8695389),(-22.8593932,0.,-9.6826604),(-22.4543327,0.,-9.8695389),(-22.4389868,0.,-9.7872535),(-22.8593932,0.,-9.6826604),(-22.4389868,0.,-9.7872535),(-22.4303217,0.,-9.6609811),(-22.8593932,0.,-9.6826604),(-22.4303217,0.,-9.6609811),(-22.4043264,0.,-9.5499223),(-22.8593932,0.,-9.6826604),(-22.4043264,0.,-9.5499223),(-22.3610009,0.,-9.4540769),(-22.8593932,0.,-9.6826604),(-22.3610009,0.,-9.4540769),(-22.3003452,0.,-9.3734452),(-22.8593932,0.,-9.6826604),(-22.3003452,0.,-9.3734452),(-22.2288415,0.,-9.3086223),(-21.6066077,0.,-8.8691493),(-22.8593932,0.,-9.6826604),(-22.2288415,0.,-9.3086223),(-21.6066077,0.,-8.8691493),(-22.2288415,0.,-9.3086223),(-22.1487389,0.,-9.2623202),(-21.6066077,0.,-8.8691493),(-22.1487389,0.,-9.2623202),(-22.0600374,0.,-9.2345389),(-21.6066077,0.,-8.8691493),(-22.0600374,0.,-9.2345389),(-21.9627368,0.,-9.2252785),(-21.6066077,0.,-8.8691493),(-21.9627368,0.,-9.2252785),(-21.8688759,0.,-9.2344728),(-21.6066077,0.,-8.8691493),(-21.8688759,0.,-9.2344728),(-21.7841431,0.,-9.2620556),(-21.6066077,0.,-8.8691493),(-21.7841431,0.,-9.2620556),(-21.7085384,0.,-9.3080269),(-21.6066077,0.,-8.8691493),(-21.7085384,0.,-9.3080269),(-21.6420618,0.,-9.3723868),(-21.6066077,0.,-8.8691493),(-21.6420618,0.,-9.3723868),(-21.5878884,0.,-9.4534816),(-21.6066077,0.,-8.8691493),(-21.5878884,0.,-9.4534816),(-21.5491931,0.,-9.5496577),(-21.6066077,0.,-8.8691493),(-21.5491931,0.,-9.5496577),(-21.5259759,0.,-9.6609150),(-21.3785368,0.,-10.5630118),(-21.6066077,0.,-8.8691493),(-21.5259759,0.,-9.6609150),(-21.3785368,0.,-10.5630118),(-21.5259759,0.,-9.6609150),(-21.5182368,0.,-9.7872535),(-21.3785368,0.,-10.5630118),(-21.5182368,0.,-9.7872535),(-21.5259098,0.,-9.9153118),(-21.3785368,0.,-10.5630118),(-21.5259098,0.,-9.9153118),(-21.5489285,0.,-10.0306702),(-21.3785368,0.,-10.5630118),(-21.5489285,0.,-10.0306702),(-21.5872931,0.,-10.1333285),(-21.3785368,0.,-10.5630118),(-21.5872931,0.,-10.1333285),(-21.6410035,0.,-10.2232868),(-21.3785368,0.,-10.5630118),(-21.6410035,0.,-10.2232868),(-21.7032467,0.,-10.2881098),(-21.2941348,0.,-10.6392118),(-21.3785368,0.,-10.5630118),(-21.7032467,0.,-10.2881098),(-21.2941348,0.,-10.6392118),(-21.7032467,0.,-10.2881098),(-21.7725014,0.,-10.3344118),(-21.2941348,0.,-10.6392118),(-21.7725014,0.,-10.3344118),(-21.8487676,0.,-10.3621931),(-21.2941348,0.,-10.6392118),(-21.8487676,0.,-10.3621931),(-21.9320452,0.,-10.3714535),(-21.2941348,0.,-10.6392118),(-21.9320452,0.,-10.3714535),(-21.9743785,0.,-10.3714535),(-21.2941348,0.,-10.6392118),(-21.9743785,0.,-10.3714535),(-22.0410535,0.,-10.3714535),(-21.2941348,0.,-10.6392118),(-22.0410535,0.,-10.3714535),(-22.1225452,0.,-10.3870639),(-21.2941348,0.,-10.6392118),(-22.1225452,0.,-10.3870639),(-22.1913368,0.,-10.4338952),(-21.2941348,0.,-10.6392118),(-22.1913368,0.,-10.4338952),(-22.2381681,0.,-10.5024223),(-21.2941348,0.,-10.6392118),(-22.2381681,0.,-10.5024223),(-22.2537785,0.,-10.5831202),(-21.2941348,0.,-10.6392118),(-22.2537785,0.,-10.5831202),(-22.2381681,0.,-10.6640827),(-21.2941348,0.,-10.6392118),(-22.2381681,0.,-10.6640827),(-22.1913368,0.,-10.7334035),(-21.2941348,0.,-10.6392118),(-22.1913368,0.,-10.7334035),(-22.1225452,0.,-10.7810285),(-21.2941348,0.,-10.6392118),(-22.1225452,0.,-10.7810285),(-22.0410535,0.,-10.7969035),(-21.2941348,0.,-10.6392118),(-22.0410535,0.,-10.7969035),(-21.9743785,0.,-10.7969035),(-21.2941348,0.,-10.6392118),(-21.9743785,0.,-10.7969035),(-21.8440051,0.,-10.8108603),(-21.2941348,0.,-10.6392118),(-21.8440051,0.,-10.8108603),(-21.7259348,0.,-10.8527306),(-21.2941348,0.,-10.6392118),(-21.7259348,0.,-10.8527306),(-21.6201676,0.,-10.9225144),(-21.2941348,0.,-10.6392118),(-21.6201676,0.,-10.9225144),(-21.5267035,0.,-11.0202118),(-21.2941348,0.,-10.6392118),(-21.5267035,0.,-11.0202118),(-21.4498420,0.,-11.1413910),(-21.2941348,0.,-10.6392118),(-21.4498420,0.,-11.1413910),(-21.3949410,0.,-11.2816202),(-21.2941348,0.,-10.6392118),(-21.3949410,0.,-11.2816202),(-21.3620004,0.,-11.4408993),(-21.2941348,0.,-10.6392118),(-21.3620004,0.,-11.4408993),(-21.3537652,0.,-11.5276827),(-21.2941348,0.,-10.6392118),(-21.3537652,0.,-11.5276827),(-21.3510202,0.,-11.6192285),(-21.2941348,0.,-10.6392118),(-21.3510202,0.,-11.6192285),(-21.3537983,0.,-11.7099144),(-22.5727999,0.,-11.6547323),(-22.5755118,0.,-11.5546702),(-22.5913868,0.,-11.4726493),(-22.5646639,0.,-11.7490728),(-22.5727999,0.,-11.6547323),(-22.5913868,0.,-11.4726493),(-22.5646639,0.,-11.7490728),(-22.5913868,0.,-11.4726493),(-22.6390118,0.,-11.4043868),(-22.5511040,0.,-11.8376917),(-22.5646639,0.,-11.7490728),(-22.6390118,0.,-11.4043868),(-22.5511040,0.,-11.8376917),(-22.6390118,0.,-11.4043868),(-22.7083327,0.,-11.3583493),(-22.5321202,0.,-11.9205889),(-22.5511040,0.,-11.8376917),(-22.7083327,0.,-11.3583493),(-22.5321202,0.,-11.9205889),(-22.7083327,0.,-11.3583493),(-22.7914118,0.,-11.3430035),(-22.4778806,0.,-12.0692186),(-22.5321202,0.,-11.9205889),(-22.7914118,0.,-11.3430035),(-22.4778806,0.,-12.0692186),(-22.7914118,0.,-11.3430035),(-22.8742264,0.,-11.3583493),(-22.4778806,0.,-12.0692186),(-22.8742264,0.,-11.3583493),(-22.9427535,0.,-11.4043868),(-22.4019452,0.,-12.1949618),(-22.4778806,0.,-12.0692186),(-22.9427535,0.,-11.4043868),(-22.4019452,0.,-12.1949618),(-22.9427535,0.,-11.4043868),(-22.9887910,0.,-11.4726493),(-22.4019452,0.,-12.1949618),(-22.9887910,0.,-11.4726493),(-23.0041368,0.,-11.5546702),(-22.3113915,0.,-12.2945113),(-22.4019452,0.,-12.1949618),(-23.0041368,0.,-11.5546702),(-22.3113915,0.,-12.2945113),(-23.0041368,0.,-11.5546702),(-22.9997216,0.,-11.6916417),(-22.3113915,0.,-12.2945113),(-22.9997216,0.,-11.6916417),(-22.9864759,0.,-11.8226269),(-22.3113915,0.,-12.2945113),(-22.9864759,0.,-11.8226269),(-22.9643997,0.,-11.9476260),(-22.2080056,0.,-12.3656181),(-22.3113915,0.,-12.2945113),(-22.9643997,0.,-11.9476260),(-22.2080056,0.,-12.3656181),(-22.9643997,0.,-11.9476260),(-22.9334931,0.,-12.0666389),(-22.2080056,0.,-12.3656181),(-22.9334931,0.,-12.0666389),(-22.8937560,0.,-12.1796656),(-22.0917874,0.,-12.4082821),(-22.2080056,0.,-12.3656181),(-22.8937560,0.,-12.1796656),(-22.0917874,0.,-12.4082821),(-22.8937560,0.,-12.1796656),(-22.8451884,0.,-12.2867061),(-22.0917874,0.,-12.4082821),(-22.8451884,0.,-12.2867061),(-22.7877903,0.,-12.3877604),(-21.9627368,0.,-12.4225035),(-22.0917874,0.,-12.4082821),(-22.7877903,0.,-12.3877604),(-21.9627368,0.,-12.4225035),(-22.7877903,0.,-12.3877604),(-22.7215618,0.,-12.4828285),(-21.9627368,0.,-12.4225035),(-22.7215618,0.,-12.4828285),(-22.6495125,0.,-12.5684047),(-21.8391764,0.,-12.4090759),(-21.9627368,0.,-12.4225035),(-22.6495125,0.,-12.5684047),(-21.8391764,0.,-12.4090759),(-22.6495125,0.,-12.5684047),(-22.5709478,0.,-12.6425707),(-21.8391764,0.,-12.4090759),(-22.5709478,0.,-12.6425707),(-22.4858677,0.,-12.7053265),(-21.7256702,0.,-12.3687931),(-21.8391764,0.,-12.4090759),(-22.4858677,0.,-12.7053265),(-21.7256702,0.,-12.3687931),(-22.4858677,0.,-12.7053265),(-22.3942723,0.,-12.7566723),(-21.7256702,0.,-12.3687931),(-22.3942723,0.,-12.7566723),(-22.2961614,0.,-12.7966078),(-21.6222181,0.,-12.3016551),(-21.7256702,0.,-12.3687931),(-22.2961614,0.,-12.7966078),(-21.6222181,0.,-12.3016551),(-22.2961614,0.,-12.7966078),(-22.1915353,0.,-12.8251332),(-21.6222181,0.,-12.3016551),(-22.1915353,0.,-12.8251332),(-22.0803937,0.,-12.8422484),(-21.5288202,0.,-12.2076618),(-21.6222181,0.,-12.3016551),(-22.0803937,0.,-12.8422484),(-21.5288202,0.,-12.2076618),(-22.0803937,0.,-12.8422484),(-21.9627368,0.,-12.8479535),(-21.5288202,0.,-12.2076618),(-21.9627368,0.,-12.8479535),(-21.8496109,0.,-12.8424634),(-21.4510327,0.,-12.0899223),(-21.5288202,0.,-12.2076618),(-21.8496109,0.,-12.8424634),(-21.4510327,0.,-12.0899223),(-21.8496109,0.,-12.8424634),(-21.7420082,0.,-12.8259931),(-21.3954702,0.,-11.9526035),(-21.4510327,0.,-12.0899223),(-21.7420082,0.,-12.8259931),(-21.3954702,0.,-11.9526035),(-21.7420082,0.,-12.8259931),(-21.6399286,0.,-12.7985426),(-21.3954702,0.,-11.9526035),(-21.6399286,0.,-12.7985426),(-21.5433723,0.,-12.7601118),(-21.3760233,0.,-11.8766019),(-21.3954702,0.,-11.9526035),(-21.5433723,0.,-12.7601118),(-21.3760233,0.,-11.8766019),(-21.5433723,0.,-12.7601118),(-21.4523390,0.,-12.7107009),(-21.3621327,0.,-11.7957056),(-21.3760233,0.,-11.8766019),(-21.4523390,0.,-12.7107009),(-21.3621327,0.,-11.7957056),(-21.4523390,0.,-12.7107009),(-21.3668290,0.,-12.6503098),(-21.3537983,0.,-11.7099144),(-21.3621327,0.,-11.7957056),(-21.3668290,0.,-12.6503098),(-21.2941348,0.,-10.6392118),(-21.3537983,0.,-11.7099144),(-21.3668290,0.,-12.6503098),(-21.2941348,0.,-10.6392118),(-21.3668290,0.,-12.6503098),(-21.2868422,0.,-12.5789384),(-21.2941348,0.,-10.6392118),(-21.2868422,0.,-12.5789384),(-21.2123785,0.,-12.4965868),(-21.2941348,0.,-10.6392118),(-21.2123785,0.,-12.4965868),(-21.1446617,0.,-12.4053221),(-21.2941348,0.,-10.6392118),(-21.1446617,0.,-12.4053221),(-21.0859738,0.,-12.3087988),(-21.2941348,0.,-10.6392118),(-21.0859738,0.,-12.3087988),(-21.0363148,0.,-12.2070169),(-21.2941348,0.,-10.6392118),(-21.0363148,0.,-12.2070169),(-20.9956848,0.,-12.0999764),(-21.2941348,0.,-10.6392118),(-20.9956848,0.,-12.0999764),(-20.9640836,0.,-11.9876773),(-21.2941348,0.,-10.6392118),(-20.9640836,0.,-11.9876773),(-20.9415113,0.,-11.8701196),(-21.2941348,0.,-10.6392118),(-20.9415113,0.,-11.8701196),(-20.9279680,0.,-11.7473034),(-21.2941348,0.,-10.6392118),(-20.9279680,0.,-11.7473034),(-20.9234535,0.,-11.6192285),(-21.2941348,0.,-10.6392118),(-20.9234535,0.,-11.6192285),(-20.9279349,0.,-11.4898473),(-21.2941348,0.,-10.6392118),(-20.9279349,0.,-11.4898473),(-20.9413790,0.,-11.3657577),(-21.2941348,0.,-10.6392118),(-20.9413790,0.,-11.3657577),(-20.9637859,0.,-11.2469598),(-21.2941348,0.,-10.6392118),(-20.9637859,0.,-11.2469598),(-20.9951556,0.,-11.1334535),(-21.2941348,0.,-10.6392118),(-20.9951556,0.,-11.1334535),(-21.0354880,0.,-11.0252389),(-21.2941348,0.,-10.6392118),(-21.0354880,0.,-11.0252389),(-21.0847832,0.,-10.9223160),(-21.2941348,0.,-10.6392118),(-21.0847832,0.,-10.9223160),(-21.1430411,0.,-10.8246848),(-21.2941348,0.,-10.6392118),(-21.1430411,0.,-10.8246848),(-21.2102618,0.,-10.7323452),(-16.4448514,0.,-12.8762639),(-16.3832035,0.,-12.8204368),(-15.6635368,0.,-11.8245452),(-15.6635368,0.,-11.8245452),(-14.9459868,0.,-12.8204368),(-14.8838098,0.,-12.8762639),(-15.6635368,0.,-11.8245452),(-14.8838098,0.,-12.8762639),(-14.8052285,0.,-12.9040452),(-15.6635368,0.,-11.8245452),(-14.8052285,0.,-12.9040452),(-14.7226785,0.,-12.9016639),(-15.6635368,0.,-11.8245452),(-14.7226785,0.,-12.9016639),(-14.6485952,0.,-12.8670035),(-15.6635368,0.,-11.8245452),(-14.6485952,0.,-12.8670035),(-14.5919743,0.,-12.8072077),(-15.6635368,0.,-11.8245452),(-14.5919743,0.,-12.8072077),(-14.5639285,0.,-12.7294202),(-15.6635368,0.,-11.8245452),(-14.5639285,0.,-12.7294202),(-14.5655160,0.,-12.6463410),(-15.6635368,0.,-11.8245452),(-14.5655160,0.,-12.6463410),(-14.5977952,0.,-12.5706702),(-15.6635368,0.,-11.8245452),(-14.5977952,0.,-12.5706702),(-15.4021285,0.,-11.4594202),(-16.4448514,0.,-12.8762639),(-15.6635368,0.,-11.8245452),(-15.4021285,0.,-11.4594202),(-16.4448514,0.,-12.8762639),(-15.4021285,0.,-11.4594202),(-14.5977952,0.,-10.3502868),(-16.4448514,0.,-12.8762639),(-14.5977952,0.,-10.3502868),(-14.5655160,0.,-10.2762035),(-16.4448514,0.,-12.8762639),(-14.5655160,0.,-10.2762035),(-14.5639285,0.,-10.1936535),(-16.4448514,0.,-12.8762639),(-14.5639285,0.,-10.1936535),(-14.5919743,0.,-10.1156014),(-16.4448514,0.,-12.8762639),(-14.5919743,0.,-10.1156014),(-14.6485952,0.,-10.0550118),(-16.4448514,0.,-12.8762639),(-14.6485952,0.,-10.0550118),(-14.7226785,0.,-10.0195577),(-16.4448514,0.,-12.8762639),(-14.7226785,0.,-10.0195577),(-14.8052285,0.,-10.0169118),(-16.4448514,0.,-12.8762639),(-14.8052285,0.,-10.0169118),(-14.8838098,0.,-10.0452223),(-16.4448514,0.,-12.8762639),(-14.8838098,0.,-10.0452223),(-14.9459868,0.,-10.1026368),(-16.4448514,0.,-12.8762639),(-14.9459868,0.,-10.1026368),(-15.6635368,0.,-11.0985285),(-15.6635368,0.,-11.0985285),(-16.3832035,0.,-10.1026368),(-16.4443223,0.,-10.0441639),(-15.6635368,0.,-11.0985285),(-16.4443223,0.,-10.0441639),(-16.5218452,0.,-10.0169118),(-15.6635368,0.,-11.0985285),(-16.5218452,0.,-10.0169118),(-16.6083639,0.,-10.0192931),(-15.6635368,0.,-11.0985285),(-16.6083639,0.,-10.0192931),(-16.6816535,0.,-10.0539535),(-15.6635368,0.,-11.0985285),(-16.6816535,0.,-10.0539535),(-16.7374806,0.,-10.1145431),(-15.6635368,0.,-11.0985285),(-16.7374806,0.,-10.1145431),(-16.7652618,0.,-10.1904785),(-15.6635368,0.,-11.0985285),(-16.7652618,0.,-10.1904785),(-16.7623514,0.,-10.2754098),(-15.6635368,0.,-11.0985285),(-16.7623514,0.,-10.2754098),(-16.7261035,0.,-10.3502868),(-15.6635368,0.,-11.0985285),(-16.7261035,0.,-10.3502868),(-15.9270618,0.,-11.4594202),(-16.4448514,0.,-12.8762639),(-15.6635368,0.,-11.0985285),(-15.9270618,0.,-11.4594202),(-16.4448514,0.,-12.8762639),(-15.9270618,0.,-11.4594202),(-16.7303368,0.,-12.5706702),(-16.4448514,0.,-12.8762639),(-16.7303368,0.,-12.5706702),(-16.7634098,0.,-12.6460764),(-16.4448514,0.,-12.8762639),(-16.7634098,0.,-12.6460764),(-16.7652618,0.,-12.7283618),(-16.4448514,0.,-12.8762639),(-16.7652618,0.,-12.7283618),(-16.7372160,0.,-12.8095889),(-16.4448514,0.,-12.8762639),(-16.7372160,0.,-12.8095889),(-16.6805952,0.,-12.8691202),(-16.4448514,0.,-12.8762639),(-16.6805952,0.,-12.8691202),(-16.6059827,0.,-12.9021931),(-16.4448514,0.,-12.8762639),(-16.6059827,0.,-12.9021931),(-16.5239618,0.,-12.9040452),(-11.4566618,0.,-12.8207014),(-11.3836368,0.,-12.9273285),(-11.2770098,0.,-13.0003535),(-11.4566618,0.,-12.8207014),(-11.2770098,0.,-13.0003535),(-11.1518618,0.,-13.0246952),(-11.4566618,0.,-12.8207014),(-11.1518618,0.,-13.0246952),(-11.0269785,0.,-13.0003535),(-11.4566618,0.,-12.8207014),(-11.0269785,0.,-13.0003535),(-10.9211452,0.,-12.9273285),(-11.4566618,0.,-12.8207014),(-10.9211452,0.,-12.9273285),(-10.8481202,0.,-12.8207014),(-11.4566618,0.,-12.8207014),(-10.8481202,0.,-12.8207014),(-10.8237785,0.,-12.6955535),(-11.4566618,0.,-12.8207014),(-10.8237785,0.,-12.6955535),(-10.8481202,0.,-12.5704056),(-11.4566618,0.,-12.8207014),(-10.8481202,0.,-12.5704056),(-10.9211452,0.,-12.4637785),(-11.4566618,0.,-12.8207014),(-10.9211452,0.,-12.4637785),(-11.0269785,0.,-12.3907535),(-11.4566618,0.,-12.8207014),(-11.0269785,0.,-12.3907535),(-11.1518618,0.,-12.3664118),(-11.4566618,0.,-12.8207014),(-11.1518618,0.,-12.3664118),(-11.2770098,0.,-12.3907535),(-11.4566618,0.,-12.8207014),(-11.2770098,0.,-12.3907535),(-11.3836368,0.,-12.4637785),(-11.4566618,0.,-12.8207014),(-11.3836368,0.,-12.4637785),(-11.4566618,0.,-12.5704056),(-11.4566618,0.,-12.8207014),(-11.4566618,0.,-12.5704056),(-11.4810035,0.,-12.6955535),(-20.4651952,0.,-12.8207014),(-20.3921702,0.,-12.9273285),(-20.2855431,0.,-13.0003535),(-20.4651952,0.,-12.8207014),(-20.2855431,0.,-13.0003535),(-20.1603952,0.,-13.0246952),(-20.4651952,0.,-12.8207014),(-20.1603952,0.,-13.0246952),(-20.0355118,0.,-13.0003535),(-20.4651952,0.,-12.8207014),(-20.0355118,0.,-13.0003535),(-19.9296785,0.,-12.9273285),(-20.4651952,0.,-12.8207014),(-19.9296785,0.,-12.9273285),(-19.8566535,0.,-12.8207014),(-20.4651952,0.,-12.8207014),(-19.8566535,0.,-12.8207014),(-19.8323118,0.,-12.6955535),(-20.4651952,0.,-12.8207014),(-19.8323118,0.,-12.6955535),(-19.8566535,0.,-12.5704056),(-20.4651952,0.,-12.8207014),(-19.8566535,0.,-12.5704056),(-19.9296785,0.,-12.4637785),(-20.4651952,0.,-12.8207014),(-19.9296785,0.,-12.4637785),(-20.0355118,0.,-12.3907535),(-20.4651952,0.,-12.8207014),(-20.0355118,0.,-12.3907535),(-20.1603952,0.,-12.3664118),(-20.4651952,0.,-12.8207014),(-20.1603952,0.,-12.3664118),(-20.2855431,0.,-12.3907535),(-20.4651952,0.,-12.8207014),(-20.2855431,0.,-12.3907535),(-20.3921702,0.,-12.4637785),(-20.4651952,0.,-12.8207014),(-20.3921702,0.,-12.4637785),(-20.4651952,0.,-12.5704056),(-20.4651952,0.,-12.8207014),(-20.4651952,0.,-12.5704056),(-20.4895368,0.,-12.6955535),(2.7762302,0.,-11.8585111),(2.7815715,0.,-11.7261202),(2.7815715,0.,-10.0359618),(2.7762302,0.,-11.8585111),(2.7815715,0.,-10.0359618),(2.7762633,0.,-9.9053403),(2.7762302,0.,-11.8585111),(2.7762633,0.,-9.9053403),(2.7603387,0.,-9.7807051),(2.7762302,0.,-11.8585111),(2.7603387,0.,-9.7807051),(2.7337977,0.,-9.6620560),(2.7762302,0.,-11.8585111),(2.7337977,0.,-9.6620560),(2.6966402,0.,-9.5493931),(2.7762302,0.,-11.8585111),(2.6966402,0.,-9.5493931),(2.6488664,0.,-9.4427164),(2.7762302,0.,-11.8585111),(2.6488664,0.,-9.4427164),(2.5904762,0.,-9.3420259),(2.7762302,0.,-11.8585111),(2.5904762,0.,-9.3420259),(2.5214695,0.,-9.2473216),(2.7762302,0.,-11.8585111),(2.5214695,0.,-9.2473216),(2.4418465,0.,-9.1586035),(2.7762302,0.,-11.8585111),(2.4418465,0.,-9.1586035),(2.3651669,0.,-9.0869180),(2.7762302,0.,-11.8585111),(2.3651669,0.,-9.0869180),(2.2854116,0.,-9.0247905),(2.7762302,0.,-11.8585111),(2.2854116,0.,-9.0247905),(2.2025805,0.,-8.9722211),(2.2025805,0.,-8.9722211),(2.1166736,0.,-8.9292098),(2.0276909,0.,-8.8957565),(2.2025805,0.,-8.9722211),(2.0276909,0.,-8.8957565),(1.9356324,0.,-8.8718613),(2.2025805,0.,-8.9722211),(1.9356324,0.,-8.8718613),(1.8404982,0.,-8.8575242),(2.2025805,0.,-8.9722211),(1.8404982,0.,-8.8575242),(1.7422882,0.,-8.8527452),(2.2025805,0.,-8.9722211),(1.7422882,0.,-8.8527452),(1.6452026,0.,-8.8575242),(2.2025805,0.,-8.9722211),(1.6452026,0.,-8.8575242),(1.5507960,0.,-8.8718613),(2.2025805,0.,-8.9722211),(1.5507960,0.,-8.8718613),(1.4590682,0.,-8.8957565),(2.2025805,0.,-8.9722211),(1.4590682,0.,-8.8957565),(1.3700194,0.,-8.9292098),(2.2025805,0.,-8.9722211),(1.3700194,0.,-8.9292098),(1.2836495,0.,-8.9722211),(2.2025805,0.,-8.9722211),(1.2836495,0.,-8.9722211),(1.1999585,0.,-9.0247905),(2.2025805,0.,-8.9722211),(1.1999585,0.,-9.0247905),(1.1189464,0.,-9.0869180),(2.2025805,0.,-8.9722211),(1.1189464,0.,-9.0869180),(1.0406132,0.,-9.1586035),(2.2025805,0.,-8.9722211),(1.0406132,0.,-9.1586035),(0.9609901,0.,-9.2455853),(2.2025805,0.,-8.9722211),(0.9609901,0.,-9.2455853),(0.8919835,0.,-9.3387848),(2.2025805,0.,-8.9722211),(0.8919835,0.,-9.3387848),(0.8335932,0.,-9.4382019),(2.2025805,0.,-8.9722211),(0.8335932,0.,-9.4382019),(0.7858194,0.,-9.5438368),(2.2025805,0.,-8.9722211),(0.7858194,0.,-9.5438368),(0.7486620,0.,-9.6556894),(0.7486620,0.,-9.6556894),(0.7221210,0.,-9.7737598),(0.7061964,0.,-9.8980478),(0.7486620,0.,-9.6556894),(0.7061964,0.,-9.8980478),(0.7008882,0.,-10.0285535),(0.7486620,0.,-9.6556894),(0.7008882,0.,-10.0285535),(0.7008882,0.,-10.0359618),(0.7486620,0.,-9.6556894),(0.7008882,0.,-10.0359618),(0.7008882,0.,-11.7303535),(0.7486620,0.,-9.6556894),(0.7008882,0.,-11.7303535),(0.7061964,0.,-11.8616695),(0.7486620,0.,-9.6556894),(0.7061964,0.,-11.8616695),(0.7221210,0.,-11.9868009),(0.7486620,0.,-9.6556894),(0.7221210,0.,-11.9868009),(0.7486620,0.,-12.1057476),(0.7486620,0.,-9.6556894),(0.7486620,0.,-12.1057476),(0.7858194,0.,-12.2185098),(0.7486620,0.,-9.6556894),(0.7858194,0.,-12.2185098),(0.8335932,0.,-12.3250872),(0.7486620,0.,-9.6556894),(0.8335932,0.,-12.3250872),(0.8919835,0.,-12.4254801),(0.7486620,0.,-9.6556894),(0.8919835,0.,-12.4254801),(0.9609901,0.,-12.5196883),(0.7486620,0.,-9.6556894),(0.9609901,0.,-12.5196883),(1.0406132,0.,-12.6077118),(1.0406132,0.,-12.6077118),(1.3443548,0.,-12.3113785),(1.2503616,0.,-12.1950280),(1.0406132,0.,-12.6077118),(1.2503616,0.,-12.1950280),(1.1832236,0.,-12.0587014),(1.0406132,0.,-12.6077118),(1.1832236,0.,-12.0587014),(1.1429408,0.,-11.9023988),(0.7486620,0.,-9.6556894),(1.0406132,0.,-12.6077118),(1.1429408,0.,-11.9023988),(0.7486620,0.,-9.6556894),(1.1429408,0.,-11.9023988),(1.1328701,0.,-11.8167565),(0.7486620,0.,-9.6556894),(1.1328701,0.,-11.8167565),(1.1295132,0.,-11.7261202),(0.7486620,0.,-9.6556894),(1.1295132,0.,-11.7261202),(1.1295132,0.,-10.0285535),(0.7486620,0.,-9.6556894),(1.1295132,0.,-10.0285535),(1.1328370,0.,-9.9402488),(0.7486620,0.,-9.6556894),(1.1328370,0.,-9.9402488),(1.1428085,0.,-9.8568389),(0.7486620,0.,-9.6556894),(1.1428085,0.,-9.8568389),(1.1594276,0.,-9.7783238),(0.7486620,0.,-9.6556894),(1.1594276,0.,-9.7783238),(1.1826944,0.,-9.7047035),(0.7486620,0.,-9.6556894),(1.1826944,0.,-9.7047035),(1.2491710,0.,-9.5721473),(0.7486620,0.,-9.6556894),(1.2491710,0.,-9.5721473),(1.3422382,0.,-9.4591702),(0.7486620,0.,-9.6556894),(1.3422382,0.,-9.4591702),(1.4374882,0.,-9.3804566),(0.7486620,0.,-9.6556894),(1.4374882,0.,-9.3804566),(1.5359132,0.,-9.3242327),(2.2025805,0.,-8.9722211),(0.7486620,0.,-9.6556894),(1.5359132,0.,-9.3242327),(2.2025805,0.,-8.9722211),(1.5359132,0.,-9.3242327),(1.6375132,0.,-9.2904983),(2.2025805,0.,-8.9722211),(1.6375132,0.,-9.2904983),(1.7422882,0.,-9.2792535),(2.2025805,0.,-8.9722211),(1.7422882,0.,-9.2792535),(1.8513626,0.,-9.2904983),(2.2025805,0.,-8.9722211),(1.8513626,0.,-9.2904983),(1.9542194,0.,-9.3242327),(2.2025805,0.,-8.9722211),(1.9542194,0.,-9.3242327),(2.0508585,0.,-9.3804566),(2.2025805,0.,-8.9722211),(2.0508585,0.,-9.3804566),(2.1412798,0.,-9.4591702),(2.2025805,0.,-8.9722211),(2.1412798,0.,-9.4591702),(2.2343470,0.,-9.5777696),(2.2025805,0.,-8.9722211),(2.2343470,0.,-9.5777696),(2.3008236,0.,-9.7134348),(2.2025805,0.,-8.9722211),(2.3008236,0.,-9.7134348),(2.3407095,0.,-9.8661655),(2.7762302,0.,-11.8585111),(2.2025805,0.,-8.9722211),(2.3407095,0.,-9.8661655),(2.7762302,0.,-11.8585111),(2.3407095,0.,-9.8661655),(2.3506810,0.,-9.9489305),(2.7762302,0.,-11.8585111),(2.3506810,0.,-9.9489305),(2.3540048,0.,-10.0359618),(2.7762302,0.,-11.8585111),(2.3540048,0.,-10.0359618),(2.3540048,0.,-11.7261202),(2.7762302,0.,-11.8585111),(2.3540048,0.,-11.7261202),(2.3506810,0.,-11.8157643),(2.7762302,0.,-11.8585111),(2.3506810,0.,-11.8157643),(2.3407095,0.,-11.9005467),(2.7762302,0.,-11.8585111),(2.3407095,0.,-11.9005467),(2.3240904,0.,-11.9804674),(2.7762302,0.,-11.8585111),(2.3240904,0.,-11.9804674),(2.3008236,0.,-12.0555264),(2.7762302,0.,-11.8585111),(2.3008236,0.,-12.0555264),(2.2343470,0.,-12.1910592),(2.7762302,0.,-11.8585111),(2.2343470,0.,-12.1910592),(2.1412798,0.,-12.3071452),(2.7762302,0.,-11.8585111),(2.1412798,0.,-12.3071452),(2.0500647,0.,-12.3849327),(1.4359007,0.,-12.3873139),(1.3443548,0.,-12.3113785),(1.0406132,0.,-12.6077118),(1.5327382,0.,-12.4415535),(1.4359007,0.,-12.3873139),(1.0406132,0.,-12.6077118),(1.6348673,0.,-12.4740973),(1.5327382,0.,-12.4415535),(1.0406132,0.,-12.6077118),(1.7422882,0.,-12.4849452),(1.6348673,0.,-12.4740973),(1.0406132,0.,-12.6077118),(1.8505689,0.,-12.4738327),(1.7422882,0.,-12.4849452),(1.0406132,0.,-12.6077118),(1.8505689,0.,-12.4738327),(1.0406132,0.,-12.6077118),(1.1174912,0.,-12.6784052),(1.8505689,0.,-12.4738327),(1.1174912,0.,-12.6784052),(1.1973126,0.,-12.7396728),(1.9531611,0.,-12.4404952),(1.8505689,0.,-12.4738327),(1.1973126,0.,-12.7396728),(1.9531611,0.,-12.4404952),(1.1973126,0.,-12.7396728),(1.2800776,0.,-12.7915146),(1.9531611,0.,-12.4404952),(1.2800776,0.,-12.7915146),(1.3657861,0.,-12.8339306),(2.0500647,0.,-12.3849327),(1.9531611,0.,-12.4404952),(1.3657861,0.,-12.8339306),(2.0500647,0.,-12.3849327),(1.3657861,0.,-12.8339306),(1.4544380,0.,-12.8669208),(2.7762302,0.,-11.8585111),(2.0500647,0.,-12.3849327),(1.4544380,0.,-12.8669208),(2.7762302,0.,-11.8585111),(1.4544380,0.,-12.8669208),(1.5460335,0.,-12.8904853),(2.7762302,0.,-11.8585111),(1.5460335,0.,-12.8904853),(1.6405724,0.,-12.9046239),(2.7762302,0.,-11.8585111),(1.6405724,0.,-12.9046239),(1.7380548,0.,-12.9093368),(2.7762302,0.,-11.8585111),(1.7380548,0.,-12.9093368),(1.8372240,0.,-12.9047066),(2.7762302,0.,-11.8585111),(1.8372240,0.,-12.9047066),(1.9331189,0.,-12.8908160),(2.7762302,0.,-11.8585111),(1.9331189,0.,-12.8908160),(2.0257396,0.,-12.8676650),(2.7762302,0.,-11.8585111),(2.0257396,0.,-12.8676650),(2.1150861,0.,-12.8352535),(2.7762302,0.,-11.8585111),(2.1150861,0.,-12.8352535),(2.2011583,0.,-12.7935816),(2.7762302,0.,-11.8585111),(2.2011583,0.,-12.7935816),(2.2839564,0.,-12.7426493),(2.7762302,0.,-11.8585111),(2.2839564,0.,-12.7426493),(2.3634802,0.,-12.6824566),(2.7762302,0.,-11.8585111),(2.3634802,0.,-12.6824566),(2.4397298,0.,-12.6130035),(2.7762302,0.,-11.8585111),(2.4397298,0.,-12.6130035),(2.5198490,0.,-12.5236736),(2.7762302,0.,-11.8585111),(2.5198490,0.,-12.5236736),(2.5892856,0.,-12.4281920),(2.7762302,0.,-11.8585111),(2.5892856,0.,-12.4281920),(2.6480396,0.,-12.3265590),(2.7762302,0.,-11.8585111),(2.6480396,0.,-12.3265590),(2.6961111,0.,-12.2187743),(2.7762302,0.,-11.8585111),(2.6961111,0.,-12.2187743),(2.7335000,0.,-12.1048381),(2.7762302,0.,-11.8585111),(2.7335000,0.,-12.1048381),(2.7602064,0.,-11.9847504),(-5.2321285,0.,-12.8320785),(-5.1326452,0.,-12.9410868),(-5.0194035,0.,-12.9686035),(-5.2321285,0.,-12.8320785),(-5.0194035,0.,-12.9686035),(-4.9183327,0.,-12.9432035),(-5.2321285,0.,-12.8320785),(-4.9183327,0.,-12.9432035),(-4.8416035,0.,-12.8670035),(-5.2321285,0.,-12.8320785),(-4.8416035,0.,-12.8670035),(-4.8341952,0.,-12.8606535),(-5.2321285,0.,-12.8320785),(-4.8341952,0.,-12.8606535),(-3.5885368,0.,-10.6931868),(-5.2321285,0.,-12.8320785),(-3.5885368,0.,-10.6931868),(-3.5610202,0.,-10.5862952),(-5.2321285,0.,-12.8320785),(-3.5610202,0.,-10.5862952),(-3.5888014,0.,-10.4770223),(-5.2321285,0.,-12.8320785),(-3.5888014,0.,-10.4770223),(-3.6721452,0.,-10.3989702),(-5.2321285,0.,-12.8320785),(-3.6721452,0.,-10.3989702),(-3.7790368,0.,-10.3693368),(-5.2321285,0.,-12.8320785),(-3.7790368,0.,-10.3693368),(-3.8877806,0.,-10.3971181),(-5.2321285,0.,-12.8320785),(-3.8877806,0.,-10.3971181),(-3.9642452,0.,-10.4804618),(-5.2321285,0.,-12.8320785),(-3.9642452,0.,-10.4804618),(-4.8066785,0.,-11.9462535),(-5.2321285,0.,-12.8320785),(-4.8066785,0.,-11.9462535),(-4.8066785,0.,-9.3385202),(-4.8066785,0.,-9.3385202),(-3.2202368,0.,-9.3385202),(-3.1353056,0.,-9.3226452),(-4.8066785,0.,-9.3385202),(-3.1353056,0.,-9.3226452),(-3.0646618,0.,-9.2750202),(-4.8066785,0.,-9.3385202),(-3.0646618,0.,-9.2750202),(-3.0170368,0.,-9.2054348),(-4.8066785,0.,-9.3385202),(-3.0170368,0.,-9.2054348),(-3.0011618,0.,-9.1236785),(-4.8066785,0.,-9.3385202),(-3.0011618,0.,-9.1236785),(-3.0170368,0.,-9.0416577),(-4.8066785,0.,-9.3385202),(-3.0170368,0.,-9.0416577),(-3.0646618,0.,-8.9712785),(-4.8066785,0.,-9.3385202),(-3.0646618,0.,-8.9712785),(-3.1353056,0.,-8.9220660),(-4.8066785,0.,-9.3385202),(-3.1353056,0.,-8.9220660),(-3.2202368,0.,-8.9056618),(-4.8066785,0.,-9.3385202),(-3.2202368,0.,-8.9056618),(-5.0268118,0.,-8.9056618),(-5.2321285,0.,-12.8320785),(-4.8066785,0.,-9.3385202),(-5.0268118,0.,-8.9056618),(-5.0268118,0.,-8.9056618),(-6.8323285,0.,-8.9056618),(-6.9151431,0.,-8.9220660),(-5.0268118,0.,-8.9056618),(-6.9151431,0.,-8.9220660),(-6.9836702,0.,-8.9712785),(-5.0268118,0.,-8.9056618),(-6.9836702,0.,-8.9712785),(-7.0297077,0.,-9.0416577),(-5.0268118,0.,-8.9056618),(-7.0297077,0.,-9.0416577),(-7.0450535,0.,-9.1236785),(-5.0268118,0.,-8.9056618),(-7.0450535,0.,-9.1236785),(-7.0297077,0.,-9.2054348),(-5.0268118,0.,-8.9056618),(-7.0297077,0.,-9.2054348),(-6.9836702,0.,-9.2750202),(-5.0268118,0.,-8.9056618),(-6.9836702,0.,-9.2750202),(-6.9151431,0.,-9.3226452),(-5.0268118,0.,-8.9056618),(-6.9151431,0.,-9.3226452),(-6.8323285,0.,-9.3385202),(-5.0268118,0.,-8.9056618),(-6.8323285,0.,-9.3385202),(-5.2395368,0.,-9.3385202),(-5.2321285,0.,-12.8320785),(-5.0268118,0.,-8.9056618),(-5.2395368,0.,-9.3385202),(-5.2321285,0.,-12.8320785),(-5.2395368,0.,-9.3385202),(-5.2395368,0.,-11.9504868),(-5.2321285,0.,-12.8320785),(-5.2395368,0.,-11.9504868),(-6.0957285,0.,-10.4614118),(-5.2321285,0.,-12.8320785),(-6.0957285,0.,-10.4614118),(-6.1753681,0.,-10.3820368),(-5.2321285,0.,-12.8320785),(-6.1753681,0.,-10.3820368),(-6.2830535,0.,-10.3555785),(-5.2321285,0.,-12.8320785),(-6.2830535,0.,-10.3555785),(-6.3941785,0.,-10.3830952),(-5.2321285,0.,-12.8320785),(-6.3941785,0.,-10.3830952),(-6.4759348,0.,-10.4627348),(-5.2321285,0.,-12.8320785),(-6.4759348,0.,-10.4627348),(-6.5031868,0.,-10.5725368),(-5.2321285,0.,-12.8320785),(-6.5031868,0.,-10.5725368),(-6.4714368,0.,-10.6815452),(-0.6728285,0.,-8.8506285),(-0.7903035,0.,-8.8971952),(-1.3977868,0.,-9.3988452),(-0.6728285,0.,-8.8506285),(-1.3977868,0.,-9.3988452),(-1.4554660,0.,-9.4665785),(-0.6728285,0.,-8.8506285),(-1.4554660,0.,-9.4665785),(-1.4803368,0.,-9.5385452),(-0.6728285,0.,-8.8506285),(-1.4803368,0.,-9.5385452),(-1.4803368,0.,-9.5724118),(-0.6728285,0.,-8.8506285),(-1.4803368,0.,-9.5724118),(-1.4464702,0.,-9.7004702),(-0.6728285,0.,-8.8506285),(-1.4464702,0.,-9.7004702),(-1.3872035,0.,-9.7573556),(-0.6728285,0.,-8.8506285),(-1.3872035,0.,-9.7573556),(-1.3067702,0.,-9.7861952),(-0.6728285,0.,-8.8506285),(-1.3067702,0.,-9.7861952),(-1.2654952,0.,-9.7883118),(-0.6728285,0.,-8.8506285),(-1.2654952,0.,-9.7883118),(-1.1501368,0.,-9.7512702),(-0.6728285,0.,-8.8506285),(-1.1501368,0.,-9.7512702),(-0.8792035,0.,-9.5120868),(-0.6728285,0.,-8.8506285),(-0.8792035,0.,-9.5120868),(-0.8792035,0.,-12.6976702),(-0.6728285,0.,-8.8506285),(-0.8792035,0.,-12.6976702),(-0.8638577,0.,-12.7796910),(-0.6728285,0.,-8.8506285),(-0.8638577,0.,-12.7796910),(-0.8178202,0.,-12.8479535),(-0.6728285,0.,-8.8506285),(-0.8178202,0.,-12.8479535),(-0.7495577,0.,-12.8939910),(-0.6728285,0.,-8.8506285),(-0.7495577,0.,-12.8939910),(-0.6675368,0.,-12.9093368),(-0.6728285,0.,-8.8506285),(-0.6675368,0.,-12.9093368),(-0.5847223,0.,-12.8939910),(-0.6728285,0.,-8.8506285),(-0.5847223,0.,-12.8939910),(-0.5161952,0.,-12.8479535),(-0.6728285,0.,-8.8506285),(-0.5161952,0.,-12.8479535),(-0.4701577,0.,-12.7796910),(-0.6728285,0.,-8.8506285),(-0.4701577,0.,-12.7796910),(-0.4548118,0.,-12.6976702),(-0.6728285,0.,-8.8506285),(-0.4548118,0.,-12.6976702),(-0.4548118,0.,-9.0707618),(-0.6728285,0.,-8.8506285),(-0.4548118,0.,-9.0707618),(-0.4831223,0.,-8.9575202),(-0.6728285,0.,-8.8506285),(-0.4831223,0.,-8.9575202),(-0.5680535,0.,-8.8823785),(-21.6853077,0.,-6.9108035),(-21.5882552,0.,-6.9514832),(-21.4902436,0.,-6.9867389),(-21.6853077,0.,-6.9108035),(-21.4902436,0.,-6.9867389),(-21.3912729,0.,-7.0165707),(-21.6853077,0.,-6.9108035),(-21.3912729,0.,-7.0165707),(-21.2913431,0.,-7.0409785),(-21.6853077,0.,-6.9108035),(-21.2913431,0.,-7.0409785),(-21.1904542,0.,-7.0599624),(-21.6853077,0.,-6.9108035),(-21.1904542,0.,-7.0599624),(-21.0886061,0.,-7.0735223),(-21.6853077,0.,-6.9108035),(-21.0886061,0.,-7.0735223),(-20.9857989,0.,-7.0816582),(-21.6853077,0.,-6.9108035),(-20.9857989,0.,-7.0816582),(-20.8820327,0.,-7.0843702),(-21.6853077,0.,-6.9108035),(-20.8820327,0.,-7.0843702),(-20.7462518,0.,-7.0800542),(-21.6853077,0.,-6.9108035),(-20.7462518,0.,-7.0800542),(-20.6130176,0.,-7.0671061),(-21.6853077,0.,-6.9108035),(-20.6130176,0.,-7.0671061),(-20.4823299,0.,-7.0455260),(-21.6853077,0.,-6.9108035),(-20.4823299,0.,-7.0455260),(-20.3541889,0.,-7.0153139),(-21.6853077,0.,-6.9108035),(-20.3541889,0.,-7.0153139),(-20.2285945,0.,-6.9764698),(-21.6853077,0.,-6.9108035),(-20.2285945,0.,-6.9764698),(-20.1055467,0.,-6.9289936),(-21.6853077,0.,-6.9108035),(-20.1055467,0.,-6.9289936),(-19.9850456,0.,-6.8728854),(-21.6853077,0.,-6.9108035),(-19.9850456,0.,-6.8728854),(-19.8670910,0.,-6.8081452),(-21.6853077,0.,-6.9108035),(-19.8670910,0.,-6.8081452),(-19.7535186,0.,-6.7357486),(-21.6853077,0.,-6.9108035),(-19.7535186,0.,-6.7357486),(-19.6461639,0.,-6.6572004),(-21.6853077,0.,-6.9108035),(-19.6461639,0.,-6.6572004),(-19.5450269,0.,-6.5725006),(-21.6853077,0.,-6.9108035),(-19.5450269,0.,-6.5725006),(-19.4501077,0.,-6.4816493),(-21.6853077,0.,-6.9108035),(-19.4501077,0.,-6.4816493),(-19.3614061,0.,-6.3846465),(-19.3614061,0.,-6.3846465),(-19.2789223,0.,-6.2814920),(-19.2026561,0.,-6.1721861),(-19.3614061,0.,-6.3846465),(-19.2026561,0.,-6.1721861),(-19.1326077,0.,-6.0567285),(-19.3614061,0.,-6.3846465),(-19.1326077,0.,-6.0567285),(-19.0696038,0.,-5.9369549),(-19.3614061,0.,-6.3846465),(-19.0696038,0.,-5.9369549),(-19.0150004,0.,-5.8147009),(-19.3614061,0.,-6.3846465),(-19.0150004,0.,-5.8147009),(-18.9687975,0.,-5.6899664),(-19.3614061,0.,-6.3846465),(-18.9687975,0.,-5.6899664),(-18.9309952,0.,-5.5627514),(-19.3614061,0.,-6.3846465),(-18.9309952,0.,-5.5627514),(-18.9015933,0.,-5.4330560),(-19.3614061,0.,-6.3846465),(-18.9015933,0.,-5.4330560),(-18.8805920,0.,-5.3008801),(-19.3614061,0.,-6.3846465),(-18.8805920,0.,-5.3008801),(-18.8679913,0.,-5.1662237),(-19.3614061,0.,-6.3846465),(-18.8679913,0.,-5.1662237),(-18.8637910,0.,-5.0290868),(-19.3614061,0.,-6.3846465),(-18.8637910,0.,-5.0290868),(-18.8679913,0.,-4.8974566),(-19.3614061,0.,-6.3846465),(-18.8679913,0.,-4.8974566),(-18.8805920,0.,-4.7666202),(-19.3614061,0.,-6.3846465),(-18.8805920,0.,-4.7666202),(-18.9015933,0.,-4.6365775),(-19.3614061,0.,-6.3846465),(-18.9015933,0.,-4.6365775),(-18.9309952,0.,-4.5073285),(-19.3614061,0.,-6.3846465),(-18.9309952,0.,-4.5073285),(-18.9687975,0.,-4.3788733),(-19.3614061,0.,-6.3846465),(-18.9687975,0.,-4.3788733),(-19.0150004,0.,-4.2512118),(-19.0150004,0.,-4.2512118),(-19.4067821,0.,-4.3926978),(-19.3702200,0.,-4.4905771),(-19.0150004,0.,-4.2512118),(-19.3702200,0.,-4.4905771),(-19.3403056,0.,-4.5917306),(-19.0150004,0.,-4.2512118),(-19.3403056,0.,-4.5917306),(-19.3170388,0.,-4.6961583),(-19.0150004,0.,-4.2512118),(-19.3170388,0.,-4.6961583),(-19.3004196,0.,-4.8038603),(-19.0150004,0.,-4.2512118),(-19.3004196,0.,-4.8038603),(-19.2904482,0.,-4.9148364),(-19.0150004,0.,-4.2512118),(-19.2904482,0.,-4.9148364),(-19.2871243,0.,-5.0290868),(-19.0150004,0.,-4.2512118),(-19.2871243,0.,-5.0290868),(-19.2904812,0.,-5.1391204),(-19.3614061,0.,-6.3846465),(-19.0150004,0.,-4.2512118),(-19.2904812,0.,-5.1391204),(-19.3614061,0.,-6.3846465),(-19.2904812,0.,-5.1391204),(-19.3005519,0.,-5.2469712),(-19.3614061,0.,-6.3846465),(-19.3005519,0.,-5.2469712),(-19.3173364,0.,-5.3526392),(-19.3614061,0.,-6.3846465),(-19.3173364,0.,-5.3526392),(-19.3408348,0.,-5.4561243),(-19.3614061,0.,-6.3846465),(-19.3408348,0.,-5.4561243),(-19.3710469,0.,-5.5574267),(-19.3614061,0.,-6.3846465),(-19.3710469,0.,-5.5574267),(-19.4079728,0.,-5.6565462),(-19.3614061,0.,-6.3846465),(-19.4079728,0.,-5.6565462),(-19.4516125,0.,-5.7534829),(-19.3614061,0.,-6.3846465),(-19.4516125,0.,-5.7534829),(-19.5019660,0.,-5.8482368),(-19.3614061,0.,-6.3846465),(-19.5019660,0.,-5.8482368),(-19.5578096,0.,-5.9394519),(-19.3614061,0.,-6.3846465),(-19.5578096,0.,-5.9394519),(-19.6184488,0.,-6.0257723),(-19.3614061,0.,-6.3846465),(-19.6184488,0.,-6.0257723),(-19.6838836,0.,-6.1071978),(-19.3614061,0.,-6.3846465),(-19.6838836,0.,-6.1071978),(-19.7541139,0.,-6.1837285),(-19.3614061,0.,-6.3846465),(-19.7541139,0.,-6.1837285),(-19.8291398,0.,-6.2553644),(-19.3614061,0.,-6.3846465),(-19.8291398,0.,-6.2553644),(-19.9089613,0.,-6.3221056),(-19.3614061,0.,-6.3846465),(-19.9089613,0.,-6.3221056),(-19.9935784,0.,-6.3839519),(-19.3614061,0.,-6.3846465),(-19.9935784,0.,-6.3839519),(-20.0829910,0.,-6.4409035),(-19.3614061,0.,-6.3846465),(-20.0829910,0.,-6.4409035),(-20.1755786,0.,-6.4920012),(-19.3614061,0.,-6.3846465),(-20.1755786,0.,-6.4920012),(-20.2702499,0.,-6.5362858),(-19.3614061,0.,-6.3846465),(-20.2702499,0.,-6.5362858),(-20.3670047,0.,-6.5737574),(-19.3614061,0.,-6.3846465),(-20.3670047,0.,-6.5737574),(-20.4658431,0.,-6.6044160),(-21.6853077,0.,-6.9108035),(-19.3614061,0.,-6.3846465),(-20.4658431,0.,-6.6044160),(-21.6853077,0.,-6.9108035),(-20.4658431,0.,-6.6044160),(-20.5667651,0.,-6.6282616),(-21.6853077,0.,-6.9108035),(-20.5667651,0.,-6.6282616),(-20.6697707,0.,-6.6452941),(-21.6853077,0.,-6.9108035),(-20.6697707,0.,-6.6452941),(-20.7748599,0.,-6.6555137),(-21.6853077,0.,-6.9108035),(-20.7748599,0.,-6.6555137),(-20.8820327,0.,-6.6589202),(-21.6853077,0.,-6.9108035),(-20.8820327,0.,-6.6589202),(-21.0356233,0.,-6.6518426),(-21.6853077,0.,-6.9108035),(-21.0356233,0.,-6.6518426),(-21.1852452,0.,-6.6306098),(-21.6853077,0.,-6.9108035),(-21.1852452,0.,-6.6306098),(-21.3308983,0.,-6.5952217),(-21.6853077,0.,-6.9108035),(-21.3308983,0.,-6.5952217),(-21.4725827,0.,-6.5456785),(-21.6853077,0.,-6.9108035),(-21.4725827,0.,-6.5456785),(-19.8755577,0.,-3.7622618),(-22.2462243,0.,-7.8855285),(-21.6853077,0.,-6.9108035),(-19.8755577,0.,-3.7622618),(-19.4499919,0.,-4.2980927),(-19.4067821,0.,-4.3926978),(-19.0150004,0.,-4.2512118),(-19.4998493,0.,-4.2067618),(-19.4499919,0.,-4.2980927),(-19.0150004,0.,-4.2512118),(-19.5677811,0.,-4.1027806),(-19.4998493,0.,-4.2067618),(-19.0150004,0.,-4.2512118),(-19.6530431,0.,-3.9940368),(-19.5677811,0.,-4.1027806),(-19.0150004,0.,-4.2512118),(-19.7021729,0.,-3.9378790),(-19.6530431,0.,-3.9940368),(-19.0150004,0.,-4.2512118),(-19.7556353,0.,-3.8805306),(-19.7021729,0.,-3.9378790),(-19.0150004,0.,-4.2512118),(-19.8134302,0.,-3.8219915),(-19.7556353,0.,-3.8805306),(-19.0150004,0.,-4.2512118),(-19.8755577,0.,-3.7622618),(-19.8134302,0.,-3.8219915),(-19.0150004,0.,-4.2512118),(-19.8755577,0.,-3.7622618),(-19.0150004,0.,-4.2512118),(-19.0696038,0.,-4.1243441),(-19.8755577,0.,-3.7622618),(-19.0696038,0.,-4.1243441),(-19.1326077,0.,-3.9982702),(-19.8755577,0.,-3.7622618),(-19.1326077,0.,-3.9982702),(-19.1827958,0.,-3.9115530),(-19.8755577,0.,-3.7622618),(-19.1827958,0.,-3.9115530),(-19.2375811,0.,-3.8281431),(-19.8755577,0.,-3.7622618),(-19.2375811,0.,-3.8281431),(-19.2969635,0.,-3.7480405),(-19.8755577,0.,-3.7622618),(-19.2969635,0.,-3.7480405),(-19.3609431,0.,-3.6712452),(-19.8755577,0.,-3.7622618),(-19.3609431,0.,-3.6712452),(-19.4295198,0.,-3.5977571),(-19.8755577,0.,-3.7622618),(-19.4295198,0.,-3.5977571),(-19.5026936,0.,-3.5275764),(-19.8755577,0.,-3.7622618),(-19.5026936,0.,-3.5275764),(-19.5804646,0.,-3.4607030),(-19.8755577,0.,-3.7622618),(-19.5804646,0.,-3.4607030),(-19.6628327,0.,-3.3971368),(-19.8755577,0.,-3.7622618),(-19.6628327,0.,-3.3971368),(-19.1209660,0.,-2.4446368),(-22.2462243,0.,-7.8855285),(-19.8755577,0.,-3.7622618),(-19.1209660,0.,-2.4446368),(-22.2462243,0.,-7.8855285),(-19.1209660,0.,-2.4446368),(-19.0923910,0.,-2.3409202),(-22.2462243,0.,-7.8855285),(-19.0923910,0.,-2.3409202),(-19.0997993,0.,-2.2805952),(-22.2462243,0.,-7.8855285),(-19.0997993,0.,-2.2805952),(-19.1384285,0.,-2.2054535),(-22.2462243,0.,-7.8855285),(-19.1384285,0.,-2.2054535),(-19.2035160,0.,-2.1514785),(-22.2462243,0.,-7.8855285),(-19.2035160,0.,-2.1514785),(-19.3061743,0.,-2.1207868),(-22.2462243,0.,-7.8855285),(-19.3061743,0.,-2.1207868),(-19.3664993,0.,-2.1281952),(-22.2462243,0.,-7.8855285),(-19.3664993,0.,-2.1281952),(-19.4421702,0.,-2.1668243),(-22.2462243,0.,-7.8855285),(-19.4421702,0.,-2.1668243),(-19.4977327,0.,-2.2319118),(-22.2462243,0.,-7.8855285),(-19.4977327,0.,-2.2319118),(-20.0332493,0.,-3.1600702),(-20.0332493,0.,-3.1600702),(-20.1338571,0.,-3.1156698),(-20.2377723,0.,-3.0771894),(-20.0332493,0.,-3.1600702),(-20.2377723,0.,-3.0771894),(-20.3449946,0.,-3.0446292),(-20.0332493,0.,-3.1600702),(-20.3449946,0.,-3.0446292),(-20.4555243,0.,-3.0179889),(-20.0332493,0.,-3.1600702),(-20.4555243,0.,-3.0179889),(-20.5693613,0.,-2.9972687),(-20.0332493,0.,-3.1600702),(-20.5693613,0.,-2.9972687),(-20.6865056,0.,-2.9824686),(-20.0332493,0.,-3.1600702),(-20.6865056,0.,-2.9824686),(-20.8069571,0.,-2.9735885),(-20.0332493,0.,-3.1600702),(-20.8069571,0.,-2.9735885),(-20.9307160,0.,-2.9706285),(-20.0332493,0.,-3.1600702),(-20.9307160,0.,-2.9706285),(-21.0553182,0.,-2.9749611),(-20.0332493,0.,-3.1600702),(-21.0553182,0.,-2.9749611),(-21.1788290,0.,-2.9879587),(-20.0332493,0.,-3.1600702),(-21.1788290,0.,-2.9879587),(-21.3012484,0.,-3.0096215),(-20.0332493,0.,-3.1600702),(-21.3012484,0.,-3.0096215),(-21.4225764,0.,-3.0399493),(-20.0332493,0.,-3.1600702),(-21.4225764,0.,-3.0399493),(-21.5428130,0.,-3.0789423),(-20.0332493,0.,-3.1600702),(-21.5428130,0.,-3.0789423),(-21.6619582,0.,-3.1266004),(-20.0332493,0.,-3.1600702),(-21.6619582,0.,-3.1266004),(-21.7800120,0.,-3.1829236),(-20.0332493,0.,-3.1600702),(-21.7800120,0.,-3.1829236),(-21.8969743,0.,-3.2479118),(-20.0332493,0.,-3.1600702),(-21.8969743,0.,-3.2479118),(-22.0100837,0.,-3.3200769),(-20.0332493,0.,-3.1600702),(-22.0100837,0.,-3.3200769),(-22.1171077,0.,-3.3984598),(-20.0332493,0.,-3.1600702),(-22.1171077,0.,-3.3984598),(-22.2180462,0.,-3.4830603),(-20.0332493,0.,-3.1600702),(-22.2180462,0.,-3.4830603),(-22.3128993,0.,-3.5738785),(-20.0332493,0.,-3.1600702),(-22.3128993,0.,-3.5738785),(-22.4016670,0.,-3.6709144),(-22.4016670,0.,-3.6709144),(-22.4843493,0.,-3.7741681),(-22.5609462,0.,-3.8836394),(-22.4016670,0.,-3.6709144),(-22.5609462,0.,-3.8836394),(-22.6314577,0.,-3.9993285),(-22.4016670,0.,-3.6709144),(-22.6314577,0.,-3.9993285),(-22.6947096,0.,-4.1191351),(-22.4016670,0.,-3.6709144),(-22.6947096,0.,-4.1191351),(-22.7495280,0.,-4.2414884),(-22.4016670,0.,-3.6709144),(-22.7495280,0.,-4.2414884),(-22.7959127,0.,-4.3663883),(-22.4016670,0.,-3.6709144),(-22.7959127,0.,-4.3663883),(-22.8338639,0.,-4.4938348),(-22.4016670,0.,-3.6709144),(-22.8338639,0.,-4.4938348),(-22.8633815,0.,-4.6238278),(-22.4016670,0.,-3.6709144),(-22.8633815,0.,-4.6238278),(-22.8844655,0.,-4.7563676),(-22.4016670,0.,-3.6709144),(-22.8844655,0.,-4.7563676),(-22.8971159,0.,-4.8914539),(-22.4016670,0.,-3.6709144),(-22.8971159,0.,-4.8914539),(-22.9013327,0.,-5.0290868),(-22.4016670,0.,-3.6709144),(-22.9013327,0.,-5.0290868),(-22.8971324,0.,-5.1671497),(-22.4016670,0.,-3.6709144),(-22.8971324,0.,-5.1671497),(-22.8845316,0.,-5.3024676),(-22.4016670,0.,-3.6709144),(-22.8845316,0.,-5.3024676),(-22.8635303,0.,-5.4350403),(-22.4016670,0.,-3.6709144),(-22.8635303,0.,-5.4350403),(-22.8341285,0.,-5.5648681),(-22.4016670,0.,-3.6709144),(-22.8341285,0.,-5.5648681),(-22.7963262,0.,-5.6919508),(-22.4016670,0.,-3.6709144),(-22.7963262,0.,-5.6919508),(-22.7501233,0.,-5.8162884),(-22.4016670,0.,-3.6709144),(-22.7501233,0.,-5.8162884),(-22.6955199,0.,-5.9378810),(-22.4016670,0.,-3.6709144),(-22.6955199,0.,-5.9378810),(-22.6325160,0.,-6.0567285),(-22.6325160,0.,-6.0567285),(-22.2642160,0.,-5.8482368),(-22.3135773,0.,-5.7534995),(-22.6325160,0.,-6.0567285),(-22.3135773,0.,-5.7534995),(-22.3563571,0.,-5.6566124),(-22.6325160,0.,-6.0567285),(-22.3563571,0.,-5.6566124),(-22.3925555,0.,-5.5575755),(-22.6325160,0.,-6.0567285),(-22.3925555,0.,-5.5575755),(-22.4221723,0.,-5.4563889),(-22.6325160,0.,-6.0567285),(-22.4221723,0.,-5.4563889),(-22.4452075,0.,-5.3530526),(-22.6325160,0.,-6.0567285),(-22.4452075,0.,-5.3530526),(-22.4616613,0.,-5.2475665),(-22.6325160,0.,-6.0567285),(-22.4616613,0.,-5.2475665),(-22.4715336,0.,-5.1399307),(-22.6325160,0.,-6.0567285),(-22.4715336,0.,-5.1399307),(-22.4748243,0.,-5.0301452),(-22.6325160,0.,-6.0567285),(-22.4748243,0.,-5.0301452),(-22.4714840,0.,-4.9203265),(-22.4016670,0.,-3.6709144),(-22.6325160,0.,-6.0567285),(-22.4714840,0.,-4.9203265),(-22.4016670,0.,-3.6709144),(-22.4714840,0.,-4.9203265),(-22.4614629,0.,-4.8125915),(-22.4016670,0.,-3.6709144),(-22.4614629,0.,-4.8125915),(-22.4447611,0.,-4.7069401),(-22.4016670,0.,-3.6709144),(-22.4447611,0.,-4.7069401),(-22.4213785,0.,-4.6033723),(-22.4016670,0.,-3.6709144),(-22.4213785,0.,-4.6033723),(-22.3913152,0.,-4.5018880),(-22.4016670,0.,-3.6709144),(-22.3913152,0.,-4.5018880),(-22.3545712,0.,-4.4024874),(-22.4016670,0.,-3.6709144),(-22.3545712,0.,-4.4024874),(-22.3111465,0.,-4.3051703),(-22.4016670,0.,-3.6709144),(-22.3111465,0.,-4.3051703),(-22.2610410,0.,-4.2099368),(-22.4016670,0.,-3.6709144),(-22.2610410,0.,-4.2099368),(-22.2051974,0.,-4.1179941),(-22.4016670,0.,-3.6709144),(-22.2051974,0.,-4.1179941),(-22.1445582,0.,-4.0310785),(-22.4016670,0.,-3.6709144),(-22.1445582,0.,-4.0310785),(-22.0791234,0.,-3.9491900),(-22.4016670,0.,-3.6709144),(-22.0791234,0.,-3.9491900),(-22.0088931,0.,-3.8723285),(-22.4016670,0.,-3.6709144),(-22.0088931,0.,-3.8723285),(-21.9338672,0.,-3.8004941),(-22.4016670,0.,-3.6709144),(-21.9338672,0.,-3.8004941),(-21.8540457,0.,-3.7336868),(-22.4016670,0.,-3.6709144),(-21.8540457,0.,-3.7336868),(-21.7694286,0.,-3.6719066),(-22.4016670,0.,-3.6709144),(-21.7694286,0.,-3.6719066),(-21.6800160,0.,-3.6151535),(-22.4016670,0.,-3.6709144),(-21.6800160,0.,-3.6151535),(-21.5879410,0.,-3.5640558),(-22.4016670,0.,-3.6709144),(-21.5879410,0.,-3.5640558),(-21.4953368,0.,-3.5197712),(-22.4016670,0.,-3.6709144),(-21.4953368,0.,-3.5197712),(-21.4022035,0.,-3.4822996),(-22.4016670,0.,-3.6709144),(-21.4022035,0.,-3.4822996),(-21.3085410,0.,-3.4516410),(-22.4016670,0.,-3.6709144),(-21.3085410,0.,-3.4516410),(-21.2143493,0.,-3.4277954),(-20.0332493,0.,-3.1600702),(-22.4016670,0.,-3.6709144),(-21.2143493,0.,-3.4277954),(-20.0332493,0.,-3.1600702),(-21.2143493,0.,-3.4277954),(-21.1196285,0.,-3.4107629),(-20.0332493,0.,-3.1600702),(-21.1196285,0.,-3.4107629),(-21.0243785,0.,-3.4005433),(-20.0332493,0.,-3.1600702),(-21.0243785,0.,-3.4005433),(-20.9285993,0.,-3.3971368),(-20.0332493,0.,-3.1600702),(-20.9285993,0.,-3.3971368),(-20.9222493,0.,-3.3971368),(-20.0332493,0.,-3.1600702),(-20.9222493,0.,-3.3971368),(-20.8285372,0.,-3.3992204),(-20.0332493,0.,-3.1600702),(-20.8285372,0.,-3.3992204),(-20.7373717,0.,-3.4054712),(-20.0332493,0.,-3.1600702),(-20.7373717,0.,-3.4054712),(-20.6487528,0.,-3.4158892),(-20.0332493,0.,-3.1600702),(-20.6487528,0.,-3.4158892),(-20.5626806,0.,-3.4304743),(-20.0332493,0.,-3.1600702),(-20.5626806,0.,-3.4304743),(-20.4791549,0.,-3.4492267),(-20.0332493,0.,-3.1600702),(-20.4791549,0.,-3.4492267),(-20.3981759,0.,-3.4721462),(-20.0332493,0.,-3.1600702),(-20.3981759,0.,-3.4721462),(-20.3197435,0.,-3.4992329),(-20.0332493,0.,-3.1600702),(-20.3197435,0.,-3.4992329),(-20.2438577,0.,-3.5304868),(-22.2462243,0.,-7.8855285),(-20.0332493,0.,-3.1600702),(-20.2438577,0.,-3.5304868),(-22.2462243,0.,-7.8855285),(-20.2438577,0.,-3.5304868),(-21.8482910,0.,-6.3255452),(-22.2462243,0.,-7.8855285),(-21.8482910,0.,-6.3255452),(-21.9687426,0.,-6.2226884),(-22.2218331,0.,-5.9175081),(-22.2642160,0.,-5.8482368),(-22.6325160,0.,-6.0567285),(-22.1767051,0.,-5.9840342),(-22.2218331,0.,-5.9175081),(-22.6325160,0.,-6.0567285),(-22.0782139,0.,-6.1088514),(-22.1767051,0.,-5.9840342),(-22.6325160,0.,-6.0567285),(-21.9687426,0.,-6.2226884),(-22.0782139,0.,-6.1088514),(-22.6325160,0.,-6.0567285),(-21.9687426,0.,-6.2226884),(-22.6325160,0.,-6.0567285),(-22.5745723,0.,-6.1517801),(-21.9687426,0.,-6.2226884),(-22.5745723,0.,-6.1517801),(-22.5129243,0.,-6.2427306),(-21.9687426,0.,-6.2226884),(-22.5129243,0.,-6.2427306),(-22.4475723,0.,-6.3295801),(-21.9687426,0.,-6.2226884),(-22.4475723,0.,-6.3295801),(-22.3785160,0.,-6.4123285),(-21.9687426,0.,-6.2226884),(-22.3785160,0.,-6.4123285),(-22.3057556,0.,-6.4909759),(-21.9687426,0.,-6.2226884),(-22.3057556,0.,-6.4909759),(-22.2292910,0.,-6.5655223),(-21.9687426,0.,-6.2226884),(-22.2292910,0.,-6.5655223),(-22.1491223,0.,-6.6359676),(-21.9687426,0.,-6.2226884),(-22.1491223,0.,-6.6359676),(-22.0652493,0.,-6.7023118),(-22.2462243,0.,-7.8855285),(-21.9687426,0.,-6.2226884),(-22.0652493,0.,-6.7023118),(-22.2462243,0.,-7.8855285),(-22.0652493,0.,-6.7023118),(-22.6208743,0.,-7.6728035),(-22.2462243,0.,-7.8855285),(-22.6208743,0.,-7.6728035),(-22.6483910,0.,-7.7744035),(-22.2462243,0.,-7.8855285),(-22.6483910,0.,-7.7744035),(-22.6420410,0.,-7.8347285),(-22.2462243,0.,-7.8855285),(-22.6420410,0.,-7.8347285),(-22.6028827,0.,-7.9117223),(-22.2462243,0.,-7.8855285),(-22.6028827,0.,-7.9117223),(-22.5404410,0.,-7.9670202),(-22.2462243,0.,-7.8855285),(-22.5404410,0.,-7.9670202),(-22.4356660,0.,-7.9945368),(-22.2462243,0.,-7.8855285),(-22.4356660,0.,-7.9945368),(-22.3753410,0.,-7.9871285),(-22.2462243,0.,-7.8855285),(-22.3753410,0.,-7.9871285),(-22.3028452,0.,-7.9516743),(-14.7637415,0.,-4.0304832),(-14.7690993,0.,-4.1654868),(-14.7677888,0.,-4.2687570),(-14.7637415,0.,-4.0304832),(-14.7677888,0.,-4.2687570),(-14.7638573,0.,-4.3679592),(-14.7637415,0.,-4.0304832),(-14.7638573,0.,-4.3679592),(-14.7573047,0.,-4.4630935),(-14.7637415,0.,-4.0304832),(-14.7573047,0.,-4.4630935),(-14.7481311,0.,-4.5541598),(-14.7637415,0.,-4.0304832),(-14.7481311,0.,-4.5541598),(-14.7363365,0.,-4.6411581),(-14.7637415,0.,-4.0304832),(-14.7363365,0.,-4.6411581),(-14.7219208,0.,-4.7240884),(-14.7637415,0.,-4.0304832),(-14.7219208,0.,-4.7240884),(-14.7048841,0.,-4.8029508),(-14.7637415,0.,-4.0304832),(-14.7048841,0.,-4.8029508),(-14.6852264,0.,-4.8777452),(-14.7637415,0.,-4.0304832),(-14.6852264,0.,-4.8777452),(-14.6380479,0.,-5.0151301),(-14.7637415,0.,-4.0304832),(-14.6380479,0.,-5.0151301),(-14.5803853,0.,-5.1362431),(-14.7637415,0.,-4.0304832),(-14.5803853,0.,-5.1362431),(-14.5122385,0.,-5.2410842),(-14.7637415,0.,-4.0304832),(-14.5122385,0.,-5.2410842),(-14.4336077,0.,-5.3296535),(-14.7637415,0.,-4.0304832),(-14.4336077,0.,-5.3296535),(-14.3553406,0.,-5.4000988),(-14.7637415,0.,-4.0304832),(-14.3553406,0.,-5.4000988),(-14.2745269,0.,-5.4611514),(-14.7637415,0.,-4.0304832),(-14.2745269,0.,-5.4611514),(-14.1911667,0.,-5.5128113),(-14.7637415,0.,-4.0304832),(-14.1911667,0.,-5.5128113),(-14.1052598,0.,-5.5550785),(-14.7637415,0.,-4.0304832),(-14.1052598,0.,-5.5550785),(-14.0168062,0.,-5.5879530),(-14.7637415,0.,-4.0304832),(-14.0168062,0.,-5.5879530),(-13.9258061,0.,-5.6114348),(-14.7637415,0.,-4.0304832),(-13.9258061,0.,-5.6114348),(-13.8322594,0.,-5.6255238),(-13.8322594,0.,-5.6255238),(-13.7361660,0.,-5.6302202),(-13.6470676,0.,-5.6267144),(-13.8322594,0.,-5.6255238),(-13.6470676,0.,-5.6267144),(-13.5612764,0.,-5.6161973),(-13.8322594,0.,-5.6255238),(-13.5612764,0.,-5.6161973),(-13.4787926,0.,-5.5986686),(-13.8322594,0.,-5.6255238),(-13.4787926,0.,-5.5986686),(-13.3996160,0.,-5.5741285),(-13.8322594,0.,-5.6255238),(-13.3996160,0.,-5.5741285),(-13.3237467,0.,-5.5425769),(-13.8322594,0.,-5.6255238),(-13.3237467,0.,-5.5425769),(-13.2511848,0.,-5.5040139),(-13.8322594,0.,-5.6255238),(-13.2511848,0.,-5.5040139),(-13.1819301,0.,-5.4584394),(-13.8322594,0.,-5.6255238),(-13.1819301,0.,-5.4584394),(-13.1159827,0.,-5.4058535),(-14.2274973,0.,-6.3051723),(-14.2949660,0.,-6.1636202),(-14.3780452,0.,-6.0699577),(-14.2274973,0.,-6.3051723),(-14.3780452,0.,-6.0699577),(-14.4939327,0.,-6.0175702),(-14.1330410,0.,-6.4250285),(-14.2274973,0.,-6.3051723),(-14.4939327,0.,-6.0175702),(-14.1330410,0.,-6.4250285),(-14.4939327,0.,-6.0175702),(-14.5695374,0.,-6.0483280),(-14.1330410,0.,-6.4250285),(-14.5695374,0.,-6.0483280),(-14.6301931,0.,-6.0940348),(-14.0398415,0.,-6.5028160),(-14.1330410,0.,-6.4250285),(-14.6301931,0.,-6.0940348),(-14.0398415,0.,-6.5028160),(-14.6301931,0.,-6.0940348),(-14.7066577,0.,-6.2302952),(-13.9412181,0.,-6.5583785),(-14.0398415,0.,-6.5028160),(-14.7066577,0.,-6.2302952),(-13.9412181,0.,-6.5583785),(-14.7066577,0.,-6.2302952),(-14.6992493,0.,-6.3022618),(-13.9412181,0.,-6.5583785),(-14.6992493,0.,-6.3022618),(-14.6506321,0.,-6.4200014),(-13.8371707,0.,-6.5917160),(-13.9412181,0.,-6.5583785),(-14.6506321,0.,-6.4200014),(-13.8371707,0.,-6.5917160),(-14.6506321,0.,-6.4200014),(-14.5894473,0.,-6.5298035),(-13.7276993,0.,-6.6028285),(-13.8371707,0.,-6.5917160),(-14.5894473,0.,-6.5298035),(-13.7276993,0.,-6.6028285),(-14.5894473,0.,-6.5298035),(-14.5156946,0.,-6.6316681),(-13.7276993,0.,-6.6028285),(-14.5156946,0.,-6.6316681),(-14.4293743,0.,-6.7255952),(-13.6331108,0.,-6.5911207),(-13.7276993,0.,-6.6028285),(-14.4293743,0.,-6.7255952),(-13.6331108,0.,-6.5911207),(-14.4293743,0.,-6.7255952),(-14.3524302,0.,-6.7962885),(-13.6331108,0.,-6.5911207),(-14.3524302,0.,-6.7962885),(-14.2724103,0.,-6.8575561),(-13.5324368,0.,-6.5559973),(-13.6331108,0.,-6.5911207),(-14.2724103,0.,-6.8575561),(-13.5324368,0.,-6.5559973),(-14.2724103,0.,-6.8575561),(-14.1893146,0.,-6.9093979),(-13.5324368,0.,-6.5559973),(-14.1893146,0.,-6.9093979),(-14.1031431,0.,-6.9518139),(-13.4256775,0.,-6.4974582),(-13.5324368,0.,-6.5559973),(-14.1031431,0.,-6.9518139),(-13.4256775,0.,-6.4974582),(-14.1031431,0.,-6.9518139),(-14.0138958,0.,-6.9848042),(-13.3128327,0.,-6.4155035),(-13.4256775,0.,-6.4974582),(-14.0138958,0.,-6.9848042),(-13.3128327,0.,-6.4155035),(-14.0138958,0.,-6.9848042),(-13.9215728,0.,-7.0083686),(-13.3128327,0.,-6.4155035),(-13.9215728,0.,-7.0083686),(-13.8261739,0.,-7.0225073),(-13.2267108,0.,-6.3174754),(-13.3128327,0.,-6.4155035),(-13.8261739,0.,-7.0225073),(-13.2267108,0.,-6.3174754),(-13.8261739,0.,-7.0225073),(-13.7276993,0.,-7.0272202),(-13.2267108,0.,-6.3174754),(-13.7276993,0.,-7.0272202),(-13.6428342,0.,-7.0226892),(-13.2267108,0.,-6.3174754),(-13.6428342,0.,-7.0226892),(-13.5575723,0.,-7.0090962),(-13.1651952,0.,-6.1895493),(-13.2267108,0.,-6.3174754),(-13.5575723,0.,-7.0090962),(-13.1651952,0.,-6.1895493),(-13.5575723,0.,-7.0090962),(-13.4719134,0.,-6.9864413),(-13.1651952,0.,-6.1895493),(-13.4719134,0.,-6.9864413),(-13.3858577,0.,-6.9547243),(-13.1651952,0.,-6.1895493),(-13.3858577,0.,-6.9547243),(-13.2994051,0.,-6.9139454),(-13.1436647,0.,-6.1143746),(-13.1651952,0.,-6.1895493),(-13.2994051,0.,-6.9139454),(-13.1436647,0.,-6.1143746),(-13.2994051,0.,-6.9139454),(-13.2125556,0.,-6.8641045),(-13.1282858,0.,-6.0317254),(-13.1436647,0.,-6.1143746),(-13.2125556,0.,-6.8641045),(-13.1190584,0.,-5.9416017),(-13.1282858,0.,-6.0317254),(-13.2125556,0.,-6.8641045),(-13.1190584,0.,-5.9416017),(-13.2125556,0.,-6.8641045),(-13.1253092,0.,-6.8052017),(-13.1159827,0.,-5.8440035),(-13.1190584,0.,-5.9416017),(-13.1253092,0.,-6.8052017),(-13.1159827,0.,-5.8440035),(-13.1253092,0.,-6.8052017),(-13.0376660,0.,-6.7372368),(-13.1159827,0.,-5.4058535),(-13.1159827,0.,-5.8440035),(-13.0376660,0.,-6.7372368),(-13.1159827,0.,-5.4058535),(-13.0376660,0.,-6.7372368),(-12.9558105,0.,-6.6594824),(-13.1159827,0.,-5.4058535),(-12.9558105,0.,-6.6594824),(-12.8848691,0.,-6.5722691),(-13.1159827,0.,-5.4058535),(-12.8848691,0.,-6.5722691),(-12.8248418,0.,-6.4755970),(-13.1159827,0.,-5.4058535),(-12.8248418,0.,-6.4755970),(-12.7757285,0.,-6.3694660),(-13.1159827,0.,-5.4058535),(-12.7757285,0.,-6.3694660),(-12.7375293,0.,-6.2538762),(-13.1159827,0.,-5.4058535),(-12.7375293,0.,-6.2538762),(-12.7102441,0.,-6.1288275),(-13.1159827,0.,-5.4058535),(-12.7102441,0.,-6.1288275),(-12.6938730,0.,-5.9943199),(-13.1159827,0.,-5.4058535),(-12.6938730,0.,-5.9943199),(-12.6884160,0.,-5.8503535),(-13.1159827,0.,-5.4058535),(-12.6884160,0.,-5.8503535),(-12.6884160,0.,-4.5337868),(-13.8322594,0.,-5.6255238),(-13.1159827,0.,-5.4058535),(-12.6884160,0.,-4.5337868),(-12.6884160,0.,-4.5337868),(-13.0842327,0.,-4.5454285),(-13.0997108,0.,-4.6683936),(-12.6884160,0.,-4.5337868),(-13.0997108,0.,-4.6683936),(-13.1461452,0.,-4.7896389),(-12.6884160,0.,-4.5337868),(-13.1461452,0.,-4.7896389),(-13.2235358,0.,-4.9091644),(-13.8322594,0.,-5.6255238),(-12.6884160,0.,-4.5337868),(-13.2235358,0.,-4.9091644),(-13.8322594,0.,-5.6255238),(-13.2235358,0.,-4.9091644),(-13.3318827,0.,-5.0269702),(-13.8322594,0.,-5.6255238),(-13.3318827,0.,-5.0269702),(-13.4273973,0.,-5.1056837),(-13.8322594,0.,-5.6255238),(-13.4273973,0.,-5.1056837),(-13.5266160,0.,-5.1619077),(-13.8322594,0.,-5.6255238),(-13.5266160,0.,-5.1619077),(-13.6295389,0.,-5.1956420),(-13.8322594,0.,-5.6255238),(-13.6295389,0.,-5.1956420),(-13.7361660,0.,-5.2068868),(-13.8322594,0.,-5.6255238),(-13.7361660,0.,-5.2068868),(-13.8423301,0.,-5.1956420),(-13.8322594,0.,-5.6255238),(-13.8423301,0.,-5.1956420),(-13.9449223,0.,-5.1619077),(-13.8322594,0.,-5.6255238),(-13.9449223,0.,-5.1619077),(-14.0439426,0.,-5.1056837),(-13.8322594,0.,-5.6255238),(-14.0439426,0.,-5.1056837),(-14.1393910,0.,-5.0269702),(-13.8322594,0.,-5.6255238),(-14.1393910,0.,-5.0269702),(-14.2273650,0.,-4.8981181),(-14.7637415,0.,-4.0304832),(-13.8322594,0.,-5.6255238),(-14.2273650,0.,-4.8981181),(-14.7637415,0.,-4.0304832),(-14.2273650,0.,-4.8981181),(-14.2619262,0.,-4.8120624),(-14.7637415,0.,-4.0304832),(-14.2619262,0.,-4.8120624),(-14.2902035,0.,-4.7115868),(-14.7637415,0.,-4.0304832),(-14.2902035,0.,-4.7115868),(-14.3121970,0.,-4.5966915),(-14.7637415,0.,-4.0304832),(-14.3121970,0.,-4.5966915),(-14.3279066,0.,-4.4673764),(-14.7637415,0.,-4.0304832),(-14.3279066,0.,-4.4673764),(-14.3373324,0.,-4.3236415),(-14.7637415,0.,-4.0304832),(-14.3373324,0.,-4.3236415),(-14.3404743,0.,-4.1654868),(-14.7637415,0.,-4.0304832),(-14.3404743,0.,-4.1654868),(-14.3371174,0.,-4.0740733),(-14.7637415,0.,-4.0304832),(-14.3371174,0.,-4.0740733),(-14.3270467,0.,-3.9876868),(-14.7637415,0.,-4.0304832),(-14.3270467,0.,-3.9876868),(-14.3102622,0.,-3.9063275),(-14.7637415,0.,-4.0304832),(-14.3102622,0.,-3.9063275),(-14.2867639,0.,-3.8299952),(-14.7637415,0.,-4.0304832),(-14.2867639,0.,-3.8299952),(-14.2196259,0.,-3.6924118),(-14.7637415,0.,-4.0304832),(-14.2196259,0.,-3.6924118),(-14.1256327,0.,-3.5749368),(-14.7637415,0.,-4.0304832),(-14.1256327,0.,-3.5749368),(-14.0343514,0.,-3.4971493),(-13.0851628,0.,-4.4542093),(-13.0842327,0.,-4.5454285),(-12.6884160,0.,-4.5337868),(-13.0879534,0.,-4.3670828),(-13.0851628,0.,-4.4542093),(-12.6884160,0.,-4.5337868),(-13.0991155,0.,-4.2051082),(-13.0879534,0.,-4.3670828),(-12.6884160,0.,-4.5337868),(-13.1177190,0.,-4.0595047),(-13.0991155,0.,-4.2051082),(-12.6884160,0.,-4.5337868),(-13.1437639,0.,-3.9302723),(-13.1177190,0.,-4.0595047),(-12.6884160,0.,-4.5337868),(-13.1772502,0.,-3.8174109),(-13.1437639,0.,-3.9302723),(-12.6884160,0.,-4.5337868),(-13.2181780,0.,-3.7209207),(-13.1772502,0.,-3.8174109),(-12.6884160,0.,-4.5337868),(-13.2665471,0.,-3.6408015),(-13.2181780,0.,-3.7209207),(-12.6884160,0.,-4.5337868),(-13.2665471,0.,-3.6408015),(-12.6884160,0.,-4.5337868),(-12.6897513,0.,-4.4183417),(-13.2665471,0.,-3.6408015),(-12.6897513,0.,-4.4183417),(-12.6937573,0.,-4.3077500),(-13.2665471,0.,-3.6408015),(-12.6937573,0.,-4.3077500),(-12.7004339,0.,-4.2020117),(-13.3223577,0.,-3.5770535),(-13.2665471,0.,-3.6408015),(-12.7004339,0.,-4.2020117),(-13.3223577,0.,-3.5770535),(-12.7004339,0.,-4.2020117),(-12.7097811,0.,-4.1011269),(-13.3223577,0.,-3.5770535),(-12.7097811,0.,-4.1011269),(-12.7217990,0.,-4.0050956),(-13.4189967,0.,-3.4983400),(-13.3223577,0.,-3.5770535),(-12.7217990,0.,-4.0050956),(-13.4189967,0.,-3.4983400),(-12.7217990,0.,-4.0050956),(-12.7364875,0.,-3.9139177),(-13.4189967,0.,-3.4983400),(-12.7364875,0.,-3.9139177),(-12.7538466,0.,-3.8275932),(-13.5194723,0.,-3.4421160),(-13.4189967,0.,-3.4983400),(-12.7538466,0.,-3.8275932),(-13.5194723,0.,-3.4421160),(-12.7538466,0.,-3.8275932),(-12.7738764,0.,-3.7461223),(-13.5194723,0.,-3.4421160),(-12.7738764,0.,-3.7461223),(-12.7965768,0.,-3.6695047),(-13.6237842,0.,-3.4083816),(-13.5194723,0.,-3.4421160),(-12.7965768,0.,-3.6695047),(-13.6237842,0.,-3.4083816),(-12.7965768,0.,-3.6695047),(-12.8219479,0.,-3.5977406),(-13.6237842,0.,-3.4083816),(-12.8219479,0.,-3.5977406),(-12.8807019,0.,-3.4687728),(-13.7319327,0.,-3.3971368),(-13.6237842,0.,-3.4083816),(-12.8807019,0.,-3.4687728),(-13.7319327,0.,-3.3971368),(-12.8807019,0.,-3.4687728),(-12.9501385,0.,-3.3592187),(-13.7319327,0.,-3.3971368),(-12.9501385,0.,-3.3592187),(-13.0302577,0.,-3.2690785),(-13.8375014,0.,-3.4082493),(-13.7319327,0.,-3.3971368),(-13.0302577,0.,-3.2690785),(-13.8375014,0.,-3.4082493),(-13.0302577,0.,-3.2690785),(-13.1098642,0.,-3.1991293),(-13.8375014,0.,-3.4082493),(-13.1098642,0.,-3.1991293),(-13.1920504,0.,-3.1385066),(-13.9383077,0.,-3.4415868),(-13.8375014,0.,-3.4082493),(-13.1920504,0.,-3.1385066),(-13.9383077,0.,-3.4415868),(-13.1920504,0.,-3.1385066),(-13.2768163,0.,-3.0872105),(-13.9383077,0.,-3.4415868),(-13.2768163,0.,-3.0872105),(-13.3641618,0.,-3.0452410),(-14.0343514,0.,-3.4971493),(-13.9383077,0.,-3.4415868),(-13.3641618,0.,-3.0452410),(-14.0343514,0.,-3.4971493),(-13.3641618,0.,-3.0452410),(-13.4540871,0.,-3.0125980),(-14.7637415,0.,-4.0304832),(-14.0343514,0.,-3.4971493),(-13.4540871,0.,-3.0125980),(-14.7637415,0.,-4.0304832),(-13.4540871,0.,-3.0125980),(-13.5465920,0.,-2.9892816),(-14.7637415,0.,-4.0304832),(-13.5465920,0.,-2.9892816),(-13.6416767,0.,-2.9752918),(-14.7637415,0.,-4.0304832),(-13.6416767,0.,-2.9752918),(-13.7393410,0.,-2.9706285),(-14.7637415,0.,-4.0304832),(-13.7393410,0.,-2.9706285),(-13.8345745,0.,-2.9753745),(-14.7637415,0.,-4.0304832),(-13.8345745,0.,-2.9753745),(-13.9271290,0.,-2.9896124),(-14.7637415,0.,-4.0304832),(-13.9271290,0.,-2.9896124),(-14.0170047,0.,-3.0133422),(-14.7637415,0.,-4.0304832),(-14.0170047,0.,-3.0133422),(-14.1042014,0.,-3.0465639),(-14.7637415,0.,-4.0304832),(-14.1042014,0.,-3.0465639),(-14.1887193,0.,-3.0892776),(-14.7637415,0.,-4.0304832),(-14.1887193,0.,-3.0892776),(-14.2705582,0.,-3.1414832),(-14.7637415,0.,-4.0304832),(-14.2705582,0.,-3.1414832),(-14.3497182,0.,-3.2031807),(-14.7637415,0.,-4.0304832),(-14.3497182,0.,-3.2031807),(-14.4261993,0.,-3.2743702),(-14.7637415,0.,-4.0304832),(-14.4261993,0.,-3.2743702),(-14.5065665,0.,-3.3621457),(-14.7637415,0.,-4.0304832),(-14.5065665,0.,-3.3621457),(-14.5762181,0.,-3.4566681),(-14.7637415,0.,-4.0304832),(-14.5762181,0.,-3.4566681),(-14.6351540,0.,-3.5579374),(-14.7637415,0.,-4.0304832),(-14.6351540,0.,-3.5579374),(-14.6833743,0.,-3.6659535),(-14.7637415,0.,-4.0304832),(-14.6833743,0.,-3.6659535),(-14.7208790,0.,-3.7807165),(-14.7637415,0.,-4.0304832),(-14.7208790,0.,-3.7807165),(-14.7476681,0.,-3.9022264),(-17.7250243,0.,-6.6028285),(-16.5534493,0.,-5.0121535),(-16.4889571,0.,-4.9184083),(-17.7250243,0.,-6.6028285),(-16.4889571,0.,-4.9184083),(-16.4330639,0.,-4.8207936),(-17.7250243,0.,-6.6028285),(-16.4330639,0.,-4.8207936),(-16.3857696,0.,-4.7193094),(-17.7250243,0.,-6.6028285),(-16.3857696,0.,-4.7193094),(-16.3470743,0.,-4.6139556),(-17.7250243,0.,-6.6028285),(-16.3470743,0.,-4.6139556),(-16.3169780,0.,-4.5047323),(-17.7250243,0.,-6.6028285),(-16.3169780,0.,-4.5047323),(-16.2954806,0.,-4.3916394),(-17.7250243,0.,-6.6028285),(-16.2954806,0.,-4.3916394),(-16.2825821,0.,-4.2746771),(-17.7250243,0.,-6.6028285),(-16.2825821,0.,-4.2746771),(-16.2782827,0.,-4.1538452),(-17.7250243,0.,-6.6028285),(-16.2782827,0.,-4.1538452),(-16.2834090,0.,-4.0288792),(-17.7250243,0.,-6.6028285),(-16.2834090,0.,-4.0288792),(-16.2987879,0.,-3.9085103),(-17.7250243,0.,-6.6028285),(-16.2987879,0.,-3.9085103),(-16.3244194,0.,-3.7927385),(-17.7250243,0.,-6.6028285),(-16.3244194,0.,-3.7927385),(-16.3603035,0.,-3.6815639),(-16.3603035,0.,-3.6815639),(-16.4064402,0.,-3.5749864),(-16.4628295,0.,-3.4730061),(-16.3603035,0.,-3.6815639),(-16.4628295,0.,-3.4730061),(-16.5294715,0.,-3.3756229),(-16.3603035,0.,-3.6815639),(-16.5294715,0.,-3.3756229),(-16.6063660,0.,-3.2828368),(-16.3603035,0.,-3.6815639),(-16.6063660,0.,-3.2828368),(-16.6792587,0.,-3.2096630),(-16.3603035,0.,-3.6815639),(-16.6792587,0.,-3.2096630),(-16.7566493,0.,-3.1462457),(-16.3603035,0.,-3.6815639),(-16.7566493,0.,-3.1462457),(-16.8385379,0.,-3.0925849),(-16.3603035,0.,-3.6815639),(-16.8385379,0.,-3.0925849),(-16.9249243,0.,-3.0486806),(-16.3603035,0.,-3.6815639),(-16.9249243,0.,-3.0486806),(-17.0158087,0.,-3.0145328),(-16.3603035,0.,-3.6815639),(-17.0158087,0.,-3.0145328),(-17.1111910,0.,-2.9901415),(-16.3603035,0.,-3.6815639),(-17.1111910,0.,-2.9901415),(-17.2110712,0.,-2.9755068),(-16.3603035,0.,-3.6815639),(-17.2110712,0.,-2.9755068),(-17.3154493,0.,-2.9706285),(-16.3603035,0.,-3.6815639),(-17.3154493,0.,-2.9706285),(-17.4139570,0.,-2.9754075),(-16.3603035,0.,-3.6815639),(-17.4139570,0.,-2.9754075),(-17.5094551,0.,-2.9897446),(-16.3603035,0.,-3.6815639),(-17.5094551,0.,-2.9897446),(-17.6019435,0.,-3.0136398),(-16.3603035,0.,-3.6815639),(-17.6019435,0.,-3.0136398),(-17.6914223,0.,-3.0470931),(-16.3603035,0.,-3.6815639),(-17.6914223,0.,-3.0470931),(-17.7778914,0.,-3.0901044),(-16.3603035,0.,-3.6815639),(-17.7778914,0.,-3.0901044),(-17.8613509,0.,-3.1426738),(-17.8613509,0.,-3.1426738),(-17.9418008,0.,-3.2048013),(-18.0192410,0.,-3.2764868),(-17.8613509,0.,-3.1426738),(-18.0192410,0.,-3.2764868),(-18.0983680,0.,-3.3630056),(-17.8613509,0.,-3.1426738),(-18.0983680,0.,-3.3630056),(-18.1669446,0.,-3.4558743),(-17.8613509,0.,-3.1426738),(-18.1669446,0.,-3.4558743),(-18.2249711,0.,-3.5550931),(-17.8613509,0.,-3.1426738),(-18.2249711,0.,-3.5550931),(-18.2724473,0.,-3.6606618),(-17.8613509,0.,-3.1426738),(-18.2724473,0.,-3.6606618),(-18.3093732,0.,-3.7725806),(-17.8613509,0.,-3.1426738),(-18.3093732,0.,-3.7725806),(-18.3357488,0.,-3.8908493),(-17.8613509,0.,-3.1426738),(-18.3357488,0.,-3.8908493),(-18.3515742,0.,-4.0154681),(-17.8613509,0.,-3.1426738),(-18.3515742,0.,-4.0154681),(-18.3568493,0.,-4.1464368),(-17.8613509,0.,-3.1426738),(-18.3568493,0.,-4.1464368),(-18.3568493,0.,-4.1517285),(-17.8613509,0.,-3.1426738),(-18.3568493,0.,-4.1517285),(-18.3412389,0.,-4.2332202),(-17.8613509,0.,-3.1426738),(-18.3412389,0.,-4.2332202),(-18.2944077,0.,-4.3020118),(-17.8613509,0.,-3.1426738),(-18.2944077,0.,-4.3020118),(-18.2256160,0.,-4.3488431),(-17.8613509,0.,-3.1426738),(-18.2256160,0.,-4.3488431),(-18.1441243,0.,-4.3644535),(-17.8613509,0.,-3.1426738),(-18.1441243,0.,-4.3644535),(-18.0626327,0.,-4.3488431),(-17.8613509,0.,-3.1426738),(-18.0626327,0.,-4.3488431),(-17.9938410,0.,-4.3020118),(-17.8613509,0.,-3.1426738),(-17.9938410,0.,-4.3020118),(-17.9462160,0.,-4.2332202),(-17.9462160,0.,-4.2332202),(-17.9303410,0.,-4.1517285),(-17.9303410,0.,-4.1464368),(-17.9462160,0.,-4.2332202),(-17.9303410,0.,-4.1464368),(-17.9270172,0.,-4.0595212),(-17.8613509,0.,-3.1426738),(-17.9462160,0.,-4.2332202),(-17.9270172,0.,-4.0595212),(-17.8613509,0.,-3.1426738),(-17.9270172,0.,-4.0595212),(-17.9170457,0.,-3.9771035),(-17.8613509,0.,-3.1426738),(-17.9170457,0.,-3.9771035),(-17.9004265,0.,-3.8991837),(-17.8613509,0.,-3.1426738),(-17.9004265,0.,-3.8991837),(-17.8771598,0.,-3.8257618),(-17.8613509,0.,-3.1426738),(-17.8771598,0.,-3.8257618),(-17.8106832,0.,-3.6924118),(-17.8613509,0.,-3.1426738),(-17.8106832,0.,-3.6924118),(-17.7176160,0.,-3.5770535),(-17.8613509,0.,-3.1426738),(-17.7176160,0.,-3.5770535),(-17.6267316,0.,-3.4983400),(-17.8613509,0.,-3.1426738),(-17.6267316,0.,-3.4983400),(-17.5297618,0.,-3.4421160),(-17.8613509,0.,-3.1426738),(-17.5297618,0.,-3.4421160),(-17.4267066,0.,-3.4083816),(-17.8613509,0.,-3.1426738),(-17.4267066,0.,-3.4083816),(-17.3175660,0.,-3.3971368),(-17.8613509,0.,-3.1426738),(-17.3175660,0.,-3.3971368),(-17.2043243,0.,-3.4079848),(-17.8613509,0.,-3.1426738),(-17.2043243,0.,-3.4079848),(-17.1006077,0.,-3.4405285),(-16.3603035,0.,-3.6815639),(-17.8613509,0.,-3.1426738),(-17.1006077,0.,-3.4405285),(-16.3603035,0.,-3.6815639),(-17.1006077,0.,-3.4405285),(-17.0064160,0.,-3.4947681),(-16.3603035,0.,-3.6815639),(-17.0064160,0.,-3.4947681),(-16.9217493,0.,-3.5707035),(-16.3603035,0.,-3.6815639),(-16.9217493,0.,-3.5707035),(-16.8701556,0.,-3.6318719),(-16.3603035,0.,-3.6815639),(-16.8701556,0.,-3.6318719),(-16.8254410,0.,-3.6963144),(-16.3603035,0.,-3.6815639),(-16.8254410,0.,-3.6963144),(-16.7566493,0.,-3.8350223),(-16.3603035,0.,-3.6815639),(-16.7566493,0.,-3.8350223),(-16.7153743,0.,-3.9868269),(-16.3603035,0.,-3.6815639),(-16.7153743,0.,-3.9868269),(-16.7050556,0.,-4.0676406),(-16.3603035,0.,-3.6815639),(-16.7050556,0.,-4.0676406),(-16.7016160,0.,-4.1517285),(-16.3603035,0.,-3.6815639),(-16.7016160,0.,-4.1517285),(-16.7045430,0.,-4.2384457),(-16.3603035,0.,-3.6815639),(-16.7045430,0.,-4.2384457),(-16.7133238,0.,-4.3218556),(-16.3603035,0.,-3.6815639),(-16.7133238,0.,-4.3218556),(-16.7279586,0.,-4.4019582),(-16.3603035,0.,-3.6815639),(-16.7279586,0.,-4.4019582),(-16.7484473,0.,-4.4787535),(-16.3603035,0.,-3.6815639),(-16.7484473,0.,-4.4787535),(-16.8069863,0.,-4.6224223),(-17.7250243,0.,-6.6028285),(-16.3603035,0.,-3.6815639),(-16.8069863,0.,-4.6224223),(-17.7250243,0.,-6.6028285),(-16.8069863,0.,-4.6224223),(-16.8889410,0.,-4.7528618),(-17.7250243,0.,-6.6028285),(-16.8889410,0.,-4.7528618),(-18.3123993,0.,-6.6864368),(-16.4888910,0.,-6.6028285),(-17.7250243,0.,-6.6028285),(-18.3123993,0.,-6.6864368),(-16.4888910,0.,-6.6028285),(-18.3123993,0.,-6.6864368),(-18.3589660,0.,-6.8113202),(-16.4888910,0.,-6.6028285),(-18.3589660,0.,-6.8113202),(-18.3568493,0.,-6.8462452),(-16.4888910,0.,-6.6028285),(-18.3568493,0.,-6.8462452),(-18.3303910,0.,-6.9248264),(-16.4888910,0.,-6.6028285),(-18.3303910,0.,-6.9248264),(-18.2785327,0.,-6.9806535),(-16.4888910,0.,-6.6028285),(-18.2785327,0.,-6.9806535),(-18.2100056,0.,-7.0155785),(-16.4888910,0.,-6.6028285),(-18.2100056,0.,-7.0155785),(-18.1441243,0.,-7.0272202),(-16.4888910,0.,-6.6028285),(-18.1441243,0.,-7.0272202),(-16.4888910,0.,-7.0272202),(-16.4888910,0.,-6.6028285),(-16.4888910,0.,-7.0272202),(-16.4055473,0.,-7.0121389),(-16.4888910,0.,-6.6028285),(-16.4055473,0.,-7.0121389),(-16.3375493,0.,-6.9668952),(-16.4888910,0.,-6.6028285),(-16.3375493,0.,-6.9668952),(-16.2930993,0.,-6.8988973),(-16.4888910,0.,-6.6028285),(-16.2930993,0.,-6.8988973),(-16.2782827,0.,-6.8155535),(-16.4888910,0.,-6.6028285),(-16.2782827,0.,-6.8155535),(-16.2930993,0.,-6.7314160),(-16.4888910,0.,-6.6028285),(-16.2930993,0.,-6.7314160),(-16.3375493,0.,-6.6631535),(-16.4888910,0.,-6.6028285),(-16.3375493,0.,-6.6631535),(-16.4034306,0.,-6.6179098),(-15.8200243,0.,-6.9967931),(-15.7469993,0.,-7.1034202),(-15.6403723,0.,-7.1764452),(-15.8200243,0.,-6.9967931),(-15.6403723,0.,-7.1764452),(-15.5152243,0.,-7.2007868),(-15.8200243,0.,-6.9967931),(-15.5152243,0.,-7.2007868),(-15.3903410,0.,-7.1764452),(-15.8200243,0.,-6.9967931),(-15.3903410,0.,-7.1764452),(-15.2845077,0.,-7.1034202),(-15.8200243,0.,-6.9967931),(-15.2845077,0.,-7.1034202),(-15.2114827,0.,-6.9967931),(-15.8200243,0.,-6.9967931),(-15.2114827,0.,-6.9967931),(-15.1871410,0.,-6.8716452),(-15.8200243,0.,-6.9967931),(-15.1871410,0.,-6.8716452),(-15.2114827,0.,-6.7464973),(-15.8200243,0.,-6.9967931),(-15.2114827,0.,-6.7464973),(-15.2845077,0.,-6.6398702),(-15.8200243,0.,-6.9967931),(-15.2845077,0.,-6.6398702),(-15.3903410,0.,-6.5668452),(-15.8200243,0.,-6.9967931),(-15.3903410,0.,-6.5668452),(-15.5152243,0.,-6.5425035),(-15.8200243,0.,-6.9967931),(-15.5152243,0.,-6.5425035),(-15.6403723,0.,-6.5668452),(-15.8200243,0.,-6.9967931),(-15.6403723,0.,-6.5668452),(-15.7469993,0.,-6.6398702),(-15.8200243,0.,-6.9967931),(-15.7469993,0.,-6.6398702),(-15.8200243,0.,-6.7464973),(-15.8200243,0.,-6.9967931),(-15.8200243,0.,-6.7464973),(-15.8443660,0.,-6.8716452),(-0.9471323,0.,-6.0065569),(-0.9417910,0.,-5.8741660),(-0.9417910,0.,-4.1840077),(-0.9471323,0.,-6.0065569),(-0.9417910,0.,-4.1840077),(-0.9470992,0.,-4.0533862),(-0.9471323,0.,-6.0065569),(-0.9470992,0.,-4.0533862),(-0.9630238,0.,-3.9287509),(-0.9471323,0.,-6.0065569),(-0.9630238,0.,-3.9287509),(-0.9895648,0.,-3.8101018),(-0.9471323,0.,-6.0065569),(-0.9895648,0.,-3.8101018),(-1.0267223,0.,-3.6974389),(-0.9471323,0.,-6.0065569),(-1.0267223,0.,-3.6974389),(-1.0744961,0.,-3.5907622),(-0.9471323,0.,-6.0065569),(-1.0744961,0.,-3.5907622),(-1.1328863,0.,-3.4900717),(-0.9471323,0.,-6.0065569),(-1.1328863,0.,-3.4900717),(-1.2018930,0.,-3.3953674),(-0.9471323,0.,-6.0065569),(-1.2018930,0.,-3.3953674),(-1.2815160,0.,-3.3066493),(-0.9471323,0.,-6.0065569),(-1.2815160,0.,-3.3066493),(-1.3581956,0.,-3.2349638),(-0.9471323,0.,-6.0065569),(-1.3581956,0.,-3.2349638),(-1.4379509,0.,-3.1728363),(-0.9471323,0.,-6.0065569),(-1.4379509,0.,-3.1728363),(-1.5207820,0.,-3.1202669),(-1.5207820,0.,-3.1202669),(-1.6066889,0.,-3.0772556),(-1.6956716,0.,-3.0438023),(-1.5207820,0.,-3.1202669),(-1.6956716,0.,-3.0438023),(-1.7877301,0.,-3.0199071),(-1.5207820,0.,-3.1202669),(-1.7877301,0.,-3.0199071),(-1.8828643,0.,-3.0055700),(-1.5207820,0.,-3.1202669),(-1.8828643,0.,-3.0055700),(-1.9810743,0.,-3.0007910),(-1.5207820,0.,-3.1202669),(-1.9810743,0.,-3.0007910),(-2.0781599,0.,-3.0055700),(-1.5207820,0.,-3.1202669),(-2.0781599,0.,-3.0055700),(-2.1725665,0.,-3.0199071),(-1.5207820,0.,-3.1202669),(-2.1725665,0.,-3.0199071),(-2.2642943,0.,-3.0438023),(-1.5207820,0.,-3.1202669),(-2.2642943,0.,-3.0438023),(-2.3533431,0.,-3.0772556),(-1.5207820,0.,-3.1202669),(-2.3533431,0.,-3.0772556),(-2.4397130,0.,-3.1202669),(-1.5207820,0.,-3.1202669),(-2.4397130,0.,-3.1202669),(-2.5234040,0.,-3.1728363),(-1.5207820,0.,-3.1202669),(-2.5234040,0.,-3.1728363),(-2.6044161,0.,-3.2349638),(-1.5207820,0.,-3.1202669),(-2.6044161,0.,-3.2349638),(-2.6827493,0.,-3.3066493),(-1.5207820,0.,-3.1202669),(-2.6827493,0.,-3.3066493),(-2.7623724,0.,-3.3936311),(-1.5207820,0.,-3.1202669),(-2.7623724,0.,-3.3936311),(-2.8313790,0.,-3.4868306),(-1.5207820,0.,-3.1202669),(-2.8313790,0.,-3.4868306),(-2.8897693,0.,-3.5862478),(-1.5207820,0.,-3.1202669),(-2.8897693,0.,-3.5862478),(-2.9375431,0.,-3.6918827),(-1.5207820,0.,-3.1202669),(-2.9375431,0.,-3.6918827),(-2.9747005,0.,-3.8037353),(-2.9747005,0.,-3.8037353),(-3.0012415,0.,-3.9218056),(-3.0171661,0.,-4.0460936),(-2.9747005,0.,-3.8037353),(-3.0171661,0.,-4.0460936),(-3.0224743,0.,-4.1765993),(-2.9747005,0.,-3.8037353),(-3.0224743,0.,-4.1765993),(-3.0224743,0.,-4.1840077),(-2.9747005,0.,-3.8037353),(-3.0224743,0.,-4.1840077),(-3.0224743,0.,-5.8783993),(-2.9747005,0.,-3.8037353),(-3.0224743,0.,-5.8783993),(-3.0171661,0.,-6.0097153),(-2.9747005,0.,-3.8037353),(-3.0171661,0.,-6.0097153),(-3.0012415,0.,-6.1348467),(-2.9747005,0.,-3.8037353),(-3.0012415,0.,-6.1348467),(-2.9747005,0.,-6.2537935),(-2.9747005,0.,-3.8037353),(-2.9747005,0.,-6.2537935),(-2.9375431,0.,-6.3665556),(-2.9747005,0.,-3.8037353),(-2.9375431,0.,-6.3665556),(-2.8897693,0.,-6.4731331),(-2.9747005,0.,-3.8037353),(-2.8897693,0.,-6.4731331),(-2.8313790,0.,-6.5735259),(-2.9747005,0.,-3.8037353),(-2.8313790,0.,-6.5735259),(-2.7623724,0.,-6.6677341),(-2.9747005,0.,-3.8037353),(-2.7623724,0.,-6.6677341),(-2.6827493,0.,-6.7557577),(-2.6827493,0.,-6.7557577),(-2.3790077,0.,-6.4594243),(-2.4730009,0.,-6.3430738),(-2.6827493,0.,-6.7557577),(-2.4730009,0.,-6.3430738),(-2.5401389,0.,-6.2067473),(-2.6827493,0.,-6.7557577),(-2.5401389,0.,-6.2067473),(-2.5804217,0.,-6.0504446),(-2.9747005,0.,-3.8037353),(-2.6827493,0.,-6.7557577),(-2.5804217,0.,-6.0504446),(-2.9747005,0.,-3.8037353),(-2.5804217,0.,-6.0504446),(-2.5904924,0.,-5.9648023),(-2.9747005,0.,-3.8037353),(-2.5904924,0.,-5.9648023),(-2.5938493,0.,-5.8741660),(-2.9747005,0.,-3.8037353),(-2.5938493,0.,-5.8741660),(-2.5938493,0.,-4.1765993),(-2.9747005,0.,-3.8037353),(-2.5938493,0.,-4.1765993),(-2.5905255,0.,-4.0882946),(-2.9747005,0.,-3.8037353),(-2.5905255,0.,-4.0882946),(-2.5805540,0.,-4.0048848),(-2.9747005,0.,-3.8037353),(-2.5805540,0.,-4.0048848),(-2.5639349,0.,-3.9263696),(-2.9747005,0.,-3.8037353),(-2.5639349,0.,-3.9263696),(-2.5406681,0.,-3.8527493),(-2.9747005,0.,-3.8037353),(-2.5406681,0.,-3.8527493),(-2.4741915,0.,-3.7201931),(-2.9747005,0.,-3.8037353),(-2.4741915,0.,-3.7201931),(-2.3811243,0.,-3.6072160),(-2.9747005,0.,-3.8037353),(-2.3811243,0.,-3.6072160),(-2.2858743,0.,-3.5285025),(-2.9747005,0.,-3.8037353),(-2.2858743,0.,-3.5285025),(-2.1874493,0.,-3.4722785),(-1.5207820,0.,-3.1202669),(-2.9747005,0.,-3.8037353),(-2.1874493,0.,-3.4722785),(-1.5207820,0.,-3.1202669),(-2.1874493,0.,-3.4722785),(-2.0858493,0.,-3.4385441),(-1.5207820,0.,-3.1202669),(-2.0858493,0.,-3.4385441),(-1.9810743,0.,-3.4272993),(-1.5207820,0.,-3.1202669),(-1.9810743,0.,-3.4272993),(-1.8719999,0.,-3.4385441),(-1.5207820,0.,-3.1202669),(-1.8719999,0.,-3.4385441),(-1.7691431,0.,-3.4722785),(-1.5207820,0.,-3.1202669),(-1.7691431,0.,-3.4722785),(-1.6725040,0.,-3.5285025),(-1.5207820,0.,-3.1202669),(-1.6725040,0.,-3.5285025),(-1.5820827,0.,-3.6072160),(-1.5207820,0.,-3.1202669),(-1.5820827,0.,-3.6072160),(-1.4890155,0.,-3.7258155),(-1.5207820,0.,-3.1202669),(-1.4890155,0.,-3.7258155),(-1.4225389,0.,-3.8614806),(-1.5207820,0.,-3.1202669),(-1.4225389,0.,-3.8614806),(-1.3826530,0.,-4.0142113),(-0.9471323,0.,-6.0065569),(-1.5207820,0.,-3.1202669),(-1.3826530,0.,-4.0142113),(-0.9471323,0.,-6.0065569),(-1.3826530,0.,-4.0142113),(-1.3726815,0.,-4.0969763),(-0.9471323,0.,-6.0065569),(-1.3726815,0.,-4.0969763),(-1.3693577,0.,-4.1840077),(-0.9471323,0.,-6.0065569),(-1.3693577,0.,-4.1840077),(-1.3693577,0.,-5.8741660),(-0.9471323,0.,-6.0065569),(-1.3693577,0.,-5.8741660),(-1.3726815,0.,-5.9638101),(-0.9471323,0.,-6.0065569),(-1.3726815,0.,-5.9638101),(-1.3826530,0.,-6.0485926),(-0.9471323,0.,-6.0065569),(-1.3826530,0.,-6.0485926),(-1.3992721,0.,-6.1285133),(-0.9471323,0.,-6.0065569),(-1.3992721,0.,-6.1285133),(-1.4225389,0.,-6.2035723),(-0.9471323,0.,-6.0065569),(-1.4225389,0.,-6.2035723),(-1.4890155,0.,-6.3391051),(-0.9471323,0.,-6.0065569),(-1.4890155,0.,-6.3391051),(-1.5820827,0.,-6.4551910),(-0.9471323,0.,-6.0065569),(-1.5820827,0.,-6.4551910),(-1.6732978,0.,-6.5329785),(-2.2874618,0.,-6.5353598),(-2.3790077,0.,-6.4594243),(-2.6827493,0.,-6.7557577),(-2.1906243,0.,-6.5895993),(-2.2874618,0.,-6.5353598),(-2.6827493,0.,-6.7557577),(-2.0884952,0.,-6.6221431),(-2.1906243,0.,-6.5895993),(-2.6827493,0.,-6.7557577),(-1.9810743,0.,-6.6329910),(-2.0884952,0.,-6.6221431),(-2.6827493,0.,-6.7557577),(-1.8727936,0.,-6.6218785),(-1.9810743,0.,-6.6329910),(-2.6827493,0.,-6.7557577),(-1.8727936,0.,-6.6218785),(-2.6827493,0.,-6.7557577),(-2.6058713,0.,-6.8264510),(-1.8727936,0.,-6.6218785),(-2.6058713,0.,-6.8264510),(-2.5260499,0.,-6.8877186),(-1.7702014,0.,-6.5885410),(-1.8727936,0.,-6.6218785),(-2.5260499,0.,-6.8877186),(-1.7702014,0.,-6.5885410),(-2.5260499,0.,-6.8877186),(-2.4432849,0.,-6.9395604),(-1.7702014,0.,-6.5885410),(-2.4432849,0.,-6.9395604),(-2.3575764,0.,-6.9819764),(-1.6732978,0.,-6.5329785),(-1.7702014,0.,-6.5885410),(-2.3575764,0.,-6.9819764),(-1.6732978,0.,-6.5329785),(-2.3575764,0.,-6.9819764),(-2.2689245,0.,-7.0149667),(-0.9471323,0.,-6.0065569),(-1.6732978,0.,-6.5329785),(-2.2689245,0.,-7.0149667),(-0.9471323,0.,-6.0065569),(-2.2689245,0.,-7.0149667),(-2.1773290,0.,-7.0385311),(-0.9471323,0.,-6.0065569),(-2.1773290,0.,-7.0385311),(-2.0827901,0.,-7.0526698),(-0.9471323,0.,-6.0065569),(-2.0827901,0.,-7.0526698),(-1.9853077,0.,-7.0573827),(-0.9471323,0.,-6.0065569),(-1.9853077,0.,-7.0573827),(-1.8861385,0.,-7.0527525),(-0.9471323,0.,-6.0065569),(-1.8861385,0.,-7.0527525),(-1.7902436,0.,-7.0388618),(-0.9471323,0.,-6.0065569),(-1.7902436,0.,-7.0388618),(-1.6976229,0.,-7.0157108),(-0.9471323,0.,-6.0065569),(-1.6976229,0.,-7.0157108),(-1.6082764,0.,-6.9832993),(-0.9471323,0.,-6.0065569),(-1.6082764,0.,-6.9832993),(-1.5222042,0.,-6.9416275),(-0.9471323,0.,-6.0065569),(-1.5222042,0.,-6.9416275),(-1.4394061,0.,-6.8906952),(-0.9471323,0.,-6.0065569),(-1.4394061,0.,-6.8906952),(-1.3598823,0.,-6.8305025),(-0.9471323,0.,-6.0065569),(-1.3598823,0.,-6.8305025),(-1.2836327,0.,-6.7610493),(-0.9471323,0.,-6.0065569),(-1.2836327,0.,-6.7610493),(-1.2035135,0.,-6.6717194),(-0.9471323,0.,-6.0065569),(-1.2035135,0.,-6.6717194),(-1.1340769,0.,-6.5762379),(-0.9471323,0.,-6.0065569),(-1.1340769,0.,-6.5762379),(-1.0753229,0.,-6.4746048),(-0.9471323,0.,-6.0065569),(-1.0753229,0.,-6.4746048),(-1.0272514,0.,-6.3668202),(-0.9471323,0.,-6.0065569),(-1.0272514,0.,-6.3668202),(-0.9898625,0.,-6.2528840),(-0.9471323,0.,-6.0065569),(-0.9898625,0.,-6.2528840),(-0.9631561,0.,-6.1327962),(-8.9554910,0.,-6.9801243),(-8.8560077,0.,-7.0891327),(-8.7427660,0.,-7.1166493),(-8.9554910,0.,-6.9801243),(-8.7427660,0.,-7.1166493),(-8.6416952,0.,-7.0912493),(-8.9554910,0.,-6.9801243),(-8.6416952,0.,-7.0912493),(-8.5649660,0.,-7.0150493),(-8.9554910,0.,-6.9801243),(-8.5649660,0.,-7.0150493),(-8.5575577,0.,-7.0086993),(-8.9554910,0.,-6.9801243),(-8.5575577,0.,-7.0086993),(-7.3118993,0.,-4.8412327),(-8.9554910,0.,-6.9801243),(-7.3118993,0.,-4.8412327),(-7.2843827,0.,-4.7343410),(-8.9554910,0.,-6.9801243),(-7.2843827,0.,-4.7343410),(-7.3121639,0.,-4.6250681),(-8.9554910,0.,-6.9801243),(-7.3121639,0.,-4.6250681),(-7.3955077,0.,-4.5470160),(-8.9554910,0.,-6.9801243),(-7.3955077,0.,-4.5470160),(-7.5023993,0.,-4.5173827),(-8.9554910,0.,-6.9801243),(-7.5023993,0.,-4.5173827),(-7.6111431,0.,-4.5451639),(-8.9554910,0.,-6.9801243),(-7.6111431,0.,-4.5451639),(-7.6876077,0.,-4.6285077),(-8.9554910,0.,-6.9801243),(-7.6876077,0.,-4.6285077),(-8.5300410,0.,-6.0942993),(-8.9554910,0.,-6.9801243),(-8.5300410,0.,-6.0942993),(-8.5300410,0.,-3.4865660),(-8.5300410,0.,-3.4865660),(-6.9435993,0.,-3.4865660),(-6.8586681,0.,-3.4706910),(-8.5300410,0.,-3.4865660),(-6.8586681,0.,-3.4706910),(-6.7880243,0.,-3.4230660),(-8.5300410,0.,-3.4865660),(-6.7880243,0.,-3.4230660),(-6.7403993,0.,-3.3534806),(-8.5300410,0.,-3.4865660),(-6.7403993,0.,-3.3534806),(-6.7245243,0.,-3.2717243),(-8.5300410,0.,-3.4865660),(-6.7245243,0.,-3.2717243),(-6.7403993,0.,-3.1897035),(-8.5300410,0.,-3.4865660),(-6.7403993,0.,-3.1897035),(-6.7880243,0.,-3.1193243),(-8.5300410,0.,-3.4865660),(-6.7880243,0.,-3.1193243),(-6.8586681,0.,-3.0701118),(-8.5300410,0.,-3.4865660),(-6.8586681,0.,-3.0701118),(-6.9435993,0.,-3.0537077),(-8.5300410,0.,-3.4865660),(-6.9435993,0.,-3.0537077),(-8.7501743,0.,-3.0537077),(-8.9554910,0.,-6.9801243),(-8.5300410,0.,-3.4865660),(-8.7501743,0.,-3.0537077),(-8.7501743,0.,-3.0537077),(-10.5556910,0.,-3.0537077),(-10.6385056,0.,-3.0701118),(-8.7501743,0.,-3.0537077),(-10.6385056,0.,-3.0701118),(-10.7070327,0.,-3.1193243),(-8.7501743,0.,-3.0537077),(-10.7070327,0.,-3.1193243),(-10.7530702,0.,-3.1897035),(-8.7501743,0.,-3.0537077),(-10.7530702,0.,-3.1897035),(-10.7684160,0.,-3.2717243),(-8.7501743,0.,-3.0537077),(-10.7684160,0.,-3.2717243),(-10.7530702,0.,-3.3534806),(-8.7501743,0.,-3.0537077),(-10.7530702,0.,-3.3534806),(-10.7070327,0.,-3.4230660),(-8.7501743,0.,-3.0537077),(-10.7070327,0.,-3.4230660),(-10.6385056,0.,-3.4706910),(-8.7501743,0.,-3.0537077),(-10.6385056,0.,-3.4706910),(-10.5556910,0.,-3.4865660),(-8.7501743,0.,-3.0537077),(-10.5556910,0.,-3.4865660),(-8.9628993,0.,-3.4865660),(-8.9554910,0.,-6.9801243),(-8.7501743,0.,-3.0537077),(-8.9628993,0.,-3.4865660),(-8.9554910,0.,-6.9801243),(-8.9628993,0.,-3.4865660),(-8.9628993,0.,-6.0985327),(-8.9554910,0.,-6.9801243),(-8.9628993,0.,-6.0985327),(-9.8190910,0.,-4.6094577),(-8.9554910,0.,-6.9801243),(-9.8190910,0.,-4.6094577),(-9.8987306,0.,-4.5300827),(-8.9554910,0.,-6.9801243),(-9.8987306,0.,-4.5300827),(-10.0064160,0.,-4.5036243),(-8.9554910,0.,-6.9801243),(-10.0064160,0.,-4.5036243),(-10.1175410,0.,-4.5311410),(-8.9554910,0.,-6.9801243),(-10.1175410,0.,-4.5311410),(-10.1992973,0.,-4.6107806),(-8.9554910,0.,-6.9801243),(-10.1992973,0.,-4.6107806),(-10.2265493,0.,-4.7205827),(-8.9554910,0.,-6.9801243),(-10.2265493,0.,-4.7205827),(-10.1947993,0.,-4.8295910),(-4.3961910,0.,-2.9986743),(-4.5136660,0.,-3.0452410),(-5.1211493,0.,-3.5468910),(-4.3961910,0.,-2.9986743),(-5.1211493,0.,-3.5468910),(-5.1788285,0.,-3.6146243),(-4.3961910,0.,-2.9986743),(-5.1788285,0.,-3.6146243),(-5.2036993,0.,-3.6865910),(-4.3961910,0.,-2.9986743),(-5.2036993,0.,-3.6865910),(-5.2036993,0.,-3.7204577),(-4.3961910,0.,-2.9986743),(-5.2036993,0.,-3.7204577),(-5.1698327,0.,-3.8485160),(-4.3961910,0.,-2.9986743),(-5.1698327,0.,-3.8485160),(-5.1105660,0.,-3.9054014),(-4.3961910,0.,-2.9986743),(-5.1105660,0.,-3.9054014),(-5.0301327,0.,-3.9342410),(-4.3961910,0.,-2.9986743),(-5.0301327,0.,-3.9342410),(-4.9888577,0.,-3.9363577),(-4.3961910,0.,-2.9986743),(-4.9888577,0.,-3.9363577),(-4.8734993,0.,-3.8993160),(-4.3961910,0.,-2.9986743),(-4.8734993,0.,-3.8993160),(-4.6025660,0.,-3.6601327),(-4.3961910,0.,-2.9986743),(-4.6025660,0.,-3.6601327),(-4.6025660,0.,-6.8457160),(-4.3961910,0.,-2.9986743),(-4.6025660,0.,-6.8457160),(-4.5872202,0.,-6.9277368),(-4.3961910,0.,-2.9986743),(-4.5872202,0.,-6.9277368),(-4.5411827,0.,-6.9959993),(-4.3961910,0.,-2.9986743),(-4.5411827,0.,-6.9959993),(-4.4729202,0.,-7.0420368),(-4.3961910,0.,-2.9986743),(-4.4729202,0.,-7.0420368),(-4.3908993,0.,-7.0573827),(-4.3961910,0.,-2.9986743),(-4.3908993,0.,-7.0573827),(-4.3080848,0.,-7.0420368),(-4.3961910,0.,-2.9986743),(-4.3080848,0.,-7.0420368),(-4.2395577,0.,-6.9959993),(-4.3961910,0.,-2.9986743),(-4.2395577,0.,-6.9959993),(-4.1935202,0.,-6.9277368),(-4.3961910,0.,-2.9986743),(-4.1935202,0.,-6.9277368),(-4.1781743,0.,-6.8457160),(-4.3961910,0.,-2.9986743),(-4.1781743,0.,-6.8457160),(-4.1781743,0.,-3.2188077),(-4.3961910,0.,-2.9986743),(-4.1781743,0.,-3.2188077),(-4.2064848,0.,-3.1055660),(-4.3961910,0.,-2.9986743),(-4.2064848,0.,-3.1055660),(-4.2914160,0.,-3.0304243)));
#557=COMPLEX_TRIANGULATED_SURFACE_SET('surface set',#556,4398,(),(),(),((1,2,3),(4,5,6),(7,8,9),(10,11,12),(13,14,15),(16,17,18),(19,20,21),(22,23,24),(25,26,27),(28,29,30),(31,32,33),(34,35,36),(37,38,39),(40,41,42),(43,44,45),(46,47,48),(49,50,51),(52,53,54),(55,56,57),(58,59,60),(61,62,63),(64,65,66),(67,68,69),(70,71,72),(73,74,75),(76,77,78),(79,80,81),(82,83,84),(85,86,87),(88,89,90),(91,92,93),(94,95,96),(97,98,99),(100,101,102),(103,104,105),(106,107,108),(109,110,111),(112,113,114),(115,116,117),(118,119,120),(121,122,123),(124,125,126),(127,128,129),(130,131,132),(133,134,135),(136,137,138),(139,140,141),(142,143,144),(145,146,147),(148,149,150),(151,152,153),(154,155,156),(157,158,159),(160,161,162),(163,164,165),(166,167,168),(169,170,171),(172,173,174),(175,176,177),(178,179,180),(181,182,183),(184,185,186),(187,188,189),(190,191,192),(193,194,195),(196,197,198),(199,200,201),(202,203,204),(205,206,207),(208,209,210),(211,212,213),(214,215,216),(217,218,219),(220,221,222),(223,224,225),(226,227,228),(229,230,231),(232,233,234),(235,236,237),(238,239,240),(241,242,243),(244,245,246),(247,248,249),(250,251,252),(253,254,255),(256,257,258),(259,260,261),(262,263,264),(265,266,267),(268,269,270),(271,272,273),(274,275,276),(277,278,279),(280,281,282),(283,284,285),(286,287,288),(289,290,291),(292,293,294),(295,296,297),(298,299,300),(301,302,303),(304,305,306),(307,308,309),(310,311,312),(313,314,315),(316,317,318),(319,320,321),(322,323,324),(325,326,327),(328,329,330),(331,332,333),(334,335,336),(337,338,339),(340,341,342),(343,344,345),(346,347,348),(349,350,351),(352,353,354),(355,356,357),(358,359,360),(361,362,363),(364,365,366),(367,368,369),(370,371,372),(373,374,375),(376,377,378),(379,380,381),(382,383,384),(385,386,387),(388,389,390),(391,392,393),(394,395,396),(397,398,399),(400,401,402),(403,404,405),(406,407,408),(409,410,411),(412,413,414),(415,416,417),(418,419,420),(421,422,423),(424,425,426),(427,428,429),(430,431,432),(433,434,435),(436,437,438),(439,440,441),(442,443,444),(445,446,447),(448,449,450),(451,452,453),(454,455,456),(457,458,459),(460,461,462),(463,464,465),(466,467,468),(469,470,471),(472,473,474),(475,476,477),(478,479,480),(481,482,483),(484,485,486),(487,488,489),(490,491,492),(493,494,495),(496,497,498),(499,500,501),(502,503,504),(505,506,507),(508,509,510),(511,512,513),(514,515,516),(517,518,519),(520,521,522),(523,524,525),(526,527,528),(529,530,531),(532,533,534),(535,536,537),(538,539,540),(541,542,543),(544,545,546),(547,548,549),(550,551,552),(553,554,555),(556,557,558),(559,560,561),(562,563,564),(565,566,567),(568,569,570),(571,572,573),(574,575,576),(577,578,579),(580,581,582),(583,584,585),(586,587,588),(589,590,591),(592,593,594),(595,596,597),(598,599,600),(601,602,603),(604,605,606),(607,608,609),(610,611,612),(613,614,615),(616,617,618),(619,620,621),(622,623,624),(625,626,627),(628,629,630),(631,632,633),(634,635,636),(637,638,639),(640,641,642),(643,644,645),(646,647,648),(649,650,651),(652,653,654),(655,656,657),(658,659,660),(661,662,663),(664,665,666),(667,668,669),(670,671,672),(673,674,675),(676,677,678),(679,680,681),(682,683,684),(685,686,687),(688,689,690),(691,692,693),(694,695,696),(697,698,699),(700,701,702),(703,704,705),(706,707,708),(709,710,711),(712,713,714),(715,716,717),(718,719,720),(721,722,723),(724,725,726),(727,728,729),(730,731,732),(733,734,735),(736,737,738),(739,740,741),(742,743,744),(745,746,747),(748,749,750),(751,752,753),(754,755,756),(757,758,759),(760,761,762),(763,764,765),(766,767,768),(769,770,771),(772,773,774),(775,776,777),(778,779,780),(781,782,783),(784,785,786),(787,788,789),(790,791,792),(793,794,795),(796,797,798),(799,800,801),(802,803,804),(805,806,807),(808,809,810),(811,812,813),(814,815,816),(817,818,819),(820,821,822),(823,824,825),(826,827,828),(829,830,831),(832,833,834),(835,836,837),(838,839,840),(841,842,843),(844,845,846),(847,848,849),(850,851,852),(853,854,855),(856,857,858),(859,860,861),(862,863,864),(865,866,867),(868,869,870),(871,872,873),(874,875,876),(877,878,879),(880,881,882),(883,884,885),(886,887,888),(889,890,891),(892,893,894),(895,896,897),(898,899,900),(901,902,903),(904,905,906),(907,908,909),(910,911,912),(913,914,915),(916,917,918),(919,920,921),(922,923,924),(925,926,927),(928,929,930),(931,932,933),(934,935,936),(937,938,939),(940,941,942),(943,944,945),(946,947,948),(949,950,951),(952,953,954),(955,956,957),(958,959,960),(961,962,963),(964,965,966),(967,968,969),(970,971,972),(973,974,975),(976,977,978),(979,980,981),(982,983,984),(985,986,987),(988,989,990),(991,992,993),(994,995,996),(997,998,999),(1000,1001,1002),(1003,1004,1005),(1006,1007,1008),(1009,1010,1011),(1012,1013,1014),(1015,1016,1017),(1018,1019,1020),(1021,1022,1023),(1024,1025,1026),(1027,1028,1029),(1030,1031,1032),(1033,1034,1035),(1036,1037,1038),(1039,1040,1041),(1042,1043,1044),(1045,1046,1047),(1048,1049,1050),(1051,1052,1053),(1054,1055,1056),(1057,1058,1059),(1060,1061,1062),(1063,1064,1065),(1066,1067,1068),(1069,1070,1071),(1072,1073,1074),(1075,1076,1077),(1078,1079,1080),(1081,1082,1083),(1084,1085,1086),(1087,1088,1089),(1090,1091,1092),(1093,1094,1095),(1096,1097,1098),(1099,1100,1101),(1102,1103,1104),(1105,1106,1107),(1108,1109,1110),(1111,1112,1113),(1114,1115,1116),(1117,1118,1119),(1120,1121,1122),(1123,1124,1125),(1126,1127,1128),(1129,1130,1131),(1132,1133,1134),(1135,1136,1137),(1138,1139,1140),(1141,1142,1143),(1144,1145,1146),(1147,1148,1149),(1150,1151,1152),(1153,1154,1155),(1156,1157,1158),(1159,1160,1161),(1162,1163,1164),(1165,1166,1167),(1168,1169,1170),(1171,1172,1173),(1174,1175,1176),(1177,1178,1179),(1180,1181,1182),(1183,1184,1185),(1186,1187,1188),(1189,1190,1191),(1192,1193,1194),(1195,1196,1197),(1198,1199,1200),(1201,1202,1203),(1204,1205,1206),(1207,1208,1209),(1210,1211,1212),(1213,1214,1215),(1216,1217,1218),(1219,1220,1221),(1222,1223,1224),(1225,1226,1227),(1228,1229,1230),(1231,1232,1233),(1234,1235,1236),(1237,1238,1239),(1240,1241,1242),(1243,1244,1245),(1246,1247,1248),(1249,1250,1251),(1252,1253,1254),(1255,1256,1257),(1258,1259,1260),(1261,1262,1263),(1264,1265,1266),(1267,1268,1269),(1270,1271,1272),(1273,1274,1275),(1276,1277,1278),(1279,1280,1281),(1282,1283,1284),(1285,1286,1287),(1288,1289,1290),(1291,1292,1293),(1294,1295,1296),(1297,1298,1299),(1300,1301,1302),(1303,1304,1305),(1306,1307,1308),(1309,1310,1311),(1312,1313,1314),(1315,1316,1317),(1318,1319,1320),(1321,1322,1323),(1324,1325,1326),(1327,1328,1329),(1330,1331,1332),(1333,1334,1335),(1336,1337,1338),(1339,1340,1341),(1342,1343,1344),(1345,1346,1347),(1348,1349,1350),(1351,1352,1353),(1354,1355,1356),(1357,1358,1359),(1360,1361,1362),(1363,1364,1365),(1366,1367,1368),(1369,1370,1371),(1372,1373,1374),(1375,1376,1377),(1378,1379,1380),(1381,1382,1383),(1384,1385,1386),(1387,1388,1389),(1390,1391,1392),(1393,1394,1395),(1396,1397,1398),(1399,1400,1401),(1402,1403,1404),(1405,1406,1407),(1408,1409,1410),(1411,1412,1413),(1414,1415,1416),(1417,1418,1419),(1420,1421,1422),(1423,1424,1425),(1426,1427,1428),(1429,1430,1431),(1432,1433,1434),(1435,1436,1437),(1438,1439,1440),(1441,1442,1443),(1444,1445,1446),(1447,1448,1449),(1450,1451,1452),(1453,1454,1455),(1456,1457,1458),(1459,1460,1461),(1462,1463,1464),(1465,1466,1467),(1468,1469,1470),(1471,1472,1473),(1474,1475,1476),(1477,1478,1479),(1480,1481,1482),(1483,1484,1485),(1486,1487,1488),(1489,1490,1491),(1492,1493,1494),(1495,1496,1497),(1498,1499,1500),(1501,1502,1503),(1504,1505,1506),(1507,1508,1509),(1510,1511,1512),(1513,1514,1515),(1516,1517,1518),(1519,1520,1521),(1522,1523,1524),(1525,1526,1527),(1528,1529,1530),(1531,1532,1533),(1534,1535,1536),(1537,1538,1539),(1540,1541,1542),(1543,1544,1545),(1546,1547,1548),(1549,1550,1551),(1552,1553,1554),(1555,1556,1557),(1558,1559,1560),(1561,1562,1563),(1564,1565,1566),(1567,1568,1569),(1570,1571,1572),(1573,1574,1575),(1576,1577,1578),(1579,1580,1581),(1582,1583,1584),(1585,1586,1587),(1588,1589,1590),(1591,1592,1593),(1594,1595,1596),(1597,1598,1599),(1600,1601,1602),(1603,1604,1605),(1606,1607,1608),(1609,1610,1611),(1612,1613,1614),(1615,1616,1617),(1618,1619,1620),(1621,1622,1623),(1624,1625,1626),(1627,1628,1629),(1630,1631,1632),(1633,1634,1635),(1636,1637,1638),(1639,1640,1641),(1642,1643,1644),(1645,1646,1647),(1648,1649,1650),(1651,1652,1653),(1654,1655,1656),(1657,1658,1659),(1660,1661,1662),(1663,1664,1665),(1666,1667,1668),(1669,1670,1671),(1672,1673,1674),(1675,1676,1677),(1678,1679,1680),(1681,1682,1683),(1684,1685,1686),(1687,1688,1689),(1690,1691,1692),(1693,1694,1695),(1696,1697,1698),(1699,1700,1701),(1702,1703,1704),(1705,1706,1707),(1708,1709,1710),(1711,1712,1713),(1714,1715,1716),(1717,1718,1719),(1720,1721,1722),(1723,1724,1725),(1726,1727,1728),(1729,1730,1731),(1732,1733,1734),(1735,1736,1737),(1738,1739,1740),(1741,1742,1743),(1744,1745,1746),(1747,1748,1749),(1750,1751,1752),(1753,1754,1755),(1756,1757,1758),(1759,1760,1761),(1762,1763,1764),(1765,1766,1767),(1768,1769,1770),(1771,1772,1773),(1774,1775,1776),(1777,1778,1779),(1780,1781,1782),(1783,1784,1785),(1786,1787,1788),(1789,1790,1791),(1792,1793,1794),(1795,1796,1797),(1798,1799,1800),(1801,1802,1803),(1804,1805,1806),(1807,1808,1809),(1810,1811,1812),(1813,1814,1815),(1816,1817,1818),(1819,1820,1821),(1822,1823,1824),(1825,1826,1827),(1828,1829,1830),(1831,1832,1833),(1834,1835,1836),(1837,1838,1839),(1840,1841,1842),(1843,1844,1845),(1846,1847,1848),(1849,1850,1851),(1852,1853,1854),(1855,1856,1857),(1858,1859,1860),(1861,1862,1863),(1864,1865,1866),(1867,1868,1869),(1870,1871,1872),(1873,1874,1875),(1876,1877,1878),(1879,1880,1881),(1882,1883,1884),(1885,1886,1887),(1888,1889,1890),(1891,1892,1893),(1894,1895,1896),(1897,1898,1899),(1900,1901,1902),(1903,1904,1905),(1906,1907,1908),(1909,1910,1911),(1912,1913,1914),(1915,1916,1917),(1918,1919,1920),(1921,1922,1923),(1924,1925,1926),(1927,1928,1929),(1930,1931,1932),(1933,1934,1935),(1936,1937,1938),(1939,1940,1941),(1942,1943,1944),(1945,1946,1947),(1948,1949,1950),(1951,1952,1953),(1954,1955,1956),(1957,1958,1959),(1960,1961,1962),(1963,1964,1965),(1966,1967,1968),(1969,1970,1971),(1972,1973,1974),(1975,1976,1977),(1978,1979,1980),(1981,1982,1983),(1984,1985,1986),(1987,1988,1989),(1990,1991,1992),(1993,1994,1995),(1996,1997,1998),(1999,2000,2001),(2002,2003,2004),(2005,2006,2007),(2008,2009,2010),(2011,2012,2013),(2014,2015,2016),(2017,2018,2019),(2020,2021,2022),(2023,2024,2025),(2026,2027,2028),(2029,2030,2031),(2032,2033,2034),(2035,2036,2037),(2038,2039,2040),(2041,2042,2043),(2044,2045,2046),(2047,2048,2049),(2050,2051,2052),(2053,2054,2055),(2056,2057,2058),(2059,2060,2061),(2062,2063,2064),(2065,2066,2067),(2068,2069,2070),(2071,2072,2073),(2074,2075,2076),(2077,2078,2079),(2080,2081,2082),(2083,2084,2085),(2086,2087,2088),(2089,2090,2091),(2092,2093,2094),(2095,2096,2097),(2098,2099,2100),(2101,2102,2103),(2104,2105,2106),(2107,2108,2109),(2110,2111,2112),(2113,2114,2115),(2116,2117,2118),(2119,2120,2121),(2122,2123,2124),(2125,2126,2127),(2128,2129,2130),(2131,2132,2133),(2134,2135,2136),(2137,2138,2139),(2140,2141,2142),(2143,2144,2145),(2146,2147,2148),(2149,2150,2151),(2152,2153,2154),(2155,2156,2157),(2158,2159,2160),(2161,2162,2163),(2164,2165,2166),(2167,2168,2169),(2170,2171,2172),(2173,2174,2175),(2176,2177,2178),(2179,2180,2181),(2182,2183,2184),(2185,2186,2187),(2188,2189,2190),(2191,2192,2193),(2194,2195,2196),(2197,2198,2199),(2200,2201,2202),(2203,2204,2205),(2206,2207,2208),(2209,2210,2211),(2212,2213,2214),(2215,2216,2217),(2218,2219,2220),(2221,2222,2223),(2224,2225,2226),(2227,2228,2229),(2230,2231,2232),(2233,2234,2235),(2236,2237,2238),(2239,2240,2241),(2242,2243,2244),(2245,2246,2247),(2248,2249,2250),(2251,2252,2253),(2254,2255,2256),(2257,2258,2259),(2260,2261,2262),(2263,2264,2265),(2266,2267,2268),(2269,2270,2271),(2272,2273,2274),(2275,2276,2277),(2278,2279,2280),(2281,2282,2283),(2284,2285,2286),(2287,2288,2289),(2290,2291,2292),(2293,2294,2295),(2296,2297,2298),(2299,2300,2301),(2302,2303,2304),(2305,2306,2307),(2308,2309,2310),(2311,2312,2313),(2314,2315,2316),(2317,2318,2319),(2320,2321,2322),(2323,2324,2325),(2326,2327,2328),(2329,2330,2331),(2332,2333,2334),(2335,2336,2337),(2338,2339,2340),(2341,2342,2343),(2344,2345,2346),(2347,2348,2349),(2350,2351,2352),(2353,2354,2355),(2356,2357,2358),(2359,2360,2361),(2362,2363,2364),(2365,2366,2367),(2368,2369,2370),(2371,2372,2373),(2374,2375,2376),(2377,2378,2379),(2380,2381,2382),(2383,2384,2385),(2386,2387,2388),(2389,2390,2391),(2392,2393,2394),(2395,2396,2397),(2398,2399,2400),(2401,2402,2403),(2404,2405,2406),(2407,2408,2409),(2410,2411,2412),(2413,2414,2415),(2416,2417,2418),(2419,2420,2421),(2422,2423,2424),(2425,2426,2427),(2428,2429,2430),(2431,2432,2433),(2434,2435,2436),(2437,2438,2439),(2440,2441,2442),(2443,2444,2445),(2446,2447,2448),(2449,2450,2451),(2452,2453,2454),(2455,2456,2457),(2458,2459,2460),(2461,2462,2463),(2464,2465,2466),(2467,2468,2469),(2470,2471,2472),(2473,2474,2475),(2476,2477,2478),(2479,2480,2481),(2482,2483,2484),(2485,2486,2487),(2488,2489,2490),(2491,2492,2493),(2494,2495,2496),(2497,2498,2499),(2500,2501,2502),(2503,2504,2505),(2506,2507,2508),(2509,2510,2511),(2512,2513,2514),(2515,2516,2517),(2518,2519,2520),(2521,2522,2523),(2524,2525,2526),(2527,2528,2529),(2530,2531,2532),(2533,2534,2535),(2536,2537,2538),(2539,2540,2541),(2542,2543,2544),(2545,2546,2547),(2548,2549,2550),(2551,2552,2553),(2554,2555,2556),(2557,2558,2559),(2560,2561,2562),(2563,2564,2565),(2566,2567,2568),(2569,2570,2571),(2572,2573,2574),(2575,2576,2577),(2578,2579,2580),(2581,2582,2583),(2584,2585,2586),(2587,2588,2589),(2590,2591,2592),(2593,2594,2595),(2596,2597,2598),(2599,2600,2601),(2602,2603,2604),(2605,2606,2607),(2608,2609,2610),(2611,2612,2613),(2614,2615,2616),(2617,2618,2619),(2620,2621,2622),(2623,2624,2625),(2626,2627,2628),(2629,2630,2631),(2632,2633,2634),(2635,2636,2637),(2638,2639,2640),(2641,2642,2643),(2644,2645,2646),(2647,2648,2649),(2650,2651,2652),(2653,2654,2655),(2656,2657,2658),(2659,2660,2661),(2662,2663,2664),(2665,2666,2667),(2668,2669,2670),(2671,2672,2673),(2674,2675,2676),(2677,2678,2679),(2680,2681,2682),(2683,2684,2685),(2686,2687,2688),(2689,2690,2691),(2692,2693,2694),(2695,2696,2697),(2698,2699,2700),(2701,2702,2703),(2704,2705,2706),(2707,2708,2709),(2710,2711,2712),(2713,2714,2715),(2716,2717,2718),(2719,2720,2721),(2722,2723,2724),(2725,2726,2727),(2728,2729,2730),(2731,2732,2733),(2734,2735,2736),(2737,2738,2739),(2740,2741,2742),(2743,2744,2745),(2746,2747,2748),(2749,2750,2751),(2752,2753,2754),(2755,2756,2757),(2758,2759,2760),(2761,2762,2763),(2764,2765,2766),(2767,2768,2769),(2770,2771,2772),(2773,2774,2775),(2776,2777,2778),(2779,2780,2781),(2782,2783,2784),(2785,2786,2787),(2788,2789,2790),(2791,2792,2793),(2794,2795,2796),(2797,2798,2799),(2800,2801,2802),(2803,2804,2805),(2806,2807,2808),(2809,2810,2811),(2812,2813,2814),(2815,2816,2817),(2818,2819,2820),(2821,2822,2823),(2824,2825,2826),(2827,2828,2829),(2830,2831,2832),(2833,2834,2835),(2836,2837,2838),(2839,2840,2841),(2842,2843,2844),(2845,2846,2847),(2848,2849,2850),(2851,2852,2853),(2854,2855,2856),(2857,2858,2859),(2860,2861,2862),(2863,2864,2865),(2866,2867,2868),(2869,2870,2871),(2872,2873,2874),(2875,2876,2877),(2878,2879,2880),(2881,2882,2883),(2884,2885,2886),(2887,2888,2889),(2890,2891,2892),(2893,2894,2895),(2896,2897,2898),(2899,2900,2901),(2902,2903,2904),(2905,2906,2907),(2908,2909,2910),(2911,2912,2913),(2914,2915,2916),(2917,2918,2919),(2920,2921,2922),(2923,2924,2925),(2926,2927,2928),(2929,2930,2931),(2932,2933,2934),(2935,2936,2937),(2938,2939,2940),(2941,2942,2943),(2944,2945,2946),(2947,2948,2949),(2950,2951,2952),(2953,2954,2955),(2956,2957,2958),(2959,2960,2961),(2962,2963,2964),(2965,2966,2967),(2968,2969,2970),(2971,2972,2973),(2974,2975,2976),(2977,2978,2979),(2980,2981,2982),(2983,2984,2985),(2986,2987,2988),(2989,2990,2991),(2992,2993,2994),(2995,2996,2997),(2998,2999,3000),(3001,3002,3003),(3004,3005,3006),(3007,3008,3009),(3010,3011,3012),(3013,3014,3015),(3016,3017,3018),(3019,3020,3021),(3022,3023,3024),(3025,3026,3027),(3028,3029,3030),(3031,3032,3033),(3034,3035,3036),(3037,3038,3039),(3040,3041,3042),(3043,3044,3045),(3046,3047,3048),(3049,3050,3051),(3052,3053,3054),(3055,3056,3057),(3058,3059,3060),(3061,3062,3063),(3064,3065,3066),(3067,3068,3069),(3070,3071,3072),(3073,3074,3075),(3076,3077,3078),(3079,3080,3081),(3082,3083,3084),(3085,3086,3087),(3088,3089,3090),(3091,3092,3093),(3094,3095,3096),(3097,3098,3099),(3100,3101,3102),(3103,3104,3105),(3106,3107,3108),(3109,3110,3111),(3112,3113,3114),(3115,3116,3117),(3118,3119,3120),(3121,3122,3123),(3124,3125,3126),(3127,3128,3129),(3130,3131,3132),(3133,3134,3135),(3136,3137,3138),(3139,3140,3141),(3142,3143,3144),(3145,3146,3147),(3148,3149,3150),(3151,3152,3153),(3154,3155,3156),(3157,3158,3159),(3160,3161,3162),(3163,3164,3165),(3166,3167,3168),(3169,3170,3171),(3172,3173,3174),(3175,3176,3177),(3178,3179,3180),(3181,3182,3183),(3184,3185,3186),(3187,3188,3189),(3190,3191,3192),(3193,3194,3195),(3196,3197,3198),(3199,3200,3201),(3202,3203,3204),(3205,3206,3207),(3208,3209,3210),(3211,3212,3213),(3214,3215,3216),(3217,3218,3219),(3220,3221,3222),(3223,3224,3225),(3226,3227,3228),(3229,3230,3231),(3232,3233,3234),(3235,3236,3237),(3238,3239,3240),(3241,3242,3243),(3244,3245,3246),(3247,3248,3249),(3250,3251,3252),(3253,3254,3255),(3256,3257,3258),(3259,3260,3261),(3262,3263,3264),(3265,3266,3267),(3268,3269,3270),(3271,3272,3273),(3274,3275,3276),(3277,3278,3279),(3280,3281,3282),(3283,3284,3285),(3286,3287,3288),(3289,3290,3291),(3292,3293,3294),(3295,3296,3297),(3298,3299,3300),(3301,3302,3303),(3304,3305,3306),(3307,3308,3309),(3310,3311,3312),(3313,3314,3315),(3316,3317,3318),(3319,3320,3321),(3322,3323,3324),(3325,3326,3327),(3328,3329,3330),(3331,3332,3333),(3334,3335,3336),(3337,3338,3339),(3340,3341,3342),(3343,3344,3345),(3346,3347,3348),(3349,3350,3351),(3352,3353,3354),(3355,3356,3357),(3358,3359,3360),(3361,3362,3363),(3364,3365,3366),(3367,3368,3369),(3370,3371,3372),(3373,3374,3375),(3376,3377,3378),(3379,3380,3381),(3382,3383,3384),(3385,3386,3387),(3388,3389,3390),(3391,3392,3393),(3394,3395,3396),(3397,3398,3399),(3400,3401,3402),(3403,3404,3405),(3406,3407,3408),(3409,3410,3411),(3412,3413,3414),(3415,3416,3417),(3418,3419,3420),(3421,3422,3423),(3424,3425,3426),(3427,3428,3429),(3430,3431,3432),(3433,3434,3435),(3436,3437,3438),(3439,3440,3441),(3442,3443,3444),(3445,3446,3447),(3448,3449,3450),(3451,3452,3453),(3454,3455,3456),(3457,3458,3459),(3460,3461,3462),(3463,3464,3465),(3466,3467,3468),(3469,3470,3471),(3472,3473,3474),(3475,3476,3477),(3478,3479,3480),(3481,3482,3483),(3484,3485,3486),(3487,3488,3489),(3490,3491,3492),(3493,3494,3495),(3496,3497,3498),(3499,3500,3501),(3502,3503,3504),(3505,3506,3507),(3508,3509,3510),(3511,3512,3513),(3514,3515,3516),(3517,3518,3519),(3520,3521,3522),(3523,3524,3525),(3526,3527,3528),(3529,3530,3531),(3532,3533,3534),(3535,3536,3537),(3538,3539,3540),(3541,3542,3543),(3544,3545,3546),(3547,3548,3549),(3550,3551,3552),(3553,3554,3555),(3556,3557,3558),(3559,3560,3561),(3562,3563,3564),(3565,3566,3567),(3568,3569,3570),(3571,3572,3573),(3574,3575,3576),(3577,3578,3579),(3580,3581,3582),(3583,3584,3585),(3586,3587,3588),(3589,3590,3591),(3592,3593,3594),(3595,3596,3597),(3598,3599,3600),(3601,3602,3603),(3604,3605,3606),(3607,3608,3609),(3610,3611,3612),(3613,3614,3615),(3616,3617,3618),(3619,3620,3621),(3622,3623,3624),(3625,3626,3627),(3628,3629,3630),(3631,3632,3633),(3634,3635,3636),(3637,3638,3639),(3640,3641,3642),(3643,3644,3645),(3646,3647,3648),(3649,3650,3651),(3652,3653,3654),(3655,3656,3657),(3658,3659,3660),(3661,3662,3663),(3664,3665,3666),(3667,3668,3669),(3670,3671,3672),(3673,3674,3675),(3676,3677,3678),(3679,3680,3681),(3682,3683,3684),(3685,3686,3687),(3688,3689,3690),(3691,3692,3693),(3694,3695,3696),(3697,3698,3699),(3700,3701,3702),(3703,3704,3705),(3706,3707,3708),(3709,3710,3711),(3712,3713,3714),(3715,3716,3717),(3718,3719,3720),(3721,3722,3723),(3724,3725,3726),(3727,3728,3729),(3730,3731,3732),(3733,3734,3735),(3736,3737,3738),(3739,3740,3741),(3742,3743,3744),(3745,3746,3747),(3748,3749,3750),(3751,3752,3753),(3754,3755,3756),(3757,3758,3759),(3760,3761,3762),(3763,3764,3765),(3766,3767,3768),(3769,3770,3771),(3772,3773,3774),(3775,3776,3777),(3778,3779,3780),(3781,3782,3783),(3784,3785,3786),(3787,3788,3789),(3790,3791,3792),(3793,3794,3795),(3796,3797,3798),(3799,3800,3801),(3802,3803,3804),(3805,3806,3807),(3808,3809,3810),(3811,3812,3813),(3814,3815,3816),(3817,3818,3819),(3820,3821,3822),(3823,3824,3825),(3826,3827,3828),(3829,3830,3831),(3832,3833,3834),(3835,3836,3837),(3838,3839,3840),(3841,3842,3843),(3844,3845,3846),(3847,3848,3849),(3850,3851,3852),(3853,3854,3855),(3856,3857,3858),(3859,3860,3861),(3862,3863,3864),(3865,3866,3867),(3868,3869,3870),(3871,3872,3873),(3874,3875,3876),(3877,3878,3879),(3880,3881,3882),(3883,3884,3885),(3886,3887,3888),(3889,3890,3891),(3892,3893,3894),(3895,3896,3897),(3898,3899,3900),(3901,3902,3903),(3904,3905,3906),(3907,3908,3909),(3910,3911,3912),(3913,3914,3915),(3916,3917,3918),(3919,3920,3921),(3922,3923,3924),(3925,3926,3927),(3928,3929,3930),(3931,3932,3933),(3934,3935,3936),(3937,3938,3939),(3940,3941,3942),(3943,3944,3945),(3946,3947,3948),(3949,3950,3951),(3952,3953,3954),(3955,3956,3957),(3958,3959,3960),(3961,3962,3963),(3964,3965,3966),(3967,3968,3969),(3970,3971,3972),(3973,3974,3975),(3976,3977,3978),(3979,3980,3981),(3982,3983,3984),(3985,3986,3987),(3988,3989,3990),(3991,3992,3993),(3994,3995,3996),(3997,3998,3999),(4000,4001,4002),(4003,4004,4005),(4006,4007,4008),(4009,4010,4011),(4012,4013,4014),(4015,4016,4017),(4018,4019,4020),(4021,4022,4023),(4024,4025,4026),(4027,4028,4029),(4030,4031,4032),(4033,4034,4035),(4036,4037,4038),(4039,4040,4041),(4042,4043,4044),(4045,4046,4047),(4048,4049,4050),(4051,4052,4053),(4054,4055,4056),(4057,4058,4059),(4060,4061,4062),(4063,4064,4065),(4066,4067,4068),(4069,4070,4071),(4072,4073,4074),(4075,4076,4077),(4078,4079,4080),(4081,4082,4083),(4084,4085,4086),(4087,4088,4089),(4090,4091,4092),(4093,4094,4095),(4096,4097,4098),(4099,4100,4101),(4102,4103,4104),(4105,4106,4107),(4108,4109,4110),(4111,4112,4113),(4114,4115,4116),(4117,4118,4119),(4120,4121,4122),(4123,4124,4125),(4126,4127,4128),(4129,4130,4131),(4132,4133,4134),(4135,4136,4137),(4138,4139,4140),(4141,4142,4143),(4144,4145,4146),(4147,4148,4149),(4150,4151,4152),(4153,4154,4155),(4156,4157,4158),(4159,4160,4161),(4162,4163,4164),(4165,4166,4167),(4168,4169,4170),(4171,4172,4173),(4174,4175,4176),(4177,4178,4179),(4180,4181,4182),(4183,4184,4185),(4186,4187,4188),(4189,4190,4191),(4192,4193,4194),(4195,4196,4197),(4198,4199,4200),(4201,4202,4203),(4204,4205,4206),(4207,4208,4209),(4210,4211,4212),(4213,4214,4215),(4216,4217,4218),(4219,4220,4221),(4222,4223,4224),(4225,4226,4227),(4228,4229,4230),(4231,4232,4233),(4234,4235,4236),(4237,4238,4239),(4240,4241,4242),(4243,4244,4245),(4246,4247,4248),(4249,4250,4251),(4252,4253,4254),(4255,4256,4257),(4258,4259,4260),(4261,4262,4263),(4264,4265,4266),(4267,4268,4269),(4270,4271,4272),(4273,4274,4275),(4276,4277,4278),(4279,4280,4281),(4282,4283,4284),(4285,4286,4287),(4288,4289,4290),(4291,4292,4293),(4294,4295,4296),(4297,4298,4299),(4300,4301,4302),(4303,4304,4305),(4306,4307,4308),(4309,4310,4311),(4312,4313,4314),(4315,4316,4317),(4318,4319,4320),(4321,4322,4323),(4324,4325,4326),(4327,4328,4329),(4330,4331,4332),(4333,4334,4335),(4336,4337,4338),(4339,4340,4341),(4342,4343,4344),(4345,4346,4347),(4348,4349,4350),(4351,4352,4353),(4354,4355,4356),(4357,4358,4359),(4360,4361,4362),(4363,4364,4365),(4366,4367,4368),(4369,4370,4371),(4372,4373,4374),(4375,4376,4377),(4378,4379,4380),(4381,4382,4383),(4384,4385,4386),(4387,4388,4389),(4390,4391,4392),(4393,4394,4395),(4396,4397,4398)));
#558=TESSELLATED_GEOMETRIC_SET('hole callout',(#557));
#559=COORDINATES_LIST('coordinates',5,((-26.6246952,0.,-14.6246952),(3.4215715,0.,-14.6246952),(-35.9746952,0.,-18.9746952),(-31.6246952,0.,-14.6246952),(-26.6246952,0.,-14.6246952)));
#560=TESSELLATED_CURVE_SET('curve set',#559,((1,2),(3,4,5)));
#561=TESSELLATED_GEOMETRIC_SET('hole callout',(#560));
#562=TESSELLATED_ANNOTATION_OCCURRENCE('hole callout',(#555),#558);
#563=TESSELLATED_ANNOTATION_OCCURRENCE('hole callout',(#555),#561);
#564=DRAUGHTING_CALLOUT('hole callout',(#562,#563));
#565=DRAUGHTING_MODEL_ITEM_ASSOCIATION('','',#507,#551,#564);
#566=DRAUGHTING_MODEL_ITEM_ASSOCIATION('','',#515,#551,#564);
#567=DRAUGHTING_MODEL_ITEM_ASSOCIATION('','',#523,#551,#564);
#568=DRAUGHTING_MODEL_ITEM_ASSOCIATION('','',#494,#551,#564);
ENDSEC;
END-ISO-10303-21;
