ISO-10303-21;
HEADER;
/*Generated by software containing ST-Developer
 * from STEP Tools, Inc. (www.steptools.com) 
 */
/*OPTION: using custom renumber hook */
/*description */
/*implementation_level */
FILE_DESCRIPTION(('STEP AP242 Edition 2','STEP AP242 Edition 2''CAx-IF Rec.Pracs.---Representation and Presentation of Product Manufa
cturing Information (PMI)---4.0---2014-10-13','STEP AP242 Edition 2''CAx-IF Rec.Pracs.---Representation and Presentation of Product Manufa
cturing Information (PMI)---4.0---2014-10-13''CAx-IF Rec.Pracs.---3D Tessellated Geometry---0.4---2014-09-14','STEP AP242 Edition 2''CAx-IF Rec.Pracs.---Representation and Presentation of Product Manufa
cturing Information (PMI)---4.0---2014-10-13''CAx-IF Rec.Pracs.---3D Tessellated Geometry---0.4---2014-09-14''2;1','STEP AP242 Edition 2''CAx-IF Rec.Pracs.---Representation and Presentation of Product Manufa
cturing Information (PMI)---4.0---2014-10-13''CAx-IF Rec.Pracs.---3D Tessellated Geometry---0.4---2014-09-14''2;1''CAx-IF Rec.Pracs.---User Defined Attributes---1.5---2016-08-15'),'2;1');
/*name */
/*time_stamp */
/*author */
/*organization */
/*preprocessor_version */
/*originating_system */
/*authorisation */
FILE_NAME('/vol/tmp/translate-8859116736135975467/BejenaruL12 - Part 1.step','2026-03-19T02:21:41',(''),(''),'ST-DEVELOPER v20','ONSHAPE BY PTC INC, 1.212','  ');
FILE_SCHEMA(('AP242_MANAGED_MODEL_BASED_3D_ENGINEERING_MIM_LF { 1 0 10303 442 3 1 4 }'));
ENDSEC;
DATA;
#10=SHAPE_REPRESENTATION_RELATIONSHIP('','',#1628,#11);
#11=ADVANCED_BREP_SHAPE_REPRESENTATION('',(#1626),#2757);
#12=CONICAL_SURFACE('',#1687,28.5,0.78539816339745);
#13=CONICAL_SURFACE('',#1697,27.5,0.78539816339745);
#14=PLANE('',#1660);
#15=PLANE('',#1662);
#16=PLANE('',#1664);
#17=PLANE('',#1666);
#18=PLANE('',#1669);
#19=PLANE('',#1673);
#20=PLANE('',#1676);
#21=PLANE('',#1680);
#22=PLANE('',#1683);
#23=PLANE('',#1699);
#24=PLANE('',#1706);
#25=PLANE('',#1709);
#26=PLANE('',#1710);
#27=PLANE('',#1711);
#28=PLANE('',#1712);
#29=PLANE('',#1713);
#30=PLANE('',#1716);
#31=PLANE('',#1717);
#32=PLANE('',#1718);
#33=PLANE('',#1721);
#34=PLANE('',#1722);
#35=PLANE('',#1723);
#36=PLANE('',#1726);
#37=PLANE('',#1727);
#38=PLANE('',#1728);
#39=PLANE('',#1731);
#40=PLANE('',#1732);
#41=PLANE('',#1733);
#42=PLANE('',#1736);
#43=PLANE('',#1737);
#44=PLANE('',#1738);
#45=PLANE('',#1739);
#46=PLANE('',#1740);
#47=PLANE('',#1741);
#48=PLANE('',#1742);
#49=PLANE('',#1743);
#50=PLANE('',#1744);
#51=PLANE('',#1745);
#52=PLANE('',#1746);
#53=PLANE('',#1747);
#54=PLANE('',#1750);
#55=PLANE('',#1755);
#56=PLANE('',#1760);
#57=PLANE('',#1765);
#58=PLANE('',#1770);
#59=PLANE('',#1775);
#60=PLANE('',#1778);
#61=PLANE('',#1779);
#62=PLANE('',#1784);
#63=PLANE('',#1785);
#64=PLANE('',#1786);
#65=PLANE('',#1791);
#66=PLANE('',#1792);
#67=PLANE('',#1793);
#68=PLANE('',#1798);
#69=PLANE('',#1799);
#70=PLANE('',#1800);
#71=PLANE('',#1801);
#72=PLANE('',#1802);
#73=PLANE('',#1803);
#74=PLANE('',#1804);
#75=LINE('',#2300,#213);
#76=LINE('',#2304,#214);
#77=LINE('',#2308,#215);
#78=LINE('',#2312,#216);
#79=LINE('',#2316,#217);
#80=LINE('',#2320,#218);
#81=LINE('',#2322,#219);
#82=LINE('',#2327,#220);
#83=LINE('',#2331,#221);
#84=LINE('',#2336,#222);
#85=LINE('',#2340,#223);
#86=LINE('',#2344,#224);
#87=LINE('',#2348,#225);
#88=LINE('',#2352,#226);
#89=LINE('',#2356,#227);
#90=LINE('',#2361,#228);
#91=LINE('',#2365,#229);
#92=LINE('',#2370,#230);
#93=LINE('',#2374,#231);
#94=LINE('',#2378,#232);
#95=LINE('',#2382,#233);
#96=LINE('',#2386,#234);
#97=LINE('',#2390,#235);
#98=LINE('',#2395,#236);
#99=LINE('',#2399,#237);
#100=LINE('',#2401,#238);
#101=LINE('',#2405,#239);
#102=LINE('',#2407,#240);
#103=LINE('',#2411,#241);
#104=LINE('',#2413,#242);
#105=LINE('',#2419,#243);
#106=LINE('',#2421,#244);
#107=LINE('',#2425,#245);
#108=LINE('',#2427,#246);
#109=LINE('',#2430,#247);
#110=LINE('',#2432,#248);
#111=LINE('',#2436,#249);
#112=LINE('',#2438,#250);
#113=LINE('',#2444,#251);
#114=LINE('',#2446,#252);
#115=LINE('',#2450,#253);
#116=LINE('',#2452,#254);
#117=LINE('',#2455,#255);
#118=LINE('',#2457,#256);
#119=LINE('',#2461,#257);
#120=LINE('',#2463,#258);
#121=LINE('',#2469,#259);
#122=LINE('',#2471,#260);
#123=LINE('',#2475,#261);
#124=LINE('',#2477,#262);
#125=LINE('',#2480,#263);
#126=LINE('',#2482,#264);
#127=LINE('',#2486,#265);
#128=LINE('',#2488,#266);
#129=LINE('',#2507,#267);
#130=LINE('',#2509,#268);
#131=LINE('',#2511,#269);
#132=LINE('',#2513,#270);
#133=LINE('',#2514,#271);
#134=LINE('',#2516,#272);
#135=LINE('',#2518,#273);
#136=LINE('',#2519,#274);
#137=LINE('',#2521,#275);
#138=LINE('',#2523,#276);
#139=LINE('',#2524,#277);
#140=LINE('',#2526,#278);
#141=LINE('',#2528,#279);
#142=LINE('',#2529,#280);
#143=LINE('',#2531,#281);
#144=LINE('',#2533,#282);
#145=LINE('',#2534,#283);
#146=LINE('',#2536,#284);
#147=LINE('',#2550,#285);
#148=LINE('',#2552,#286);
#149=LINE('',#2554,#287);
#150=LINE('',#2558,#288);
#151=LINE('',#2560,#289);
#152=LINE('',#2562,#290);
#153=LINE('',#2564,#291);
#154=LINE('',#2566,#292);
#155=LINE('',#2568,#293);
#156=LINE('',#2570,#294);
#157=LINE('',#2572,#295);
#158=LINE('',#2574,#296);
#159=LINE('',#2578,#297);
#160=LINE('',#2580,#298);
#161=LINE('',#2582,#299);
#162=LINE('',#2584,#300);
#163=LINE('',#2586,#301);
#164=LINE('',#2588,#302);
#165=LINE('',#2590,#303);
#166=LINE('',#2594,#304);
#167=LINE('',#2596,#305);
#168=LINE('',#2598,#306);
#169=LINE('',#2600,#307);
#170=LINE('',#2602,#308);
#171=LINE('',#2604,#309);
#172=LINE('',#2606,#310);
#173=LINE('',#2610,#311);
#174=LINE('',#2612,#312);
#175=LINE('',#2614,#313);
#176=LINE('',#2616,#314);
#177=LINE('',#2618,#315);
#178=LINE('',#2620,#316);
#179=LINE('',#2622,#317);
#180=LINE('',#2626,#318);
#181=LINE('',#2628,#319);
#182=LINE('',#2630,#320);
#183=LINE('',#2632,#321);
#184=LINE('',#2634,#322);
#185=LINE('',#2636,#323);
#186=LINE('',#2638,#324);
#187=LINE('',#2642,#325);
#188=LINE('',#2644,#326);
#189=LINE('',#2646,#327);
#190=LINE('',#2648,#328);
#191=LINE('',#2650,#329);
#192=LINE('',#2652,#330);
#193=LINE('',#2654,#331);
#194=LINE('',#2656,#332);
#195=LINE('',#2658,#333);
#196=LINE('',#2660,#334);
#197=LINE('',#2662,#335);
#198=LINE('',#2664,#336);
#199=LINE('',#2666,#337);
#200=LINE('',#2668,#338);
#201=LINE('',#2712,#339);
#202=LINE('',#2714,#340);
#203=LINE('',#2716,#341);
#204=LINE('',#2718,#342);
#205=LINE('',#2725,#343);
#206=LINE('',#2727,#344);
#207=LINE('',#2729,#345);
#208=LINE('',#2731,#346);
#209=LINE('',#2738,#347);
#210=LINE('',#2740,#348);
#211=LINE('',#2742,#349);
#212=LINE('',#2744,#350);
#213=VECTOR('',#1811,1000.);
#214=VECTOR('',#1814,1000.);
#215=VECTOR('',#1817,1000.);
#216=VECTOR('',#1820,1000.);
#217=VECTOR('',#1823,1000.);
#218=VECTOR('',#1826,1000.);
#219=VECTOR('',#1829,1000.);
#220=VECTOR('',#1832,1000.);
#221=VECTOR('',#1837,1000.);
#222=VECTOR('',#1840,1000.);
#223=VECTOR('',#1843,1000.);
#224=VECTOR('',#1846,1000.);
#225=VECTOR('',#1849,1000.);
#226=VECTOR('',#1852,1000.);
#227=VECTOR('',#1857,1000.);
#228=VECTOR('',#1860,1000.);
#229=VECTOR('',#1865,1000.);
#230=VECTOR('',#1868,1000.);
#231=VECTOR('',#1871,1000.);
#232=VECTOR('',#1874,1000.);
#233=VECTOR('',#1877,1000.);
#234=VECTOR('',#1880,1000.);
#235=VECTOR('',#1885,1000.);
#236=VECTOR('',#1888,1000.);
#237=VECTOR('',#1893,1000.);
#238=VECTOR('',#1894,1000.);
#239=VECTOR('',#1899,1000.);
#240=VECTOR('',#1900,1000.);
#241=VECTOR('',#1905,1000.);
#242=VECTOR('',#1906,1000.);
#243=VECTOR('',#1913,1000.);
#244=VECTOR('',#1914,1000.);
#245=VECTOR('',#1917,1000.);
#246=VECTOR('',#1918,1000.);
#247=VECTOR('',#1923,1000.);
#248=VECTOR('',#1924,1000.);
#249=VECTOR('',#1927,1000.);
#250=VECTOR('',#1928,1000.);
#251=VECTOR('',#1935,1000.);
#252=VECTOR('',#1936,1000.);
#253=VECTOR('',#1939,1000.);
#254=VECTOR('',#1940,1000.);
#255=VECTOR('',#1945,1000.);
#256=VECTOR('',#1946,1000.);
#257=VECTOR('',#1949,1000.);
#258=VECTOR('',#1950,1000.);
#259=VECTOR('',#1957,1000.);
#260=VECTOR('',#1958,1000.);
#261=VECTOR('',#1961,1000.);
#262=VECTOR('',#1962,1000.);
#263=VECTOR('',#1967,1000.);
#264=VECTOR('',#1968,1000.);
#265=VECTOR('',#1971,1000.);
#266=VECTOR('',#1972,1000.);
#267=VECTOR('',#2001,1000.);
#268=VECTOR('',#2002,1000.);
#269=VECTOR('',#2003,1000.);
#270=VECTOR('',#2004,1000.);
#271=VECTOR('',#2005,1000.);
#272=VECTOR('',#2006,1000.);
#273=VECTOR('',#2007,1000.);
#274=VECTOR('',#2008,1000.);
#275=VECTOR('',#2009,1000.);
#276=VECTOR('',#2010,1000.);
#277=VECTOR('',#2011,1000.);
#278=VECTOR('',#2012,1000.);
#279=VECTOR('',#2013,1000.);
#280=VECTOR('',#2014,1000.);
#281=VECTOR('',#2015,1000.);
#282=VECTOR('',#2016,1000.);
#283=VECTOR('',#2017,1000.);
#284=VECTOR('',#2018,1000.);
#285=VECTOR('',#2033,1000.);
#286=VECTOR('',#2034,1000.);
#287=VECTOR('',#2035,1000.);
#288=VECTOR('',#2040,1000.);
#289=VECTOR('',#2043,1000.);
#290=VECTOR('',#2044,1000.);
#291=VECTOR('',#2047,1000.);
#292=VECTOR('',#2050,1000.);
#293=VECTOR('',#2053,1000.);
#294=VECTOR('',#2056,1000.);
#295=VECTOR('',#2057,1000.);
#296=VECTOR('',#2058,1000.);
#297=VECTOR('',#2063,1000.);
#298=VECTOR('',#2066,1000.);
#299=VECTOR('',#2067,1000.);
#300=VECTOR('',#2070,1000.);
#301=VECTOR('',#2073,1000.);
#302=VECTOR('',#2074,1000.);
#303=VECTOR('',#2075,1000.);
#304=VECTOR('',#2080,1000.);
#305=VECTOR('',#2083,1000.);
#306=VECTOR('',#2084,1000.);
#307=VECTOR('',#2087,1000.);
#308=VECTOR('',#2090,1000.);
#309=VECTOR('',#2091,1000.);
#310=VECTOR('',#2092,1000.);
#311=VECTOR('',#2097,1000.);
#312=VECTOR('',#2100,1000.);
#313=VECTOR('',#2101,1000.);
#314=VECTOR('',#2104,1000.);
#315=VECTOR('',#2107,1000.);
#316=VECTOR('',#2108,1000.);
#317=VECTOR('',#2109,1000.);
#318=VECTOR('',#2114,1000.);
#319=VECTOR('',#2117,1000.);
#320=VECTOR('',#2118,1000.);
#321=VECTOR('',#2121,1000.);
#322=VECTOR('',#2124,1000.);
#323=VECTOR('',#2125,1000.);
#324=VECTOR('',#2126,1000.);
#325=VECTOR('',#2131,1000.);
#326=VECTOR('',#2134,1000.);
#327=VECTOR('',#2135,1000.);
#328=VECTOR('',#2138,1000.);
#329=VECTOR('',#2141,1000.);
#330=VECTOR('',#2144,1000.);
#331=VECTOR('',#2147,1000.);
#332=VECTOR('',#2150,1000.);
#333=VECTOR('',#2153,1000.);
#334=VECTOR('',#2156,1000.);
#335=VECTOR('',#2159,1000.);
#336=VECTOR('',#2162,1000.);
#337=VECTOR('',#2165,1000.);
#338=VECTOR('',#2168,1000.);
#339=VECTOR('',#2231,1000.);
#340=VECTOR('',#2232,1000.);
#341=VECTOR('',#2235,1000.);
#342=VECTOR('',#2236,1000.);
#343=VECTOR('',#2249,1000.);
#344=VECTOR('',#2250,1000.);
#345=VECTOR('',#2253,1000.);
#346=VECTOR('',#2254,1000.);
#347=VECTOR('',#2267,1000.);
#348=VECTOR('',#2268,1000.);
#349=VECTOR('',#2271,1000.);
#350=VECTOR('',#2272,1000.);
#351=ORIENTED_EDGE('',*,*,#789,.F.);
#352=ORIENTED_EDGE('',*,*,#790,.F.);
#353=ORIENTED_EDGE('',*,*,#791,.T.);
#354=ORIENTED_EDGE('',*,*,#792,.F.);
#355=ORIENTED_EDGE('',*,*,#793,.F.);
#356=ORIENTED_EDGE('',*,*,#794,.T.);
#357=ORIENTED_EDGE('',*,*,#795,.T.);
#358=ORIENTED_EDGE('',*,*,#796,.F.);
#359=ORIENTED_EDGE('',*,*,#797,.F.);
#360=ORIENTED_EDGE('',*,*,#798,.T.);
#361=ORIENTED_EDGE('',*,*,#799,.T.);
#362=ORIENTED_EDGE('',*,*,#800,.F.);
#363=ORIENTED_EDGE('',*,*,#801,.F.);
#364=ORIENTED_EDGE('',*,*,#802,.F.);
#365=ORIENTED_EDGE('',*,*,#803,.F.);
#366=ORIENTED_EDGE('',*,*,#804,.T.);
#367=ORIENTED_EDGE('',*,*,#805,.F.);
#368=ORIENTED_EDGE('',*,*,#806,.F.);
#369=ORIENTED_EDGE('',*,*,#807,.F.);
#370=ORIENTED_EDGE('',*,*,#808,.T.);
#371=ORIENTED_EDGE('',*,*,#809,.F.);
#372=ORIENTED_EDGE('',*,*,#810,.F.);
#373=ORIENTED_EDGE('',*,*,#811,.T.);
#374=ORIENTED_EDGE('',*,*,#812,.T.);
#375=ORIENTED_EDGE('',*,*,#813,.F.);
#376=ORIENTED_EDGE('',*,*,#814,.F.);
#377=ORIENTED_EDGE('',*,*,#815,.T.);
#378=ORIENTED_EDGE('',*,*,#816,.T.);
#379=ORIENTED_EDGE('',*,*,#817,.F.);
#380=ORIENTED_EDGE('',*,*,#818,.F.);
#381=ORIENTED_EDGE('',*,*,#819,.F.);
#382=ORIENTED_EDGE('',*,*,#820,.T.);
#383=ORIENTED_EDGE('',*,*,#821,.F.);
#384=ORIENTED_EDGE('',*,*,#822,.F.);
#385=ORIENTED_EDGE('',*,*,#823,.F.);
#386=ORIENTED_EDGE('',*,*,#824,.T.);
#387=ORIENTED_EDGE('',*,*,#825,.F.);
#388=ORIENTED_EDGE('',*,*,#826,.F.);
#389=ORIENTED_EDGE('',*,*,#827,.T.);
#390=ORIENTED_EDGE('',*,*,#828,.T.);
#391=ORIENTED_EDGE('',*,*,#829,.F.);
#392=ORIENTED_EDGE('',*,*,#830,.F.);
#393=ORIENTED_EDGE('',*,*,#831,.T.);
#394=ORIENTED_EDGE('',*,*,#832,.T.);
#395=ORIENTED_EDGE('',*,*,#833,.F.);
#396=ORIENTED_EDGE('',*,*,#834,.F.);
#397=ORIENTED_EDGE('',*,*,#835,.F.);
#398=ORIENTED_EDGE('',*,*,#836,.T.);
#399=ORIENTED_EDGE('',*,*,#837,.F.);
#400=ORIENTED_EDGE('',*,*,#838,.F.);
#401=ORIENTED_EDGE('',*,*,#839,.T.);
#402=ORIENTED_EDGE('',*,*,#812,.F.);
#403=ORIENTED_EDGE('',*,*,#840,.F.);
#404=ORIENTED_EDGE('',*,*,#841,.F.);
#405=ORIENTED_EDGE('',*,*,#842,.T.);
#406=ORIENTED_EDGE('',*,*,#828,.F.);
#407=ORIENTED_EDGE('',*,*,#843,.F.);
#408=ORIENTED_EDGE('',*,*,#844,.F.);
#409=ORIENTED_EDGE('',*,*,#845,.T.);
#410=ORIENTED_EDGE('',*,*,#795,.F.);
#411=ORIENTED_EDGE('',*,*,#846,.F.);
#412=ORIENTED_EDGE('',*,*,#847,.F.);
#413=ORIENTED_EDGE('',*,*,#848,.T.);
#414=ORIENTED_EDGE('',*,*,#849,.T.);
#415=ORIENTED_EDGE('',*,*,#850,.F.);
#416=ORIENTED_EDGE('',*,*,#851,.F.);
#417=ORIENTED_EDGE('',*,*,#820,.F.);
#418=ORIENTED_EDGE('',*,*,#852,.F.);
#419=ORIENTED_EDGE('',*,*,#808,.F.);
#420=ORIENTED_EDGE('',*,*,#853,.F.);
#421=ORIENTED_EDGE('',*,*,#854,.T.);
#422=ORIENTED_EDGE('',*,*,#855,.T.);
#423=ORIENTED_EDGE('',*,*,#856,.F.);
#424=ORIENTED_EDGE('',*,*,#857,.F.);
#425=ORIENTED_EDGE('',*,*,#816,.F.);
#426=ORIENTED_EDGE('',*,*,#858,.F.);
#427=ORIENTED_EDGE('',*,*,#859,.F.);
#428=ORIENTED_EDGE('',*,*,#860,.F.);
#429=ORIENTED_EDGE('',*,*,#861,.T.);
#430=ORIENTED_EDGE('',*,*,#862,.T.);
#431=ORIENTED_EDGE('',*,*,#863,.F.);
#432=ORIENTED_EDGE('',*,*,#864,.F.);
#433=ORIENTED_EDGE('',*,*,#804,.F.);
#434=ORIENTED_EDGE('',*,*,#865,.F.);
#435=ORIENTED_EDGE('',*,*,#791,.F.);
#436=ORIENTED_EDGE('',*,*,#866,.F.);
#437=ORIENTED_EDGE('',*,*,#867,.T.);
#438=ORIENTED_EDGE('',*,*,#868,.T.);
#439=ORIENTED_EDGE('',*,*,#869,.F.);
#440=ORIENTED_EDGE('',*,*,#870,.F.);
#441=ORIENTED_EDGE('',*,*,#799,.F.);
#442=ORIENTED_EDGE('',*,*,#871,.F.);
#443=ORIENTED_EDGE('',*,*,#872,.F.);
#444=ORIENTED_EDGE('',*,*,#873,.F.);
#445=ORIENTED_EDGE('',*,*,#874,.T.);
#446=ORIENTED_EDGE('',*,*,#875,.T.);
#447=ORIENTED_EDGE('',*,*,#876,.F.);
#448=ORIENTED_EDGE('',*,*,#877,.F.);
#449=ORIENTED_EDGE('',*,*,#836,.F.);
#450=ORIENTED_EDGE('',*,*,#878,.F.);
#451=ORIENTED_EDGE('',*,*,#824,.F.);
#452=ORIENTED_EDGE('',*,*,#879,.F.);
#453=ORIENTED_EDGE('',*,*,#880,.T.);
#454=ORIENTED_EDGE('',*,*,#881,.T.);
#455=ORIENTED_EDGE('',*,*,#882,.F.);
#456=ORIENTED_EDGE('',*,*,#883,.F.);
#457=ORIENTED_EDGE('',*,*,#832,.F.);
#458=ORIENTED_EDGE('',*,*,#884,.F.);
#459=ORIENTED_EDGE('',*,*,#885,.T.);
#460=ORIENTED_EDGE('',*,*,#886,.F.);
#461=ORIENTED_EDGE('',*,*,#875,.F.);
#462=ORIENTED_EDGE('',*,*,#887,.T.);
#463=ORIENTED_EDGE('',*,*,#868,.F.);
#464=ORIENTED_EDGE('',*,*,#888,.T.);
#465=ORIENTED_EDGE('',*,*,#862,.F.);
#466=ORIENTED_EDGE('',*,*,#889,.T.);
#467=ORIENTED_EDGE('',*,*,#855,.F.);
#468=ORIENTED_EDGE('',*,*,#890,.T.);
#469=ORIENTED_EDGE('',*,*,#849,.F.);
#470=ORIENTED_EDGE('',*,*,#891,.T.);
#471=ORIENTED_EDGE('',*,*,#881,.F.);
#472=ORIENTED_EDGE('',*,*,#892,.T.);
#473=ORIENTED_EDGE('',*,*,#885,.F.);
#474=ORIENTED_EDGE('',*,*,#893,.T.);
#475=ORIENTED_EDGE('',*,*,#892,.F.);
#476=ORIENTED_EDGE('',*,*,#894,.T.);
#477=ORIENTED_EDGE('',*,*,#789,.T.);
#478=ORIENTED_EDGE('',*,*,#895,.T.);
#479=ORIENTED_EDGE('',*,*,#896,.T.);
#480=ORIENTED_EDGE('',*,*,#897,.T.);
#481=ORIENTED_EDGE('',*,*,#834,.T.);
#482=ORIENTED_EDGE('',*,*,#898,.T.);
#483=ORIENTED_EDGE('',*,*,#899,.T.);
#484=ORIENTED_EDGE('',*,*,#900,.T.);
#485=ORIENTED_EDGE('',*,*,#822,.T.);
#486=ORIENTED_EDGE('',*,*,#901,.T.);
#487=ORIENTED_EDGE('',*,*,#902,.T.);
#488=ORIENTED_EDGE('',*,*,#903,.T.);
#489=ORIENTED_EDGE('',*,*,#818,.T.);
#490=ORIENTED_EDGE('',*,*,#904,.T.);
#491=ORIENTED_EDGE('',*,*,#905,.T.);
#492=ORIENTED_EDGE('',*,*,#906,.T.);
#493=ORIENTED_EDGE('',*,*,#806,.T.);
#494=ORIENTED_EDGE('',*,*,#907,.T.);
#495=ORIENTED_EDGE('',*,*,#908,.T.);
#496=ORIENTED_EDGE('',*,*,#909,.T.);
#497=ORIENTED_EDGE('',*,*,#802,.T.);
#498=ORIENTED_EDGE('',*,*,#910,.T.);
#499=ORIENTED_EDGE('',*,*,#911,.T.);
#500=ORIENTED_EDGE('',*,*,#912,.T.);
#501=ORIENTED_EDGE('',*,*,#913,.T.);
#502=ORIENTED_EDGE('',*,*,#914,.T.);
#503=ORIENTED_EDGE('',*,*,#915,.T.);
#504=ORIENTED_EDGE('',*,*,#916,.T.);
#505=ORIENTED_EDGE('',*,*,#917,.T.);
#506=ORIENTED_EDGE('',*,*,#893,.F.);
#507=ORIENTED_EDGE('',*,*,#918,.F.);
#508=ORIENTED_EDGE('',*,*,#919,.T.);
#509=ORIENTED_EDGE('',*,*,#920,.T.);
#510=ORIENTED_EDGE('',*,*,#880,.F.);
#511=ORIENTED_EDGE('',*,*,#886,.T.);
#512=ORIENTED_EDGE('',*,*,#920,.F.);
#513=ORIENTED_EDGE('',*,*,#921,.T.);
#514=ORIENTED_EDGE('',*,*,#922,.T.);
#515=ORIENTED_EDGE('',*,*,#923,.F.);
#516=ORIENTED_EDGE('',*,*,#924,.T.);
#517=ORIENTED_EDGE('',*,*,#876,.T.);
#518=ORIENTED_EDGE('',*,*,#922,.F.);
#519=ORIENTED_EDGE('',*,*,#925,.F.);
#520=ORIENTED_EDGE('',*,*,#923,.T.);
#521=ORIENTED_EDGE('',*,*,#921,.F.);
#522=ORIENTED_EDGE('',*,*,#919,.F.);
#523=ORIENTED_EDGE('',*,*,#833,.T.);
#524=ORIENTED_EDGE('',*,*,#877,.T.);
#525=ORIENTED_EDGE('',*,*,#924,.F.);
#526=ORIENTED_EDGE('',*,*,#926,.F.);
#527=ORIENTED_EDGE('',*,*,#898,.F.);
#528=ORIENTED_EDGE('',*,*,#823,.T.);
#529=ORIENTED_EDGE('',*,*,#900,.F.);
#530=ORIENTED_EDGE('',*,*,#927,.T.);
#531=ORIENTED_EDGE('',*,*,#918,.T.);
#532=ORIENTED_EDGE('',*,*,#879,.T.);
#533=ORIENTED_EDGE('',*,*,#928,.F.);
#534=ORIENTED_EDGE('',*,*,#929,.T.);
#535=ORIENTED_EDGE('',*,*,#930,.T.);
#536=ORIENTED_EDGE('',*,*,#874,.F.);
#537=ORIENTED_EDGE('',*,*,#887,.F.);
#538=ORIENTED_EDGE('',*,*,#930,.F.);
#539=ORIENTED_EDGE('',*,*,#931,.T.);
#540=ORIENTED_EDGE('',*,*,#932,.T.);
#541=ORIENTED_EDGE('',*,*,#933,.F.);
#542=ORIENTED_EDGE('',*,*,#934,.T.);
#543=ORIENTED_EDGE('',*,*,#869,.T.);
#544=ORIENTED_EDGE('',*,*,#932,.F.);
#545=ORIENTED_EDGE('',*,*,#935,.F.);
#546=ORIENTED_EDGE('',*,*,#933,.T.);
#547=ORIENTED_EDGE('',*,*,#931,.F.);
#548=ORIENTED_EDGE('',*,*,#929,.F.);
#549=ORIENTED_EDGE('',*,*,#936,.F.);
#550=ORIENTED_EDGE('',*,*,#937,.T.);
#551=ORIENTED_EDGE('',*,*,#938,.T.);
#552=ORIENTED_EDGE('',*,*,#867,.F.);
#553=ORIENTED_EDGE('',*,*,#888,.F.);
#554=ORIENTED_EDGE('',*,*,#938,.F.);
#555=ORIENTED_EDGE('',*,*,#939,.T.);
#556=ORIENTED_EDGE('',*,*,#940,.T.);
#557=ORIENTED_EDGE('',*,*,#941,.F.);
#558=ORIENTED_EDGE('',*,*,#942,.T.);
#559=ORIENTED_EDGE('',*,*,#863,.T.);
#560=ORIENTED_EDGE('',*,*,#940,.F.);
#561=ORIENTED_EDGE('',*,*,#943,.F.);
#562=ORIENTED_EDGE('',*,*,#941,.T.);
#563=ORIENTED_EDGE('',*,*,#939,.F.);
#564=ORIENTED_EDGE('',*,*,#937,.F.);
#565=ORIENTED_EDGE('',*,*,#944,.F.);
#566=ORIENTED_EDGE('',*,*,#945,.T.);
#567=ORIENTED_EDGE('',*,*,#946,.T.);
#568=ORIENTED_EDGE('',*,*,#861,.F.);
#569=ORIENTED_EDGE('',*,*,#889,.F.);
#570=ORIENTED_EDGE('',*,*,#946,.F.);
#571=ORIENTED_EDGE('',*,*,#947,.T.);
#572=ORIENTED_EDGE('',*,*,#948,.T.);
#573=ORIENTED_EDGE('',*,*,#949,.F.);
#574=ORIENTED_EDGE('',*,*,#950,.T.);
#575=ORIENTED_EDGE('',*,*,#856,.T.);
#576=ORIENTED_EDGE('',*,*,#948,.F.);
#577=ORIENTED_EDGE('',*,*,#951,.F.);
#578=ORIENTED_EDGE('',*,*,#949,.T.);
#579=ORIENTED_EDGE('',*,*,#947,.F.);
#580=ORIENTED_EDGE('',*,*,#945,.F.);
#581=ORIENTED_EDGE('',*,*,#952,.F.);
#582=ORIENTED_EDGE('',*,*,#953,.T.);
#583=ORIENTED_EDGE('',*,*,#954,.T.);
#584=ORIENTED_EDGE('',*,*,#854,.F.);
#585=ORIENTED_EDGE('',*,*,#890,.F.);
#586=ORIENTED_EDGE('',*,*,#954,.F.);
#587=ORIENTED_EDGE('',*,*,#955,.T.);
#588=ORIENTED_EDGE('',*,*,#956,.T.);
#589=ORIENTED_EDGE('',*,*,#957,.F.);
#590=ORIENTED_EDGE('',*,*,#958,.T.);
#591=ORIENTED_EDGE('',*,*,#850,.T.);
#592=ORIENTED_EDGE('',*,*,#956,.F.);
#593=ORIENTED_EDGE('',*,*,#959,.F.);
#594=ORIENTED_EDGE('',*,*,#957,.T.);
#595=ORIENTED_EDGE('',*,*,#955,.F.);
#596=ORIENTED_EDGE('',*,*,#953,.F.);
#597=ORIENTED_EDGE('',*,*,#960,.F.);
#598=ORIENTED_EDGE('',*,*,#961,.T.);
#599=ORIENTED_EDGE('',*,*,#962,.T.);
#600=ORIENTED_EDGE('',*,*,#848,.F.);
#601=ORIENTED_EDGE('',*,*,#891,.F.);
#602=ORIENTED_EDGE('',*,*,#962,.F.);
#603=ORIENTED_EDGE('',*,*,#963,.T.);
#604=ORIENTED_EDGE('',*,*,#964,.T.);
#605=ORIENTED_EDGE('',*,*,#965,.F.);
#606=ORIENTED_EDGE('',*,*,#966,.T.);
#607=ORIENTED_EDGE('',*,*,#882,.T.);
#608=ORIENTED_EDGE('',*,*,#964,.F.);
#609=ORIENTED_EDGE('',*,*,#967,.F.);
#610=ORIENTED_EDGE('',*,*,#965,.T.);
#611=ORIENTED_EDGE('',*,*,#963,.F.);
#612=ORIENTED_EDGE('',*,*,#961,.F.);
#613=ORIENTED_EDGE('',*,*,#821,.T.);
#614=ORIENTED_EDGE('',*,*,#883,.T.);
#615=ORIENTED_EDGE('',*,*,#966,.F.);
#616=ORIENTED_EDGE('',*,*,#968,.F.);
#617=ORIENTED_EDGE('',*,*,#901,.F.);
#618=ORIENTED_EDGE('',*,*,#819,.T.);
#619=ORIENTED_EDGE('',*,*,#903,.F.);
#620=ORIENTED_EDGE('',*,*,#969,.T.);
#621=ORIENTED_EDGE('',*,*,#960,.T.);
#622=ORIENTED_EDGE('',*,*,#847,.T.);
#623=ORIENTED_EDGE('',*,*,#817,.T.);
#624=ORIENTED_EDGE('',*,*,#851,.T.);
#625=ORIENTED_EDGE('',*,*,#958,.F.);
#626=ORIENTED_EDGE('',*,*,#970,.F.);
#627=ORIENTED_EDGE('',*,*,#904,.F.);
#628=ORIENTED_EDGE('',*,*,#807,.T.);
#629=ORIENTED_EDGE('',*,*,#906,.F.);
#630=ORIENTED_EDGE('',*,*,#971,.T.);
#631=ORIENTED_EDGE('',*,*,#952,.T.);
#632=ORIENTED_EDGE('',*,*,#853,.T.);
#633=ORIENTED_EDGE('',*,*,#805,.T.);
#634=ORIENTED_EDGE('',*,*,#857,.T.);
#635=ORIENTED_EDGE('',*,*,#950,.F.);
#636=ORIENTED_EDGE('',*,*,#972,.F.);
#637=ORIENTED_EDGE('',*,*,#907,.F.);
#638=ORIENTED_EDGE('',*,*,#803,.T.);
#639=ORIENTED_EDGE('',*,*,#909,.F.);
#640=ORIENTED_EDGE('',*,*,#973,.T.);
#641=ORIENTED_EDGE('',*,*,#944,.T.);
#642=ORIENTED_EDGE('',*,*,#860,.T.);
#643=ORIENTED_EDGE('',*,*,#801,.T.);
#644=ORIENTED_EDGE('',*,*,#864,.T.);
#645=ORIENTED_EDGE('',*,*,#942,.F.);
#646=ORIENTED_EDGE('',*,*,#974,.F.);
#647=ORIENTED_EDGE('',*,*,#910,.F.);
#648=ORIENTED_EDGE('',*,*,#790,.T.);
#649=ORIENTED_EDGE('',*,*,#894,.F.);
#650=ORIENTED_EDGE('',*,*,#975,.T.);
#651=ORIENTED_EDGE('',*,*,#936,.T.);
#652=ORIENTED_EDGE('',*,*,#866,.T.);
#653=ORIENTED_EDGE('',*,*,#800,.T.);
#654=ORIENTED_EDGE('',*,*,#870,.T.);
#655=ORIENTED_EDGE('',*,*,#934,.F.);
#656=ORIENTED_EDGE('',*,*,#976,.F.);
#657=ORIENTED_EDGE('',*,*,#895,.F.);
#658=ORIENTED_EDGE('',*,*,#835,.T.);
#659=ORIENTED_EDGE('',*,*,#897,.F.);
#660=ORIENTED_EDGE('',*,*,#977,.T.);
#661=ORIENTED_EDGE('',*,*,#928,.T.);
#662=ORIENTED_EDGE('',*,*,#873,.T.);
#663=ORIENTED_EDGE('',*,*,#917,.F.);
#664=ORIENTED_EDGE('',*,*,#978,.T.);
#665=ORIENTED_EDGE('',*,*,#978,.F.);
#666=ORIENTED_EDGE('',*,*,#979,.T.);
#667=ORIENTED_EDGE('',*,*,#979,.F.);
#668=ORIENTED_EDGE('',*,*,#884,.T.);
#669=ORIENTED_EDGE('',*,*,#916,.F.);
#670=ORIENTED_EDGE('',*,*,#980,.T.);
#671=ORIENTED_EDGE('',*,*,#980,.F.);
#672=ORIENTED_EDGE('',*,*,#981,.T.);
#673=ORIENTED_EDGE('',*,*,#981,.F.);
#674=ORIENTED_EDGE('',*,*,#846,.T.);
#675=ORIENTED_EDGE('',*,*,#915,.F.);
#676=ORIENTED_EDGE('',*,*,#982,.T.);
#677=ORIENTED_EDGE('',*,*,#982,.F.);
#678=ORIENTED_EDGE('',*,*,#983,.T.);
#679=ORIENTED_EDGE('',*,*,#983,.F.);
#680=ORIENTED_EDGE('',*,*,#858,.T.);
#681=ORIENTED_EDGE('',*,*,#914,.F.);
#682=ORIENTED_EDGE('',*,*,#984,.T.);
#683=ORIENTED_EDGE('',*,*,#984,.F.);
#684=ORIENTED_EDGE('',*,*,#985,.T.);
#685=ORIENTED_EDGE('',*,*,#985,.F.);
#686=ORIENTED_EDGE('',*,*,#859,.T.);
#687=ORIENTED_EDGE('',*,*,#913,.F.);
#688=ORIENTED_EDGE('',*,*,#986,.T.);
#689=ORIENTED_EDGE('',*,*,#986,.F.);
#690=ORIENTED_EDGE('',*,*,#987,.T.);
#691=ORIENTED_EDGE('',*,*,#987,.F.);
#692=ORIENTED_EDGE('',*,*,#871,.T.);
#693=ORIENTED_EDGE('',*,*,#912,.F.);
#694=ORIENTED_EDGE('',*,*,#988,.T.);
#695=ORIENTED_EDGE('',*,*,#988,.F.);
#696=ORIENTED_EDGE('',*,*,#989,.T.);
#697=ORIENTED_EDGE('',*,*,#989,.F.);
#698=ORIENTED_EDGE('',*,*,#872,.T.);
#699=ORIENTED_EDGE('',*,*,#843,.T.);
#700=ORIENTED_EDGE('',*,*,#794,.F.);
#701=ORIENTED_EDGE('',*,*,#990,.F.);
#702=ORIENTED_EDGE('',*,*,#991,.T.);
#703=ORIENTED_EDGE('',*,*,#844,.T.);
#704=ORIENTED_EDGE('',*,*,#991,.F.);
#705=ORIENTED_EDGE('',*,*,#992,.F.);
#706=ORIENTED_EDGE('',*,*,#993,.T.);
#707=ORIENTED_EDGE('',*,*,#845,.F.);
#708=ORIENTED_EDGE('',*,*,#993,.F.);
#709=ORIENTED_EDGE('',*,*,#994,.T.);
#710=ORIENTED_EDGE('',*,*,#796,.T.);
#711=ORIENTED_EDGE('',*,*,#865,.T.);
#712=ORIENTED_EDGE('',*,*,#798,.F.);
#713=ORIENTED_EDGE('',*,*,#995,.F.);
#714=ORIENTED_EDGE('',*,*,#792,.T.);
#715=ORIENTED_EDGE('',*,*,#793,.T.);
#716=ORIENTED_EDGE('',*,*,#995,.T.);
#717=ORIENTED_EDGE('',*,*,#797,.T.);
#718=ORIENTED_EDGE('',*,*,#994,.F.);
#719=ORIENTED_EDGE('',*,*,#992,.T.);
#720=ORIENTED_EDGE('',*,*,#990,.T.);
#721=ORIENTED_EDGE('',*,*,#840,.T.);
#722=ORIENTED_EDGE('',*,*,#827,.F.);
#723=ORIENTED_EDGE('',*,*,#996,.F.);
#724=ORIENTED_EDGE('',*,*,#997,.T.);
#725=ORIENTED_EDGE('',*,*,#841,.T.);
#726=ORIENTED_EDGE('',*,*,#997,.F.);
#727=ORIENTED_EDGE('',*,*,#998,.F.);
#728=ORIENTED_EDGE('',*,*,#999,.T.);
#729=ORIENTED_EDGE('',*,*,#842,.F.);
#730=ORIENTED_EDGE('',*,*,#999,.F.);
#731=ORIENTED_EDGE('',*,*,#1000,.T.);
#732=ORIENTED_EDGE('',*,*,#829,.T.);
#733=ORIENTED_EDGE('',*,*,#878,.T.);
#734=ORIENTED_EDGE('',*,*,#831,.F.);
#735=ORIENTED_EDGE('',*,*,#1001,.F.);
#736=ORIENTED_EDGE('',*,*,#825,.T.);
#737=ORIENTED_EDGE('',*,*,#826,.T.);
#738=ORIENTED_EDGE('',*,*,#1001,.T.);
#739=ORIENTED_EDGE('',*,*,#830,.T.);
#740=ORIENTED_EDGE('',*,*,#1000,.F.);
#741=ORIENTED_EDGE('',*,*,#998,.T.);
#742=ORIENTED_EDGE('',*,*,#996,.T.);
#743=ORIENTED_EDGE('',*,*,#837,.T.);
#744=ORIENTED_EDGE('',*,*,#811,.F.);
#745=ORIENTED_EDGE('',*,*,#1002,.F.);
#746=ORIENTED_EDGE('',*,*,#1003,.T.);
#747=ORIENTED_EDGE('',*,*,#838,.T.);
#748=ORIENTED_EDGE('',*,*,#1003,.F.);
#749=ORIENTED_EDGE('',*,*,#1004,.F.);
#750=ORIENTED_EDGE('',*,*,#1005,.T.);
#751=ORIENTED_EDGE('',*,*,#839,.F.);
#752=ORIENTED_EDGE('',*,*,#1005,.F.);
#753=ORIENTED_EDGE('',*,*,#1006,.T.);
#754=ORIENTED_EDGE('',*,*,#813,.T.);
#755=ORIENTED_EDGE('',*,*,#852,.T.);
#756=ORIENTED_EDGE('',*,*,#815,.F.);
#757=ORIENTED_EDGE('',*,*,#1007,.F.);
#758=ORIENTED_EDGE('',*,*,#809,.T.);
#759=ORIENTED_EDGE('',*,*,#810,.T.);
#760=ORIENTED_EDGE('',*,*,#1007,.T.);
#761=ORIENTED_EDGE('',*,*,#814,.T.);
#762=ORIENTED_EDGE('',*,*,#1006,.F.);
#763=ORIENTED_EDGE('',*,*,#1004,.T.);
#764=ORIENTED_EDGE('',*,*,#1002,.T.);
#765=ORIENTED_EDGE('',*,*,#935,.T.);
#766=ORIENTED_EDGE('',*,*,#977,.F.);
#767=ORIENTED_EDGE('',*,*,#896,.F.);
#768=ORIENTED_EDGE('',*,*,#976,.T.);
#769=ORIENTED_EDGE('',*,*,#943,.T.);
#770=ORIENTED_EDGE('',*,*,#975,.F.);
#771=ORIENTED_EDGE('',*,*,#911,.F.);
#772=ORIENTED_EDGE('',*,*,#974,.T.);
#773=ORIENTED_EDGE('',*,*,#951,.T.);
#774=ORIENTED_EDGE('',*,*,#973,.F.);
#775=ORIENTED_EDGE('',*,*,#908,.F.);
#776=ORIENTED_EDGE('',*,*,#972,.T.);
#777=ORIENTED_EDGE('',*,*,#959,.T.);
#778=ORIENTED_EDGE('',*,*,#971,.F.);
#779=ORIENTED_EDGE('',*,*,#905,.F.);
#780=ORIENTED_EDGE('',*,*,#970,.T.);
#781=ORIENTED_EDGE('',*,*,#967,.T.);
#782=ORIENTED_EDGE('',*,*,#969,.F.);
#783=ORIENTED_EDGE('',*,*,#902,.F.);
#784=ORIENTED_EDGE('',*,*,#968,.T.);
#785=ORIENTED_EDGE('',*,*,#925,.T.);
#786=ORIENTED_EDGE('',*,*,#927,.F.);
#787=ORIENTED_EDGE('',*,*,#899,.F.);
#788=ORIENTED_EDGE('',*,*,#926,.T.);
#789=EDGE_CURVE('',#1008,#1009,#1155,.T.);
#790=EDGE_CURVE('',#1010,#1008,#75,.T.);
#791=EDGE_CURVE('',#1010,#1011,#1156,.T.);
#792=EDGE_CURVE('',#1012,#1011,#76,.T.);
#793=EDGE_CURVE('',#1013,#1012,#1157,.T.);
#794=EDGE_CURVE('',#1013,#1014,#77,.T.);
#795=EDGE_CURVE('',#1014,#1015,#1158,.T.);
#796=EDGE_CURVE('',#1016,#1015,#78,.T.);
#797=EDGE_CURVE('',#1017,#1016,#1159,.T.);
#798=EDGE_CURVE('',#1017,#1018,#79,.T.);
#799=EDGE_CURVE('',#1018,#1019,#1160,.T.);
#800=EDGE_CURVE('',#1009,#1019,#80,.F.);
#801=EDGE_CURVE('',#1020,#1021,#81,.F.);
#802=EDGE_CURVE('',#1022,#1020,#1161,.T.);
#803=EDGE_CURVE('',#1023,#1022,#82,.T.);
#804=EDGE_CURVE('',#1023,#1021,#1162,.T.);
#805=EDGE_CURVE('',#1024,#1025,#83,.F.);
#806=EDGE_CURVE('',#1026,#1024,#1163,.T.);
#807=EDGE_CURVE('',#1027,#1026,#84,.T.);
#808=EDGE_CURVE('',#1027,#1028,#1164,.T.);
#809=EDGE_CURVE('',#1029,#1028,#85,.T.);
#810=EDGE_CURVE('',#1030,#1029,#1165,.T.);
#811=EDGE_CURVE('',#1030,#1031,#86,.T.);
#812=EDGE_CURVE('',#1031,#1032,#1166,.T.);
#813=EDGE_CURVE('',#1033,#1032,#87,.T.);
#814=EDGE_CURVE('',#1034,#1033,#1167,.T.);
#815=EDGE_CURVE('',#1034,#1035,#88,.T.);
#816=EDGE_CURVE('',#1035,#1025,#1168,.T.);
#817=EDGE_CURVE('',#1036,#1037,#89,.F.);
#818=EDGE_CURVE('',#1038,#1036,#1169,.T.);
#819=EDGE_CURVE('',#1039,#1038,#90,.T.);
#820=EDGE_CURVE('',#1039,#1037,#1170,.T.);
#821=EDGE_CURVE('',#1040,#1041,#91,.F.);
#822=EDGE_CURVE('',#1042,#1040,#1171,.T.);
#823=EDGE_CURVE('',#1043,#1042,#92,.T.);
#824=EDGE_CURVE('',#1043,#1044,#1172,.T.);
#825=EDGE_CURVE('',#1045,#1044,#93,.T.);
#826=EDGE_CURVE('',#1046,#1045,#1173,.T.);
#827=EDGE_CURVE('',#1046,#1047,#94,.T.);
#828=EDGE_CURVE('',#1047,#1048,#1174,.T.);
#829=EDGE_CURVE('',#1049,#1048,#95,.T.);
#830=EDGE_CURVE('',#1050,#1049,#1175,.T.);
#831=EDGE_CURVE('',#1050,#1051,#96,.T.);
#832=EDGE_CURVE('',#1051,#1041,#1176,.T.);
#833=EDGE_CURVE('',#1052,#1053,#97,.F.);
#834=EDGE_CURVE('',#1054,#1052,#1177,.T.);
#835=EDGE_CURVE('',#1055,#1054,#98,.T.);
#836=EDGE_CURVE('',#1055,#1053,#1178,.T.);
#837=EDGE_CURVE('',#1056,#1031,#99,.T.);
#838=EDGE_CURVE('',#1057,#1056,#100,.T.);
#839=EDGE_CURVE('',#1057,#1032,#1179,.T.);
#840=EDGE_CURVE('',#1058,#1047,#101,.T.);
#841=EDGE_CURVE('',#1059,#1058,#102,.T.);
#842=EDGE_CURVE('',#1059,#1048,#1180,.T.);
#843=EDGE_CURVE('',#1060,#1014,#103,.T.);
#844=EDGE_CURVE('',#1061,#1060,#104,.T.);
#845=EDGE_CURVE('',#1061,#1015,#1181,.T.);
#846=EDGE_CURVE('',#1062,#1062,#1182,.T.);
#847=EDGE_CURVE('',#1063,#1039,#105,.T.);
#848=EDGE_CURVE('',#1063,#1064,#106,.T.);
#849=EDGE_CURVE('',#1064,#1065,#1183,.T.);
#850=EDGE_CURVE('',#1066,#1065,#107,.T.);
#851=EDGE_CURVE('',#1037,#1066,#108,.T.);
#852=EDGE_CURVE('',#1028,#1035,#1184,.T.);
#853=EDGE_CURVE('',#1067,#1027,#109,.T.);
#854=EDGE_CURVE('',#1067,#1068,#110,.T.);
#855=EDGE_CURVE('',#1068,#1069,#1185,.T.);
#856=EDGE_CURVE('',#1070,#1069,#111,.T.);
#857=EDGE_CURVE('',#1025,#1070,#112,.T.);
#858=EDGE_CURVE('',#1071,#1071,#1186,.T.);
#859=EDGE_CURVE('',#1072,#1072,#1187,.T.);
#860=EDGE_CURVE('',#1073,#1023,#113,.T.);
#861=EDGE_CURVE('',#1073,#1074,#114,.T.);
#862=EDGE_CURVE('',#1074,#1075,#1188,.T.);
#863=EDGE_CURVE('',#1076,#1075,#115,.T.);
#864=EDGE_CURVE('',#1021,#1076,#116,.T.);
#865=EDGE_CURVE('',#1011,#1018,#1189,.T.);
#866=EDGE_CURVE('',#1077,#1010,#117,.T.);
#867=EDGE_CURVE('',#1077,#1078,#118,.T.);
#868=EDGE_CURVE('',#1078,#1079,#1190,.T.);
#869=EDGE_CURVE('',#1080,#1079,#119,.T.);
#870=EDGE_CURVE('',#1019,#1080,#120,.T.);
#871=EDGE_CURVE('',#1081,#1081,#1191,.T.);
#872=EDGE_CURVE('',#1082,#1082,#1192,.T.);
#873=EDGE_CURVE('',#1083,#1055,#121,.T.);
#874=EDGE_CURVE('',#1083,#1084,#122,.T.);
#875=EDGE_CURVE('',#1084,#1085,#1193,.T.);
#876=EDGE_CURVE('',#1086,#1085,#123,.T.);
#877=EDGE_CURVE('',#1053,#1086,#124,.T.);
#878=EDGE_CURVE('',#1044,#1051,#1194,.T.);
#879=EDGE_CURVE('',#1087,#1043,#125,.T.);
#880=EDGE_CURVE('',#1087,#1088,#126,.T.);
#881=EDGE_CURVE('',#1088,#1089,#1195,.T.);
#882=EDGE_CURVE('',#1090,#1089,#127,.T.);
#883=EDGE_CURVE('',#1041,#1090,#128,.T.);
#884=EDGE_CURVE('',#1091,#1091,#1196,.T.);
#885=EDGE_CURVE('',#1092,#1092,#1197,.T.);
#886=EDGE_CURVE('',#1085,#1088,#1198,.T.);
#887=EDGE_CURVE('',#1084,#1079,#1199,.T.);
#888=EDGE_CURVE('',#1078,#1075,#1200,.T.);
#889=EDGE_CURVE('',#1074,#1069,#1201,.T.);
#890=EDGE_CURVE('',#1068,#1065,#1202,.T.);
#891=EDGE_CURVE('',#1064,#1089,#1203,.T.);
#892=EDGE_CURVE('',#1093,#1093,#1204,.T.);
#893=EDGE_CURVE('',#1094,#1094,#1205,.T.);
#894=EDGE_CURVE('',#1095,#1008,#129,.T.);
#895=EDGE_CURVE('',#1009,#1096,#130,.T.);
#896=EDGE_CURVE('',#1096,#1097,#131,.T.);
#897=EDGE_CURVE('',#1097,#1054,#132,.T.);
#898=EDGE_CURVE('',#1052,#1098,#133,.T.);
#899=EDGE_CURVE('',#1098,#1099,#134,.T.);
#900=EDGE_CURVE('',#1099,#1042,#135,.T.);
#901=EDGE_CURVE('',#1040,#1100,#136,.T.);
#902=EDGE_CURVE('',#1100,#1101,#137,.T.);
#903=EDGE_CURVE('',#1101,#1038,#138,.T.);
#904=EDGE_CURVE('',#1036,#1102,#139,.T.);
#905=EDGE_CURVE('',#1102,#1103,#140,.T.);
#906=EDGE_CURVE('',#1103,#1026,#141,.T.);
#907=EDGE_CURVE('',#1024,#1104,#142,.T.);
#908=EDGE_CURVE('',#1104,#1105,#143,.T.);
#909=EDGE_CURVE('',#1105,#1022,#144,.T.);
#910=EDGE_CURVE('',#1020,#1106,#145,.T.);
#911=EDGE_CURVE('',#1106,#1095,#146,.T.);
#912=EDGE_CURVE('',#1107,#1107,#1206,.T.);
#913=EDGE_CURVE('',#1108,#1108,#1207,.T.);
#914=EDGE_CURVE('',#1109,#1109,#1208,.T.);
#915=EDGE_CURVE('',#1110,#1110,#1209,.T.);
#916=EDGE_CURVE('',#1111,#1111,#1210,.T.);
#917=EDGE_CURVE('',#1112,#1112,#1211,.T.);
#918=EDGE_CURVE('',#1113,#1087,#147,.T.);
#919=EDGE_CURVE('',#1113,#1114,#148,.T.);
#920=EDGE_CURVE('',#1114,#1088,#149,.T.);
#921=EDGE_CURVE('',#1114,#1115,#1212,.T.);
#922=EDGE_CURVE('',#1115,#1085,#150,.T.);
#923=EDGE_CURVE('',#1116,#1115,#151,.T.);
#924=EDGE_CURVE('',#1116,#1086,#152,.T.);
#925=EDGE_CURVE('',#1116,#1113,#153,.T.);
#926=EDGE_CURVE('',#1098,#1116,#154,.T.);
#927=EDGE_CURVE('',#1099,#1113,#155,.T.);
#928=EDGE_CURVE('',#1117,#1083,#156,.T.);
#929=EDGE_CURVE('',#1117,#1118,#157,.T.);
#930=EDGE_CURVE('',#1118,#1084,#158,.T.);
#931=EDGE_CURVE('',#1118,#1119,#1213,.T.);
#932=EDGE_CURVE('',#1119,#1079,#159,.T.);
#933=EDGE_CURVE('',#1120,#1119,#160,.T.);
#934=EDGE_CURVE('',#1120,#1080,#161,.T.);
#935=EDGE_CURVE('',#1120,#1117,#162,.T.);
#936=EDGE_CURVE('',#1121,#1077,#163,.T.);
#937=EDGE_CURVE('',#1121,#1122,#164,.T.);
#938=EDGE_CURVE('',#1122,#1078,#165,.T.);
#939=EDGE_CURVE('',#1122,#1123,#1214,.T.);
#940=EDGE_CURVE('',#1123,#1075,#166,.T.);
#941=EDGE_CURVE('',#1124,#1123,#167,.T.);
#942=EDGE_CURVE('',#1124,#1076,#168,.T.);
#943=EDGE_CURVE('',#1124,#1121,#169,.T.);
#944=EDGE_CURVE('',#1125,#1073,#170,.T.);
#945=EDGE_CURVE('',#1125,#1126,#171,.T.);
#946=EDGE_CURVE('',#1126,#1074,#172,.T.);
#947=EDGE_CURVE('',#1126,#1127,#1215,.T.);
#948=EDGE_CURVE('',#1127,#1069,#173,.T.);
#949=EDGE_CURVE('',#1128,#1127,#174,.T.);
#950=EDGE_CURVE('',#1128,#1070,#175,.T.);
#951=EDGE_CURVE('',#1128,#1125,#176,.T.);
#952=EDGE_CURVE('',#1129,#1067,#177,.T.);
#953=EDGE_CURVE('',#1129,#1130,#178,.T.);
#954=EDGE_CURVE('',#1130,#1068,#179,.T.);
#955=EDGE_CURVE('',#1130,#1131,#1216,.T.);
#956=EDGE_CURVE('',#1131,#1065,#180,.T.);
#957=EDGE_CURVE('',#1132,#1131,#181,.T.);
#958=EDGE_CURVE('',#1132,#1066,#182,.T.);
#959=EDGE_CURVE('',#1132,#1129,#183,.T.);
#960=EDGE_CURVE('',#1133,#1063,#184,.T.);
#961=EDGE_CURVE('',#1133,#1134,#185,.T.);
#962=EDGE_CURVE('',#1134,#1064,#186,.T.);
#963=EDGE_CURVE('',#1134,#1135,#1217,.T.);
#964=EDGE_CURVE('',#1135,#1089,#187,.T.);
#965=EDGE_CURVE('',#1136,#1135,#188,.T.);
#966=EDGE_CURVE('',#1136,#1090,#189,.T.);
#967=EDGE_CURVE('',#1136,#1133,#190,.T.);
#968=EDGE_CURVE('',#1100,#1136,#191,.T.);
#969=EDGE_CURVE('',#1101,#1133,#192,.T.);
#970=EDGE_CURVE('',#1102,#1132,#193,.T.);
#971=EDGE_CURVE('',#1103,#1129,#194,.T.);
#972=EDGE_CURVE('',#1104,#1128,#195,.T.);
#973=EDGE_CURVE('',#1105,#1125,#196,.T.);
#974=EDGE_CURVE('',#1106,#1124,#197,.T.);
#975=EDGE_CURVE('',#1095,#1121,#198,.T.);
#976=EDGE_CURVE('',#1096,#1120,#199,.T.);
#977=EDGE_CURVE('',#1097,#1117,#200,.T.);
#978=EDGE_CURVE('',#1137,#1137,#1218,.T.);
#979=EDGE_CURVE('',#1138,#1138,#1219,.T.);
#980=EDGE_CURVE('',#1139,#1139,#1220,.T.);
#981=EDGE_CURVE('',#1140,#1140,#1221,.T.);
#982=EDGE_CURVE('',#1141,#1141,#1222,.T.);
#983=EDGE_CURVE('',#1142,#1142,#1223,.T.);
#984=EDGE_CURVE('',#1143,#1143,#1224,.T.);
#985=EDGE_CURVE('',#1144,#1144,#1225,.T.);
#986=EDGE_CURVE('',#1145,#1145,#1226,.T.);
#987=EDGE_CURVE('',#1146,#1146,#1227,.T.);
#988=EDGE_CURVE('',#1147,#1147,#1228,.T.);
#989=EDGE_CURVE('',#1148,#1148,#1229,.T.);
#990=EDGE_CURVE('',#1149,#1013,#201,.T.);
#991=EDGE_CURVE('',#1149,#1060,#202,.T.);
#992=EDGE_CURVE('',#1150,#1149,#203,.T.);
#993=EDGE_CURVE('',#1150,#1061,#204,.T.);
#994=EDGE_CURVE('',#1150,#1016,#1230,.T.);
#995=EDGE_CURVE('',#1012,#1017,#1231,.T.);
#996=EDGE_CURVE('',#1151,#1046,#205,.T.);
#997=EDGE_CURVE('',#1151,#1058,#206,.T.);
#998=EDGE_CURVE('',#1152,#1151,#207,.T.);
#999=EDGE_CURVE('',#1152,#1059,#208,.T.);
#1000=EDGE_CURVE('',#1152,#1049,#1232,.T.);
#1001=EDGE_CURVE('',#1045,#1050,#1233,.T.);
#1002=EDGE_CURVE('',#1153,#1030,#209,.T.);
#1003=EDGE_CURVE('',#1153,#1056,#210,.T.);
#1004=EDGE_CURVE('',#1154,#1153,#211,.T.);
#1005=EDGE_CURVE('',#1154,#1057,#212,.T.);
#1006=EDGE_CURVE('',#1154,#1033,#1234,.T.);
#1007=EDGE_CURVE('',#1029,#1034,#1235,.T.);
#1008=VERTEX_POINT('',#2298);
#1009=VERTEX_POINT('',#2299);
#1010=VERTEX_POINT('',#2301);
#1011=VERTEX_POINT('',#2303);
#1012=VERTEX_POINT('',#2305);
#1013=VERTEX_POINT('',#2307);
#1014=VERTEX_POINT('',#2309);
#1015=VERTEX_POINT('',#2311);
#1016=VERTEX_POINT('',#2313);
#1017=VERTEX_POINT('',#2315);
#1018=VERTEX_POINT('',#2317);
#1019=VERTEX_POINT('',#2319);
#1020=VERTEX_POINT('',#2323);
#1021=VERTEX_POINT('',#2324);
#1022=VERTEX_POINT('',#2326);
#1023=VERTEX_POINT('',#2328);
#1024=VERTEX_POINT('',#2332);
#1025=VERTEX_POINT('',#2333);
#1026=VERTEX_POINT('',#2335);
#1027=VERTEX_POINT('',#2337);
#1028=VERTEX_POINT('',#2339);
#1029=VERTEX_POINT('',#2341);
#1030=VERTEX_POINT('',#2343);
#1031=VERTEX_POINT('',#2345);
#1032=VERTEX_POINT('',#2347);
#1033=VERTEX_POINT('',#2349);
#1034=VERTEX_POINT('',#2351);
#1035=VERTEX_POINT('',#2353);
#1036=VERTEX_POINT('',#2357);
#1037=VERTEX_POINT('',#2358);
#1038=VERTEX_POINT('',#2360);
#1039=VERTEX_POINT('',#2362);
#1040=VERTEX_POINT('',#2366);
#1041=VERTEX_POINT('',#2367);
#1042=VERTEX_POINT('',#2369);
#1043=VERTEX_POINT('',#2371);
#1044=VERTEX_POINT('',#2373);
#1045=VERTEX_POINT('',#2375);
#1046=VERTEX_POINT('',#2377);
#1047=VERTEX_POINT('',#2379);
#1048=VERTEX_POINT('',#2381);
#1049=VERTEX_POINT('',#2383);
#1050=VERTEX_POINT('',#2385);
#1051=VERTEX_POINT('',#2387);
#1052=VERTEX_POINT('',#2391);
#1053=VERTEX_POINT('',#2392);
#1054=VERTEX_POINT('',#2394);
#1055=VERTEX_POINT('',#2396);
#1056=VERTEX_POINT('',#2400);
#1057=VERTEX_POINT('',#2402);
#1058=VERTEX_POINT('',#2406);
#1059=VERTEX_POINT('',#2408);
#1060=VERTEX_POINT('',#2412);
#1061=VERTEX_POINT('',#2414);
#1062=VERTEX_POINT('',#2418);
#1063=VERTEX_POINT('',#2420);
#1064=VERTEX_POINT('',#2422);
#1065=VERTEX_POINT('',#2424);
#1066=VERTEX_POINT('',#2426);
#1067=VERTEX_POINT('',#2431);
#1068=VERTEX_POINT('',#2433);
#1069=VERTEX_POINT('',#2435);
#1070=VERTEX_POINT('',#2437);
#1071=VERTEX_POINT('',#2440);
#1072=VERTEX_POINT('',#2443);
#1073=VERTEX_POINT('',#2445);
#1074=VERTEX_POINT('',#2447);
#1075=VERTEX_POINT('',#2449);
#1076=VERTEX_POINT('',#2451);
#1077=VERTEX_POINT('',#2456);
#1078=VERTEX_POINT('',#2458);
#1079=VERTEX_POINT('',#2460);
#1080=VERTEX_POINT('',#2462);
#1081=VERTEX_POINT('',#2465);
#1082=VERTEX_POINT('',#2468);
#1083=VERTEX_POINT('',#2470);
#1084=VERTEX_POINT('',#2472);
#1085=VERTEX_POINT('',#2474);
#1086=VERTEX_POINT('',#2476);
#1087=VERTEX_POINT('',#2481);
#1088=VERTEX_POINT('',#2483);
#1089=VERTEX_POINT('',#2485);
#1090=VERTEX_POINT('',#2487);
#1091=VERTEX_POINT('',#2490);
#1092=VERTEX_POINT('',#2493);
#1093=VERTEX_POINT('',#2502);
#1094=VERTEX_POINT('',#2505);
#1095=VERTEX_POINT('',#2508);
#1096=VERTEX_POINT('',#2510);
#1097=VERTEX_POINT('',#2512);
#1098=VERTEX_POINT('',#2515);
#1099=VERTEX_POINT('',#2517);
#1100=VERTEX_POINT('',#2520);
#1101=VERTEX_POINT('',#2522);
#1102=VERTEX_POINT('',#2525);
#1103=VERTEX_POINT('',#2527);
#1104=VERTEX_POINT('',#2530);
#1105=VERTEX_POINT('',#2532);
#1106=VERTEX_POINT('',#2535);
#1107=VERTEX_POINT('',#2538);
#1108=VERTEX_POINT('',#2540);
#1109=VERTEX_POINT('',#2542);
#1110=VERTEX_POINT('',#2544);
#1111=VERTEX_POINT('',#2546);
#1112=VERTEX_POINT('',#2548);
#1113=VERTEX_POINT('',#2551);
#1114=VERTEX_POINT('',#2553);
#1115=VERTEX_POINT('',#2557);
#1116=VERTEX_POINT('',#2561);
#1117=VERTEX_POINT('',#2571);
#1118=VERTEX_POINT('',#2573);
#1119=VERTEX_POINT('',#2577);
#1120=VERTEX_POINT('',#2581);
#1121=VERTEX_POINT('',#2587);
#1122=VERTEX_POINT('',#2589);
#1123=VERTEX_POINT('',#2593);
#1124=VERTEX_POINT('',#2597);
#1125=VERTEX_POINT('',#2603);
#1126=VERTEX_POINT('',#2605);
#1127=VERTEX_POINT('',#2609);
#1128=VERTEX_POINT('',#2613);
#1129=VERTEX_POINT('',#2619);
#1130=VERTEX_POINT('',#2621);
#1131=VERTEX_POINT('',#2625);
#1132=VERTEX_POINT('',#2629);
#1133=VERTEX_POINT('',#2635);
#1134=VERTEX_POINT('',#2637);
#1135=VERTEX_POINT('',#2641);
#1136=VERTEX_POINT('',#2645);
#1137=VERTEX_POINT('',#2671);
#1138=VERTEX_POINT('',#2674);
#1139=VERTEX_POINT('',#2678);
#1140=VERTEX_POINT('',#2681);
#1141=VERTEX_POINT('',#2685);
#1142=VERTEX_POINT('',#2688);
#1143=VERTEX_POINT('',#2692);
#1144=VERTEX_POINT('',#2695);
#1145=VERTEX_POINT('',#2699);
#1146=VERTEX_POINT('',#2702);
#1147=VERTEX_POINT('',#2706);
#1148=VERTEX_POINT('',#2709);
#1149=VERTEX_POINT('',#2713);
#1150=VERTEX_POINT('',#2717);
#1151=VERTEX_POINT('',#2726);
#1152=VERTEX_POINT('',#2730);
#1153=VERTEX_POINT('',#2739);
#1154=VERTEX_POINT('',#2743);
#1155=CIRCLE('',#1631,69.);
#1156=CIRCLE('',#1632,69.);
#1157=CIRCLE('',#1633,69.);
#1158=CIRCLE('',#1634,69.);
#1159=CIRCLE('',#1635,69.);
#1160=CIRCLE('',#1636,69.);
#1161=CIRCLE('',#1638,69.);
#1162=CIRCLE('',#1639,69.);
#1163=CIRCLE('',#1641,69.);
#1164=CIRCLE('',#1642,69.);
#1165=CIRCLE('',#1643,69.);
#1166=CIRCLE('',#1644,69.);
#1167=CIRCLE('',#1645,69.);
#1168=CIRCLE('',#1646,69.);
#1169=CIRCLE('',#1648,69.);
#1170=CIRCLE('',#1649,69.);
#1171=CIRCLE('',#1651,69.);
#1172=CIRCLE('',#1652,69.);
#1173=CIRCLE('',#1653,69.);
#1174=CIRCLE('',#1654,69.);
#1175=CIRCLE('',#1655,69.);
#1176=CIRCLE('',#1656,69.);
#1177=CIRCLE('',#1658,69.);
#1178=CIRCLE('',#1659,69.);
#1179=CIRCLE('',#1661,23.5);
#1180=CIRCLE('',#1663,23.5);
#1181=CIRCLE('',#1665,23.5);
#1182=CIRCLE('',#1667,7.);
#1183=CIRCLE('',#1668,28.5);
#1184=CIRCLE('',#1670,27.);
#1185=CIRCLE('',#1671,28.5);
#1186=CIRCLE('',#1672,7.);
#1187=CIRCLE('',#1674,7.);
#1188=CIRCLE('',#1675,28.5);
#1189=CIRCLE('',#1677,27.);
#1190=CIRCLE('',#1678,28.5);
#1191=CIRCLE('',#1679,7.);
#1192=CIRCLE('',#1681,7.);
#1193=CIRCLE('',#1682,28.5);
#1194=CIRCLE('',#1684,27.);
#1195=CIRCLE('',#1685,28.5);
#1196=CIRCLE('',#1686,7.);
#1197=CIRCLE('',#1688,27.5);
#1198=CIRCLE('',#1689,28.5);
#1199=CIRCLE('',#1690,28.5);
#1200=CIRCLE('',#1691,28.5);
#1201=CIRCLE('',#1692,28.5);
#1202=CIRCLE('',#1693,28.5);
#1203=CIRCLE('',#1694,28.5);
#1204=CIRCLE('',#1696,27.5);
#1205=CIRCLE('',#1698,28.5);
#1206=CIRCLE('',#1700,4.5);
#1207=CIRCLE('',#1701,4.5);
#1208=CIRCLE('',#1702,4.5);
#1209=CIRCLE('',#1703,4.5);
#1210=CIRCLE('',#1704,4.5);
#1211=CIRCLE('',#1705,4.5);
#1212=CIRCLE('',#1708,28.5);
#1213=CIRCLE('',#1715,28.5);
#1214=CIRCLE('',#1720,28.5);
#1215=CIRCLE('',#1725,28.5);
#1216=CIRCLE('',#1730,28.5);
#1217=CIRCLE('',#1735,28.5);
#1218=CIRCLE('',#1749,4.5);
#1219=CIRCLE('',#1751,7.);
#1220=CIRCLE('',#1754,4.5);
#1221=CIRCLE('',#1756,7.);
#1222=CIRCLE('',#1759,4.5);
#1223=CIRCLE('',#1761,7.);
#1224=CIRCLE('',#1764,4.5);
#1225=CIRCLE('',#1766,7.);
#1226=CIRCLE('',#1769,4.5);
#1227=CIRCLE('',#1771,7.);
#1228=CIRCLE('',#1774,4.5);
#1229=CIRCLE('',#1776,7.);
#1230=CIRCLE('',#1781,23.5);
#1231=CIRCLE('',#1783,27.);
#1232=CIRCLE('',#1788,23.5);
#1233=CIRCLE('',#1790,27.);
#1234=CIRCLE('',#1795,23.5);
#1235=CIRCLE('',#1797,27.);
#1236=EDGE_LOOP('',(#351,#352,#353,#354,#355,#356,#357,#358,#359,#360,#361,#362));
#1237=EDGE_LOOP('',(#363,#364,#365,#366));
#1238=EDGE_LOOP('',(#367,#368,#369,#370,#371,#372,#373,#374,#375,#376,#377,#378));
#1239=EDGE_LOOP('',(#379,#380,#381,#382));
#1240=EDGE_LOOP('',(#383,#384,#385,#386,#387,#388,#389,#390,#391,#392,#393,#394));
#1241=EDGE_LOOP('',(#395,#396,#397,#398));
#1242=EDGE_LOOP('',(#399,#400,#401,#402));
#1243=EDGE_LOOP('',(#403,#404,#405,#406));
#1244=EDGE_LOOP('',(#407,#408,#409,#410));
#1245=EDGE_LOOP('',(#411));
#1246=EDGE_LOOP('',(#412,#413,#414,#415,#416,#417));
#1247=EDGE_LOOP('',(#418,#419,#420,#421,#422,#423,#424,#425));
#1248=EDGE_LOOP('',(#426));
#1249=EDGE_LOOP('',(#427));
#1250=EDGE_LOOP('',(#428,#429,#430,#431,#432,#433));
#1251=EDGE_LOOP('',(#434,#435,#436,#437,#438,#439,#440,#441));
#1252=EDGE_LOOP('',(#442));
#1253=EDGE_LOOP('',(#443));
#1254=EDGE_LOOP('',(#444,#445,#446,#447,#448,#449));
#1255=EDGE_LOOP('',(#450,#451,#452,#453,#454,#455,#456,#457));
#1256=EDGE_LOOP('',(#458));
#1257=EDGE_LOOP('',(#459));
#1258=EDGE_LOOP('',(#460,#461,#462,#463,#464,#465,#466,#467,#468,#469,#470,#471));
#1259=EDGE_LOOP('',(#472));
#1260=EDGE_LOOP('',(#473));
#1261=EDGE_LOOP('',(#474));
#1262=EDGE_LOOP('',(#475));
#1263=EDGE_LOOP('',(#476,#477,#478,#479,#480,#481,#482,#483,#484,#485,#486,#487,#488,#489,#490,#491,#492,#493,#494,#495,#496,#497,#498,#499));
#1264=EDGE_LOOP('',(#500));
#1265=EDGE_LOOP('',(#501));
#1266=EDGE_LOOP('',(#502));
#1267=EDGE_LOOP('',(#503));
#1268=EDGE_LOOP('',(#504));
#1269=EDGE_LOOP('',(#505));
#1270=EDGE_LOOP('',(#506));
#1271=EDGE_LOOP('',(#507,#508,#509,#510));
#1272=EDGE_LOOP('',(#511,#512,#513,#514));
#1273=EDGE_LOOP('',(#515,#516,#517,#518));
#1274=EDGE_LOOP('',(#519,#520,#521,#522));
#1275=EDGE_LOOP('',(#523,#524,#525,#526,#527));
#1276=EDGE_LOOP('',(#528,#529,#530,#531,#532));
#1277=EDGE_LOOP('',(#533,#534,#535,#536));
#1278=EDGE_LOOP('',(#537,#538,#539,#540));
#1279=EDGE_LOOP('',(#541,#542,#543,#544));
#1280=EDGE_LOOP('',(#545,#546,#547,#548));
#1281=EDGE_LOOP('',(#549,#550,#551,#552));
#1282=EDGE_LOOP('',(#553,#554,#555,#556));
#1283=EDGE_LOOP('',(#557,#558,#559,#560));
#1284=EDGE_LOOP('',(#561,#562,#563,#564));
#1285=EDGE_LOOP('',(#565,#566,#567,#568));
#1286=EDGE_LOOP('',(#569,#570,#571,#572));
#1287=EDGE_LOOP('',(#573,#574,#575,#576));
#1288=EDGE_LOOP('',(#577,#578,#579,#580));
#1289=EDGE_LOOP('',(#581,#582,#583,#584));
#1290=EDGE_LOOP('',(#585,#586,#587,#588));
#1291=EDGE_LOOP('',(#589,#590,#591,#592));
#1292=EDGE_LOOP('',(#593,#594,#595,#596));
#1293=EDGE_LOOP('',(#597,#598,#599,#600));
#1294=EDGE_LOOP('',(#601,#602,#603,#604));
#1295=EDGE_LOOP('',(#605,#606,#607,#608));
#1296=EDGE_LOOP('',(#609,#610,#611,#612));
#1297=EDGE_LOOP('',(#613,#614,#615,#616,#617));
#1298=EDGE_LOOP('',(#618,#619,#620,#621,#622));
#1299=EDGE_LOOP('',(#623,#624,#625,#626,#627));
#1300=EDGE_LOOP('',(#628,#629,#630,#631,#632));
#1301=EDGE_LOOP('',(#633,#634,#635,#636,#637));
#1302=EDGE_LOOP('',(#638,#639,#640,#641,#642));
#1303=EDGE_LOOP('',(#643,#644,#645,#646,#647));
#1304=EDGE_LOOP('',(#648,#649,#650,#651,#652));
#1305=EDGE_LOOP('',(#653,#654,#655,#656,#657));
#1306=EDGE_LOOP('',(#658,#659,#660,#661,#662));
#1307=EDGE_LOOP('',(#663));
#1308=EDGE_LOOP('',(#664));
#1309=EDGE_LOOP('',(#665));
#1310=EDGE_LOOP('',(#666));
#1311=EDGE_LOOP('',(#667));
#1312=EDGE_LOOP('',(#668));
#1313=EDGE_LOOP('',(#669));
#1314=EDGE_LOOP('',(#670));
#1315=EDGE_LOOP('',(#671));
#1316=EDGE_LOOP('',(#672));
#1317=EDGE_LOOP('',(#673));
#1318=EDGE_LOOP('',(#674));
#1319=EDGE_LOOP('',(#675));
#1320=EDGE_LOOP('',(#676));
#1321=EDGE_LOOP('',(#677));
#1322=EDGE_LOOP('',(#678));
#1323=EDGE_LOOP('',(#679));
#1324=EDGE_LOOP('',(#680));
#1325=EDGE_LOOP('',(#681));
#1326=EDGE_LOOP('',(#682));
#1327=EDGE_LOOP('',(#683));
#1328=EDGE_LOOP('',(#684));
#1329=EDGE_LOOP('',(#685));
#1330=EDGE_LOOP('',(#686));
#1331=EDGE_LOOP('',(#687));
#1332=EDGE_LOOP('',(#688));
#1333=EDGE_LOOP('',(#689));
#1334=EDGE_LOOP('',(#690));
#1335=EDGE_LOOP('',(#691));
#1336=EDGE_LOOP('',(#692));
#1337=EDGE_LOOP('',(#693));
#1338=EDGE_LOOP('',(#694));
#1339=EDGE_LOOP('',(#695));
#1340=EDGE_LOOP('',(#696));
#1341=EDGE_LOOP('',(#697));
#1342=EDGE_LOOP('',(#698));
#1343=EDGE_LOOP('',(#699,#700,#701,#702));
#1344=EDGE_LOOP('',(#703,#704,#705,#706));
#1345=EDGE_LOOP('',(#707,#708,#709,#710));
#1346=EDGE_LOOP('',(#711,#712,#713,#714));
#1347=EDGE_LOOP('',(#715,#716,#717,#718,#719,#720));
#1348=EDGE_LOOP('',(#721,#722,#723,#724));
#1349=EDGE_LOOP('',(#725,#726,#727,#728));
#1350=EDGE_LOOP('',(#729,#730,#731,#732));
#1351=EDGE_LOOP('',(#733,#734,#735,#736));
#1352=EDGE_LOOP('',(#737,#738,#739,#740,#741,#742));
#1353=EDGE_LOOP('',(#743,#744,#745,#746));
#1354=EDGE_LOOP('',(#747,#748,#749,#750));
#1355=EDGE_LOOP('',(#751,#752,#753,#754));
#1356=EDGE_LOOP('',(#755,#756,#757,#758));
#1357=EDGE_LOOP('',(#759,#760,#761,#762,#763,#764));
#1358=EDGE_LOOP('',(#765,#766,#767,#768));
#1359=EDGE_LOOP('',(#769,#770,#771,#772));
#1360=EDGE_LOOP('',(#773,#774,#775,#776));
#1361=EDGE_LOOP('',(#777,#778,#779,#780));
#1362=EDGE_LOOP('',(#781,#782,#783,#784));
#1363=EDGE_LOOP('',(#785,#786,#787,#788));
#1364=FACE_BOUND('',#1236,.T.);
#1365=FACE_BOUND('',#1237,.T.);
#1366=FACE_BOUND('',#1238,.T.);
#1367=FACE_BOUND('',#1239,.T.);
#1368=FACE_BOUND('',#1240,.T.);
#1369=FACE_BOUND('',#1241,.T.);
#1370=FACE_BOUND('',#1242,.T.);
#1371=FACE_BOUND('',#1243,.T.);
#1372=FACE_BOUND('',#1244,.T.);
#1373=FACE_BOUND('',#1245,.T.);
#1374=FACE_BOUND('',#1246,.T.);
#1375=FACE_BOUND('',#1247,.T.);
#1376=FACE_BOUND('',#1248,.T.);
#1377=FACE_BOUND('',#1249,.T.);
#1378=FACE_BOUND('',#1250,.T.);
#1379=FACE_BOUND('',#1251,.T.);
#1380=FACE_BOUND('',#1252,.T.);
#1381=FACE_BOUND('',#1253,.T.);
#1382=FACE_BOUND('',#1254,.T.);
#1383=FACE_BOUND('',#1255,.T.);
#1384=FACE_BOUND('',#1256,.T.);
#1385=FACE_BOUND('',#1257,.T.);
#1386=FACE_BOUND('',#1258,.T.);
#1387=FACE_BOUND('',#1259,.T.);
#1388=FACE_BOUND('',#1260,.T.);
#1389=FACE_BOUND('',#1261,.T.);
#1390=FACE_BOUND('',#1262,.T.);
#1391=FACE_BOUND('',#1263,.T.);
#1392=FACE_BOUND('',#1264,.T.);
#1393=FACE_BOUND('',#1265,.T.);
#1394=FACE_BOUND('',#1266,.T.);
#1395=FACE_BOUND('',#1267,.T.);
#1396=FACE_BOUND('',#1268,.T.);
#1397=FACE_BOUND('',#1269,.T.);
#1398=FACE_BOUND('',#1270,.T.);
#1399=FACE_BOUND('',#1271,.T.);
#1400=FACE_BOUND('',#1272,.T.);
#1401=FACE_BOUND('',#1273,.T.);
#1402=FACE_BOUND('',#1274,.T.);
#1403=FACE_BOUND('',#1275,.T.);
#1404=FACE_BOUND('',#1276,.T.);
#1405=FACE_BOUND('',#1277,.T.);
#1406=FACE_BOUND('',#1278,.T.);
#1407=FACE_BOUND('',#1279,.T.);
#1408=FACE_BOUND('',#1280,.T.);
#1409=FACE_BOUND('',#1281,.T.);
#1410=FACE_BOUND('',#1282,.T.);
#1411=FACE_BOUND('',#1283,.T.);
#1412=FACE_BOUND('',#1284,.T.);
#1413=FACE_BOUND('',#1285,.T.);
#1414=FACE_BOUND('',#1286,.T.);
#1415=FACE_BOUND('',#1287,.T.);
#1416=FACE_BOUND('',#1288,.T.);
#1417=FACE_BOUND('',#1289,.T.);
#1418=FACE_BOUND('',#1290,.T.);
#1419=FACE_BOUND('',#1291,.T.);
#1420=FACE_BOUND('',#1292,.T.);
#1421=FACE_BOUND('',#1293,.T.);
#1422=FACE_BOUND('',#1294,.T.);
#1423=FACE_BOUND('',#1295,.T.);
#1424=FACE_BOUND('',#1296,.T.);
#1425=FACE_BOUND('',#1297,.T.);
#1426=FACE_BOUND('',#1298,.T.);
#1427=FACE_BOUND('',#1299,.T.);
#1428=FACE_BOUND('',#1300,.T.);
#1429=FACE_BOUND('',#1301,.T.);
#1430=FACE_BOUND('',#1302,.T.);
#1431=FACE_BOUND('',#1303,.T.);
#1432=FACE_BOUND('',#1304,.T.);
#1433=FACE_BOUND('',#1305,.T.);
#1434=FACE_BOUND('',#1306,.T.);
#1435=FACE_BOUND('',#1307,.T.);
#1436=FACE_BOUND('',#1308,.T.);
#1437=FACE_BOUND('',#1309,.T.);
#1438=FACE_BOUND('',#1310,.T.);
#1439=FACE_BOUND('',#1311,.T.);
#1440=FACE_BOUND('',#1312,.T.);
#1441=FACE_BOUND('',#1313,.T.);
#1442=FACE_BOUND('',#1314,.T.);
#1443=FACE_BOUND('',#1315,.T.);
#1444=FACE_BOUND('',#1316,.T.);
#1445=FACE_BOUND('',#1317,.T.);
#1446=FACE_BOUND('',#1318,.T.);
#1447=FACE_BOUND('',#1319,.T.);
#1448=FACE_BOUND('',#1320,.T.);
#1449=FACE_BOUND('',#1321,.T.);
#1450=FACE_BOUND('',#1322,.T.);
#1451=FACE_BOUND('',#1323,.T.);
#1452=FACE_BOUND('',#1324,.T.);
#1453=FACE_BOUND('',#1325,.T.);
#1454=FACE_BOUND('',#1326,.T.);
#1455=FACE_BOUND('',#1327,.T.);
#1456=FACE_BOUND('',#1328,.T.);
#1457=FACE_BOUND('',#1329,.T.);
#1458=FACE_BOUND('',#1330,.T.);
#1459=FACE_BOUND('',#1331,.T.);
#1460=FACE_BOUND('',#1332,.T.);
#1461=FACE_BOUND('',#1333,.T.);
#1462=FACE_BOUND('',#1334,.T.);
#1463=FACE_BOUND('',#1335,.T.);
#1464=FACE_BOUND('',#1336,.T.);
#1465=FACE_BOUND('',#1337,.T.);
#1466=FACE_BOUND('',#1338,.T.);
#1467=FACE_BOUND('',#1339,.T.);
#1468=FACE_BOUND('',#1340,.T.);
#1469=FACE_BOUND('',#1341,.T.);
#1470=FACE_BOUND('',#1342,.T.);
#1471=FACE_BOUND('',#1343,.T.);
#1472=FACE_BOUND('',#1344,.T.);
#1473=FACE_BOUND('',#1345,.T.);
#1474=FACE_BOUND('',#1346,.T.);
#1475=FACE_BOUND('',#1347,.T.);
#1476=FACE_BOUND('',#1348,.T.);
#1477=FACE_BOUND('',#1349,.T.);
#1478=FACE_BOUND('',#1350,.T.);
#1479=FACE_BOUND('',#1351,.T.);
#1480=FACE_BOUND('',#1352,.T.);
#1481=FACE_BOUND('',#1353,.T.);
#1482=FACE_BOUND('',#1354,.T.);
#1483=FACE_BOUND('',#1355,.T.);
#1484=FACE_BOUND('',#1356,.T.);
#1485=FACE_BOUND('',#1357,.T.);
#1486=FACE_BOUND('',#1358,.T.);
#1487=FACE_BOUND('',#1359,.T.);
#1488=FACE_BOUND('',#1360,.T.);
#1489=FACE_BOUND('',#1361,.T.);
#1490=FACE_BOUND('',#1362,.T.);
#1491=FACE_BOUND('',#1363,.T.);
#1492=CYLINDRICAL_SURFACE('',#1630,69.);
#1493=CYLINDRICAL_SURFACE('',#1637,69.);
#1494=CYLINDRICAL_SURFACE('',#1640,69.);
#1495=CYLINDRICAL_SURFACE('',#1647,69.);
#1496=CYLINDRICAL_SURFACE('',#1650,69.);
#1497=CYLINDRICAL_SURFACE('',#1657,69.);
#1498=CYLINDRICAL_SURFACE('',#1695,27.5);
#1499=CYLINDRICAL_SURFACE('',#1707,28.5);
#1500=CYLINDRICAL_SURFACE('',#1714,28.5);
#1501=CYLINDRICAL_SURFACE('',#1719,28.5);
#1502=CYLINDRICAL_SURFACE('',#1724,28.5);
#1503=CYLINDRICAL_SURFACE('',#1729,28.5);
#1504=CYLINDRICAL_SURFACE('',#1734,28.5);
#1505=CYLINDRICAL_SURFACE('',#1748,4.5);
#1506=CYLINDRICAL_SURFACE('',#1752,7.);
#1507=CYLINDRICAL_SURFACE('',#1753,4.5);
#1508=CYLINDRICAL_SURFACE('',#1757,7.);
#1509=CYLINDRICAL_SURFACE('',#1758,4.5);
#1510=CYLINDRICAL_SURFACE('',#1762,7.);
#1511=CYLINDRICAL_SURFACE('',#1763,4.5);
#1512=CYLINDRICAL_SURFACE('',#1767,7.);
#1513=CYLINDRICAL_SURFACE('',#1768,4.5);
#1514=CYLINDRICAL_SURFACE('',#1772,7.);
#1515=CYLINDRICAL_SURFACE('',#1773,4.5);
#1516=CYLINDRICAL_SURFACE('',#1777,7.);
#1517=CYLINDRICAL_SURFACE('',#1780,23.5);
#1518=CYLINDRICAL_SURFACE('',#1782,27.);
#1519=CYLINDRICAL_SURFACE('',#1787,23.5);
#1520=CYLINDRICAL_SURFACE('',#1789,27.);
#1521=CYLINDRICAL_SURFACE('',#1794,23.5);
#1522=CYLINDRICAL_SURFACE('',#1796,27.);
#1523=ADVANCED_FACE('',(#1364),#1492,.T.);
#1524=ADVANCED_FACE('',(#1365),#1493,.T.);
#1525=ADVANCED_FACE('',(#1366),#1494,.T.);
#1526=ADVANCED_FACE('',(#1367),#1495,.T.);
#1527=ADVANCED_FACE('',(#1368),#1496,.T.);
#1528=ADVANCED_FACE('',(#1369),#1497,.T.);
#1529=ADVANCED_FACE('',(#1370),#14,.T.);
#1530=ADVANCED_FACE('',(#1371),#15,.T.);
#1531=ADVANCED_FACE('',(#1372),#16,.T.);
#1532=ADVANCED_FACE('',(#1373,#1374),#17,.T.);
#1533=ADVANCED_FACE('',(#1375,#1376),#18,.T.);
#1534=ADVANCED_FACE('',(#1377,#1378),#19,.T.);
#1535=ADVANCED_FACE('',(#1379,#1380),#20,.T.);
#1536=ADVANCED_FACE('',(#1381,#1382),#21,.T.);
#1537=ADVANCED_FACE('',(#1383,#1384),#22,.T.);
#1538=ADVANCED_FACE('',(#1385,#1386),#12,.F.);
#1539=ADVANCED_FACE('',(#1387,#1388),#1498,.F.);
#1540=ADVANCED_FACE('',(#1389,#1390),#13,.F.);
#1541=ADVANCED_FACE('',(#1391,#1392,#1393,#1394,#1395,#1396,#1397,#1398),#23,.T.);
#1542=ADVANCED_FACE('',(#1399),#24,.T.);
#1543=ADVANCED_FACE('',(#1400),#1499,.T.);
#1544=ADVANCED_FACE('',(#1401),#25,.F.);
#1545=ADVANCED_FACE('',(#1402),#26,.T.);
#1546=ADVANCED_FACE('',(#1403),#27,.F.);
#1547=ADVANCED_FACE('',(#1404),#28,.F.);
#1548=ADVANCED_FACE('',(#1405),#29,.T.);
#1549=ADVANCED_FACE('',(#1406),#1500,.T.);
#1550=ADVANCED_FACE('',(#1407),#30,.F.);
#1551=ADVANCED_FACE('',(#1408),#31,.T.);
#1552=ADVANCED_FACE('',(#1409),#32,.T.);
#1553=ADVANCED_FACE('',(#1410),#1501,.T.);
#1554=ADVANCED_FACE('',(#1411),#33,.F.);
#1555=ADVANCED_FACE('',(#1412),#34,.T.);
#1556=ADVANCED_FACE('',(#1413),#35,.T.);
#1557=ADVANCED_FACE('',(#1414),#1502,.T.);
#1558=ADVANCED_FACE('',(#1415),#36,.F.);
#1559=ADVANCED_FACE('',(#1416),#37,.T.);
#1560=ADVANCED_FACE('',(#1417),#38,.T.);
#1561=ADVANCED_FACE('',(#1418),#1503,.T.);
#1562=ADVANCED_FACE('',(#1419),#39,.F.);
#1563=ADVANCED_FACE('',(#1420),#40,.T.);
#1564=ADVANCED_FACE('',(#1421),#41,.T.);
#1565=ADVANCED_FACE('',(#1422),#1504,.T.);
#1566=ADVANCED_FACE('',(#1423),#42,.F.);
#1567=ADVANCED_FACE('',(#1424),#43,.T.);
#1568=ADVANCED_FACE('',(#1425),#44,.F.);
#1569=ADVANCED_FACE('',(#1426),#45,.F.);
#1570=ADVANCED_FACE('',(#1427),#46,.F.);
#1571=ADVANCED_FACE('',(#1428),#47,.F.);
#1572=ADVANCED_FACE('',(#1429),#48,.F.);
#1573=ADVANCED_FACE('',(#1430),#49,.F.);
#1574=ADVANCED_FACE('',(#1431),#50,.F.);
#1575=ADVANCED_FACE('',(#1432),#51,.F.);
#1576=ADVANCED_FACE('',(#1433),#52,.F.);
#1577=ADVANCED_FACE('',(#1434),#53,.F.);
#1578=ADVANCED_FACE('',(#1435,#1436),#1505,.F.);
#1579=ADVANCED_FACE('',(#1437,#1438),#54,.F.);
#1580=ADVANCED_FACE('',(#1439,#1440),#1506,.F.);
#1581=ADVANCED_FACE('',(#1441,#1442),#1507,.F.);
#1582=ADVANCED_FACE('',(#1443,#1444),#55,.F.);
#1583=ADVANCED_FACE('',(#1445,#1446),#1508,.F.);
#1584=ADVANCED_FACE('',(#1447,#1448),#1509,.F.);
#1585=ADVANCED_FACE('',(#1449,#1450),#56,.F.);
#1586=ADVANCED_FACE('',(#1451,#1452),#1510,.F.);
#1587=ADVANCED_FACE('',(#1453,#1454),#1511,.F.);
#1588=ADVANCED_FACE('',(#1455,#1456),#57,.F.);
#1589=ADVANCED_FACE('',(#1457,#1458),#1512,.F.);
#1590=ADVANCED_FACE('',(#1459,#1460),#1513,.F.);
#1591=ADVANCED_FACE('',(#1461,#1462),#58,.F.);
#1592=ADVANCED_FACE('',(#1463,#1464),#1514,.F.);
#1593=ADVANCED_FACE('',(#1465,#1466),#1515,.F.);
#1594=ADVANCED_FACE('',(#1467,#1468),#59,.F.);
#1595=ADVANCED_FACE('',(#1469,#1470),#1516,.F.);
#1596=ADVANCED_FACE('',(#1471),#60,.F.);
#1597=ADVANCED_FACE('',(#1472),#61,.F.);
#1598=ADVANCED_FACE('',(#1473),#1517,.T.);
#1599=ADVANCED_FACE('',(#1474),#1518,.F.);
#1600=ADVANCED_FACE('',(#1475),#62,.T.);
#1601=ADVANCED_FACE('',(#1476),#63,.F.);
#1602=ADVANCED_FACE('',(#1477),#64,.F.);
#1603=ADVANCED_FACE('',(#1478),#1519,.T.);
#1604=ADVANCED_FACE('',(#1479),#1520,.F.);
#1605=ADVANCED_FACE('',(#1480),#65,.T.);
#1606=ADVANCED_FACE('',(#1481),#66,.F.);
#1607=ADVANCED_FACE('',(#1482),#67,.F.);
#1608=ADVANCED_FACE('',(#1483),#1521,.T.);
#1609=ADVANCED_FACE('',(#1484),#1522,.F.);
#1610=ADVANCED_FACE('',(#1485),#68,.T.);
#1611=ADVANCED_FACE('',(#1486),#69,.F.);
#1612=ADVANCED_FACE('',(#1487),#70,.F.);
#1613=ADVANCED_FACE('',(#1488),#71,.F.);
#1614=ADVANCED_FACE('',(#1489),#72,.F.);
#1615=ADVANCED_FACE('',(#1490),#73,.F.);
#1616=ADVANCED_FACE('',(#1491),#74,.F.);
#1617=CLOSED_SHELL('',(#1523,#1524,#1525,#1526,#1527,#1528,#1529,#1530,#1531,#1532,#1533,#1534,#1535,#1536,#1537,#1538,#1539,#1540,#1541,#1542,#1543,#1544,#1545,#1546,#1547,#1548,#1549,#1550,#1551,#1552,#1553,#1554,#1555,#1556,#1557,#1558,#1559,#1560,#1561,#1562,#1563,#1564,#1565,#1566,#1567,#1568,#1569,#1570,#1571,#1572,#1573,#1574,#1575,#1576,#1577,#1578,#1579,#1580,#1581,#1582,#1583,#1584,#1585,#1586,#1587,#1588,#1589,#1590,#1591,#1592,#1593,#1594,#1595,#1596,#1597,#1598,#1599,#1600,#1601,#1602,#1603,#1604,#1605,#1606,#1607,#1608,#1609,#1610,#1611,#1612,#1613,#1614,#1615,#1616));
#1618=STYLED_ITEM('',(#1619),#1626);
#1619=PRESENTATION_STYLE_ASSIGNMENT((#1620));
#1620=SURFACE_STYLE_USAGE(.BOTH.,#1621);
#1621=SURFACE_SIDE_STYLE('',(#1622));
#1622=SURFACE_STYLE_FILL_AREA(#1623);
#1623=FILL_AREA_STYLE('',(#1624));
#1624=FILL_AREA_STYLE_COLOUR('',#1625);
#1625=COLOUR_RGB('',0.796078431372549,0.823529411764706,0.937254901960784);
#1626=MANIFOLD_SOLID_BREP('Part 1',#1617);
#1627=SHAPE_DEFINITION_REPRESENTATION(#2762,#1628);
#1628=SHAPE_REPRESENTATION('Part 1',(#1629),#2757);
#1629=AXIS2_PLACEMENT_3D('',#2295,#1805,#1806);
#1630=AXIS2_PLACEMENT_3D('',#2296,#1807,#1808);
#1631=AXIS2_PLACEMENT_3D('',#2297,#1809,#1810);
#1632=AXIS2_PLACEMENT_3D('',#2302,#1812,#1813);
#1633=AXIS2_PLACEMENT_3D('',#2306,#1815,#1816);
#1634=AXIS2_PLACEMENT_3D('',#2310,#1818,#1819);
#1635=AXIS2_PLACEMENT_3D('',#2314,#1821,#1822);
#1636=AXIS2_PLACEMENT_3D('',#2318,#1824,#1825);
#1637=AXIS2_PLACEMENT_3D('',#2321,#1827,#1828);
#1638=AXIS2_PLACEMENT_3D('',#2325,#1830,#1831);
#1639=AXIS2_PLACEMENT_3D('',#2329,#1833,#1834);
#1640=AXIS2_PLACEMENT_3D('',#2330,#1835,#1836);
#1641=AXIS2_PLACEMENT_3D('',#2334,#1838,#1839);
#1642=AXIS2_PLACEMENT_3D('',#2338,#1841,#1842);
#1643=AXIS2_PLACEMENT_3D('',#2342,#1844,#1845);
#1644=AXIS2_PLACEMENT_3D('',#2346,#1847,#1848);
#1645=AXIS2_PLACEMENT_3D('',#2350,#1850,#1851);
#1646=AXIS2_PLACEMENT_3D('',#2354,#1853,#1854);
#1647=AXIS2_PLACEMENT_3D('',#2355,#1855,#1856);
#1648=AXIS2_PLACEMENT_3D('',#2359,#1858,#1859);
#1649=AXIS2_PLACEMENT_3D('',#2363,#1861,#1862);
#1650=AXIS2_PLACEMENT_3D('',#2364,#1863,#1864);
#1651=AXIS2_PLACEMENT_3D('',#2368,#1866,#1867);
#1652=AXIS2_PLACEMENT_3D('',#2372,#1869,#1870);
#1653=AXIS2_PLACEMENT_3D('',#2376,#1872,#1873);
#1654=AXIS2_PLACEMENT_3D('',#2380,#1875,#1876);
#1655=AXIS2_PLACEMENT_3D('',#2384,#1878,#1879);
#1656=AXIS2_PLACEMENT_3D('',#2388,#1881,#1882);
#1657=AXIS2_PLACEMENT_3D('',#2389,#1883,#1884);
#1658=AXIS2_PLACEMENT_3D('',#2393,#1886,#1887);
#1659=AXIS2_PLACEMENT_3D('',#2397,#1889,#1890);
#1660=AXIS2_PLACEMENT_3D('',#2398,#1891,#1892);
#1661=AXIS2_PLACEMENT_3D('',#2403,#1895,#1896);
#1662=AXIS2_PLACEMENT_3D('',#2404,#1897,#1898);
#1663=AXIS2_PLACEMENT_3D('',#2409,#1901,#1902);
#1664=AXIS2_PLACEMENT_3D('',#2410,#1903,#1904);
#1665=AXIS2_PLACEMENT_3D('',#2415,#1907,#1908);
#1666=AXIS2_PLACEMENT_3D('',#2416,#1909,#1910);
#1667=AXIS2_PLACEMENT_3D('',#2417,#1911,#1912);
#1668=AXIS2_PLACEMENT_3D('',#2423,#1915,#1916);
#1669=AXIS2_PLACEMENT_3D('',#2428,#1919,#1920);
#1670=AXIS2_PLACEMENT_3D('',#2429,#1921,#1922);
#1671=AXIS2_PLACEMENT_3D('',#2434,#1925,#1926);
#1672=AXIS2_PLACEMENT_3D('',#2439,#1929,#1930);
#1673=AXIS2_PLACEMENT_3D('',#2441,#1931,#1932);
#1674=AXIS2_PLACEMENT_3D('',#2442,#1933,#1934);
#1675=AXIS2_PLACEMENT_3D('',#2448,#1937,#1938);
#1676=AXIS2_PLACEMENT_3D('',#2453,#1941,#1942);
#1677=AXIS2_PLACEMENT_3D('',#2454,#1943,#1944);
#1678=AXIS2_PLACEMENT_3D('',#2459,#1947,#1948);
#1679=AXIS2_PLACEMENT_3D('',#2464,#1951,#1952);
#1680=AXIS2_PLACEMENT_3D('',#2466,#1953,#1954);
#1681=AXIS2_PLACEMENT_3D('',#2467,#1955,#1956);
#1682=AXIS2_PLACEMENT_3D('',#2473,#1959,#1960);
#1683=AXIS2_PLACEMENT_3D('',#2478,#1963,#1964);
#1684=AXIS2_PLACEMENT_3D('',#2479,#1965,#1966);
#1685=AXIS2_PLACEMENT_3D('',#2484,#1969,#1970);
#1686=AXIS2_PLACEMENT_3D('',#2489,#1973,#1974);
#1687=AXIS2_PLACEMENT_3D('',#2491,#1975,#1976);
#1688=AXIS2_PLACEMENT_3D('',#2492,#1977,#1978);
#1689=AXIS2_PLACEMENT_3D('',#2494,#1979,#1980);
#1690=AXIS2_PLACEMENT_3D('',#2495,#1981,#1982);
#1691=AXIS2_PLACEMENT_3D('',#2496,#1983,#1984);
#1692=AXIS2_PLACEMENT_3D('',#2497,#1985,#1986);
#1693=AXIS2_PLACEMENT_3D('',#2498,#1987,#1988);
#1694=AXIS2_PLACEMENT_3D('',#2499,#1989,#1990);
#1695=AXIS2_PLACEMENT_3D('',#2500,#1991,#1992);
#1696=AXIS2_PLACEMENT_3D('',#2501,#1993,#1994);
#1697=AXIS2_PLACEMENT_3D('',#2503,#1995,#1996);
#1698=AXIS2_PLACEMENT_3D('',#2504,#1997,#1998);
#1699=AXIS2_PLACEMENT_3D('',#2506,#1999,#2000);
#1700=AXIS2_PLACEMENT_3D('',#2537,#2019,#2020);
#1701=AXIS2_PLACEMENT_3D('',#2539,#2021,#2022);
#1702=AXIS2_PLACEMENT_3D('',#2541,#2023,#2024);
#1703=AXIS2_PLACEMENT_3D('',#2543,#2025,#2026);
#1704=AXIS2_PLACEMENT_3D('',#2545,#2027,#2028);
#1705=AXIS2_PLACEMENT_3D('',#2547,#2029,#2030);
#1706=AXIS2_PLACEMENT_3D('',#2549,#2031,#2032);
#1707=AXIS2_PLACEMENT_3D('',#2555,#2036,#2037);
#1708=AXIS2_PLACEMENT_3D('',#2556,#2038,#2039);
#1709=AXIS2_PLACEMENT_3D('',#2559,#2041,#2042);
#1710=AXIS2_PLACEMENT_3D('',#2563,#2045,#2046);
#1711=AXIS2_PLACEMENT_3D('',#2565,#2048,#2049);
#1712=AXIS2_PLACEMENT_3D('',#2567,#2051,#2052);
#1713=AXIS2_PLACEMENT_3D('',#2569,#2054,#2055);
#1714=AXIS2_PLACEMENT_3D('',#2575,#2059,#2060);
#1715=AXIS2_PLACEMENT_3D('',#2576,#2061,#2062);
#1716=AXIS2_PLACEMENT_3D('',#2579,#2064,#2065);
#1717=AXIS2_PLACEMENT_3D('',#2583,#2068,#2069);
#1718=AXIS2_PLACEMENT_3D('',#2585,#2071,#2072);
#1719=AXIS2_PLACEMENT_3D('',#2591,#2076,#2077);
#1720=AXIS2_PLACEMENT_3D('',#2592,#2078,#2079);
#1721=AXIS2_PLACEMENT_3D('',#2595,#2081,#2082);
#1722=AXIS2_PLACEMENT_3D('',#2599,#2085,#2086);
#1723=AXIS2_PLACEMENT_3D('',#2601,#2088,#2089);
#1724=AXIS2_PLACEMENT_3D('',#2607,#2093,#2094);
#1725=AXIS2_PLACEMENT_3D('',#2608,#2095,#2096);
#1726=AXIS2_PLACEMENT_3D('',#2611,#2098,#2099);
#1727=AXIS2_PLACEMENT_3D('',#2615,#2102,#2103);
#1728=AXIS2_PLACEMENT_3D('',#2617,#2105,#2106);
#1729=AXIS2_PLACEMENT_3D('',#2623,#2110,#2111);
#1730=AXIS2_PLACEMENT_3D('',#2624,#2112,#2113);
#1731=AXIS2_PLACEMENT_3D('',#2627,#2115,#2116);
#1732=AXIS2_PLACEMENT_3D('',#2631,#2119,#2120);
#1733=AXIS2_PLACEMENT_3D('',#2633,#2122,#2123);
#1734=AXIS2_PLACEMENT_3D('',#2639,#2127,#2128);
#1735=AXIS2_PLACEMENT_3D('',#2640,#2129,#2130);
#1736=AXIS2_PLACEMENT_3D('',#2643,#2132,#2133);
#1737=AXIS2_PLACEMENT_3D('',#2647,#2136,#2137);
#1738=AXIS2_PLACEMENT_3D('',#2649,#2139,#2140);
#1739=AXIS2_PLACEMENT_3D('',#2651,#2142,#2143);
#1740=AXIS2_PLACEMENT_3D('',#2653,#2145,#2146);
#1741=AXIS2_PLACEMENT_3D('',#2655,#2148,#2149);
#1742=AXIS2_PLACEMENT_3D('',#2657,#2151,#2152);
#1743=AXIS2_PLACEMENT_3D('',#2659,#2154,#2155);
#1744=AXIS2_PLACEMENT_3D('',#2661,#2157,#2158);
#1745=AXIS2_PLACEMENT_3D('',#2663,#2160,#2161);
#1746=AXIS2_PLACEMENT_3D('',#2665,#2163,#2164);
#1747=AXIS2_PLACEMENT_3D('',#2667,#2166,#2167);
#1748=AXIS2_PLACEMENT_3D('',#2669,#2169,#2170);
#1749=AXIS2_PLACEMENT_3D('',#2670,#2171,#2172);
#1750=AXIS2_PLACEMENT_3D('',#2672,#2173,#2174);
#1751=AXIS2_PLACEMENT_3D('',#2673,#2175,#2176);
#1752=AXIS2_PLACEMENT_3D('',#2675,#2177,#2178);
#1753=AXIS2_PLACEMENT_3D('',#2676,#2179,#2180);
#1754=AXIS2_PLACEMENT_3D('',#2677,#2181,#2182);
#1755=AXIS2_PLACEMENT_3D('',#2679,#2183,#2184);
#1756=AXIS2_PLACEMENT_3D('',#2680,#2185,#2186);
#1757=AXIS2_PLACEMENT_3D('',#2682,#2187,#2188);
#1758=AXIS2_PLACEMENT_3D('',#2683,#2189,#2190);
#1759=AXIS2_PLACEMENT_3D('',#2684,#2191,#2192);
#1760=AXIS2_PLACEMENT_3D('',#2686,#2193,#2194);
#1761=AXIS2_PLACEMENT_3D('',#2687,#2195,#2196);
#1762=AXIS2_PLACEMENT_3D('',#2689,#2197,#2198);
#1763=AXIS2_PLACEMENT_3D('',#2690,#2199,#2200);
#1764=AXIS2_PLACEMENT_3D('',#2691,#2201,#2202);
#1765=AXIS2_PLACEMENT_3D('',#2693,#2203,#2204);
#1766=AXIS2_PLACEMENT_3D('',#2694,#2205,#2206);
#1767=AXIS2_PLACEMENT_3D('',#2696,#2207,#2208);
#1768=AXIS2_PLACEMENT_3D('',#2697,#2209,#2210);
#1769=AXIS2_PLACEMENT_3D('',#2698,#2211,#2212);
#1770=AXIS2_PLACEMENT_3D('',#2700,#2213,#2214);
#1771=AXIS2_PLACEMENT_3D('',#2701,#2215,#2216);
#1772=AXIS2_PLACEMENT_3D('',#2703,#2217,#2218);
#1773=AXIS2_PLACEMENT_3D('',#2704,#2219,#2220);
#1774=AXIS2_PLACEMENT_3D('',#2705,#2221,#2222);
#1775=AXIS2_PLACEMENT_3D('',#2707,#2223,#2224);
#1776=AXIS2_PLACEMENT_3D('',#2708,#2225,#2226);
#1777=AXIS2_PLACEMENT_3D('',#2710,#2227,#2228);
#1778=AXIS2_PLACEMENT_3D('',#2711,#2229,#2230);
#1779=AXIS2_PLACEMENT_3D('',#2715,#2233,#2234);
#1780=AXIS2_PLACEMENT_3D('',#2719,#2237,#2238);
#1781=AXIS2_PLACEMENT_3D('',#2720,#2239,#2240);
#1782=AXIS2_PLACEMENT_3D('',#2721,#2241,#2242);
#1783=AXIS2_PLACEMENT_3D('',#2722,#2243,#2244);
#1784=AXIS2_PLACEMENT_3D('',#2723,#2245,#2246);
#1785=AXIS2_PLACEMENT_3D('',#2724,#2247,#2248);
#1786=AXIS2_PLACEMENT_3D('',#2728,#2251,#2252);
#1787=AXIS2_PLACEMENT_3D('',#2732,#2255,#2256);
#1788=AXIS2_PLACEMENT_3D('',#2733,#2257,#2258);
#1789=AXIS2_PLACEMENT_3D('',#2734,#2259,#2260);
#1790=AXIS2_PLACEMENT_3D('',#2735,#2261,#2262);
#1791=AXIS2_PLACEMENT_3D('',#2736,#2263,#2264);
#1792=AXIS2_PLACEMENT_3D('',#2737,#2265,#2266);
#1793=AXIS2_PLACEMENT_3D('',#2741,#2269,#2270);
#1794=AXIS2_PLACEMENT_3D('',#2745,#2273,#2274);
#1795=AXIS2_PLACEMENT_3D('',#2746,#2275,#2276);
#1796=AXIS2_PLACEMENT_3D('',#2747,#2277,#2278);
#1797=AXIS2_PLACEMENT_3D('',#2748,#2279,#2280);
#1798=AXIS2_PLACEMENT_3D('',#2749,#2281,#2282);
#1799=AXIS2_PLACEMENT_3D('',#2750,#2283,#2284);
#1800=AXIS2_PLACEMENT_3D('',#2751,#2285,#2286);
#1801=AXIS2_PLACEMENT_3D('',#2752,#2287,#2288);
#1802=AXIS2_PLACEMENT_3D('',#2753,#2289,#2290);
#1803=AXIS2_PLACEMENT_3D('',#2754,#2291,#2292);
#1804=AXIS2_PLACEMENT_3D('',#2755,#2293,#2294);
#1805=DIRECTION('',(0.,0.,1.));
#1806=DIRECTION('',(1.,0.,0.));
#1807=DIRECTION('',(0.,-1.,0.));
#1808=DIRECTION('',(0.,0.,-1.));
#1809=DIRECTION('',(0.,-1.,0.));
#1810=DIRECTION('',(0.,0.,-1.));
#1811=DIRECTION('',(0.,-1.,0.));
#1812=DIRECTION('',(0.,-1.,0.));
#1813=DIRECTION('',(0.,0.,-1.));
#1814=DIRECTION('',(0.,1.,0.));
#1815=DIRECTION('',(0.,1.,0.));
#1816=DIRECTION('',(0.,0.,1.));
#1817=DIRECTION('',(0.,1.,0.));
#1818=DIRECTION('',(0.,-1.,0.));
#1819=DIRECTION('',(0.,0.,-1.));
#1820=DIRECTION('',(0.,1.,0.));
#1821=DIRECTION('',(0.,1.,0.));
#1822=DIRECTION('',(0.,0.,1.));
#1823=DIRECTION('',(0.,1.,0.));
#1824=DIRECTION('',(0.,-1.,0.));
#1825=DIRECTION('',(0.,0.,-1.));
#1826=DIRECTION('',(0.,-1.,0.));
#1827=DIRECTION('',(0.,-1.,0.));
#1828=DIRECTION('',(0.,0.,-1.));
#1829=DIRECTION('',(0.,-1.,0.));
#1830=DIRECTION('',(0.,-1.,0.));
#1831=DIRECTION('',(0.,0.,-1.));
#1832=DIRECTION('',(0.,-1.,0.));
#1833=DIRECTION('',(0.,-1.,0.));
#1834=DIRECTION('',(0.,0.,-1.));
#1835=DIRECTION('',(0.,-1.,0.));
#1836=DIRECTION('',(0.,0.,-1.));
#1837=DIRECTION('',(0.,-1.,0.));
#1838=DIRECTION('',(0.,-1.,0.));
#1839=DIRECTION('',(0.,0.,-1.));
#1840=DIRECTION('',(0.,-1.,0.));
#1841=DIRECTION('',(0.,-1.,0.));
#1842=DIRECTION('',(0.,0.,-1.));
#1843=DIRECTION('',(0.,1.,0.));
#1844=DIRECTION('',(0.,1.,0.));
#1845=DIRECTION('',(0.866025403784443,0.,-0.499999999999992));
#1846=DIRECTION('',(0.,1.,0.));
#1847=DIRECTION('',(0.,-1.,0.));
#1848=DIRECTION('',(0.,0.,-1.));
#1849=DIRECTION('',(0.,1.,0.));
#1850=DIRECTION('',(0.,1.,0.));
#1851=DIRECTION('',(0.866025403784443,0.,-0.499999999999992));
#1852=DIRECTION('',(0.,1.,0.));
#1853=DIRECTION('',(0.,-1.,0.));
#1854=DIRECTION('',(0.,0.,-1.));
#1855=DIRECTION('',(0.,-1.,0.));
#1856=DIRECTION('',(0.,0.,-1.));
#1857=DIRECTION('',(0.,-1.,0.));
#1858=DIRECTION('',(0.,-1.,0.));
#1859=DIRECTION('',(0.,0.,-1.));
#1860=DIRECTION('',(0.,-1.,0.));
#1861=DIRECTION('',(0.,-1.,0.));
#1862=DIRECTION('',(0.,0.,-1.));
#1863=DIRECTION('',(0.,-1.,0.));
#1864=DIRECTION('',(0.,0.,-1.));
#1865=DIRECTION('',(0.,-1.,0.));
#1866=DIRECTION('',(0.,-1.,0.));
#1867=DIRECTION('',(0.,0.,-1.));
#1868=DIRECTION('',(0.,-1.,0.));
#1869=DIRECTION('',(0.,-1.,0.));
#1870=DIRECTION('',(0.,0.,-1.));
#1871=DIRECTION('',(0.,1.,0.));
#1872=DIRECTION('',(0.,1.,0.));
#1873=DIRECTION('',(-0.866025403784436,0.,-0.5));
#1874=DIRECTION('',(0.,1.,0.));
#1875=DIRECTION('',(0.,-1.,0.));
#1876=DIRECTION('',(0.,0.,-1.));
#1877=DIRECTION('',(0.,1.,0.));
#1878=DIRECTION('',(0.,1.,0.));
#1879=DIRECTION('',(-0.866025403784436,0.,-0.5));
#1880=DIRECTION('',(0.,1.,0.));
#1881=DIRECTION('',(0.,-1.,0.));
#1882=DIRECTION('',(0.,0.,-1.));
#1883=DIRECTION('',(0.,-1.,0.));
#1884=DIRECTION('',(0.,0.,-1.));
#1885=DIRECTION('',(0.,-1.,0.));
#1886=DIRECTION('',(0.,-1.,0.));
#1887=DIRECTION('',(0.,0.,-1.));
#1888=DIRECTION('',(0.,-1.,0.));
#1889=DIRECTION('',(0.,-1.,0.));
#1890=DIRECTION('',(0.,0.,-1.));
#1891=DIRECTION('',(0.,1.,0.));
#1892=DIRECTION('',(0.,0.,1.));
#1893=DIRECTION('',(-0.104528463267677,0.,0.994521895368271));
#1894=DIRECTION('',(0.866025403784428,0.,0.500000000000018));
#1895=DIRECTION('',(0.,1.,0.));
#1896=DIRECTION('',(0.866025403784443,0.,-0.499999999999992));
#1897=DIRECTION('',(0.,1.,0.));
#1898=DIRECTION('',(0.,0.,1.));
#1899=DIRECTION('',(0.913545457642609,0.,-0.406736643075782));
#1900=DIRECTION('',(1.65978342181461E-14,0.,-1.));
#1901=DIRECTION('',(0.,1.,0.));
#1902=DIRECTION('',(-0.866025403784436,0.,-0.5));
#1903=DIRECTION('',(0.,1.,0.));
#1904=DIRECTION('',(0.,0.,1.));
#1905=DIRECTION('',(-0.809016994374939,0.,-0.587785252292485));
#1906=DIRECTION('',(-0.866025403784445,0.,0.49999999999999));
#1907=DIRECTION('',(0.,1.,0.));
#1908=DIRECTION('',(0.,0.,1.));
#1909=DIRECTION('',(0.,1.,0.));
#1910=DIRECTION('',(0.,0.,1.));
#1911=DIRECTION('',(0.,1.,0.));
#1912=DIRECTION('',(0.,0.,1.));
#1913=DIRECTION('',(0.819152044288994,0.,-0.573576436351042));
#1914=DIRECTION('',(-0.500000000000007,0.,0.866025403784435));
#1915=DIRECTION('',(0.,-1.,0.));
#1916=DIRECTION('',(0.,0.,-1.));
#1917=DIRECTION('',(-1.,0.,-1.04360964314765E-14));
#1918=DIRECTION('',(-0.906307787036652,0.,0.422618261740695));
#1919=DIRECTION('',(0.,1.,0.));
#1920=DIRECTION('',(0.,0.,1.));
#1921=DIRECTION('',(0.,1.,0.));
#1922=DIRECTION('',(0.866025403784443,0.,-0.499999999999992));
#1923=DIRECTION('',(0.906307787036647,0.,0.422618261740706));
#1924=DIRECTION('',(-1.,0.,-1.01030295240889E-14));
#1925=DIRECTION('',(0.,-1.,0.));
#1926=DIRECTION('',(0.,0.,-1.));
#1927=DIRECTION('',(-0.5,0.,-0.866025403784442));
#1928=DIRECTION('',(-0.819152044288992,0.,-0.573576436351046));
#1929=DIRECTION('',(0.,1.,0.));
#1930=DIRECTION('',(0.,0.,1.));
#1931=DIRECTION('',(0.,1.,0.));
#1932=DIRECTION('',(0.,0.,1.));
#1933=DIRECTION('',(0.,1.,0.));
#1934=DIRECTION('',(0.,0.,1.));
#1935=DIRECTION('',(0.0871557427476558,0.,0.996194698091746));
#1936=DIRECTION('',(-0.5,0.,-0.866025403784441));
#1937=DIRECTION('',(0.,-1.,0.));
#1938=DIRECTION('',(0.,0.,-1.));
#1939=DIRECTION('',(0.500000000000013,0.,-0.866025403784431));
#1940=DIRECTION('',(0.0871557427476677,0.,-0.996194698091745));
#1941=DIRECTION('',(0.,1.,0.));
#1942=DIRECTION('',(0.,0.,1.));
#1943=DIRECTION('',(0.,1.,0.));
#1944=DIRECTION('',(0.,0.,1.));
#1945=DIRECTION('',(-0.819152044288998,0.,0.573576436351037));
#1946=DIRECTION('',(0.500000000000013,0.,-0.866025403784431));
#1947=DIRECTION('',(0.,-1.,0.));
#1948=DIRECTION('',(0.,0.,-1.));
#1949=DIRECTION('',(1.,0.,1.74860126378462E-14));
#1950=DIRECTION('',(0.906307787036655,0.,-0.422618261740689));
#1951=DIRECTION('',(0.,1.,0.));
#1952=DIRECTION('',(0.,0.,1.));
#1953=DIRECTION('',(0.,1.,0.));
#1954=DIRECTION('',(0.,0.,1.));
#1955=DIRECTION('',(0.,1.,0.));
#1956=DIRECTION('',(0.,0.,1.));
#1957=DIRECTION('',(-0.906307787036644,0.,-0.422618261740712));
#1958=DIRECTION('',(1.,0.,1.71529457304587E-14));
#1959=DIRECTION('',(0.,-1.,0.));
#1960=DIRECTION('',(0.,0.,-1.));
#1961=DIRECTION('',(0.5,0.,0.866025403784442));
#1962=DIRECTION('',(0.819152044288992,0.,0.573576436351046));
#1963=DIRECTION('',(0.,1.,0.));
#1964=DIRECTION('',(0.,0.,1.));
#1965=DIRECTION('',(0.,1.,0.));
#1966=DIRECTION('',(-0.866025403784436,0.,-0.5));
#1967=DIRECTION('',(-0.0871557427476558,0.,-0.996194698091746));
#1968=DIRECTION('',(0.5,0.,0.866025403784441));
#1969=DIRECTION('',(0.,-1.,0.));
#1970=DIRECTION('',(0.,0.,-1.));
#1971=DIRECTION('',(-0.500000000000007,0.,0.866025403784435));
#1972=DIRECTION('',(-0.0871557427476607,0.,0.996194698091745));
#1973=DIRECTION('',(0.,1.,0.));
#1974=DIRECTION('',(0.,0.,1.));
#1975=DIRECTION('',(0.,1.,0.));
#1976=DIRECTION('',(0.,0.,1.));
#1977=DIRECTION('',(0.,-1.,0.));
#1978=DIRECTION('',(0.,0.,-1.));
#1979=DIRECTION('',(0.,-1.,0.));
#1980=DIRECTION('',(0.,0.,-1.));
#1981=DIRECTION('',(0.,1.,0.));
#1982=DIRECTION('',(0.866025403784433,0.,0.50000000000001));
#1983=DIRECTION('',(0.,1.,0.));
#1984=DIRECTION('',(0.866025403784443,0.,-0.499999999999992));
#1985=DIRECTION('',(0.,1.,0.));
#1986=DIRECTION('',(0.,0.,-1.));
#1987=DIRECTION('',(0.,1.,0.));
#1988=DIRECTION('',(-0.866025403784436,0.,-0.5));
#1989=DIRECTION('',(0.,1.,0.));
#1990=DIRECTION('',(-0.86602540378444,0.,0.5));
#1991=DIRECTION('',(0.,-1.,0.));
#1992=DIRECTION('',(0.,0.,-1.));
#1993=DIRECTION('',(0.,-1.,0.));
#1994=DIRECTION('',(0.,0.,-1.));
#1995=DIRECTION('',(0.,-1.,0.));
#1996=DIRECTION('',(0.,0.,-1.));
#1997=DIRECTION('',(0.,-1.,0.));
#1998=DIRECTION('',(0.,0.,-1.));
#1999=DIRECTION('',(0.,-1.,0.));
#2000=DIRECTION('',(0.,0.,-1.));
#2001=DIRECTION('',(-0.819152044289006,0.,0.573576436351026));
#2002=DIRECTION('',(0.906307787036652,0.,-0.422618261740695));
#2003=DIRECTION('',(-1.50053580671994E-13,0.,-1.));
#2004=DIRECTION('',(-0.906307787036644,0.,-0.422618261740711));
#2005=DIRECTION('',(0.819152044288988,0.,0.573576436351052));
#2006=DIRECTION('',(0.866025403784365,0.,-0.500000000000128));
#2007=DIRECTION('',(-0.0871557427476427,0.,-0.996194698091747));
#2008=DIRECTION('',(-0.0871557427476676,0.,0.996194698091745));
#2009=DIRECTION('',(0.866025403784511,0.,0.499999999999874));
#2010=DIRECTION('',(0.819152044289002,0.,-0.573576436351032));
#2011=DIRECTION('',(-0.906307787036652,0.,0.422618261740695));
#2012=DIRECTION('',(1.50053580671994E-13,0.,1.));
#2013=DIRECTION('',(0.906307787036644,0.,0.422618261740711));
#2014=DIRECTION('',(-0.819152044288984,0.,-0.573576436351058));
#2015=DIRECTION('',(-0.866025403784368,0.,0.500000000000122));
#2016=DIRECTION('',(0.0871557427476358,0.,0.996194698091748));
#2017=DIRECTION('',(0.0871557427476746,0.,-0.996194698091744));
#2018=DIRECTION('',(-0.866025403784508,0.,-0.49999999999988));
#2019=DIRECTION('',(0.,1.,0.));
#2020=DIRECTION('',(0.,0.,1.));
#2021=DIRECTION('',(0.,1.,0.));
#2022=DIRECTION('',(0.,0.,1.));
#2023=DIRECTION('',(0.,1.,0.));
#2024=DIRECTION('',(0.,0.,1.));
#2025=DIRECTION('',(0.,1.,0.));
#2026=DIRECTION('',(0.,0.,1.));
#2027=DIRECTION('',(0.,1.,0.));
#2028=DIRECTION('',(0.,0.,1.));
#2029=DIRECTION('',(0.,1.,0.));
#2030=DIRECTION('',(0.,0.,1.));
#2031=DIRECTION('',(-0.866025403784441,0.,0.5));
#2032=DIRECTION('',(0.5,0.,0.866025403784441));
#2033=DIRECTION('',(0.,1.,0.));
#2034=DIRECTION('',(0.5,0.,0.866025403784441));
#2035=DIRECTION('',(0.,1.,0.));
#2036=DIRECTION('',(0.,1.,0.));
#2037=DIRECTION('',(0.,0.,1.));
#2038=DIRECTION('',(0.,1.,0.));
#2039=DIRECTION('',(0.,0.,1.));
#2040=DIRECTION('',(0.,1.,0.));
#2041=DIRECTION('',(-0.866025403784442,0.,0.5));
#2042=DIRECTION('',(0.5,0.,0.866025403784442));
#2043=DIRECTION('',(0.5,0.,0.866025403784442));
#2044=DIRECTION('',(0.,1.,0.));
#2045=DIRECTION('',(0.,1.,0.));
#2046=DIRECTION('',(0.,0.,1.));
#2047=DIRECTION('',(0.866025403784365,0.,-0.500000000000128));
#2048=DIRECTION('',(-0.573576436351046,0.,0.819152044288992));
#2049=DIRECTION('',(0.819152044288992,0.,0.573576436351046));
#2050=DIRECTION('',(0.,1.,0.));
#2051=DIRECTION('',(0.996194698091746,0.,-0.0871557427476558));
#2052=DIRECTION('',(-0.0871557427476558,0.,-0.996194698091746));
#2053=DIRECTION('',(0.,1.,0.));
#2054=DIRECTION('',(-1.71529457304587E-14,0.,1.));
#2055=DIRECTION('',(1.,0.,1.71529457304587E-14));
#2056=DIRECTION('',(0.,1.,0.));
#2057=DIRECTION('',(1.,0.,1.71529457304587E-14));
#2058=DIRECTION('',(0.,1.,0.));
#2059=DIRECTION('',(0.,1.,0.));
#2060=DIRECTION('',(0.,0.,1.));
#2061=DIRECTION('',(0.,1.,0.));
#2062=DIRECTION('',(0.866025403784433,0.,0.50000000000001));
#2063=DIRECTION('',(0.,1.,0.));
#2064=DIRECTION('',(-1.74860126378462E-14,0.,1.));
#2065=DIRECTION('',(1.,0.,1.74860126378462E-14));
#2066=DIRECTION('',(1.,0.,1.74860126378462E-14));
#2067=DIRECTION('',(0.,1.,0.));
#2068=DIRECTION('',(0.,1.,0.));
#2069=DIRECTION('',(0.866025403784433,0.,0.50000000000001));
#2070=DIRECTION('',(-1.50053580671994E-13,0.,-1.));
#2071=DIRECTION('',(0.866025403784431,0.,0.500000000000013));
#2072=DIRECTION('',(0.500000000000013,0.,-0.866025403784431));
#2073=DIRECTION('',(0.,1.,0.));
#2074=DIRECTION('',(0.500000000000013,0.,-0.866025403784431));
#2075=DIRECTION('',(0.,1.,0.));
#2076=DIRECTION('',(0.,1.,0.));
#2077=DIRECTION('',(0.,0.,1.));
#2078=DIRECTION('',(0.,1.,0.));
#2079=DIRECTION('',(0.866025403784443,0.,-0.499999999999992));
#2080=DIRECTION('',(0.,1.,0.));
#2081=DIRECTION('',(0.866025403784431,0.,0.500000000000013));
#2082=DIRECTION('',(0.500000000000013,0.,-0.866025403784431));
#2083=DIRECTION('',(0.500000000000013,0.,-0.866025403784431));
#2084=DIRECTION('',(0.,1.,0.));
#2085=DIRECTION('',(0.,1.,0.));
#2086=DIRECTION('',(0.866025403784443,0.,-0.499999999999992));
#2087=DIRECTION('',(-0.866025403784508,0.,-0.49999999999988));
#2088=DIRECTION('',(0.866025403784441,0.,-0.5));
#2089=DIRECTION('',(-0.5,0.,-0.866025403784441));
#2090=DIRECTION('',(0.,1.,0.));
#2091=DIRECTION('',(-0.5,0.,-0.866025403784441));
#2092=DIRECTION('',(0.,1.,0.));
#2093=DIRECTION('',(0.,1.,0.));
#2094=DIRECTION('',(0.,0.,1.));
#2095=DIRECTION('',(0.,1.,0.));
#2096=DIRECTION('',(0.,0.,-1.));
#2097=DIRECTION('',(0.,1.,0.));
#2098=DIRECTION('',(0.866025403784442,0.,-0.5));
#2099=DIRECTION('',(-0.5,0.,-0.866025403784442));
#2100=DIRECTION('',(-0.5,0.,-0.866025403784442));
#2101=DIRECTION('',(0.,1.,0.));
#2102=DIRECTION('',(0.,1.,0.));
#2103=DIRECTION('',(0.,0.,-1.));
#2104=DIRECTION('',(-0.866025403784368,0.,0.500000000000122));
#2105=DIRECTION('',(1.01030295240889E-14,0.,-1.));
#2106=DIRECTION('',(-1.,0.,-1.01030295240889E-14));
#2107=DIRECTION('',(0.,1.,0.));
#2108=DIRECTION('',(-1.,0.,-1.01030295240889E-14));
#2109=DIRECTION('',(0.,1.,0.));
#2110=DIRECTION('',(0.,1.,0.));
#2111=DIRECTION('',(0.,0.,1.));
#2112=DIRECTION('',(0.,1.,0.));
#2113=DIRECTION('',(-0.866025403784436,0.,-0.5));
#2114=DIRECTION('',(0.,1.,0.));
#2115=DIRECTION('',(1.04360964314765E-14,0.,-1.));
#2116=DIRECTION('',(-1.,0.,-1.04360964314765E-14));
#2117=DIRECTION('',(-1.,0.,-1.04360964314765E-14));
#2118=DIRECTION('',(0.,1.,0.));
#2119=DIRECTION('',(0.,1.,0.));
#2120=DIRECTION('',(-0.866025403784436,0.,-0.5));
#2121=DIRECTION('',(1.50053580671994E-13,0.,1.));
#2122=DIRECTION('',(-0.866025403784435,0.,-0.500000000000007));
#2123=DIRECTION('',(-0.500000000000007,0.,0.866025403784435));
#2124=DIRECTION('',(0.,1.,0.));
#2125=DIRECTION('',(-0.500000000000007,0.,0.866025403784435));
#2126=DIRECTION('',(0.,1.,0.));
#2127=DIRECTION('',(0.,1.,0.));
#2128=DIRECTION('',(0.,0.,1.));
#2129=DIRECTION('',(0.,1.,0.));
#2130=DIRECTION('',(-0.86602540378444,0.,0.5));
#2131=DIRECTION('',(0.,1.,0.));
#2132=DIRECTION('',(-0.866025403784435,0.,-0.500000000000007));
#2133=DIRECTION('',(-0.500000000000007,0.,0.866025403784435));
#2134=DIRECTION('',(-0.500000000000007,0.,0.866025403784435));
#2135=DIRECTION('',(0.,1.,0.));
#2136=DIRECTION('',(0.,1.,0.));
#2137=DIRECTION('',(-0.86602540378444,0.,0.5));
#2138=DIRECTION('',(0.866025403784511,0.,0.499999999999874));
#2139=DIRECTION('',(-0.996194698091745,0.,-0.0871557427476607));
#2140=DIRECTION('',(-0.0871557427476607,0.,0.996194698091745));
#2141=DIRECTION('',(0.,1.,0.));
#2142=DIRECTION('',(0.573576436351042,0.,0.819152044288994));
#2143=DIRECTION('',(0.819152044288994,0.,-0.573576436351042));
#2144=DIRECTION('',(0.,1.,0.));
#2145=DIRECTION('',(-0.422618261740695,0.,-0.906307787036652));
#2146=DIRECTION('',(-0.906307787036652,0.,0.422618261740695));
#2147=DIRECTION('',(0.,1.,0.));
#2148=DIRECTION('',(-0.422618261740706,0.,0.906307787036647));
#2149=DIRECTION('',(0.906307787036647,0.,0.422618261740706));
#2150=DIRECTION('',(0.,1.,0.));
#2151=DIRECTION('',(0.573576436351046,0.,-0.819152044288992));
#2152=DIRECTION('',(-0.819152044288992,0.,-0.573576436351046));
#2153=DIRECTION('',(0.,1.,0.));
#2154=DIRECTION('',(-0.996194698091746,0.,0.0871557427476558));
#2155=DIRECTION('',(0.0871557427476558,0.,0.996194698091746));
#2156=DIRECTION('',(0.,1.,0.));
#2157=DIRECTION('',(0.996194698091745,0.,0.0871557427476677));
#2158=DIRECTION('',(0.0871557427476677,0.,-0.996194698091745));
#2159=DIRECTION('',(0.,1.,0.));
#2160=DIRECTION('',(-0.573576436351037,0.,-0.819152044288998));
#2161=DIRECTION('',(-0.819152044288999,0.,0.573576436351037));
#2162=DIRECTION('',(0.,1.,0.));
#2163=DIRECTION('',(0.422618261740689,0.,0.906307787036655));
#2164=DIRECTION('',(0.906307787036655,0.,-0.422618261740689));
#2165=DIRECTION('',(0.,1.,0.));
#2166=DIRECTION('',(0.422618261740712,0.,-0.906307787036644));
#2167=DIRECTION('',(-0.906307787036644,0.,-0.422618261740712));
#2168=DIRECTION('',(0.,1.,0.));
#2169=DIRECTION('',(0.,1.,0.));
#2170=DIRECTION('',(0.,0.,1.));
#2171=DIRECTION('',(0.,1.,0.));
#2172=DIRECTION('',(0.,0.,1.));
#2173=DIRECTION('',(0.,-1.,0.));
#2174=DIRECTION('',(0.,0.,-1.));
#2175=DIRECTION('',(0.,1.,0.));
#2176=DIRECTION('',(0.,0.,1.));
#2177=DIRECTION('',(0.,1.,0.));
#2178=DIRECTION('',(0.,0.,1.));
#2179=DIRECTION('',(0.,1.,0.));
#2180=DIRECTION('',(0.,0.,1.));
#2181=DIRECTION('',(0.,1.,0.));
#2182=DIRECTION('',(0.,0.,1.));
#2183=DIRECTION('',(0.,-1.,0.));
#2184=DIRECTION('',(0.,0.,-1.));
#2185=DIRECTION('',(0.,1.,0.));
#2186=DIRECTION('',(0.,0.,1.));
#2187=DIRECTION('',(0.,1.,0.));
#2188=DIRECTION('',(0.,0.,1.));
#2189=DIRECTION('',(0.,1.,0.));
#2190=DIRECTION('',(0.,0.,1.));
#2191=DIRECTION('',(0.,1.,0.));
#2192=DIRECTION('',(0.,0.,1.));
#2193=DIRECTION('',(0.,-1.,0.));
#2194=DIRECTION('',(0.,0.,-1.));
#2195=DIRECTION('',(0.,1.,0.));
#2196=DIRECTION('',(0.,0.,1.));
#2197=DIRECTION('',(0.,1.,0.));
#2198=DIRECTION('',(0.,0.,1.));
#2199=DIRECTION('',(0.,1.,0.));
#2200=DIRECTION('',(0.,0.,1.));
#2201=DIRECTION('',(0.,1.,0.));
#2202=DIRECTION('',(0.,0.,1.));
#2203=DIRECTION('',(0.,-1.,0.));
#2204=DIRECTION('',(0.,0.,-1.));
#2205=DIRECTION('',(0.,1.,0.));
#2206=DIRECTION('',(0.,0.,1.));
#2207=DIRECTION('',(0.,1.,0.));
#2208=DIRECTION('',(0.,0.,1.));
#2209=DIRECTION('',(0.,1.,0.));
#2210=DIRECTION('',(0.,0.,1.));
#2211=DIRECTION('',(0.,1.,0.));
#2212=DIRECTION('',(0.,0.,1.));
#2213=DIRECTION('',(0.,-1.,0.));
#2214=DIRECTION('',(0.,0.,-1.));
#2215=DIRECTION('',(0.,1.,0.));
#2216=DIRECTION('',(0.,0.,1.));
#2217=DIRECTION('',(0.,1.,0.));
#2218=DIRECTION('',(0.,0.,1.));
#2219=DIRECTION('',(0.,1.,0.));
#2220=DIRECTION('',(0.,0.,1.));
#2221=DIRECTION('',(0.,1.,0.));
#2222=DIRECTION('',(0.,0.,1.));
#2223=DIRECTION('',(0.,-1.,0.));
#2224=DIRECTION('',(0.,0.,-1.));
#2225=DIRECTION('',(0.,1.,0.));
#2226=DIRECTION('',(0.,0.,1.));
#2227=DIRECTION('',(0.,1.,0.));
#2228=DIRECTION('',(0.,0.,1.));
#2229=DIRECTION('',(0.587785252292485,0.,-0.809016994374939));
#2230=DIRECTION('',(-0.809016994374939,0.,-0.587785252292485));
#2231=DIRECTION('',(-0.809016994374939,0.,-0.587785252292485));
#2232=DIRECTION('',(0.,1.,0.));
#2233=DIRECTION('',(-0.49999999999999,0.,-0.866025403784445));
#2234=DIRECTION('',(-0.866025403784445,0.,0.49999999999999));
#2235=DIRECTION('',(-0.866025403784445,0.,0.49999999999999));
#2236=DIRECTION('',(0.,1.,0.));
#2237=DIRECTION('',(0.,1.,0.));
#2238=DIRECTION('',(0.,0.,1.));
#2239=DIRECTION('',(0.,1.,0.));
#2240=DIRECTION('',(0.,0.,1.));
#2241=DIRECTION('',(0.,1.,0.));
#2242=DIRECTION('',(0.,0.,1.));
#2243=DIRECTION('',(0.,1.,0.));
#2244=DIRECTION('',(0.,0.,1.));
#2245=DIRECTION('',(0.,1.,0.));
#2246=DIRECTION('',(0.,0.,1.));
#2247=DIRECTION('',(0.406736643075782,0.,0.913545457642609));
#2248=DIRECTION('',(0.913545457642609,0.,-0.406736643075782));
#2249=DIRECTION('',(0.913545457642609,0.,-0.406736643075782));
#2250=DIRECTION('',(0.,1.,0.));
#2251=DIRECTION('',(1.,0.,1.65978342181461E-14));
#2252=DIRECTION('',(1.65978342181461E-14,0.,-1.));
#2253=DIRECTION('',(1.65978342181461E-14,0.,-1.));
#2254=DIRECTION('',(0.,1.,0.));
#2255=DIRECTION('',(0.,1.,0.));
#2256=DIRECTION('',(0.,0.,1.));
#2257=DIRECTION('',(0.,1.,0.));
#2258=DIRECTION('',(-0.866025403784436,0.,-0.5));
#2259=DIRECTION('',(0.,1.,0.));
#2260=DIRECTION('',(0.,0.,1.));
#2261=DIRECTION('',(0.,1.,0.));
#2262=DIRECTION('',(-0.866025403784436,0.,-0.5));
#2263=DIRECTION('',(0.,1.,0.));
#2264=DIRECTION('',(-0.866025403784436,0.,-0.5));
#2265=DIRECTION('',(-0.994521895368271,0.,-0.104528463267677));
#2266=DIRECTION('',(-0.104528463267677,0.,0.994521895368271));
#2267=DIRECTION('',(-0.104528463267677,0.,0.994521895368271));
#2268=DIRECTION('',(0.,1.,0.));
#2269=DIRECTION('',(-0.500000000000018,0.,0.866025403784428));
#2270=DIRECTION('',(0.866025403784428,0.,0.500000000000018));
#2271=DIRECTION('',(0.866025403784428,0.,0.500000000000018));
#2272=DIRECTION('',(0.,1.,0.));
#2273=DIRECTION('',(0.,1.,0.));
#2274=DIRECTION('',(0.,0.,1.));
#2275=DIRECTION('',(0.,1.,0.));
#2276=DIRECTION('',(0.866025403784443,0.,-0.499999999999992));
#2277=DIRECTION('',(0.,1.,0.));
#2278=DIRECTION('',(0.,0.,1.));
#2279=DIRECTION('',(0.,1.,0.));
#2280=DIRECTION('',(0.866025403784443,0.,-0.499999999999992));
#2281=DIRECTION('',(0.,1.,0.));
#2282=DIRECTION('',(0.866025403784443,0.,-0.499999999999992));
#2283=DIRECTION('',(1.,0.,-1.50053580671994E-13));
#2284=DIRECTION('',(-1.50053580671994E-13,0.,-1.));
#2285=DIRECTION('',(0.49999999999988,0.,-0.866025403784508));
#2286=DIRECTION('',(-0.866025403784508,0.,-0.49999999999988));
#2287=DIRECTION('',(-0.500000000000122,0.,-0.866025403784368));
#2288=DIRECTION('',(-0.866025403784368,0.,0.500000000000122));
#2289=DIRECTION('',(-1.,0.,1.50053580671994E-13));
#2290=DIRECTION('',(1.50053580671994E-13,0.,1.));
#2291=DIRECTION('',(-0.499999999999874,0.,0.866025403784511));
#2292=DIRECTION('',(0.866025403784511,0.,0.499999999999874));
#2293=DIRECTION('',(0.500000000000128,0.,0.866025403784365));
#2294=DIRECTION('',(0.866025403784365,0.,-0.500000000000128));
#2295=CARTESIAN_POINT('',(0.,0.,0.));
#2296=CARTESIAN_POINT('',(0.,0.,0.));
#2297=CARTESIAN_POINT('',(0.,0.,0.));
#2298=CARTESIAN_POINT('',(-42.3882428931617,0.,54.4448056698739));
#2299=CARTESIAN_POINT('',(-68.344706260799,0.,9.48689233232357));
#2300=CARTESIAN_POINT('',(-42.3882428931609,0.,54.4448056698745));
#2301=CARTESIAN_POINT('',(-42.3882428931609,18.,54.4448056698745));
#2302=CARTESIAN_POINT('',(0.,18.,0.));
#2303=CARTESIAN_POINT('',(-44.6591288197671,18.,52.5981198624005));
#2304=CARTESIAN_POINT('',(-44.6591288197671,9.,52.5981198624005));
#2305=CARTESIAN_POINT('',(-44.6591288197671,9.,52.5981198624005));
#2306=CARTESIAN_POINT('',(0.,9.,0.));
#2307=CARTESIAN_POINT('',(-64.4659247894244,9.,24.5996857915762));
#2308=CARTESIAN_POINT('',(-64.4659247894244,9.,24.5996857915762));
#2309=CARTESIAN_POINT('',(-64.4659247894244,18.,24.5996857915762));
#2310=CARTESIAN_POINT('',(0.,18.,0.));
#2311=CARTESIAN_POINT('',(-67.1433534345616,18.,15.8987449052289));
#2312=CARTESIAN_POINT('',(-67.1433534345616,9.,15.8987449052289));
#2313=CARTESIAN_POINT('',(-67.1433534345616,9.,15.8987449052289));
#2314=CARTESIAN_POINT('',(0.,9.,0.));
#2315=CARTESIAN_POINT('',(-67.8808724020215,9.,12.3768801375981));
#2316=CARTESIAN_POINT('',(-67.8808724020215,9.,12.3768801375981));
#2317=CARTESIAN_POINT('',(-67.8808724020215,18.,12.3768801375981));
#2318=CARTESIAN_POINT('',(0.,18.,0.));
#2319=CARTESIAN_POINT('',(-68.344706260799,18.,9.48689233232357));
#2320=CARTESIAN_POINT('',(-68.344706260799,0.,9.48689233232358));
#2321=CARTESIAN_POINT('',(0.,0.,0.));
#2322=CARTESIAN_POINT('',(-25.9564633676393,0.,63.9316980021992));
#2323=CARTESIAN_POINT('',(-25.9564633676402,0.,63.9316980021988));
#2324=CARTESIAN_POINT('',(-25.9564633676393,18.,63.9316980021992));
#2325=CARTESIAN_POINT('',(0.,0.,0.));
#2326=CARTESIAN_POINT('',(25.9564633676371,0.,63.9316980022001));
#2327=CARTESIAN_POINT('',(25.9564633676385,0.,63.9316980021995));
#2328=CARTESIAN_POINT('',(25.9564633676385,18.,63.9316980021995));
#2329=CARTESIAN_POINT('',(0.,18.,0.));
#2330=CARTESIAN_POINT('',(0.,0.,0.));
#2331=CARTESIAN_POINT('',(42.3882428931602,0.,54.444805669875));
#2332=CARTESIAN_POINT('',(42.388242893159,0.,54.4448056698759));
#2333=CARTESIAN_POINT('',(42.3882428931602,18.,54.4448056698751));
#2334=CARTESIAN_POINT('',(0.,0.,0.));
#2335=CARTESIAN_POINT('',(68.3447062607988,0.,9.48689233232546));
#2336=CARTESIAN_POINT('',(68.3447062607988,0.,9.48689233232493));
#2337=CARTESIAN_POINT('',(68.3447062607988,18.,9.48689233232495));
#2338=CARTESIAN_POINT('',(0.,18.,0.));
#2339=CARTESIAN_POINT('',(67.8808724020211,18.,12.3768801376004));
#2340=CARTESIAN_POINT('',(67.8808724020211,9.,12.3768801376004));
#2341=CARTESIAN_POINT('',(67.8808724020211,9.,12.3768801376004));
#2342=CARTESIAN_POINT('',(0.,9.,0.));
#2343=CARTESIAN_POINT('',(53.5369152153319,9.,43.5292856503109));
#2344=CARTESIAN_POINT('',(53.5369152153319,9.,43.5292856503109));
#2345=CARTESIAN_POINT('',(53.5369152153319,18.,43.5292856503109));
#2346=CARTESIAN_POINT('',(0.,18.,0.));
#2347=CARTESIAN_POINT('',(47.340393693497,18.,50.1984773169935));
#2348=CARTESIAN_POINT('',(47.340393693497,9.,50.1984773169935));
#2349=CARTESIAN_POINT('',(47.340393693497,9.,50.1984773169935));
#2350=CARTESIAN_POINT('',(0.,9.,0.));
#2351=CARTESIAN_POINT('',(44.6591288197653,9.,52.598119862402));
#2352=CARTESIAN_POINT('',(44.6591288197653,9.,52.598119862402));
#2353=CARTESIAN_POINT('',(44.6591288197653,18.,52.598119862402));
#2354=CARTESIAN_POINT('',(0.,18.,0.));
#2355=CARTESIAN_POINT('',(0.,0.,0.));
#2356=CARTESIAN_POINT('',(68.344706260799,0.,-9.48689233232405));
#2357=CARTESIAN_POINT('',(68.344706260799,0.,-9.48689233232357));
#2358=CARTESIAN_POINT('',(68.344706260799,18.,-9.48689233232405));
#2359=CARTESIAN_POINT('',(0.,0.,0.));
#2360=CARTESIAN_POINT('',(42.3882428931613,0.,-54.4448056698742));
#2361=CARTESIAN_POINT('',(42.3882428931605,0.,-54.4448056698748));
#2362=CARTESIAN_POINT('',(42.3882428931605,18.,-54.4448056698748));
#2363=CARTESIAN_POINT('',(0.,18.,0.));
#2364=CARTESIAN_POINT('',(0.,0.,0.));
#2365=CARTESIAN_POINT('',(25.9564633676389,0.,-63.9316980021993));
#2366=CARTESIAN_POINT('',(25.9564633676398,0.,-63.931698002199));
#2367=CARTESIAN_POINT('',(25.9564633676389,18.,-63.9316980021993));
#2368=CARTESIAN_POINT('',(0.,0.,0.));
#2369=CARTESIAN_POINT('',(-25.9564633676376,0.,-63.9316980021999));
#2370=CARTESIAN_POINT('',(-25.9564633676385,0.,-63.9316980021995));
#2371=CARTESIAN_POINT('',(-25.9564633676385,18.,-63.9316980021995));
#2372=CARTESIAN_POINT('',(0.,18.,0.));
#2373=CARTESIAN_POINT('',(-23.2217435822539,18.,-64.975));
#2374=CARTESIAN_POINT('',(-23.2217435822539,9.,-64.975));
#2375=CARTESIAN_POINT('',(-23.2217435822539,9.,-64.975));
#2376=CARTESIAN_POINT('',(0.,9.,0.));
#2377=CARTESIAN_POINT('',(10.9290095740924,9.,-68.1289714418866));
#2378=CARTESIAN_POINT('',(10.9290095740924,9.,-68.1289714418866));
#2379=CARTESIAN_POINT('',(10.9290095740924,18.,-68.1289714418866));
#2380=CARTESIAN_POINT('',(0.,18.,0.));
#2381=CARTESIAN_POINT('',(19.8029597410644,18.,-66.0972222222219));
#2382=CARTESIAN_POINT('',(19.8029597410644,9.,-66.0972222222219));
#2383=CARTESIAN_POINT('',(19.8029597410644,9.,-66.0972222222219));
#2384=CARTESIAN_POINT('',(0.,9.,0.));
#2385=CARTESIAN_POINT('',(23.2217435822561,9.,-64.975));
#2386=CARTESIAN_POINT('',(23.2217435822561,9.,-64.975));
#2387=CARTESIAN_POINT('',(23.2217435822561,18.,-64.975));
#2388=CARTESIAN_POINT('',(0.,18.,0.));
#2389=CARTESIAN_POINT('',(0.,0.,0.));
#2390=CARTESIAN_POINT('',(-42.3882428931602,0.,-54.444805669875));
#2391=CARTESIAN_POINT('',(-42.3882428931594,0.,-54.4448056698756));
#2392=CARTESIAN_POINT('',(-42.3882428931602,18.,-54.4448056698751));
#2393=CARTESIAN_POINT('',(0.,0.,0.));
#2394=CARTESIAN_POINT('',(-68.3447062607988,0.,-9.48689233232546));
#2395=CARTESIAN_POINT('',(-68.3447062607988,0.,-9.48689233232542));
#2396=CARTESIAN_POINT('',(-68.3447062607988,18.,-9.48689233232542));
#2397=CARTESIAN_POINT('',(0.,18.,0.));
#2398=CARTESIAN_POINT('',(0.,18.,-69.));
#2399=CARTESIAN_POINT('',(55.1306815172056,18.,28.36561219943));
#2400=CARTESIAN_POINT('',(55.1306815172056,18.,28.36561219943));
#2401=CARTESIAN_POINT('',(49.5144194235895,18.,25.1230617678411));
#2402=CARTESIAN_POINT('',(49.5144194235895,18.,25.1230617678411));
#2403=CARTESIAN_POINT('',(68.1995005480237,18.,39.3750000000015));
#2404=CARTESIAN_POINT('',(0.,18.,-69.));
#2405=CARTESIAN_POINT('',(-2.99999999999893,18.,-61.9273768215642));
#2406=CARTESIAN_POINT('',(-2.99999999999893,18.,-61.9273768215642));
#2407=CARTESIAN_POINT('',(-2.99999999999904,18.,-55.4422759583867));
#2408=CARTESIAN_POINT('',(-2.99999999999904,18.,-55.4422759583867));
#2409=CARTESIAN_POINT('',(1.33226762955019E-12,18.,-78.75));
#2410=CARTESIAN_POINT('',(0.,18.,-69.));
#2411=CARTESIAN_POINT('',(-52.1306815172066,18.,33.5617646221347));
#2412=CARTESIAN_POINT('',(-52.1306815172066,18.,33.5617646221347));
#2413=CARTESIAN_POINT('',(-46.5144194235905,18.,30.3192141905461));
#2414=CARTESIAN_POINT('',(-46.5144194235905,18.,30.3192141905461));
#2415=CARTESIAN_POINT('',(-68.199500548025,18.,39.3749999999992));
#2416=CARTESIAN_POINT('',(0.,18.,-69.));
#2417=CARTESIAN_POINT('',(34.6410161513776,18.,-20.));
#2418=CARTESIAN_POINT('',(34.6410161513776,18.,-13.));
#2419=CARTESIAN_POINT('',(24.,18.,-41.5692193816529));
#2420=CARTESIAN_POINT('',(39.5062309123152,18.,-52.4267991556762));
#2421=CARTESIAN_POINT('',(41.1955346116371,18.,-55.3527589923159));
#2422=CARTESIAN_POINT('',(20.6052825968659,18.,-19.6893963620852));
#2423=CARTESIAN_POINT('',(0.,18.,0.));
#2424=CARTESIAN_POINT('',(27.3541587331801,18.,-7.99999999999932));
#2425=CARTESIAN_POINT('',(68.5346627627219,18.,-7.99999999999889));
#2426=CARTESIAN_POINT('',(65.1560553640751,18.,-7.99999999999893));
#2427=CARTESIAN_POINT('',(48.,18.,3.2612801348364E-13));
#2428=CARTESIAN_POINT('',(0.,18.,-69.));
#2429=CARTESIAN_POINT('',(68.1995005480237,18.,39.3750000000015));
#2430=CARTESIAN_POINT('',(48.,18.,3.2612801348364E-13));
#2431=CARTESIAN_POINT('',(65.1560553640778,18.,8.00000000000107));
#2432=CARTESIAN_POINT('',(68.5346627627217,18.,8.0000000000011));
#2433=CARTESIAN_POINT('',(27.3541587331797,18.,8.00000000000069));
#2434=CARTESIAN_POINT('',(0.,18.,0.));
#2435=CARTESIAN_POINT('',(20.605282596865,18.,19.6893963620861));
#2436=CARTESIAN_POINT('',(41.1955346116357,18.,55.3527589923169));
#2437=CARTESIAN_POINT('',(39.5062309123124,18.,52.4267991556747));
#2438=CARTESIAN_POINT('',(24.,18.,41.5692193816531));
#2439=CARTESIAN_POINT('',(34.6410161513775,18.,20.));
#2440=CARTESIAN_POINT('',(34.6410161513775,18.,27.));
#2441=CARTESIAN_POINT('',(0.,18.,-69.));
#2442=CARTESIAN_POINT('',(0.,18.,40.));
#2443=CARTESIAN_POINT('',(0.,18.,47.));
#2444=CARTESIAN_POINT('',(24.,18.,41.5692193816531));
#2445=CARTESIAN_POINT('',(25.6498244517627,18.,60.426799155677));
#2446=CARTESIAN_POINT('',(27.3391281510847,18.,63.3527589923168));
#2447=CARTESIAN_POINT('',(6.74887613631385,18.,27.6893963620859));
#2448=CARTESIAN_POINT('',(0.,18.,0.));
#2449=CARTESIAN_POINT('',(-6.74887613631522,18.,27.6893963620855));
#2450=CARTESIAN_POINT('',(-27.3391281510867,18.,63.3527589923159));
#2451=CARTESIAN_POINT('',(-25.6498244517632,18.,60.4267991556737));
#2452=CARTESIAN_POINT('',(-24.0000000000005,18.,41.5692193816528));
#2453=CARTESIAN_POINT('',(0.,18.,-69.));
#2454=CARTESIAN_POINT('',(-68.199500548025,18.,39.3749999999992));
#2455=CARTESIAN_POINT('',(-24.0000000000005,18.,41.5692193816528));
#2456=CARTESIAN_POINT('',(-39.5062309123155,18.,52.4267991556759));
#2457=CARTESIAN_POINT('',(-41.1955346116375,18.,55.3527589923156));
#2458=CARTESIAN_POINT('',(-20.605282596866,18.,19.6893963620851));
#2459=CARTESIAN_POINT('',(0.,18.,0.));
#2460=CARTESIAN_POINT('',(-27.3541587331801,18.,7.99999999999914));
#2461=CARTESIAN_POINT('',(-68.5346627627219,18.,7.99999999999842));
#2462=CARTESIAN_POINT('',(-65.1560553640752,18.,7.99999999999848));
#2463=CARTESIAN_POINT('',(-48.,18.,-6.66133814775094E-13));
#2464=CARTESIAN_POINT('',(-34.6410161513777,18.,19.9999999999997));
#2465=CARTESIAN_POINT('',(-34.6410161513777,18.,26.9999999999997));
#2466=CARTESIAN_POINT('',(0.,18.,-69.));
#2467=CARTESIAN_POINT('',(-34.6410161513773,18.,-20.0000000000004));
#2468=CARTESIAN_POINT('',(-34.6410161513773,18.,-13.0000000000004));
#2469=CARTESIAN_POINT('',(-48.,18.,-6.66133814775094E-13));
#2470=CARTESIAN_POINT('',(-65.1560553640777,18.,-8.00000000000152));
#2471=CARTESIAN_POINT('',(-68.5346627627216,18.,-8.00000000000158));
#2472=CARTESIAN_POINT('',(-27.3541587331796,18.,-8.00000000000088));
#2473=CARTESIAN_POINT('',(0.,18.,0.));
#2474=CARTESIAN_POINT('',(-20.605282596865,18.,-19.6893963620861));
#2475=CARTESIAN_POINT('',(-41.1955346116357,18.,-55.3527589923169));
#2476=CARTESIAN_POINT('',(-39.5062309123124,18.,-52.4267991556747));
#2477=CARTESIAN_POINT('',(-24.,18.,-41.5692193816531));
#2478=CARTESIAN_POINT('',(0.,18.,-69.));
#2479=CARTESIAN_POINT('',(1.33226762955019E-12,18.,-78.75));
#2480=CARTESIAN_POINT('',(-24.,18.,-41.5692193816531));
#2481=CARTESIAN_POINT('',(-25.6498244517627,18.,-60.426799155677));
#2482=CARTESIAN_POINT('',(-27.3391281510847,18.,-63.3527589923168));
#2483=CARTESIAN_POINT('',(-6.74887613631385,18.,-27.6893963620859));
#2484=CARTESIAN_POINT('',(0.,18.,0.));
#2485=CARTESIAN_POINT('',(6.74887613631503,18.,-27.6893963620856));
#2486=CARTESIAN_POINT('',(27.3391281510862,18.,-63.3527589923161));
#2487=CARTESIAN_POINT('',(25.6498244517628,18.,-60.4267991556739));
#2488=CARTESIAN_POINT('',(24.,18.,-41.5692193816529));
#2489=CARTESIAN_POINT('',(0.,18.,-40.));
#2490=CARTESIAN_POINT('',(0.,18.,-33.));
#2491=CARTESIAN_POINT('',(0.,18.,0.));
#2492=CARTESIAN_POINT('',(0.,17.,0.));
#2493=CARTESIAN_POINT('',(0.,17.,-27.5));
#2494=CARTESIAN_POINT('',(0.,18.,0.));
#2495=CARTESIAN_POINT('',(0.,18.,0.));
#2496=CARTESIAN_POINT('',(0.,18.,0.));
#2497=CARTESIAN_POINT('',(0.,18.,0.));
#2498=CARTESIAN_POINT('',(0.,18.,0.));
#2499=CARTESIAN_POINT('',(0.,18.,0.));
#2500=CARTESIAN_POINT('',(0.,0.,0.));
#2501=CARTESIAN_POINT('',(0.,1.,0.));
#2502=CARTESIAN_POINT('',(0.,1.,-27.5));
#2503=CARTESIAN_POINT('',(0.,1.,0.));
#2504=CARTESIAN_POINT('',(0.,0.,0.));
#2505=CARTESIAN_POINT('',(0.,0.,-28.5));
#2506=CARTESIAN_POINT('',(0.,0.,-28.5));
#2507=CARTESIAN_POINT('',(-39.5062309123163,0.,52.4267991556754));
#2508=CARTESIAN_POINT('',(-39.5062309123163,0.,52.4267991556754));
#2509=CARTESIAN_POINT('',(-68.344706260799,0.,9.48689233232357));
#2510=CARTESIAN_POINT('',(-65.1560553640753,0.,7.9999999999985));
#2511=CARTESIAN_POINT('',(-65.1560553640777,0.,-8.00000000000152));
#2512=CARTESIAN_POINT('',(-65.1560553640777,0.,-8.00000000000152));
#2513=CARTESIAN_POINT('',(-65.1560553640777,0.,-8.00000000000152));
#2514=CARTESIAN_POINT('',(-42.3882428931594,0.,-54.4448056698756));
#2515=CARTESIAN_POINT('',(-39.5062309123117,0.,-52.4267991556754));
#2516=CARTESIAN_POINT('',(-25.6498244517619,0.,-60.4267991556774));
#2517=CARTESIAN_POINT('',(-25.6498244517619,0.,-60.4267991556774));
#2518=CARTESIAN_POINT('',(-25.6498244517619,0.,-60.4267991556774));
#2519=CARTESIAN_POINT('',(25.9564633676398,0.,-63.931698002199));
#2520=CARTESIAN_POINT('',(25.6498244517637,0.,-60.4267991556737));
#2521=CARTESIAN_POINT('',(39.5062309123159,0.,-52.4267991556757));
#2522=CARTESIAN_POINT('',(39.5062309123159,0.,-52.4267991556757));
#2523=CARTESIAN_POINT('',(39.5062309123159,0.,-52.4267991556757));
#2524=CARTESIAN_POINT('',(68.344706260799,0.,-9.48689233232357));
#2525=CARTESIAN_POINT('',(65.1560553640753,0.,-7.9999999999985));
#2526=CARTESIAN_POINT('',(65.1560553640777,0.,8.00000000000152));
#2527=CARTESIAN_POINT('',(65.1560553640777,0.,8.00000000000152));
#2528=CARTESIAN_POINT('',(65.1560553640777,0.,8.00000000000152));
#2529=CARTESIAN_POINT('',(42.388242893159,0.,54.4448056698759));
#2530=CARTESIAN_POINT('',(39.5062309123113,0.,52.4267991556756));
#2531=CARTESIAN_POINT('',(25.6498244517614,0.,60.4267991556776));
#2532=CARTESIAN_POINT('',(25.6498244517614,0.,60.4267991556776));
#2533=CARTESIAN_POINT('',(25.6498244517614,0.,60.4267991556776));
#2534=CARTESIAN_POINT('',(-25.9564633676402,0.,63.9316980021988));
#2535=CARTESIAN_POINT('',(-25.6498244517641,0.,60.4267991556735));
#2536=CARTESIAN_POINT('',(-39.5062309123163,0.,52.4267991556754));
#2537=CARTESIAN_POINT('',(-34.6410161513773,0.,-20.0000000000004));
#2538=CARTESIAN_POINT('',(-34.6410161513773,0.,-15.5000000000004));
#2539=CARTESIAN_POINT('',(-34.6410161513777,0.,19.9999999999997));
#2540=CARTESIAN_POINT('',(-34.6410161513777,0.,24.4999999999997));
#2541=CARTESIAN_POINT('',(0.,0.,40.));
#2542=CARTESIAN_POINT('',(0.,0.,44.5));
#2543=CARTESIAN_POINT('',(34.6410161513775,0.,20.));
#2544=CARTESIAN_POINT('',(34.6410161513775,0.,24.5));
#2545=CARTESIAN_POINT('',(34.6410161513776,0.,-20.));
#2546=CARTESIAN_POINT('',(34.6410161513776,0.,-15.5));
#2547=CARTESIAN_POINT('',(0.,0.,-40.));
#2548=CARTESIAN_POINT('',(0.,0.,-35.5));
#2549=CARTESIAN_POINT('',(-27.3391281510847,9.,-63.3527589923168));
#2550=CARTESIAN_POINT('',(-25.6498244517627,9.,-60.4267991556771));
#2551=CARTESIAN_POINT('',(-25.6498244517627,9.,-60.4267991556771));
#2552=CARTESIAN_POINT('',(-27.3391281510847,9.,-63.3527589923168));
#2553=CARTESIAN_POINT('',(-6.74887613631385,9.,-27.6893963620859));
#2554=CARTESIAN_POINT('',(-6.74887613631385,9.,-27.6893963620859));
#2555=CARTESIAN_POINT('',(0.,9.,0.));
#2556=CARTESIAN_POINT('',(0.,9.,0.));
#2557=CARTESIAN_POINT('',(-20.605282596865,9.,-19.6893963620861));
#2558=CARTESIAN_POINT('',(-20.605282596865,9.,-19.6893963620861));
#2559=CARTESIAN_POINT('',(-41.1955346116357,9.,-55.3527589923169));
#2560=CARTESIAN_POINT('',(-41.1955346116357,9.,-55.3527589923169));
#2561=CARTESIAN_POINT('',(-39.5062309123117,9.,-52.4267991556754));
#2562=CARTESIAN_POINT('',(-39.5062309123124,9.,-52.4267991556747));
#2563=CARTESIAN_POINT('',(0.,9.,0.));
#2564=CARTESIAN_POINT('',(-25.6498244517619,9.,-60.4267991556774));
#2565=CARTESIAN_POINT('',(-24.,9.,-41.5692193816531));
#2566=CARTESIAN_POINT('',(-39.5062309123117,0.,-52.4267991556754));
#2567=CARTESIAN_POINT('',(-24.,9.,-41.5692193816531));
#2568=CARTESIAN_POINT('',(-25.6498244517619,0.,-60.4267991556774));
#2569=CARTESIAN_POINT('',(-68.5346627627216,9.,-8.00000000000158));
#2570=CARTESIAN_POINT('',(-65.1560553640777,9.,-8.00000000000152));
#2571=CARTESIAN_POINT('',(-65.1560553640778,9.,-8.00000000000157));
#2572=CARTESIAN_POINT('',(-68.5346627627216,9.,-8.00000000000158));
#2573=CARTESIAN_POINT('',(-27.3541587331796,9.,-8.00000000000088));
#2574=CARTESIAN_POINT('',(-27.3541587331796,9.,-8.00000000000088));
#2575=CARTESIAN_POINT('',(0.,9.,0.));
#2576=CARTESIAN_POINT('',(0.,9.,0.));
#2577=CARTESIAN_POINT('',(-27.3541587331801,9.,7.99999999999913));
#2578=CARTESIAN_POINT('',(-27.3541587331801,9.,7.99999999999913));
#2579=CARTESIAN_POINT('',(-68.5346627627219,9.,7.99999999999842));
#2580=CARTESIAN_POINT('',(-68.5346627627219,9.,7.99999999999842));
#2581=CARTESIAN_POINT('',(-65.1560553640753,9.,7.9999999999985));
#2582=CARTESIAN_POINT('',(-65.1560553640752,9.,7.99999999999848));
#2583=CARTESIAN_POINT('',(0.,9.,0.));
#2584=CARTESIAN_POINT('',(-65.1560553640777,9.,-8.00000000000152));
#2585=CARTESIAN_POINT('',(-41.1955346116375,9.,55.3527589923156));
#2586=CARTESIAN_POINT('',(-39.5062309123155,9.,52.4267991556759));
#2587=CARTESIAN_POINT('',(-39.5062309123156,9.,52.426799155676));
#2588=CARTESIAN_POINT('',(-41.1955346116375,9.,55.3527589923156));
#2589=CARTESIAN_POINT('',(-20.605282596866,9.,19.6893963620851));
#2590=CARTESIAN_POINT('',(-20.605282596866,9.,19.6893963620851));
#2591=CARTESIAN_POINT('',(0.,9.,0.));
#2592=CARTESIAN_POINT('',(0.,9.,0.));
#2593=CARTESIAN_POINT('',(-6.74887613631523,9.,27.6893963620855));
#2594=CARTESIAN_POINT('',(-6.74887613631523,9.,27.6893963620855));
#2595=CARTESIAN_POINT('',(-27.3391281510867,9.,63.3527589923159));
#2596=CARTESIAN_POINT('',(-27.3391281510867,9.,63.3527589923159));
#2597=CARTESIAN_POINT('',(-25.6498244517641,9.,60.4267991556735));
#2598=CARTESIAN_POINT('',(-25.6498244517632,9.,60.4267991556737));
#2599=CARTESIAN_POINT('',(0.,9.,0.));
#2600=CARTESIAN_POINT('',(-39.5062309123163,9.,52.4267991556754));
#2601=CARTESIAN_POINT('',(27.3391281510847,9.,63.3527589923168));
#2602=CARTESIAN_POINT('',(25.6498244517627,9.,60.4267991556771));
#2603=CARTESIAN_POINT('',(25.6498244517627,9.,60.4267991556771));
#2604=CARTESIAN_POINT('',(27.3391281510847,9.,63.3527589923168));
#2605=CARTESIAN_POINT('',(6.74887613631385,9.,27.6893963620859));
#2606=CARTESIAN_POINT('',(6.74887613631385,9.,27.6893963620859));
#2607=CARTESIAN_POINT('',(0.,9.,0.));
#2608=CARTESIAN_POINT('',(0.,9.,0.));
#2609=CARTESIAN_POINT('',(20.605282596865,9.,19.6893963620861));
#2610=CARTESIAN_POINT('',(20.605282596865,9.,19.6893963620861));
#2611=CARTESIAN_POINT('',(41.1955346116357,9.,55.3527589923169));
#2612=CARTESIAN_POINT('',(41.1955346116357,9.,55.3527589923169));
#2613=CARTESIAN_POINT('',(39.5062309123113,9.,52.4267991556756));
#2614=CARTESIAN_POINT('',(39.5062309123124,9.,52.4267991556747));
#2615=CARTESIAN_POINT('',(0.,9.,0.));
#2616=CARTESIAN_POINT('',(25.6498244517614,9.,60.4267991556776));
#2617=CARTESIAN_POINT('',(68.5346627627217,9.,8.0000000000011));
#2618=CARTESIAN_POINT('',(65.1560553640777,9.,8.00000000000107));
#2619=CARTESIAN_POINT('',(65.1560553640778,9.,8.00000000000111));
#2620=CARTESIAN_POINT('',(68.5346627627217,9.,8.0000000000011));
#2621=CARTESIAN_POINT('',(27.3541587331797,9.,8.00000000000069));
#2622=CARTESIAN_POINT('',(27.3541587331797,9.,8.00000000000069));
#2623=CARTESIAN_POINT('',(0.,9.,0.));
#2624=CARTESIAN_POINT('',(0.,9.,0.));
#2625=CARTESIAN_POINT('',(27.3541587331801,9.,-7.99999999999933));
#2626=CARTESIAN_POINT('',(27.3541587331801,9.,-7.99999999999933));
#2627=CARTESIAN_POINT('',(68.5346627627219,9.,-7.99999999999889));
#2628=CARTESIAN_POINT('',(68.5346627627219,9.,-7.99999999999889));
#2629=CARTESIAN_POINT('',(65.1560553640753,9.,-7.9999999999985));
#2630=CARTESIAN_POINT('',(65.1560553640751,9.,-7.99999999999893));
#2631=CARTESIAN_POINT('',(0.,9.,0.));
#2632=CARTESIAN_POINT('',(65.1560553640777,9.,8.00000000000152));
#2633=CARTESIAN_POINT('',(41.1955346116371,9.,-55.3527589923159));
#2634=CARTESIAN_POINT('',(39.5062309123152,9.,-52.4267991556762));
#2635=CARTESIAN_POINT('',(39.5062309123151,9.,-52.4267991556762));
#2636=CARTESIAN_POINT('',(41.1955346116371,9.,-55.3527589923159));
#2637=CARTESIAN_POINT('',(20.6052825968659,9.,-19.6893963620852));
#2638=CARTESIAN_POINT('',(20.6052825968659,9.,-19.6893963620852));
#2639=CARTESIAN_POINT('',(0.,9.,0.));
#2640=CARTESIAN_POINT('',(0.,9.,0.));
#2641=CARTESIAN_POINT('',(6.74887613631503,9.,-27.6893963620856));
#2642=CARTESIAN_POINT('',(6.74887613631503,9.,-27.6893963620856));
#2643=CARTESIAN_POINT('',(27.3391281510862,9.,-63.3527589923161));
#2644=CARTESIAN_POINT('',(27.3391281510862,9.,-63.3527589923161));
#2645=CARTESIAN_POINT('',(25.6498244517637,9.,-60.4267991556737));
#2646=CARTESIAN_POINT('',(25.6498244517628,9.,-60.4267991556739));
#2647=CARTESIAN_POINT('',(0.,9.,0.));
#2648=CARTESIAN_POINT('',(39.5062309123159,9.,-52.4267991556757));
#2649=CARTESIAN_POINT('',(24.,9.,-41.5692193816529));
#2650=CARTESIAN_POINT('',(25.6498244517637,0.,-60.4267991556737));
#2651=CARTESIAN_POINT('',(24.,9.,-41.5692193816529));
#2652=CARTESIAN_POINT('',(39.5062309123159,0.,-52.4267991556757));
#2653=CARTESIAN_POINT('',(48.,9.,3.2612801348364E-13));
#2654=CARTESIAN_POINT('',(65.1560553640753,0.,-7.9999999999985));
#2655=CARTESIAN_POINT('',(48.,9.,3.2612801348364E-13));
#2656=CARTESIAN_POINT('',(65.1560553640777,0.,8.00000000000152));
#2657=CARTESIAN_POINT('',(24.,9.,41.5692193816531));
#2658=CARTESIAN_POINT('',(39.5062309123113,0.,52.4267991556756));
#2659=CARTESIAN_POINT('',(24.,9.,41.5692193816531));
#2660=CARTESIAN_POINT('',(25.6498244517614,0.,60.4267991556776));
#2661=CARTESIAN_POINT('',(-24.0000000000005,9.,41.5692193816528));
#2662=CARTESIAN_POINT('',(-25.6498244517641,0.,60.4267991556735));
#2663=CARTESIAN_POINT('',(-24.0000000000005,9.,41.5692193816528));
#2664=CARTESIAN_POINT('',(-39.5062309123163,0.,52.4267991556754));
#2665=CARTESIAN_POINT('',(-48.,9.,-6.66133814775094E-13));
#2666=CARTESIAN_POINT('',(-65.1560553640753,0.,7.9999999999985));
#2667=CARTESIAN_POINT('',(-48.,9.,-6.66133814775094E-13));
#2668=CARTESIAN_POINT('',(-65.1560553640777,0.,-8.00000000000152));
#2669=CARTESIAN_POINT('',(0.,18.,-40.));
#2670=CARTESIAN_POINT('',(0.,9.,-40.));
#2671=CARTESIAN_POINT('',(0.,9.,-35.5));
#2672=CARTESIAN_POINT('',(4.5,9.,-40.));
#2673=CARTESIAN_POINT('',(0.,9.,-40.));
#2674=CARTESIAN_POINT('',(0.,9.,-33.));
#2675=CARTESIAN_POINT('',(0.,18.,-40.));
#2676=CARTESIAN_POINT('',(34.6410161513776,18.,-20.));
#2677=CARTESIAN_POINT('',(34.6410161513776,9.,-20.));
#2678=CARTESIAN_POINT('',(34.6410161513776,9.,-15.5));
#2679=CARTESIAN_POINT('',(39.1410161513776,9.,-20.));
#2680=CARTESIAN_POINT('',(34.6410161513776,9.,-20.));
#2681=CARTESIAN_POINT('',(34.6410161513776,9.,-13.));
#2682=CARTESIAN_POINT('',(34.6410161513776,18.,-20.));
#2683=CARTESIAN_POINT('',(34.6410161513775,18.,20.));
#2684=CARTESIAN_POINT('',(34.6410161513775,9.,20.));
#2685=CARTESIAN_POINT('',(34.6410161513775,9.,24.5));
#2686=CARTESIAN_POINT('',(39.1410161513775,9.,20.));
#2687=CARTESIAN_POINT('',(34.6410161513775,9.,20.));
#2688=CARTESIAN_POINT('',(34.6410161513775,9.,27.));
#2689=CARTESIAN_POINT('',(34.6410161513775,18.,20.));
#2690=CARTESIAN_POINT('',(0.,18.,40.));
#2691=CARTESIAN_POINT('',(0.,9.,40.));
#2692=CARTESIAN_POINT('',(0.,9.,44.5));
#2693=CARTESIAN_POINT('',(4.5,9.,40.));
#2694=CARTESIAN_POINT('',(0.,9.,40.));
#2695=CARTESIAN_POINT('',(0.,9.,47.));
#2696=CARTESIAN_POINT('',(0.,18.,40.));
#2697=CARTESIAN_POINT('',(-34.6410161513777,18.,19.9999999999997));
#2698=CARTESIAN_POINT('',(-34.6410161513777,9.,19.9999999999997));
#2699=CARTESIAN_POINT('',(-34.6410161513777,9.,24.4999999999997));
#2700=CARTESIAN_POINT('',(-30.1410161513777,9.,19.9999999999997));
#2701=CARTESIAN_POINT('',(-34.6410161513777,9.,19.9999999999997));
#2702=CARTESIAN_POINT('',(-34.6410161513777,9.,26.9999999999997));
#2703=CARTESIAN_POINT('',(-34.6410161513777,18.,19.9999999999997));
#2704=CARTESIAN_POINT('',(-34.6410161513773,18.,-20.0000000000004));
#2705=CARTESIAN_POINT('',(-34.6410161513773,9.,-20.0000000000004));
#2706=CARTESIAN_POINT('',(-34.6410161513773,9.,-15.5000000000004));
#2707=CARTESIAN_POINT('',(-30.1410161513773,9.,-20.0000000000004));
#2708=CARTESIAN_POINT('',(-34.6410161513773,9.,-20.0000000000004));
#2709=CARTESIAN_POINT('',(-34.6410161513773,9.,-13.0000000000004));
#2710=CARTESIAN_POINT('',(-34.6410161513773,18.,-20.0000000000004));
#2711=CARTESIAN_POINT('',(-52.1306815172066,9.,33.5617646221347));
#2712=CARTESIAN_POINT('',(-52.1306815172066,9.,33.5617646221347));
#2713=CARTESIAN_POINT('',(-52.1306815172066,9.,33.5617646221347));
#2714=CARTESIAN_POINT('',(-52.1306815172066,9.,33.5617646221347));
#2715=CARTESIAN_POINT('',(-46.5144194235905,9.,30.3192141905461));
#2716=CARTESIAN_POINT('',(-46.5144194235905,9.,30.3192141905461));
#2717=CARTESIAN_POINT('',(-46.5144194235905,9.,30.3192141905461));
#2718=CARTESIAN_POINT('',(-46.5144194235905,9.,30.3192141905461));
#2719=CARTESIAN_POINT('',(-68.199500548025,9.,39.3749999999992));
#2720=CARTESIAN_POINT('',(-68.199500548025,9.,39.3749999999992));
#2721=CARTESIAN_POINT('',(-68.199500548025,9.,39.3749999999992));
#2722=CARTESIAN_POINT('',(-68.199500548025,9.,39.3749999999992));
#2723=CARTESIAN_POINT('',(0.,9.,0.));
#2724=CARTESIAN_POINT('',(-2.99999999999893,9.,-61.9273768215642));
#2725=CARTESIAN_POINT('',(-2.99999999999893,9.,-61.9273768215642));
#2726=CARTESIAN_POINT('',(-2.99999999999893,9.,-61.9273768215642));
#2727=CARTESIAN_POINT('',(-2.99999999999893,9.,-61.9273768215642));
#2728=CARTESIAN_POINT('',(-2.99999999999904,9.,-55.4422759583867));
#2729=CARTESIAN_POINT('',(-2.99999999999904,9.,-55.4422759583867));
#2730=CARTESIAN_POINT('',(-2.99999999999904,9.,-55.4422759583867));
#2731=CARTESIAN_POINT('',(-2.99999999999904,9.,-55.4422759583867));
#2732=CARTESIAN_POINT('',(1.33226762955019E-12,9.,-78.75));
#2733=CARTESIAN_POINT('',(1.33226762955019E-12,9.,-78.75));
#2734=CARTESIAN_POINT('',(1.33226762955019E-12,9.,-78.75));
#2735=CARTESIAN_POINT('',(1.33226762955019E-12,9.,-78.75));
#2736=CARTESIAN_POINT('',(0.,9.,0.));
#2737=CARTESIAN_POINT('',(55.1306815172056,9.,28.36561219943));
#2738=CARTESIAN_POINT('',(55.1306815172056,9.,28.36561219943));
#2739=CARTESIAN_POINT('',(55.1306815172056,9.,28.36561219943));
#2740=CARTESIAN_POINT('',(55.1306815172056,9.,28.36561219943));
#2741=CARTESIAN_POINT('',(49.5144194235895,9.,25.1230617678411));
#2742=CARTESIAN_POINT('',(49.5144194235895,9.,25.1230617678411));
#2743=CARTESIAN_POINT('',(49.5144194235895,9.,25.1230617678411));
#2744=CARTESIAN_POINT('',(49.5144194235895,9.,25.1230617678411));
#2745=CARTESIAN_POINT('',(68.1995005480237,9.,39.3750000000015));
#2746=CARTESIAN_POINT('',(68.1995005480237,9.,39.3750000000015));
#2747=CARTESIAN_POINT('',(68.1995005480237,9.,39.3750000000015));
#2748=CARTESIAN_POINT('',(68.1995005480237,9.,39.3750000000015));
#2749=CARTESIAN_POINT('',(0.,9.,0.));
#2750=CARTESIAN_POINT('',(-65.1560553640777,0.,-8.00000000000152));
#2751=CARTESIAN_POINT('',(-39.5062309123163,0.,52.4267991556754));
#2752=CARTESIAN_POINT('',(25.6498244517614,0.,60.4267991556776));
#2753=CARTESIAN_POINT('',(65.1560553640777,0.,8.00000000000152));
#2754=CARTESIAN_POINT('',(39.5062309123159,0.,-52.4267991556757));
#2755=CARTESIAN_POINT('',(-25.6498244517619,0.,-60.4267991556774));
#2756=MECHANICAL_DESIGN_GEOMETRIC_PRESENTATION_REPRESENTATION('',(#1618),#2757);
#2757=(
GEOMETRIC_REPRESENTATION_CONTEXT(3)
GLOBAL_UNCERTAINTY_ASSIGNED_CONTEXT((#2758))
GLOBAL_UNIT_ASSIGNED_CONTEXT((#2761,#2760,#2759))
REPRESENTATION_CONTEXT('Part 1','TOP_LEVEL_ASSEMBLY_PART')
);
#2758=UNCERTAINTY_MEASURE_WITH_UNIT(LENGTH_MEASURE(1.E-05),#2761,'DISTANCE_ACCURACY_VALUE','Maximum Tolerance applied to model');
#2759=(
NAMED_UNIT(*)
SI_UNIT($,.STERADIAN.)
SOLID_ANGLE_UNIT()
);
#2760=(
NAMED_UNIT(*)
PLANE_ANGLE_UNIT()
SI_UNIT($,.RADIAN.)
);
#2761=(
LENGTH_UNIT()
NAMED_UNIT(*)
SI_UNIT(.MILLI.,.METRE.)
);
#2762=PRODUCT_DEFINITION_SHAPE('','',#2763);
#2763=PRODUCT_DEFINITION('','',#2765,#2764);
#2764=PRODUCT_DEFINITION_CONTEXT('',#2771,'design');
#2765=PRODUCT_DEFINITION_FORMATION_WITH_SPECIFIED_SOURCE('','',#2767,.NOT_KNOWN.);
#2766=PRODUCT_RELATED_PRODUCT_CATEGORY('','',(#2767));
#2767=PRODUCT('Part 1','Part 1','Part 1',(#2769));
#2768=PRODUCT_CATEGORY('','');
#2769=PRODUCT_CONTEXT('',#2771,'mechanical');
#2770=APPLICATION_PROTOCOL_DEFINITION('international standard','ap242_managed_model_based_3d_engineering',2020,#2771);
#2771=APPLICATION_CONTEXT('managed model based 3d engineering');
ENDSEC;
END-ISO-10303-21;
