ISO-10303-21;
HEADER;
/*Generated by software containing ST-Developer
 * from STEP Tools, Inc. (www.steptools.com) 
 */
/*OPTION: using custom renumber hook */
/*description */
/*implementation_level */
FILE_DESCRIPTION(('STEP AP242 Edition 2','STEP AP242 Edition 2''CAx-IF Rec.Pracs.---Representation and Presentation of Product Manufa
cturing Information (PMI)---4.0---2014-10-13','STEP AP242 Edition 2''CAx-IF Rec.Pracs.---Representation and Presentation of Product Manufa
cturing Information (PMI)---4.0---2014-10-13''CAx-IF Rec.Pracs.---3D Tessellated Geometry---0.4---2014-09-14','STEP AP242 Edition 2''CAx-IF Rec.Pracs.---Representation and Presentation of Product Manufa
cturing Information (PMI)---4.0---2014-10-13''CAx-IF Rec.Pracs.---3D Tessellated Geometry---0.4---2014-09-14''2;1','STEP AP242 Edition 2''CAx-IF Rec.Pracs.---Representation and Presentation of Product Manufa
cturing Information (PMI)---4.0---2014-10-13''CAx-IF Rec.Pracs.---3D Tessellated Geometry---0.4---2014-09-14''2;1''CAx-IF Rec.Pracs.---User Defined Attributes---1.5---2016-08-15'),'2;1');
/*name */
/*time_stamp */
/*author */
/*organization */
/*preprocessor_version */
/*originating_system */
/*authorisation */
FILE_NAME('/vol/tmp/translate-15829139705405474804/Part Studio 1 - Part 1.step','2026-03-25T00:58:23',(''),(''),'ST-DEVELOPER v20','ONSHAPE BY PTC INC, 1.212','  ');
FILE_SCHEMA(('AP242_MANAGED_MODEL_BASED_3D_ENGINEERING_MIM_LF { 1 0 10303 442 3 1 4 }'));
ENDSEC;
DATA;
#10=SHAPE_REPRESENTATION_RELATIONSHIP('','',#433,#11);
#11=ADVANCED_BREP_SHAPE_REPRESENTATION('',(#431),#709);
#12=CYLINDRICAL_SURFACE('',#454,3.);
#13=CYLINDRICAL_SURFACE('',#455,3.);
#14=CYLINDRICAL_SURFACE('',#456,3.);
#15=CYLINDRICAL_SURFACE('',#457,3.);
#16=CYLINDRICAL_SURFACE('',#458,5.);
#17=CYLINDRICAL_SURFACE('',#462,8.);
#18=CYLINDRICAL_SURFACE('',#463,5.);
#19=CYLINDRICAL_SURFACE('',#467,8.);
#20=CYLINDRICAL_SURFACE('',#477,4.);
#21=LINE('',#612,#51);
#22=LINE('',#615,#52);
#23=LINE('',#617,#53);
#24=LINE('',#619,#54);
#25=LINE('',#620,#55);
#26=LINE('',#623,#56);
#27=LINE('',#625,#57);
#28=LINE('',#627,#58);
#29=LINE('',#629,#59);
#30=LINE('',#631,#60);
#31=LINE('',#633,#61);
#32=LINE('',#635,#62);
#33=LINE('',#637,#63);
#34=LINE('',#639,#64);
#35=LINE('',#642,#65);
#36=LINE('',#643,#66);
#37=LINE('',#645,#67);
#38=LINE('',#648,#68);
#39=LINE('',#649,#69);
#40=LINE('',#650,#70);
#41=LINE('',#652,#71);
#42=LINE('',#653,#72);
#43=LINE('',#686,#73);
#44=LINE('',#688,#74);
#45=LINE('',#690,#75);
#46=LINE('',#692,#76);
#47=LINE('',#694,#77);
#48=LINE('',#696,#78);
#49=LINE('',#698,#79);
#50=LINE('',#700,#80);
#51=VECTOR('',#496,1000.);
#52=VECTOR('',#497,1000.);
#53=VECTOR('',#498,1000.);
#54=VECTOR('',#499,1000.);
#55=VECTOR('',#500,1000.);
#56=VECTOR('',#501,1000.);
#57=VECTOR('',#502,1000.);
#58=VECTOR('',#503,1000.);
#59=VECTOR('',#506,1000.);
#60=VECTOR('',#507,1000.);
#61=VECTOR('',#508,1000.);
#62=VECTOR('',#509,1000.);
#63=VECTOR('',#510,1000.);
#64=VECTOR('',#513,1000.);
#65=VECTOR('',#514,1000.);
#66=VECTOR('',#515,1000.);
#67=VECTOR('',#518,1000.);
#68=VECTOR('',#519,1000.);
#69=VECTOR('',#520,1000.);
#70=VECTOR('',#521,1000.);
#71=VECTOR('',#524,1000.);
#72=VECTOR('',#525,1000.);
#73=VECTOR('',#570,1000.);
#74=VECTOR('',#571,1000.);
#75=VECTOR('',#572,1000.);
#76=VECTOR('',#575,1000.);
#77=VECTOR('',#576,1000.);
#78=VECTOR('',#579,1000.);
#79=VECTOR('',#580,1000.);
#80=VECTOR('',#583,1000.);
#81=ORIENTED_EDGE('',*,*,#177,.T.);
#82=ORIENTED_EDGE('',*,*,#178,.T.);
#83=ORIENTED_EDGE('',*,*,#179,.T.);
#84=ORIENTED_EDGE('',*,*,#180,.T.);
#85=ORIENTED_EDGE('',*,*,#181,.T.);
#86=ORIENTED_EDGE('',*,*,#182,.T.);
#87=ORIENTED_EDGE('',*,*,#183,.T.);
#88=ORIENTED_EDGE('',*,*,#184,.T.);
#89=ORIENTED_EDGE('',*,*,#185,.T.);
#90=ORIENTED_EDGE('',*,*,#186,.F.);
#91=ORIENTED_EDGE('',*,*,#187,.T.);
#92=ORIENTED_EDGE('',*,*,#188,.F.);
#93=ORIENTED_EDGE('',*,*,#189,.T.);
#94=ORIENTED_EDGE('',*,*,#190,.T.);
#95=ORIENTED_EDGE('',*,*,#191,.F.);
#96=ORIENTED_EDGE('',*,*,#186,.T.);
#97=ORIENTED_EDGE('',*,*,#192,.T.);
#98=ORIENTED_EDGE('',*,*,#193,.T.);
#99=ORIENTED_EDGE('',*,*,#194,.F.);
#100=ORIENTED_EDGE('',*,*,#195,.F.);
#101=ORIENTED_EDGE('',*,*,#196,.T.);
#102=ORIENTED_EDGE('',*,*,#197,.F.);
#103=ORIENTED_EDGE('',*,*,#198,.T.);
#104=ORIENTED_EDGE('',*,*,#195,.T.);
#105=ORIENTED_EDGE('',*,*,#199,.T.);
#106=ORIENTED_EDGE('',*,*,#200,.F.);
#107=ORIENTED_EDGE('',*,*,#201,.T.);
#108=ORIENTED_EDGE('',*,*,#184,.F.);
#109=ORIENTED_EDGE('',*,*,#202,.T.);
#110=ORIENTED_EDGE('',*,*,#197,.T.);
#111=ORIENTED_EDGE('',*,*,#203,.T.);
#112=ORIENTED_EDGE('',*,*,#193,.F.);
#113=ORIENTED_EDGE('',*,*,#204,.T.);
#114=ORIENTED_EDGE('',*,*,#200,.T.);
#115=ORIENTED_EDGE('',*,*,#205,.F.);
#116=ORIENTED_EDGE('',*,*,#206,.F.);
#117=ORIENTED_EDGE('',*,*,#207,.F.);
#118=ORIENTED_EDGE('',*,*,#208,.F.);
#119=ORIENTED_EDGE('',*,*,#209,.F.);
#120=ORIENTED_EDGE('',*,*,#210,.F.);
#121=ORIENTED_EDGE('',*,*,#211,.F.);
#122=ORIENTED_EDGE('',*,*,#194,.T.);
#123=ORIENTED_EDGE('',*,*,#205,.T.);
#124=ORIENTED_EDGE('',*,*,#203,.F.);
#125=ORIENTED_EDGE('',*,*,#199,.F.);
#126=ORIENTED_EDGE('',*,*,#183,.F.);
#127=ORIENTED_EDGE('',*,*,#211,.T.);
#128=ORIENTED_EDGE('',*,*,#182,.F.);
#129=ORIENTED_EDGE('',*,*,#210,.T.);
#130=ORIENTED_EDGE('',*,*,#181,.F.);
#131=ORIENTED_EDGE('',*,*,#209,.T.);
#132=ORIENTED_EDGE('',*,*,#180,.F.);
#133=ORIENTED_EDGE('',*,*,#208,.T.);
#134=ORIENTED_EDGE('',*,*,#212,.F.);
#135=ORIENTED_EDGE('',*,*,#207,.T.);
#136=ORIENTED_EDGE('',*,*,#212,.T.);
#137=ORIENTED_EDGE('',*,*,#213,.F.);
#138=ORIENTED_EDGE('',*,*,#213,.T.);
#139=ORIENTED_EDGE('',*,*,#179,.F.);
#140=ORIENTED_EDGE('',*,*,#214,.F.);
#141=ORIENTED_EDGE('',*,*,#206,.T.);
#142=ORIENTED_EDGE('',*,*,#214,.T.);
#143=ORIENTED_EDGE('',*,*,#215,.F.);
#144=ORIENTED_EDGE('',*,*,#215,.T.);
#145=ORIENTED_EDGE('',*,*,#178,.F.);
#146=ORIENTED_EDGE('',*,*,#189,.F.);
#147=ORIENTED_EDGE('',*,*,#216,.F.);
#148=ORIENTED_EDGE('',*,*,#217,.T.);
#149=ORIENTED_EDGE('',*,*,#218,.T.);
#150=ORIENTED_EDGE('',*,*,#188,.T.);
#151=ORIENTED_EDGE('',*,*,#219,.F.);
#152=ORIENTED_EDGE('',*,*,#220,.F.);
#153=ORIENTED_EDGE('',*,*,#216,.T.);
#154=ORIENTED_EDGE('',*,*,#191,.T.);
#155=ORIENTED_EDGE('',*,*,#221,.F.);
#156=ORIENTED_EDGE('',*,*,#222,.F.);
#157=ORIENTED_EDGE('',*,*,#219,.T.);
#158=ORIENTED_EDGE('',*,*,#190,.F.);
#159=ORIENTED_EDGE('',*,*,#218,.F.);
#160=ORIENTED_EDGE('',*,*,#223,.T.);
#161=ORIENTED_EDGE('',*,*,#221,.T.);
#162=ORIENTED_EDGE('',*,*,#217,.F.);
#163=ORIENTED_EDGE('',*,*,#220,.T.);
#164=ORIENTED_EDGE('',*,*,#222,.T.);
#165=ORIENTED_EDGE('',*,*,#223,.F.);
#166=ORIENTED_EDGE('',*,*,#192,.F.);
#167=ORIENTED_EDGE('',*,*,#185,.F.);
#168=ORIENTED_EDGE('',*,*,#201,.F.);
#169=ORIENTED_EDGE('',*,*,#204,.F.);
#170=ORIENTED_EDGE('',*,*,#196,.F.);
#171=ORIENTED_EDGE('',*,*,#198,.F.);
#172=ORIENTED_EDGE('',*,*,#202,.F.);
#173=ORIENTED_EDGE('',*,*,#187,.F.);
#174=ORIENTED_EDGE('',*,*,#224,.F.);
#175=ORIENTED_EDGE('',*,*,#224,.T.);
#176=ORIENTED_EDGE('',*,*,#177,.F.);
#177=EDGE_CURVE('',#225,#225,#263,.T.);
#178=EDGE_CURVE('',#226,#226,#264,.T.);
#179=EDGE_CURVE('',#227,#227,#265,.T.);
#180=EDGE_CURVE('',#228,#228,#266,.T.);
#181=EDGE_CURVE('',#229,#229,#267,.T.);
#182=EDGE_CURVE('',#230,#230,#268,.T.);
#183=EDGE_CURVE('',#231,#231,#269,.T.);
#184=EDGE_CURVE('',#232,#233,#21,.T.);
#185=EDGE_CURVE('',#233,#234,#22,.T.);
#186=EDGE_CURVE('',#235,#234,#23,.T.);
#187=EDGE_CURVE('',#235,#232,#24,.T.);
#188=EDGE_CURVE('',#236,#237,#25,.T.);
#189=EDGE_CURVE('',#236,#238,#26,.T.);
#190=EDGE_CURVE('',#238,#239,#27,.T.);
#191=EDGE_CURVE('',#237,#239,#28,.T.);
#192=EDGE_CURVE('',#234,#240,#29,.F.);
#193=EDGE_CURVE('',#240,#241,#30,.T.);
#194=EDGE_CURVE('',#242,#241,#31,.T.);
#195=EDGE_CURVE('',#243,#242,#32,.T.);
#196=EDGE_CURVE('',#243,#235,#33,.T.);
#197=EDGE_CURVE('',#244,#245,#34,.T.);
#198=EDGE_CURVE('',#244,#243,#35,.T.);
#199=EDGE_CURVE('',#242,#245,#36,.T.);
#200=EDGE_CURVE('',#246,#247,#37,.T.);
#201=EDGE_CURVE('',#246,#233,#38,.F.);
#202=EDGE_CURVE('',#232,#244,#39,.T.);
#203=EDGE_CURVE('',#245,#247,#40,.T.);
#204=EDGE_CURVE('',#240,#246,#41,.T.);
#205=EDGE_CURVE('',#241,#247,#42,.T.);
#206=EDGE_CURVE('',#248,#248,#270,.F.);
#207=EDGE_CURVE('',#249,#249,#271,.F.);
#208=EDGE_CURVE('',#250,#250,#272,.F.);
#209=EDGE_CURVE('',#251,#251,#273,.F.);
#210=EDGE_CURVE('',#252,#252,#274,.F.);
#211=EDGE_CURVE('',#253,#253,#275,.F.);
#212=EDGE_CURVE('',#254,#254,#276,.T.);
#213=EDGE_CURVE('',#255,#255,#277,.T.);
#214=EDGE_CURVE('',#256,#256,#278,.T.);
#215=EDGE_CURVE('',#257,#257,#279,.T.);
#216=EDGE_CURVE('',#258,#236,#43,.T.);
#217=EDGE_CURVE('',#258,#259,#44,.T.);
#218=EDGE_CURVE('',#259,#238,#45,.T.);
#219=EDGE_CURVE('',#260,#237,#46,.T.);
#220=EDGE_CURVE('',#258,#260,#47,.T.);
#221=EDGE_CURVE('',#261,#239,#48,.T.);
#222=EDGE_CURVE('',#260,#261,#49,.T.);
#223=EDGE_CURVE('',#259,#261,#50,.T.);
#224=EDGE_CURVE('',#262,#262,#280,.T.);
#225=VERTEX_POINT('',#599);
#226=VERTEX_POINT('',#601);
#227=VERTEX_POINT('',#603);
#228=VERTEX_POINT('',#605);
#229=VERTEX_POINT('',#607);
#230=VERTEX_POINT('',#609);
#231=VERTEX_POINT('',#611);
#232=VERTEX_POINT('',#613);
#233=VERTEX_POINT('',#614);
#234=VERTEX_POINT('',#616);
#235=VERTEX_POINT('',#618);
#236=VERTEX_POINT('',#621);
#237=VERTEX_POINT('',#622);
#238=VERTEX_POINT('',#624);
#239=VERTEX_POINT('',#626);
#240=VERTEX_POINT('',#630);
#241=VERTEX_POINT('',#632);
#242=VERTEX_POINT('',#634);
#243=VERTEX_POINT('',#636);
#244=VERTEX_POINT('',#640);
#245=VERTEX_POINT('',#641);
#246=VERTEX_POINT('',#646);
#247=VERTEX_POINT('',#647);
#248=VERTEX_POINT('',#656);
#249=VERTEX_POINT('',#658);
#250=VERTEX_POINT('',#660);
#251=VERTEX_POINT('',#662);
#252=VERTEX_POINT('',#664);
#253=VERTEX_POINT('',#666);
#254=VERTEX_POINT('',#673);
#255=VERTEX_POINT('',#676);
#256=VERTEX_POINT('',#680);
#257=VERTEX_POINT('',#683);
#258=VERTEX_POINT('',#687);
#259=VERTEX_POINT('',#689);
#260=VERTEX_POINT('',#693);
#261=VERTEX_POINT('',#697);
#262=VERTEX_POINT('',#706);
#263=CIRCLE('',#436,4.);
#264=CIRCLE('',#437,8.);
#265=CIRCLE('',#438,8.);
#266=CIRCLE('',#439,3.);
#267=CIRCLE('',#440,3.);
#268=CIRCLE('',#441,3.);
#269=CIRCLE('',#442,3.);
#270=CIRCLE('',#448,5.);
#271=CIRCLE('',#449,5.);
#272=CIRCLE('',#450,3.);
#273=CIRCLE('',#451,3.);
#274=CIRCLE('',#452,3.);
#275=CIRCLE('',#453,3.);
#276=CIRCLE('',#459,5.);
#277=CIRCLE('',#461,8.);
#278=CIRCLE('',#464,5.);
#279=CIRCLE('',#466,8.);
#280=CIRCLE('',#476,4.);
#281=EDGE_LOOP('',(#81));
#282=EDGE_LOOP('',(#82));
#283=EDGE_LOOP('',(#83));
#284=EDGE_LOOP('',(#84));
#285=EDGE_LOOP('',(#85));
#286=EDGE_LOOP('',(#86));
#287=EDGE_LOOP('',(#87));
#288=EDGE_LOOP('',(#88,#89,#90,#91));
#289=EDGE_LOOP('',(#92,#93,#94,#95));
#290=EDGE_LOOP('',(#96,#97,#98,#99,#100,#101));
#291=EDGE_LOOP('',(#102,#103,#104,#105));
#292=EDGE_LOOP('',(#106,#107,#108,#109,#110,#111));
#293=EDGE_LOOP('',(#112,#113,#114,#115));
#294=EDGE_LOOP('',(#116));
#295=EDGE_LOOP('',(#117));
#296=EDGE_LOOP('',(#118));
#297=EDGE_LOOP('',(#119));
#298=EDGE_LOOP('',(#120));
#299=EDGE_LOOP('',(#121));
#300=EDGE_LOOP('',(#122,#123,#124,#125));
#301=EDGE_LOOP('',(#126));
#302=EDGE_LOOP('',(#127));
#303=EDGE_LOOP('',(#128));
#304=EDGE_LOOP('',(#129));
#305=EDGE_LOOP('',(#130));
#306=EDGE_LOOP('',(#131));
#307=EDGE_LOOP('',(#132));
#308=EDGE_LOOP('',(#133));
#309=EDGE_LOOP('',(#134));
#310=EDGE_LOOP('',(#135));
#311=EDGE_LOOP('',(#136));
#312=EDGE_LOOP('',(#137));
#313=EDGE_LOOP('',(#138));
#314=EDGE_LOOP('',(#139));
#315=EDGE_LOOP('',(#140));
#316=EDGE_LOOP('',(#141));
#317=EDGE_LOOP('',(#142));
#318=EDGE_LOOP('',(#143));
#319=EDGE_LOOP('',(#144));
#320=EDGE_LOOP('',(#145));
#321=EDGE_LOOP('',(#146,#147,#148,#149));
#322=EDGE_LOOP('',(#150,#151,#152,#153));
#323=EDGE_LOOP('',(#154,#155,#156,#157));
#324=EDGE_LOOP('',(#158,#159,#160,#161));
#325=EDGE_LOOP('',(#162,#163,#164,#165));
#326=EDGE_LOOP('',(#166,#167,#168,#169));
#327=EDGE_LOOP('',(#170,#171,#172,#173));
#328=EDGE_LOOP('',(#174));
#329=EDGE_LOOP('',(#175));
#330=EDGE_LOOP('',(#176));
#331=FACE_BOUND('',#281,.T.);
#332=FACE_BOUND('',#282,.T.);
#333=FACE_BOUND('',#283,.T.);
#334=FACE_BOUND('',#284,.T.);
#335=FACE_BOUND('',#285,.T.);
#336=FACE_BOUND('',#286,.T.);
#337=FACE_BOUND('',#287,.T.);
#338=FACE_BOUND('',#288,.T.);
#339=FACE_BOUND('',#289,.T.);
#340=FACE_BOUND('',#290,.T.);
#341=FACE_BOUND('',#291,.T.);
#342=FACE_BOUND('',#292,.T.);
#343=FACE_BOUND('',#293,.T.);
#344=FACE_BOUND('',#294,.T.);
#345=FACE_BOUND('',#295,.T.);
#346=FACE_BOUND('',#296,.T.);
#347=FACE_BOUND('',#297,.T.);
#348=FACE_BOUND('',#298,.T.);
#349=FACE_BOUND('',#299,.T.);
#350=FACE_BOUND('',#300,.T.);
#351=FACE_BOUND('',#301,.T.);
#352=FACE_BOUND('',#302,.T.);
#353=FACE_BOUND('',#303,.T.);
#354=FACE_BOUND('',#304,.T.);
#355=FACE_BOUND('',#305,.T.);
#356=FACE_BOUND('',#306,.T.);
#357=FACE_BOUND('',#307,.T.);
#358=FACE_BOUND('',#308,.T.);
#359=FACE_BOUND('',#309,.T.);
#360=FACE_BOUND('',#310,.T.);
#361=FACE_BOUND('',#311,.T.);
#362=FACE_BOUND('',#312,.T.);
#363=FACE_BOUND('',#313,.T.);
#364=FACE_BOUND('',#314,.T.);
#365=FACE_BOUND('',#315,.T.);
#366=FACE_BOUND('',#316,.T.);
#367=FACE_BOUND('',#317,.T.);
#368=FACE_BOUND('',#318,.T.);
#369=FACE_BOUND('',#319,.T.);
#370=FACE_BOUND('',#320,.T.);
#371=FACE_BOUND('',#321,.T.);
#372=FACE_BOUND('',#322,.T.);
#373=FACE_BOUND('',#323,.T.);
#374=FACE_BOUND('',#324,.T.);
#375=FACE_BOUND('',#325,.T.);
#376=FACE_BOUND('',#326,.T.);
#377=FACE_BOUND('',#327,.T.);
#378=FACE_BOUND('',#328,.T.);
#379=FACE_BOUND('',#329,.T.);
#380=FACE_BOUND('',#330,.T.);
#381=PLANE('',#435);
#382=PLANE('',#443);
#383=PLANE('',#444);
#384=PLANE('',#445);
#385=PLANE('',#446);
#386=PLANE('',#447);
#387=PLANE('',#460);
#388=PLANE('',#465);
#389=PLANE('',#468);
#390=PLANE('',#469);
#391=PLANE('',#470);
#392=PLANE('',#471);
#393=PLANE('',#472);
#394=PLANE('',#473);
#395=PLANE('',#474);
#396=PLANE('',#475);
#397=ADVANCED_FACE('',(#331,#332,#333,#334,#335,#336,#337,#338,#339),#381,.T.);
#398=ADVANCED_FACE('',(#340),#382,.T.);
#399=ADVANCED_FACE('',(#341),#383,.F.);
#400=ADVANCED_FACE('',(#342),#384,.F.);
#401=ADVANCED_FACE('',(#343),#385,.T.);
#402=ADVANCED_FACE('',(#344,#345,#346,#347,#348,#349,#350),#386,.F.);
#403=ADVANCED_FACE('',(#351,#352),#12,.F.);
#404=ADVANCED_FACE('',(#353,#354),#13,.F.);
#405=ADVANCED_FACE('',(#355,#356),#14,.F.);
#406=ADVANCED_FACE('',(#357,#358),#15,.F.);
#407=ADVANCED_FACE('',(#359,#360),#16,.F.);
#408=ADVANCED_FACE('',(#361,#362),#387,.T.);
#409=ADVANCED_FACE('',(#363,#364),#17,.F.);
#410=ADVANCED_FACE('',(#365,#366),#18,.F.);
#411=ADVANCED_FACE('',(#367,#368),#388,.T.);
#412=ADVANCED_FACE('',(#369,#370),#19,.F.);
#413=ADVANCED_FACE('',(#371),#389,.T.);
#414=ADVANCED_FACE('',(#372),#390,.F.);
#415=ADVANCED_FACE('',(#373),#391,.F.);
#416=ADVANCED_FACE('',(#374),#392,.T.);
#417=ADVANCED_FACE('',(#375),#393,.T.);
#418=ADVANCED_FACE('',(#376),#394,.F.);
#419=ADVANCED_FACE('',(#377),#395,.T.);
#420=ADVANCED_FACE('',(#378),#396,.T.);
#421=ADVANCED_FACE('',(#379,#380),#20,.F.);
#422=CLOSED_SHELL('',(#397,#398,#399,#400,#401,#402,#403,#404,#405,#406,#407,#408,#409,#410,#411,#412,#413,#414,#415,#416,#417,#418,#419,#420,#421));
#423=STYLED_ITEM('',(#424),#431);
#424=PRESENTATION_STYLE_ASSIGNMENT((#425));
#425=SURFACE_STYLE_USAGE(.BOTH.,#426);
#426=SURFACE_SIDE_STYLE('',(#427));
#427=SURFACE_STYLE_FILL_AREA(#428);
#428=FILL_AREA_STYLE('',(#429));
#429=FILL_AREA_STYLE_COLOUR('',#430);
#430=COLOUR_RGB('',0.615686274509804,0.811764705882353,0.929411764705882);
#431=MANIFOLD_SOLID_BREP('Part 1',#422);
#432=SHAPE_DEFINITION_REPRESENTATION(#714,#433);
#433=SHAPE_REPRESENTATION('Part 1',(#434),#709);
#434=AXIS2_PLACEMENT_3D('',#596,#478,#479);
#435=AXIS2_PLACEMENT_3D('',#597,#480,#481);
#436=AXIS2_PLACEMENT_3D('',#598,#482,#483);
#437=AXIS2_PLACEMENT_3D('',#600,#484,#485);
#438=AXIS2_PLACEMENT_3D('',#602,#486,#487);
#439=AXIS2_PLACEMENT_3D('',#604,#488,#489);
#440=AXIS2_PLACEMENT_3D('',#606,#490,#491);
#441=AXIS2_PLACEMENT_3D('',#608,#492,#493);
#442=AXIS2_PLACEMENT_3D('',#610,#494,#495);
#443=AXIS2_PLACEMENT_3D('',#628,#504,#505);
#444=AXIS2_PLACEMENT_3D('',#638,#511,#512);
#445=AXIS2_PLACEMENT_3D('',#644,#516,#517);
#446=AXIS2_PLACEMENT_3D('',#651,#522,#523);
#447=AXIS2_PLACEMENT_3D('',#654,#526,#527);
#448=AXIS2_PLACEMENT_3D('',#655,#528,#529);
#449=AXIS2_PLACEMENT_3D('',#657,#530,#531);
#450=AXIS2_PLACEMENT_3D('',#659,#532,#533);
#451=AXIS2_PLACEMENT_3D('',#661,#534,#535);
#452=AXIS2_PLACEMENT_3D('',#663,#536,#537);
#453=AXIS2_PLACEMENT_3D('',#665,#538,#539);
#454=AXIS2_PLACEMENT_3D('',#667,#540,#541);
#455=AXIS2_PLACEMENT_3D('',#668,#542,#543);
#456=AXIS2_PLACEMENT_3D('',#669,#544,#545);
#457=AXIS2_PLACEMENT_3D('',#670,#546,#547);
#458=AXIS2_PLACEMENT_3D('',#671,#548,#549);
#459=AXIS2_PLACEMENT_3D('',#672,#550,#551);
#460=AXIS2_PLACEMENT_3D('',#674,#552,#553);
#461=AXIS2_PLACEMENT_3D('',#675,#554,#555);
#462=AXIS2_PLACEMENT_3D('',#677,#556,#557);
#463=AXIS2_PLACEMENT_3D('',#678,#558,#559);
#464=AXIS2_PLACEMENT_3D('',#679,#560,#561);
#465=AXIS2_PLACEMENT_3D('',#681,#562,#563);
#466=AXIS2_PLACEMENT_3D('',#682,#564,#565);
#467=AXIS2_PLACEMENT_3D('',#684,#566,#567);
#468=AXIS2_PLACEMENT_3D('',#685,#568,#569);
#469=AXIS2_PLACEMENT_3D('',#691,#573,#574);
#470=AXIS2_PLACEMENT_3D('',#695,#577,#578);
#471=AXIS2_PLACEMENT_3D('',#699,#581,#582);
#472=AXIS2_PLACEMENT_3D('',#701,#584,#585);
#473=AXIS2_PLACEMENT_3D('',#702,#586,#587);
#474=AXIS2_PLACEMENT_3D('',#703,#588,#589);
#475=AXIS2_PLACEMENT_3D('',#704,#590,#591);
#476=AXIS2_PLACEMENT_3D('',#705,#592,#593);
#477=AXIS2_PLACEMENT_3D('',#707,#594,#595);
#478=DIRECTION('',(0.,0.,1.));
#479=DIRECTION('',(1.,0.,0.));
#480=DIRECTION('',(0.,0.,1.));
#481=DIRECTION('',(1.,0.,0.));
#482=DIRECTION('',(0.,0.,-1.));
#483=DIRECTION('',(-1.,0.,0.));
#484=DIRECTION('',(0.,0.,-1.));
#485=DIRECTION('',(-1.,0.,0.));
#486=DIRECTION('',(0.,0.,-1.));
#487=DIRECTION('',(-1.,0.,0.));
#488=DIRECTION('',(0.,0.,-1.));
#489=DIRECTION('',(-1.,0.,0.));
#490=DIRECTION('',(0.,0.,-1.));
#491=DIRECTION('',(-1.,0.,0.));
#492=DIRECTION('',(0.,0.,-1.));
#493=DIRECTION('',(-1.,0.,0.));
#494=DIRECTION('',(0.,0.,-1.));
#495=DIRECTION('',(-1.,0.,0.));
#496=DIRECTION('',(1.85037170770859E-16,-1.,0.));
#497=DIRECTION('',(1.,0.,0.));
#498=DIRECTION('',(1.85037170770859E-16,-1.,0.));
#499=DIRECTION('',(-1.,0.,0.));
#500=DIRECTION('',(-1.,3.90312782094781E-16,0.));
#501=DIRECTION('',(-2.31296463463574E-16,-1.,0.));
#502=DIRECTION('',(-1.,1.7347234759768E-16,0.));
#503=DIRECTION('',(-2.31296463463574E-16,-1.,0.));
#504=DIRECTION('',(1.,1.85037170770859E-16,0.));
#505=DIRECTION('',(-1.85037170770859E-16,1.,0.));
#506=DIRECTION('',(-1.30841038223648E-16,0.707106781186548,0.707106781186548));
#507=DIRECTION('',(0.,0.,-1.));
#508=DIRECTION('',(1.85037170770859E-16,-1.,0.));
#509=DIRECTION('',(0.,0.,-1.));
#510=DIRECTION('',(1.30841038223648E-16,-0.707106781186548,0.707106781186548));
#511=DIRECTION('',(0.,-1.,0.));
#512=DIRECTION('',(0.,0.,-1.));
#513=DIRECTION('',(0.,0.,-1.));
#514=DIRECTION('',(1.,0.,0.));
#515=DIRECTION('',(-1.,0.,0.));
#516=DIRECTION('',(1.,1.85037170770859E-16,0.));
#517=DIRECTION('',(-1.85037170770859E-16,1.,0.));
#518=DIRECTION('',(0.,0.,-1.));
#519=DIRECTION('',(1.30841038223648E-16,-0.707106781186548,-0.707106781186548));
#520=DIRECTION('',(-1.30841038223648E-16,0.707106781186548,-0.707106781186548));
#521=DIRECTION('',(1.85037170770859E-16,-1.,0.));
#522=DIRECTION('',(0.,-1.,0.));
#523=DIRECTION('',(0.,0.,-1.));
#524=DIRECTION('',(-1.,0.,0.));
#525=DIRECTION('',(-1.,0.,0.));
#526=DIRECTION('',(0.,0.,1.));
#527=DIRECTION('',(1.,0.,0.));
#528=DIRECTION('',(0.,0.,1.));
#529=DIRECTION('',(1.,0.,0.));
#530=DIRECTION('',(0.,0.,1.));
#531=DIRECTION('',(1.,0.,0.));
#532=DIRECTION('',(0.,0.,1.));
#533=DIRECTION('',(1.,0.,0.));
#534=DIRECTION('',(0.,0.,1.));
#535=DIRECTION('',(1.,0.,0.));
#536=DIRECTION('',(0.,0.,1.));
#537=DIRECTION('',(1.,0.,0.));
#538=DIRECTION('',(0.,0.,1.));
#539=DIRECTION('',(1.,0.,0.));
#540=DIRECTION('',(0.,0.,-1.));
#541=DIRECTION('',(-1.,0.,0.));
#542=DIRECTION('',(0.,0.,-1.));
#543=DIRECTION('',(-1.,0.,0.));
#544=DIRECTION('',(0.,0.,-1.));
#545=DIRECTION('',(-1.,0.,0.));
#546=DIRECTION('',(0.,0.,-1.));
#547=DIRECTION('',(-1.,0.,0.));
#548=DIRECTION('',(0.,0.,-1.));
#549=DIRECTION('',(-1.,0.,0.));
#550=DIRECTION('',(0.,0.,-1.));
#551=DIRECTION('',(-1.,0.,0.));
#552=DIRECTION('',(0.,0.,1.));
#553=DIRECTION('',(1.,0.,0.));
#554=DIRECTION('',(0.,0.,-1.));
#555=DIRECTION('',(-1.,0.,0.));
#556=DIRECTION('',(0.,0.,-1.));
#557=DIRECTION('',(-1.,0.,0.));
#558=DIRECTION('',(0.,0.,-1.));
#559=DIRECTION('',(-1.,0.,0.));
#560=DIRECTION('',(0.,0.,-1.));
#561=DIRECTION('',(-1.,0.,0.));
#562=DIRECTION('',(0.,0.,1.));
#563=DIRECTION('',(1.,0.,0.));
#564=DIRECTION('',(0.,0.,-1.));
#565=DIRECTION('',(-1.,0.,0.));
#566=DIRECTION('',(0.,0.,-1.));
#567=DIRECTION('',(-1.,0.,0.));
#568=DIRECTION('',(-1.,2.31296463463574E-16,0.));
#569=DIRECTION('',(-2.31296463463574E-16,-1.,0.));
#570=DIRECTION('',(0.,0.,1.));
#571=DIRECTION('',(-2.31296463463574E-16,-1.,0.));
#572=DIRECTION('',(0.,0.,1.));
#573=DIRECTION('',(3.90312782094781E-16,1.,0.));
#574=DIRECTION('',(-1.,3.90312782094781E-16,0.));
#575=DIRECTION('',(0.,0.,1.));
#576=DIRECTION('',(-1.,3.90312782094781E-16,0.));
#577=DIRECTION('',(-1.,2.31296463463574E-16,0.));
#578=DIRECTION('',(-2.31296463463574E-16,-1.,0.));
#579=DIRECTION('',(0.,0.,1.));
#580=DIRECTION('',(-2.31296463463574E-16,-1.,0.));
#581=DIRECTION('',(1.7347234759768E-16,1.,0.));
#582=DIRECTION('',(-1.,1.7347234759768E-16,0.));
#583=DIRECTION('',(-1.,1.7347234759768E-16,0.));
#584=DIRECTION('',(0.,0.,1.));
#585=DIRECTION('',(1.,0.,0.));
#586=DIRECTION('',(0.,0.707106781186548,-0.707106781186548));
#587=DIRECTION('',(-1.,0.,0.));
#588=DIRECTION('',(0.,0.707106781186548,0.707106781186548));
#589=DIRECTION('',(1.,0.,0.));
#590=DIRECTION('',(0.,0.,1.));
#591=DIRECTION('',(1.,0.,0.));
#592=DIRECTION('',(0.,0.,-1.));
#593=DIRECTION('',(-1.,0.,0.));
#594=DIRECTION('',(0.,0.,-1.));
#595=DIRECTION('',(-1.,0.,0.));
#596=CARTESIAN_POINT('',(0.,0.,0.));
#597=CARTESIAN_POINT('',(0.,0.,25.));
#598=CARTESIAN_POINT('',(0.,0.,25.));
#599=CARTESIAN_POINT('',(-4.,0.,25.));
#600=CARTESIAN_POINT('',(-20.,-5.59666816347111E-15,25.));
#601=CARTESIAN_POINT('',(-28.,-5.59666816347111E-15,25.));
#602=CARTESIAN_POINT('',(20.,-5.59666816347111E-15,25.));
#603=CARTESIAN_POINT('',(12.,-5.59666816347111E-15,25.));
#604=CARTESIAN_POINT('',(-35.,-25.,25.));
#605=CARTESIAN_POINT('',(-38.,-25.,25.));
#606=CARTESIAN_POINT('',(35.,-25.,25.));
#607=CARTESIAN_POINT('',(32.,-25.,25.));
#608=CARTESIAN_POINT('',(35.,25.,25.));
#609=CARTESIAN_POINT('',(32.,25.,25.));
#610=CARTESIAN_POINT('',(-35.,25.,25.));
#611=CARTESIAN_POINT('',(-38.,25.,25.));
#612=CARTESIAN_POINT('',(-50.,0.,25.));
#613=CARTESIAN_POINT('',(-50.,35.5,25.));
#614=CARTESIAN_POINT('',(-50.,-35.5,25.));
#615=CARTESIAN_POINT('',(0.,-35.5,25.));
#616=CARTESIAN_POINT('',(50.,-35.5,25.));
#617=CARTESIAN_POINT('',(50.,0.,25.));
#618=CARTESIAN_POINT('',(50.,35.5,25.));
#619=CARTESIAN_POINT('',(-50.,35.5,25.));
#620=CARTESIAN_POINT('',(3.46944695195361E-15,-15.5,25.));
#621=CARTESIAN_POINT('',(20.,-15.5,25.));
#622=CARTESIAN_POINT('',(-20.,-15.5,25.));
#623=CARTESIAN_POINT('',(20.,-23.,25.));
#624=CARTESIAN_POINT('',(20.,-30.5,25.));
#625=CARTESIAN_POINT('',(0.,-30.5,25.));
#626=CARTESIAN_POINT('',(-20.,-30.5,25.));
#627=CARTESIAN_POINT('',(-20.,-23.,25.));
#628=CARTESIAN_POINT('',(50.,0.,25.));
#629=CARTESIAN_POINT('',(50.,-17.75,42.75));
#630=CARTESIAN_POINT('',(50.,-37.5,23.));
#631=CARTESIAN_POINT('',(50.,-37.5,25.));
#632=CARTESIAN_POINT('',(50.,-37.5,0.));
#633=CARTESIAN_POINT('',(50.,0.,0.));
#634=CARTESIAN_POINT('',(50.,37.5,0.));
#635=CARTESIAN_POINT('',(50.,37.5,25.));
#636=CARTESIAN_POINT('',(50.,37.5,23.));
#637=CARTESIAN_POINT('',(50.,17.75,42.75));
#638=CARTESIAN_POINT('',(-6.93889390390723E-15,37.5,25.));
#639=CARTESIAN_POINT('',(-50.,37.5,25.));
#640=CARTESIAN_POINT('',(-50.,37.5,23.));
#641=CARTESIAN_POINT('',(-50.,37.5,0.));
#642=CARTESIAN_POINT('',(50.,37.5,23.));
#643=CARTESIAN_POINT('',(-6.93889390390723E-15,37.5,0.));
#644=CARTESIAN_POINT('',(-50.,0.,25.));
#645=CARTESIAN_POINT('',(-50.,-37.5,25.));
#646=CARTESIAN_POINT('',(-50.,-37.5,23.));
#647=CARTESIAN_POINT('',(-50.,-37.5,0.));
#648=CARTESIAN_POINT('',(-50.,-37.5,23.));
#649=CARTESIAN_POINT('',(-50.,35.5,25.));
#650=CARTESIAN_POINT('',(-50.,0.,0.));
#651=CARTESIAN_POINT('',(6.93889390390723E-15,-37.5,25.));
#652=CARTESIAN_POINT('',(6.93889390390723E-15,-37.5,23.));
#653=CARTESIAN_POINT('',(6.93889390390723E-15,-37.5,0.));
#654=CARTESIAN_POINT('',(0.,0.,0.));
#655=CARTESIAN_POINT('',(-20.,-5.59666816347111E-15,0.));
#656=CARTESIAN_POINT('',(-15.,-5.59666816347111E-15,0.));
#657=CARTESIAN_POINT('',(20.,-5.59666816347111E-15,0.));
#658=CARTESIAN_POINT('',(25.,-5.59666816347111E-15,0.));
#659=CARTESIAN_POINT('',(-35.,-25.,0.));
#660=CARTESIAN_POINT('',(-32.,-25.,0.));
#661=CARTESIAN_POINT('',(35.,-25.,0.));
#662=CARTESIAN_POINT('',(38.,-25.,0.));
#663=CARTESIAN_POINT('',(35.,25.,0.));
#664=CARTESIAN_POINT('',(38.,25.,0.));
#665=CARTESIAN_POINT('',(-35.,25.,0.));
#666=CARTESIAN_POINT('',(-32.,25.,0.));
#667=CARTESIAN_POINT('',(-35.,25.,25.));
#668=CARTESIAN_POINT('',(35.,25.,25.));
#669=CARTESIAN_POINT('',(35.,-25.,25.));
#670=CARTESIAN_POINT('',(-35.,-25.,25.));
#671=CARTESIAN_POINT('',(20.,-5.59666816347111E-15,25.));
#672=CARTESIAN_POINT('',(20.,-5.59666816347111E-15,20.));
#673=CARTESIAN_POINT('',(15.,-5.59666816347111E-15,20.));
#674=CARTESIAN_POINT('',(28.,-5.59666816347111E-15,20.));
#675=CARTESIAN_POINT('',(20.,-5.59666816347111E-15,20.));
#676=CARTESIAN_POINT('',(12.,-5.59666816347111E-15,20.));
#677=CARTESIAN_POINT('',(20.,-5.59666816347111E-15,25.));
#678=CARTESIAN_POINT('',(-20.,-5.59666816347111E-15,25.));
#679=CARTESIAN_POINT('',(-20.,-5.59666816347111E-15,20.));
#680=CARTESIAN_POINT('',(-25.,-5.59666816347111E-15,20.));
#681=CARTESIAN_POINT('',(-12.,-5.59666816347111E-15,20.));
#682=CARTESIAN_POINT('',(-20.,-5.59666816347111E-15,20.));
#683=CARTESIAN_POINT('',(-28.,-5.59666816347111E-15,20.));
#684=CARTESIAN_POINT('',(-20.,-5.59666816347111E-15,25.));
#685=CARTESIAN_POINT('',(20.,-23.,17.));
#686=CARTESIAN_POINT('',(20.,-15.5,17.));
#687=CARTESIAN_POINT('',(20.,-15.5,17.));
#688=CARTESIAN_POINT('',(20.,-23.,17.));
#689=CARTESIAN_POINT('',(20.,-30.5,17.));
#690=CARTESIAN_POINT('',(20.,-30.5,17.));
#691=CARTESIAN_POINT('',(3.46944695195361E-15,-15.5,17.));
#692=CARTESIAN_POINT('',(-20.,-15.5,17.));
#693=CARTESIAN_POINT('',(-20.,-15.5,17.));
#694=CARTESIAN_POINT('',(3.46944695195361E-15,-15.5,17.));
#695=CARTESIAN_POINT('',(-20.,-23.,17.));
#696=CARTESIAN_POINT('',(-20.,-30.5,17.));
#697=CARTESIAN_POINT('',(-20.,-30.5,17.));
#698=CARTESIAN_POINT('',(-20.,-23.,17.));
#699=CARTESIAN_POINT('',(0.,-30.5,17.));
#700=CARTESIAN_POINT('',(0.,-30.5,17.));
#701=CARTESIAN_POINT('',(0.,0.,17.));
#702=CARTESIAN_POINT('',(6.93889390390723E-15,-37.5,23.));
#703=CARTESIAN_POINT('',(0.,35.5,25.));
#704=CARTESIAN_POINT('',(4.,0.,10.));
#705=CARTESIAN_POINT('',(0.,0.,10.));
#706=CARTESIAN_POINT('',(-4.,0.,10.));
#707=CARTESIAN_POINT('',(0.,0.,25.));
#708=MECHANICAL_DESIGN_GEOMETRIC_PRESENTATION_REPRESENTATION('',(#423),#709);
#709=(
GEOMETRIC_REPRESENTATION_CONTEXT(3)
GLOBAL_UNCERTAINTY_ASSIGNED_CONTEXT((#710))
GLOBAL_UNIT_ASSIGNED_CONTEXT((#713,#712,#711))
REPRESENTATION_CONTEXT('Part 1','TOP_LEVEL_ASSEMBLY_PART')
);
#710=UNCERTAINTY_MEASURE_WITH_UNIT(LENGTH_MEASURE(1.E-05),#713,'DISTANCE_ACCURACY_VALUE','Maximum Tolerance applied to model');
#711=(
NAMED_UNIT(*)
SI_UNIT($,.STERADIAN.)
SOLID_ANGLE_UNIT()
);
#712=(
NAMED_UNIT(*)
PLANE_ANGLE_UNIT()
SI_UNIT($,.RADIAN.)
);
#713=(
LENGTH_UNIT()
NAMED_UNIT(*)
SI_UNIT(.MILLI.,.METRE.)
);
#714=PRODUCT_DEFINITION_SHAPE('','',#715);
#715=PRODUCT_DEFINITION('','',#717,#716);
#716=PRODUCT_DEFINITION_CONTEXT('',#723,'design');
#717=PRODUCT_DEFINITION_FORMATION_WITH_SPECIFIED_SOURCE('','',#719,.NOT_KNOWN.);
#718=PRODUCT_RELATED_PRODUCT_CATEGORY('','',(#719));
#719=PRODUCT('Part 1','Part 1','Part 1',(#721));
#720=PRODUCT_CATEGORY('','');
#721=PRODUCT_CONTEXT('',#723,'mechanical');
#722=APPLICATION_PROTOCOL_DEFINITION('international standard','ap242_managed_model_based_3d_engineering',2020,#723);
#723=APPLICATION_CONTEXT('managed model based 3d engineering');
#724=COMPOSITE_SHAPE_ASPECT('hole_callout.FNoOguKheKutjVq_1.JHD.0',$,#714,$);
#725=SHAPE_ASPECT('hole_callout.FNoOguKheKutjVq_1.JHD.0',$,#714,.T.);
#726=GEOMETRIC_ITEM_SPECIFIC_USAGE('','',#725,#11,#405);
#727=SHAPE_ASPECT_RELATIONSHIP('','',#724,#725);
#728=SHAPE_ASPECT('hole_callout.FNoOguKheKutjVq_1.JHD.0',$,#714,.T.);
#729=GEOMETRIC_ITEM_SPECIFIC_USAGE('','',#728,#11,#406);
#730=SHAPE_ASPECT_RELATIONSHIP('','',#724,#728);
#731=SHAPE_ASPECT('hole_callout.FNoOguKheKutjVq_1.JHD.0',$,#714,.T.);
#732=GEOMETRIC_ITEM_SPECIFIC_USAGE('','',#731,#11,#403);
#733=SHAPE_ASPECT_RELATIONSHIP('','',#724,#731);
#734=SHAPE_ASPECT('hole_callout.FNoOguKheKutjVq_1.JHD.0',$,#714,.T.);
#735=GEOMETRIC_ITEM_SPECIFIC_USAGE('','',#734,#11,#404);
#736=SHAPE_ASPECT_RELATIONSHIP('','',#724,#734);
#737=DIMENSIONAL_SIZE(#724,'diameter');
#738=(
LENGTH_UNIT()
NAMED_UNIT(*)
SI_UNIT(.MILLI.,.METRE.)
);
#740=PRECISION_QUALIFIER(3);
#739=(
LENGTH_MEASURE_WITH_UNIT()
MEASURE_REPRESENTATION_ITEM()
MEASURE_WITH_UNIT(POSITIVE_LENGTH_MEASURE(6.),#738)
QUALIFIED_REPRESENTATION_ITEM((#740))
REPRESENTATION_ITEM('nominal value')
);
#741=COMPOUND_REPRESENTATION_ITEM('modifiers',SET_REPRESENTATION_ITEM((#742)));
#742=DESCRIPTIVE_REPRESENTATION_ITEM('dimensional note','diameter');
#743=SHAPE_DIMENSION_REPRESENTATION('',(#739,#741),#709);
#744=DIMENSIONAL_CHARACTERISTIC_REPRESENTATION(#737,#743);
#745=PRESENTATION_STYLE_ASSIGNMENT((NULL_STYLE(.NULL.)));
#746=CARTESIAN_POINT('',(0.035,-0.025,0.025));
#747=DIRECTION('',(0.,0.,1.));
#748=DIRECTION('',(1.,0.,0.));
#749=AXIS2_PLACEMENT_3D('',#746,#747,#748);
#750=PLANE('',#749);
#751=ANNOTATION_PLANE('',(#745),#750,(#778));
#752=CARTESIAN_POINT('',(0.,0.,0.));
#753=DIRECTION('',(0.,0.,1.));
#754=DIRECTION('',(1.,0.,0.));
#755=AXIS2_PLACEMENT_3D('',#752,#753,#754);
#756=CARTESIAN_POINT('',(0.,0.,0.));
#757=DIRECTION('',(0.,0.,1.));
#758=DIRECTION('',(1.,0.,0.));
#759=AXIS2_PLACEMENT_3D('',#756,#757,#758);
#760=SHAPE_REPRESENTATION('',(#759,#431),#709);
#761=REPRESENTATION_MAP(#755,#760);
#762=MAPPED_ITEM('',#761,#755);
#763=PRESENTATION_STYLE_ASSIGNMENT((NULL_STYLE(.NULL.)));
#764=STYLED_ITEM('',(#763),#762);
#765=DRAUGHTING_MODEL('',(#751,#755,#762,#764,#831,#835,#842,#844,#891,#895,#902,#904),#709);
#766=DRAUGHTING_PRE_DEFINED_CURVE_FONT('continuous');
#767=COLOUR_RGB('',0.,0.,0.);
#768=CURVE_STYLE('',#766,POSITIVE_LENGTH_MEASURE(0.02),#767);
#769=PRESENTATION_STYLE_ASSIGNMENT((#768));
#770=COORDINATES_LIST('coordinates',1761,((37.1213203,-22.8786797,25.0000000),(38.5355339,-20.0502525,25.0000000),(39.9497475,-21.4644661,25.0000000),(52.3373453,-11.1949463,25.0000000),(52.4343978,-11.2356260,25.0000000),(52.5324094,-11.2708817,25.0000000),(52.3373453,-11.1949463,25.0000000),(52.5324094,-11.2708817,25.0000000),(52.6313801,-11.3007135,25.0000000),(52.3373453,-11.1949463,25.0000000),(52.6313801,-11.3007135,25.0000000),(52.7313099,-11.3251213,25.0000000),(52.3373453,-11.1949463,25.0000000),(52.7313099,-11.3251213,25.0000000),(52.8321989,-11.3441052,25.0000000),(52.3373453,-11.1949463,25.0000000),(52.8321989,-11.3441052,25.0000000),(52.9340469,-11.3576651,25.0000000),(52.3373453,-11.1949463,25.0000000),(52.9340469,-11.3576651,25.0000000),(53.0368541,-11.3658010,25.0000000),(52.3373453,-11.1949463,25.0000000),(53.0368541,-11.3658010,25.0000000),(53.1406203,-11.3685130,25.0000000),(52.3373453,-11.1949463,25.0000000),(53.1406203,-11.3685130,25.0000000),(53.2764012,-11.3641970,25.0000000),(52.3373453,-11.1949463,25.0000000),(53.2764012,-11.3641970,25.0000000),(53.4096354,-11.3512489,25.0000000),(52.3373453,-11.1949463,25.0000000),(53.4096354,-11.3512489,25.0000000),(53.5403231,-11.3296688,25.0000000),(52.3373453,-11.1949463,25.0000000),(53.5403231,-11.3296688,25.0000000),(53.6684641,-11.2994567,25.0000000),(52.3373453,-11.1949463,25.0000000),(53.6684641,-11.2994567,25.0000000),(53.7940585,-11.2606126,25.0000000),(52.3373453,-11.1949463,25.0000000),(53.7940585,-11.2606126,25.0000000),(53.9171063,-11.2131364,25.0000000),(52.3373453,-11.1949463,25.0000000),(53.9171063,-11.2131364,25.0000000),(54.0376075,-11.1570282,25.0000000),(52.3373453,-11.1949463,25.0000000),(54.0376075,-11.1570282,25.0000000),(54.1555620,-11.0922880,25.0000000),(52.3373453,-11.1949463,25.0000000),(54.1555620,-11.0922880,25.0000000),(54.2691344,-11.0198914,25.0000000),(52.3373453,-11.1949463,25.0000000),(54.2691344,-11.0198914,25.0000000),(54.3764891,-10.9413432,25.0000000),(52.3373453,-11.1949463,25.0000000),(54.3764891,-10.9413432,25.0000000),(54.4776261,-10.8566435,25.0000000),(52.3373453,-11.1949463,25.0000000),(54.4776261,-10.8566435,25.0000000),(54.5725453,-10.7657922,25.0000000),(52.3373453,-11.1949463,25.0000000),(54.5725453,-10.7657922,25.0000000),(54.6612469,-10.6687893,25.0000000),(54.6612469,-10.6687893,25.0000000),(54.7437308,-10.5656349,25.0000000),(54.8199969,-10.4563289,25.0000000),(54.6612469,-10.6687893,25.0000000),(54.8199969,-10.4563289,25.0000000),(54.8900453,-10.3408713,25.0000000),(54.6612469,-10.6687893,25.0000000),(54.8900453,-10.3408713,25.0000000),(54.9530492,-10.2210978,25.0000000),(54.6612469,-10.6687893,25.0000000),(54.9530492,-10.2210978,25.0000000),(55.0076526,-10.0988437,25.0000000),(54.6612469,-10.6687893,25.0000000),(55.0076526,-10.0988437,25.0000000),(55.0538555,-9.9741092,25.0000000),(54.6612469,-10.6687893,25.0000000),(55.0538555,-9.9741092,25.0000000),(55.0916578,-9.8468942,25.0000000),(54.6612469,-10.6687893,25.0000000),(55.0916578,-9.8468942,25.0000000),(55.1210597,-9.7171988,25.0000000),(54.6612469,-10.6687893,25.0000000),(55.1210597,-9.7171988,25.0000000),(55.1420610,-9.5850229,25.0000000),(54.6612469,-10.6687893,25.0000000),(55.1420610,-9.5850229,25.0000000),(55.1546617,-9.4503665,25.0000000),(54.6612469,-10.6687893,25.0000000),(55.1546617,-9.4503665,25.0000000),(55.1588620,-9.3132297,25.0000000),(54.6612469,-10.6687893,25.0000000),(55.1588620,-9.3132297,25.0000000),(55.1546617,-9.1815994,25.0000000),(54.6612469,-10.6687893,25.0000000),(55.1546617,-9.1815994,25.0000000),(55.1420610,-9.0507630,25.0000000),(54.6612469,-10.6687893,25.0000000),(55.1420610,-9.0507630,25.0000000),(55.1210597,-8.9207203,25.0000000),(54.6612469,-10.6687893,25.0000000),(55.1210597,-8.9207203,25.0000000),(55.0916578,-8.7914713,25.0000000),(54.6612469,-10.6687893,25.0000000),(55.0916578,-8.7914713,25.0000000),(55.0538555,-8.6630161,25.0000000),(54.6612469,-10.6687893,25.0000000),(55.0538555,-8.6630161,25.0000000),(55.0076526,-8.5353547,25.0000000),(55.0076526,-8.5353547,25.0000000),(54.6158709,-8.6768406,25.0000000),(54.6524330,-8.7747199,25.0000000),(55.0076526,-8.5353547,25.0000000),(54.6524330,-8.7747199,25.0000000),(54.6823474,-8.8758734,25.0000000),(55.0076526,-8.5353547,25.0000000),(54.6823474,-8.8758734,25.0000000),(54.7056142,-8.9803011,25.0000000),(55.0076526,-8.5353547,25.0000000),(54.7056142,-8.9803011,25.0000000),(54.7222334,-9.0880031,25.0000000),(55.0076526,-8.5353547,25.0000000),(54.7222334,-9.0880031,25.0000000),(54.7322048,-9.1989793,25.0000000),(55.0076526,-8.5353547,25.0000000),(54.7322048,-9.1989793,25.0000000),(54.7355287,-9.3132297,25.0000000),(55.0076526,-8.5353547,25.0000000),(54.7355287,-9.3132297,25.0000000),(54.7321718,-9.4232633,25.0000000),(54.6612469,-10.6687893,25.0000000),(55.0076526,-8.5353547,25.0000000),(54.7321718,-9.4232633,25.0000000),(54.6612469,-10.6687893,25.0000000),(54.7321718,-9.4232633,25.0000000),(54.7221011,-9.5311140,25.0000000),(54.6612469,-10.6687893,25.0000000),(54.7221011,-9.5311140,25.0000000),(54.7053166,-9.6367820,25.0000000),(54.6612469,-10.6687893,25.0000000),(54.7053166,-9.6367820,25.0000000),(54.6818183,-9.7402672,25.0000000),(54.6612469,-10.6687893,25.0000000),(54.6818183,-9.7402672,25.0000000),(54.6516062,-9.8415695,25.0000000),(54.6612469,-10.6687893,25.0000000),(54.6516062,-9.8415695,25.0000000),(54.6146802,-9.9406890,25.0000000),(54.6612469,-10.6687893,25.0000000),(54.6146802,-9.9406890,25.0000000),(54.5710405,-10.0376258,25.0000000),(54.6612469,-10.6687893,25.0000000),(54.5710405,-10.0376258,25.0000000),(54.5206870,-10.1323797,25.0000000),(54.6612469,-10.6687893,25.0000000),(54.5206870,-10.1323797,25.0000000),(54.4648434,-10.2235948,25.0000000),(54.6612469,-10.6687893,25.0000000),(54.4648434,-10.2235948,25.0000000),(54.4042042,-10.3099151,25.0000000),(54.6612469,-10.6687893,25.0000000),(54.4042042,-10.3099151,25.0000000),(54.3387694,-10.3913406,25.0000000),(54.6612469,-10.6687893,25.0000000),(54.3387694,-10.3913406,25.0000000),(54.2685391,-10.4678713,25.0000000),(54.6612469,-10.6687893,25.0000000),(54.2685391,-10.4678713,25.0000000),(54.1935132,-10.5395073,25.0000000),(54.6612469,-10.6687893,25.0000000),(54.1935132,-10.5395073,25.0000000),(54.1136917,-10.6062484,25.0000000),(54.6612469,-10.6687893,25.0000000),(54.1136917,-10.6062484,25.0000000),(54.0290746,-10.6680948,25.0000000),(54.6612469,-10.6687893,25.0000000),(54.0290746,-10.6680948,25.0000000),(53.9396620,-10.7250463,25.0000000),(54.6612469,-10.6687893,25.0000000),(53.9396620,-10.7250463,25.0000000),(53.8470744,-10.7761440,25.0000000),(54.6612469,-10.6687893,25.0000000),(53.8470744,-10.7761440,25.0000000),(53.7524032,-10.8204286,25.0000000),(54.6612469,-10.6687893,25.0000000),(53.7524032,-10.8204286,25.0000000),(53.6556483,-10.8579002,25.0000000),(54.6612469,-10.6687893,25.0000000),(53.6556483,-10.8579002,25.0000000),(53.5568099,-10.8885588,25.0000000),(52.3373453,-11.1949463,25.0000000),(54.6612469,-10.6687893,25.0000000),(53.5568099,-10.8885588,25.0000000),(52.3373453,-11.1949463,25.0000000),(53.5568099,-10.8885588,25.0000000),(53.4558879,-10.9124044,25.0000000),(52.3373453,-11.1949463,25.0000000),(53.4558879,-10.9124044,25.0000000),(53.3528823,-10.9294369,25.0000000),(52.3373453,-11.1949463,25.0000000),(53.3528823,-10.9294369,25.0000000),(53.2477931,-10.9396565,25.0000000),(52.3373453,-11.1949463,25.0000000),(53.2477931,-10.9396565,25.0000000),(53.1406203,-10.9430630,25.0000000),(52.3373453,-11.1949463,25.0000000),(53.1406203,-10.9430630,25.0000000),(52.9870297,-10.9359854,25.0000000),(52.3373453,-11.1949463,25.0000000),(52.9870297,-10.9359854,25.0000000),(52.8374078,-10.9147526,25.0000000),(52.3373453,-11.1949463,25.0000000),(52.8374078,-10.9147526,25.0000000),(52.6917547,-10.8793646,25.0000000),(52.3373453,-11.1949463,25.0000000),(52.6917547,-10.8793646,25.0000000),(52.5500703,-10.8298213,25.0000000),(52.3373453,-11.1949463,25.0000000),(52.5500703,-10.8298213,25.0000000),(54.1470953,-8.0464047,25.0000000),(51.7764287,-12.1696713,25.0000000),(52.3373453,-11.1949463,25.0000000),(54.1470953,-8.0464047,25.0000000),(54.5726611,-8.5822355,25.0000000),(54.6158709,-8.6768406,25.0000000),(55.0076526,-8.5353547,25.0000000),(54.5228037,-8.4909047,25.0000000),(54.5726611,-8.5822355,25.0000000),(55.0076526,-8.5353547,25.0000000),(54.4548719,-8.3869234,25.0000000),(54.5228037,-8.4909047,25.0000000),(55.0076526,-8.5353547,25.0000000),(54.3696099,-8.2781797,25.0000000),(54.4548719,-8.3869234,25.0000000),(55.0076526,-8.5353547,25.0000000),(54.3204801,-8.2220218,25.0000000),(54.3696099,-8.2781797,25.0000000),(55.0076526,-8.5353547,25.0000000),(54.2670177,-8.1646734,25.0000000),(54.3204801,-8.2220218,25.0000000),(55.0076526,-8.5353547,25.0000000),(54.2092228,-8.1061343,25.0000000),(54.2670177,-8.1646734,25.0000000),(55.0076526,-8.5353547,25.0000000),(54.1470953,-8.0464047,25.0000000),(54.2092228,-8.1061343,25.0000000),(55.0076526,-8.5353547,25.0000000),(54.1470953,-8.0464047,25.0000000),(55.0076526,-8.5353547,25.0000000),(54.9530492,-8.4084869,25.0000000),(54.1470953,-8.0464047,25.0000000),(54.9530492,-8.4084869,25.0000000),(54.8900453,-8.2824130,25.0000000),(54.1470953,-8.0464047,25.0000000),(54.8900453,-8.2824130,25.0000000),(54.8398572,-8.1956958,25.0000000),(54.1470953,-8.0464047,25.0000000),(54.8398572,-8.1956958,25.0000000),(54.7850719,-8.1122859,25.0000000),(54.1470953,-8.0464047,25.0000000),(54.7850719,-8.1122859,25.0000000),(54.7256895,-8.0321833,25.0000000),(54.1470953,-8.0464047,25.0000000),(54.7256895,-8.0321833,25.0000000),(54.6617099,-7.9553880,25.0000000),(54.1470953,-8.0464047,25.0000000),(54.6617099,-7.9553880,25.0000000),(54.5931332,-7.8819000,25.0000000),(54.1470953,-8.0464047,25.0000000),(54.5931332,-7.8819000,25.0000000),(54.5199594,-7.8117192,25.0000000),(54.1470953,-8.0464047,25.0000000),(54.5199594,-7.8117192,25.0000000),(54.4421884,-7.7448458,25.0000000),(54.1470953,-8.0464047,25.0000000),(54.4421884,-7.7448458,25.0000000),(54.3598203,-7.6812797,25.0000000),(54.1470953,-8.0464047,25.0000000),(54.3598203,-7.6812797,25.0000000),(54.9016870,-6.7287797,25.0000000),(51.7764287,-12.1696713,25.0000000),(54.1470953,-8.0464047,25.0000000),(54.9016870,-6.7287797,25.0000000),(51.7764287,-12.1696713,25.0000000),(54.9016870,-6.7287797,25.0000000),(54.9302620,-6.6250630,25.0000000),(51.7764287,-12.1696713,25.0000000),(54.9302620,-6.6250630,25.0000000),(54.9228537,-6.5647380,25.0000000),(51.7764287,-12.1696713,25.0000000),(54.9228537,-6.5647380,25.0000000),(54.8842245,-6.4895963,25.0000000),(51.7764287,-12.1696713,25.0000000),(54.8842245,-6.4895963,25.0000000),(54.8191370,-6.4356213,25.0000000),(51.7764287,-12.1696713,25.0000000),(54.8191370,-6.4356213,25.0000000),(54.7164787,-6.4049297,25.0000000),(51.7764287,-12.1696713,25.0000000),(54.7164787,-6.4049297,25.0000000),(54.6561537,-6.4123380,25.0000000),(51.7764287,-12.1696713,25.0000000),(54.6561537,-6.4123380,25.0000000),(54.5804828,-6.4509672,25.0000000),(51.7764287,-12.1696713,25.0000000),(54.5804828,-6.4509672,25.0000000),(54.5249203,-6.5160547,25.0000000),(51.7764287,-12.1696713,25.0000000),(54.5249203,-6.5160547,25.0000000),(53.9894037,-7.4442130,25.0000000),(53.9894037,-7.4442130,25.0000000),(53.8887959,-7.3998126,25.0000000),(53.7848808,-7.3613323,25.0000000),(53.9894037,-7.4442130,25.0000000),(53.7848808,-7.3613323,25.0000000),(53.6776584,-7.3287720,25.0000000),(53.9894037,-7.4442130,25.0000000),(53.6776584,-7.3287720,25.0000000),(53.5671287,-7.3021317,25.0000000),(53.9894037,-7.4442130,25.0000000),(53.5671287,-7.3021317,25.0000000),(53.4532917,-7.2814116,25.0000000),(53.9894037,-7.4442130,25.0000000),(53.4532917,-7.2814116,25.0000000),(53.3361474,-7.2666114,25.0000000),(53.9894037,-7.4442130,25.0000000),(53.3361474,-7.2666114,25.0000000),(53.2156959,-7.2577313,25.0000000),(53.9894037,-7.4442130,25.0000000),(53.2156959,-7.2577313,25.0000000),(53.0919370,-7.2547713,25.0000000),(53.9894037,-7.4442130,25.0000000),(53.0919370,-7.2547713,25.0000000),(52.9673348,-7.2591039,25.0000000),(53.9894037,-7.4442130,25.0000000),(52.9673348,-7.2591039,25.0000000),(52.8438240,-7.2721015,25.0000000),(53.9894037,-7.4442130,25.0000000),(52.8438240,-7.2721015,25.0000000),(52.7214046,-7.2937643,25.0000000),(53.9894037,-7.4442130,25.0000000),(52.7214046,-7.2937643,25.0000000),(52.6000766,-7.3240922,25.0000000),(53.9894037,-7.4442130,25.0000000),(52.6000766,-7.3240922,25.0000000),(52.4798400,-7.3630851,25.0000000),(53.9894037,-7.4442130,25.0000000),(52.4798400,-7.3630851,25.0000000),(52.3606948,-7.4107432,25.0000000),(53.9894037,-7.4442130,25.0000000),(52.3606948,-7.4107432,25.0000000),(52.2426410,-7.4670664,25.0000000),(53.9894037,-7.4442130,25.0000000),(52.2426410,-7.4670664,25.0000000),(52.1256787,-7.5320547,25.0000000),(53.9894037,-7.4442130,25.0000000),(52.1256787,-7.5320547,25.0000000),(52.0125693,-7.6042198,25.0000000),(53.9894037,-7.4442130,25.0000000),(52.0125693,-7.6042198,25.0000000),(51.9055453,-7.6826026,25.0000000),(53.9894037,-7.4442130,25.0000000),(51.9055453,-7.6826026,25.0000000),(51.8046068,-7.7672031,25.0000000),(53.9894037,-7.4442130,25.0000000),(51.8046068,-7.7672031,25.0000000),(51.7097537,-7.8580213,25.0000000),(53.9894037,-7.4442130,25.0000000),(51.7097537,-7.8580213,25.0000000),(51.6209860,-7.9550573,25.0000000),(51.6209860,-7.9550573,25.0000000),(51.5383037,-8.0583109,25.0000000),(51.4617068,-8.1677823,25.0000000),(51.6209860,-7.9550573,25.0000000),(51.4617068,-8.1677823,25.0000000),(51.3911953,-8.2834713,25.0000000),(51.6209860,-7.9550573,25.0000000),(51.3911953,-8.2834713,25.0000000),(51.3279434,-8.4032780,25.0000000),(51.6209860,-7.9550573,25.0000000),(51.3279434,-8.4032780,25.0000000),(51.2731250,-8.5256312,25.0000000),(51.6209860,-7.9550573,25.0000000),(51.2731250,-8.5256312,25.0000000),(51.2267403,-8.6505311,25.0000000),(51.6209860,-7.9550573,25.0000000),(51.2267403,-8.6505311,25.0000000),(51.1887891,-8.7779776,25.0000000),(51.6209860,-7.9550573,25.0000000),(51.1887891,-8.7779776,25.0000000),(51.1592715,-8.9079707,25.0000000),(51.6209860,-7.9550573,25.0000000),(51.1592715,-8.9079707,25.0000000),(51.1381875,-9.0405104,25.0000000),(51.6209860,-7.9550573,25.0000000),(51.1381875,-9.0405104,25.0000000),(51.1255371,-9.1755967,25.0000000),(51.6209860,-7.9550573,25.0000000),(51.1255371,-9.1755967,25.0000000),(51.1213203,-9.3132297,25.0000000),(51.6209860,-7.9550573,25.0000000),(51.1213203,-9.3132297,25.0000000),(51.1255206,-9.4512925,25.0000000),(51.6209860,-7.9550573,25.0000000),(51.1255206,-9.4512925,25.0000000),(51.1381214,-9.5866104,25.0000000),(51.6209860,-7.9550573,25.0000000),(51.1381214,-9.5866104,25.0000000),(51.1591227,-9.7191832,25.0000000),(51.6209860,-7.9550573,25.0000000),(51.1591227,-9.7191832,25.0000000),(51.1885245,-9.8490109,25.0000000),(51.6209860,-7.9550573,25.0000000),(51.1885245,-9.8490109,25.0000000),(51.2263269,-9.9760936,25.0000000),(51.6209860,-7.9550573,25.0000000),(51.2263269,-9.9760936,25.0000000),(51.2725297,-10.1004312,25.0000000),(51.6209860,-7.9550573,25.0000000),(51.2725297,-10.1004312,25.0000000),(51.3271331,-10.2220238,25.0000000),(51.6209860,-7.9550573,25.0000000),(51.3271331,-10.2220238,25.0000000),(51.3901370,-10.3408713,25.0000000),(51.3901370,-10.3408713,25.0000000),(51.7584370,-10.1323797,25.0000000),(51.7090757,-10.0376423,25.0000000),(51.3901370,-10.3408713,25.0000000),(51.7090757,-10.0376423,25.0000000),(51.6662959,-9.9407552,25.0000000),(51.3901370,-10.3408713,25.0000000),(51.6662959,-9.9407552,25.0000000),(51.6300976,-9.8417183,25.0000000),(51.3901370,-10.3408713,25.0000000),(51.6300976,-9.8417183,25.0000000),(51.6004808,-9.7405317,25.0000000),(51.3901370,-10.3408713,25.0000000),(51.6004808,-9.7405317,25.0000000),(51.5774455,-9.6371954,25.0000000),(51.3901370,-10.3408713,25.0000000),(51.5774455,-9.6371954,25.0000000),(51.5609917,-9.5317093,25.0000000),(51.3901370,-10.3408713,25.0000000),(51.5609917,-9.5317093,25.0000000),(51.5511194,-9.4240735,25.0000000),(51.3901370,-10.3408713,25.0000000),(51.5511194,-9.4240735,25.0000000),(51.5478287,-9.3142880,25.0000000),(51.3901370,-10.3408713,25.0000000),(51.5478287,-9.3142880,25.0000000),(51.5511690,-9.2044694,25.0000000),(51.6209860,-7.9550573,25.0000000),(51.3901370,-10.3408713,25.0000000),(51.5511690,-9.2044694,25.0000000),(51.6209860,-7.9550573,25.0000000),(51.5511690,-9.2044694,25.0000000),(51.5611901,-9.0967343,25.0000000),(51.6209860,-7.9550573,25.0000000),(51.5611901,-9.0967343,25.0000000),(51.5778920,-8.9910829,25.0000000),(51.6209860,-7.9550573,25.0000000),(51.5778920,-8.9910829,25.0000000),(51.6012745,-8.8875151,25.0000000),(51.6209860,-7.9550573,25.0000000),(51.6012745,-8.8875151,25.0000000),(51.6313378,-8.7860308,25.0000000),(51.6209860,-7.9550573,25.0000000),(51.6313378,-8.7860308,25.0000000),(51.6680818,-8.6866302,25.0000000),(51.6209860,-7.9550573,25.0000000),(51.6680818,-8.6866302,25.0000000),(51.7115065,-8.5893131,25.0000000),(51.6209860,-7.9550573,25.0000000),(51.7115065,-8.5893131,25.0000000),(51.7616120,-8.4940797,25.0000000),(51.6209860,-7.9550573,25.0000000),(51.7616120,-8.4940797,25.0000000),(51.8174556,-8.4021369,25.0000000),(51.6209860,-7.9550573,25.0000000),(51.8174556,-8.4021369,25.0000000),(51.8780948,-8.3152213,25.0000000),(51.6209860,-7.9550573,25.0000000),(51.8780948,-8.3152213,25.0000000),(51.9435296,-8.2333328,25.0000000),(51.6209860,-7.9550573,25.0000000),(51.9435296,-8.2333328,25.0000000),(52.0137599,-8.1564713,25.0000000),(51.6209860,-7.9550573,25.0000000),(52.0137599,-8.1564713,25.0000000),(52.0887858,-8.0846369,25.0000000),(51.6209860,-7.9550573,25.0000000),(52.0887858,-8.0846369,25.0000000),(52.1686073,-8.0178297,25.0000000),(51.6209860,-7.9550573,25.0000000),(52.1686073,-8.0178297,25.0000000),(52.2532244,-7.9560494,25.0000000),(51.6209860,-7.9550573,25.0000000),(52.2532244,-7.9560494,25.0000000),(52.3426370,-7.8992963,25.0000000),(51.6209860,-7.9550573,25.0000000),(52.3426370,-7.8992963,25.0000000),(52.4347120,-7.8481987,25.0000000),(51.6209860,-7.9550573,25.0000000),(52.4347120,-7.8481987,25.0000000),(52.5273162,-7.8039140,25.0000000),(51.6209860,-7.9550573,25.0000000),(52.5273162,-7.8039140,25.0000000),(52.6204495,-7.7664424,25.0000000),(51.6209860,-7.9550573,25.0000000),(52.6204495,-7.7664424,25.0000000),(52.7141120,-7.7357838,25.0000000),(51.6209860,-7.9550573,25.0000000),(52.7141120,-7.7357838,25.0000000),(52.8083037,-7.7119383,25.0000000),(53.9894037,-7.4442130,25.0000000),(51.6209860,-7.9550573,25.0000000),(52.8083037,-7.7119383,25.0000000),(53.9894037,-7.4442130,25.0000000),(52.8083037,-7.7119383,25.0000000),(52.9030245,-7.6949057,25.0000000),(53.9894037,-7.4442130,25.0000000),(52.9030245,-7.6949057,25.0000000),(52.9982745,-7.6846862,25.0000000),(53.9894037,-7.4442130,25.0000000),(52.9982745,-7.6846862,25.0000000),(53.0940537,-7.6812797,25.0000000),(53.9894037,-7.4442130,25.0000000),(53.0940537,-7.6812797,25.0000000),(53.1004037,-7.6812797,25.0000000),(53.9894037,-7.4442130,25.0000000),(53.1004037,-7.6812797,25.0000000),(53.1941158,-7.6833633,25.0000000),(53.9894037,-7.4442130,25.0000000),(53.1941158,-7.6833633,25.0000000),(53.2852813,-7.6896140,25.0000000),(53.9894037,-7.4442130,25.0000000),(53.2852813,-7.6896140,25.0000000),(53.3739002,-7.7000320,25.0000000),(53.9894037,-7.4442130,25.0000000),(53.3739002,-7.7000320,25.0000000),(53.4599724,-7.7146172,25.0000000),(53.9894037,-7.4442130,25.0000000),(53.4599724,-7.7146172,25.0000000),(53.5434981,-7.7333695,25.0000000),(53.9894037,-7.4442130,25.0000000),(53.5434981,-7.7333695,25.0000000),(53.6244771,-7.7562890,25.0000000),(53.9894037,-7.4442130,25.0000000),(53.6244771,-7.7562890,25.0000000),(53.7029095,-7.7833758,25.0000000),(53.9894037,-7.4442130,25.0000000),(53.7029095,-7.7833758,25.0000000),(53.7787953,-7.8146297,25.0000000),(51.7764287,-12.1696713,25.0000000),(53.9894037,-7.4442130,25.0000000),(53.7787953,-7.8146297,25.0000000),(51.7764287,-12.1696713,25.0000000),(53.7787953,-7.8146297,25.0000000),(52.1743620,-10.6096880,25.0000000),(51.7764287,-12.1696713,25.0000000),(52.1743620,-10.6096880,25.0000000),(52.0539104,-10.5068312,25.0000000),(51.8008200,-10.2016509,25.0000000),(51.7584370,-10.1323797,25.0000000),(51.3901370,-10.3408713,25.0000000),(51.8459479,-10.2681771,25.0000000),(51.8008200,-10.2016509,25.0000000),(51.3901370,-10.3408713,25.0000000),(51.9444391,-10.3929942,25.0000000),(51.8459479,-10.2681771,25.0000000),(51.3901370,-10.3408713,25.0000000),(52.0539104,-10.5068312,25.0000000),(51.9444391,-10.3929942,25.0000000),(51.3901370,-10.3408713,25.0000000),(52.0539104,-10.5068312,25.0000000),(51.3901370,-10.3408713,25.0000000),(51.4480808,-10.4359229,25.0000000),(52.0539104,-10.5068312,25.0000000),(51.4480808,-10.4359229,25.0000000),(51.5097287,-10.5268734,25.0000000),(52.0539104,-10.5068312,25.0000000),(51.5097287,-10.5268734,25.0000000),(51.5750808,-10.6137229,25.0000000),(52.0539104,-10.5068312,25.0000000),(51.5750808,-10.6137229,25.0000000),(51.6441370,-10.6964713,25.0000000),(52.0539104,-10.5068312,25.0000000),(51.6441370,-10.6964713,25.0000000),(51.7168974,-10.7751187,25.0000000),(52.0539104,-10.5068312,25.0000000),(51.7168974,-10.7751187,25.0000000),(51.7933620,-10.8496651,25.0000000),(52.0539104,-10.5068312,25.0000000),(51.7933620,-10.8496651,25.0000000),(51.8735308,-10.9201104,25.0000000),(52.0539104,-10.5068312,25.0000000),(51.8735308,-10.9201104,25.0000000),(51.9574037,-10.9864547,25.0000000),(51.7764287,-12.1696713,25.0000000),(52.0539104,-10.5068312,25.0000000),(51.9574037,-10.9864547,25.0000000),(51.7764287,-12.1696713,25.0000000),(51.9574037,-10.9864547,25.0000000),(51.4017787,-11.9569463,25.0000000),(51.7764287,-12.1696713,25.0000000),(51.4017787,-11.9569463,25.0000000),(51.3742620,-12.0585463,25.0000000),(51.7764287,-12.1696713,25.0000000),(51.3742620,-12.0585463,25.0000000),(51.3806120,-12.1188713,25.0000000),(51.7764287,-12.1696713,25.0000000),(51.3806120,-12.1188713,25.0000000),(51.4197703,-12.1958651,25.0000000),(51.7764287,-12.1696713,25.0000000),(51.4197703,-12.1958651,25.0000000),(51.4822120,-12.2511630,25.0000000),(51.7764287,-12.1696713,25.0000000),(51.4822120,-12.2511630,25.0000000),(51.5869870,-12.2786797,25.0000000),(51.7764287,-12.1696713,25.0000000),(51.5869870,-12.2786797,25.0000000),(51.6473120,-12.2712713,25.0000000),(51.7764287,-12.1696713,25.0000000),(51.6473120,-12.2712713,25.0000000),(51.7198078,-12.2358172,25.0000000),(57.7390291,-10.2531619,25.0000000),(57.7443703,-10.1186213,25.0000000),(57.7430805,-10.0153387,25.0000000),(57.7390291,-10.2531619,25.0000000),(57.7430805,-10.0153387,25.0000000),(57.7392110,-9.9160993,25.0000000),(57.7390291,-10.2531619,25.0000000),(57.7392110,-9.9160993,25.0000000),(57.7327617,-9.8209031,25.0000000),(57.7390291,-10.2531619,25.0000000),(57.7327617,-9.8209031,25.0000000),(57.7237328,-9.7297500,25.0000000),(57.7390291,-10.2531619,25.0000000),(57.7237328,-9.7297500,25.0000000),(57.7121242,-9.6426400,25.0000000),(57.7390291,-10.2531619,25.0000000),(57.7121242,-9.6426400,25.0000000),(57.6979360,-9.5595733,25.0000000),(57.7390291,-10.2531619,25.0000000),(57.6979360,-9.5595733,25.0000000),(57.6811680,-9.4805497,25.0000000),(57.7390291,-10.2531619,25.0000000),(57.6811680,-9.4805497,25.0000000),(57.6618203,-9.4055692,25.0000000),(57.7390291,-10.2531619,25.0000000),(57.6618203,-9.4055692,25.0000000),(57.6153860,-9.2677379,25.0000000),(57.7390291,-10.2531619,25.0000000),(57.6153860,-9.2677379,25.0000000),(57.5586328,-9.1460791,25.0000000),(57.7390291,-10.2531619,25.0000000),(57.5586328,-9.1460791,25.0000000),(57.4915610,-9.0405931,25.0000000),(57.7390291,-10.2531619,25.0000000),(57.4915610,-9.0405931,25.0000000),(57.4141703,-8.9512797,25.0000000),(57.7390291,-10.2531619,25.0000000),(57.4141703,-8.9512797,25.0000000),(57.3346796,-8.8818265,25.0000000),(57.7390291,-10.2531619,25.0000000),(57.3346796,-8.8818265,25.0000000),(57.2528407,-8.8216338,25.0000000),(57.7390291,-10.2531619,25.0000000),(57.2528407,-8.8216338,25.0000000),(57.1686535,-8.7707015,25.0000000),(57.7390291,-10.2531619,25.0000000),(57.1686535,-8.7707015,25.0000000),(57.0821183,-8.7290297,25.0000000),(57.7390291,-10.2531619,25.0000000),(57.0821183,-8.7290297,25.0000000),(56.9932348,-8.6966182,25.0000000),(57.7390291,-10.2531619,25.0000000),(56.9932348,-8.6966182,25.0000000),(56.9020032,-8.6734672,25.0000000),(57.7390291,-10.2531619,25.0000000),(56.9020032,-8.6734672,25.0000000),(56.8084233,-8.6595765,25.0000000),(56.8084233,-8.6595765,25.0000000),(56.7124953,-8.6549463,25.0000000),(56.6238599,-8.6585017,25.0000000),(56.8084233,-8.6595765,25.0000000),(56.6238599,-8.6585017,25.0000000),(56.5383995,-8.6691677,25.0000000),(56.8084233,-8.6595765,25.0000000),(56.5383995,-8.6691677,25.0000000),(56.4561141,-8.6869444,25.0000000),(56.8084233,-8.6595765,25.0000000),(56.4561141,-8.6869444,25.0000000),(56.3770037,-8.7118317,25.0000000),(56.8084233,-8.6595765,25.0000000),(56.3770037,-8.7118317,25.0000000),(56.3010683,-8.7438298,25.0000000),(56.8084233,-8.6595765,25.0000000),(56.3010683,-8.7438298,25.0000000),(56.2283078,-8.7829385,25.0000000),(56.8084233,-8.6595765,25.0000000),(56.2283078,-8.7829385,25.0000000),(56.1587224,-8.8291579,25.0000000),(56.8084233,-8.6595765,25.0000000),(56.1587224,-8.8291579,25.0000000),(56.0923120,-8.8824880,25.0000000),(57.2032974,-7.9815817,25.0000000),(57.2702370,-8.1204880,25.0000000),(57.3533162,-8.2157380,25.0000000),(57.2032974,-7.9815817,25.0000000),(57.3533162,-8.2157380,25.0000000),(57.4692037,-8.2686547,25.0000000),(57.1083120,-7.8611963,25.0000000),(57.2032974,-7.9815817,25.0000000),(57.4692037,-8.2686547,25.0000000),(57.1083120,-7.8611963,25.0000000),(57.4692037,-8.2686547,25.0000000),(57.5452052,-8.2371031,25.0000000),(57.1083120,-7.8611963,25.0000000),(57.5452052,-8.2371031,25.0000000),(57.6059933,-8.1911317,25.0000000),(57.0152448,-7.7824828,25.0000000),(57.1083120,-7.8611963,25.0000000),(57.6059933,-8.1911317,25.0000000),(57.0152448,-7.7824828,25.0000000),(57.6059933,-8.1911317,25.0000000),(57.6819287,-8.0559297,25.0000000),(56.9170183,-7.7262588,25.0000000),(57.0152448,-7.7824828,25.0000000),(57.6819287,-8.0559297,25.0000000),(56.9170183,-7.7262588,25.0000000),(57.6819287,-8.0559297,25.0000000),(57.6755787,-7.9818463,25.0000000),(56.9170183,-7.7262588,25.0000000),(57.6755787,-7.9818463,25.0000000),(57.6264985,-7.8650328,25.0000000),(56.8136323,-7.6925244,25.0000000),(56.9170183,-7.7262588,25.0000000),(57.6264985,-7.8650328,25.0000000),(56.8136323,-7.6925244,25.0000000),(57.6264985,-7.8650328,25.0000000),(57.5649828,-7.7558922,25.0000000),(56.7050870,-7.6812797,25.0000000),(56.8136323,-7.6925244,25.0000000),(57.5649828,-7.7558922,25.0000000),(56.7050870,-7.6812797,25.0000000),(57.5649828,-7.7558922,25.0000000),(57.4910318,-7.6544244,25.0000000),(56.7050870,-7.6812797,25.0000000),(57.4910318,-7.6544244,25.0000000),(57.4046453,-7.5606297,25.0000000),(56.6097709,-7.6932521,25.0000000),(56.7050870,-7.6812797,25.0000000),(57.4046453,-7.5606297,25.0000000),(56.6097709,-7.6932521,25.0000000),(57.4046453,-7.5606297,25.0000000),(57.3279658,-7.4889441,25.0000000),(56.6097709,-7.6932521,25.0000000),(57.3279658,-7.4889441,25.0000000),(57.2482104,-7.4268166,25.0000000),(56.5090308,-7.7291692,25.0000000),(56.6097709,-7.6932521,25.0000000),(57.2482104,-7.4268166,25.0000000),(56.5090308,-7.7291692,25.0000000),(57.2482104,-7.4268166,25.0000000),(57.1653793,-7.3742472,25.0000000),(56.5090308,-7.7291692,25.0000000),(57.1653793,-7.3742472,25.0000000),(57.0794724,-7.3312359,25.0000000),(56.4028667,-7.7890312,25.0000000),(56.5090308,-7.7291692,25.0000000),(57.0794724,-7.3312359,25.0000000),(56.4028667,-7.7890312,25.0000000),(57.0794724,-7.3312359,25.0000000),(56.9904897,-7.2977827,25.0000000),(56.2912787,-7.8728380,25.0000000),(56.4028667,-7.7890312,25.0000000),(56.9904897,-7.2977827,25.0000000),(56.2912787,-7.8728380,25.0000000),(56.9904897,-7.2977827,25.0000000),(56.8984313,-7.2738875,25.0000000),(56.2912787,-7.8728380,25.0000000),(56.8984313,-7.2738875,25.0000000),(56.8032970,-7.2595504,25.0000000),(56.2042308,-7.9691463,25.0000000),(56.2912787,-7.8728380,25.0000000),(56.8032970,-7.2595504,25.0000000),(56.2042308,-7.9691463,25.0000000),(56.8032970,-7.2595504,25.0000000),(56.7050870,-7.2547713,25.0000000),(56.2042308,-7.9691463,25.0000000),(56.7050870,-7.2547713,25.0000000),(56.6199573,-7.2593685,25.0000000),(56.2042308,-7.9691463,25.0000000),(56.6199573,-7.2593685,25.0000000),(56.5344308,-7.2731599,25.0000000),(56.1420537,-8.0961463,25.0000000),(56.2042308,-7.9691463,25.0000000),(56.5344308,-7.2731599,25.0000000),(56.1420537,-8.0961463,25.0000000),(56.5344308,-7.2731599,25.0000000),(56.4485073,-7.2961455,25.0000000),(56.1420537,-8.0961463,25.0000000),(56.4485073,-7.2961455,25.0000000),(56.3621870,-7.3283255,25.0000000),(56.1202917,-8.1711557,25.0000000),(56.1420537,-8.0961463,25.0000000),(56.3621870,-7.3283255,25.0000000),(56.1202917,-8.1711557,25.0000000),(56.3621870,-7.3283255,25.0000000),(56.2754698,-7.3696997,25.0000000),(56.1202917,-8.1711557,25.0000000),(56.2754698,-7.3696997,25.0000000),(56.1883558,-7.4202682,25.0000000),(56.1047474,-8.2538380,25.0000000),(56.1202917,-8.1711557,25.0000000),(56.1883558,-7.4202682,25.0000000),(56.0954209,-8.3441932,25.0000000),(56.1047474,-8.2538380,25.0000000),(56.1883558,-7.4202682,25.0000000),(56.0954209,-8.3441932,25.0000000),(56.1883558,-7.4202682,25.0000000),(56.1008448,-7.4800310,25.0000000),(56.0923120,-8.4422213,25.0000000),(56.0954209,-8.3441932,25.0000000),(56.1008448,-7.4800310,25.0000000),(56.0923120,-8.4422213,25.0000000),(56.1008448,-7.4800310,25.0000000),(56.0129370,-7.5489880,25.0000000),(56.0923120,-8.8824880,25.0000000),(56.0923120,-8.4422213,25.0000000),(56.0129370,-7.5489880,25.0000000),(56.0923120,-8.8824880,25.0000000),(56.0129370,-7.5489880,25.0000000),(55.9310815,-7.6255022,25.0000000),(56.0923120,-8.8824880,25.0000000),(55.9310815,-7.6255022,25.0000000),(55.8601401,-7.7116406,25.0000000),(56.0923120,-8.8824880,25.0000000),(55.8601401,-7.7116406,25.0000000),(55.8001128,-7.8074032,25.0000000),(56.0923120,-8.8824880,25.0000000),(55.8001128,-7.8074032,25.0000000),(55.7509995,-7.9127901,25.0000000),(56.0923120,-8.8824880,25.0000000),(55.7509995,-7.9127901,25.0000000),(55.7128003,-8.0278011,25.0000000),(56.0923120,-8.8824880,25.0000000),(55.7128003,-8.0278011,25.0000000),(55.6855151,-8.1524364,25.0000000),(56.0923120,-8.8824880,25.0000000),(55.6855151,-8.1524364,25.0000000),(55.6691440,-8.2866959,25.0000000),(56.0923120,-8.8824880,25.0000000),(55.6691440,-8.2866959,25.0000000),(55.6636870,-8.4305797,25.0000000),(56.0923120,-8.8824880,25.0000000),(55.6636870,-8.4305797,25.0000000),(55.6636870,-9.7503213,25.0000000),(56.8084233,-8.6595765,25.0000000),(56.0923120,-8.8824880,25.0000000),(55.6636870,-9.7503213,25.0000000),(55.6636870,-9.7503213,25.0000000),(56.0595037,-9.7439713,25.0000000),(56.0749818,-9.6186911,25.0000000),(55.6636870,-9.7503213,25.0000000),(56.0749818,-9.6186911,25.0000000),(56.1214162,-9.4957922,25.0000000),(55.6636870,-9.7503213,25.0000000),(56.1214162,-9.4957922,25.0000000),(56.1988068,-9.3752744,25.0000000),(56.8084233,-8.6595765,25.0000000),(55.6636870,-9.7503213,25.0000000),(56.1988068,-9.3752744,25.0000000),(56.8084233,-8.6595765,25.0000000),(56.1988068,-9.3752744,25.0000000),(56.3071537,-9.2571380,25.0000000),(56.8084233,-8.6595765,25.0000000),(56.3071537,-9.2571380,25.0000000),(56.4027344,-9.1793505,25.0000000),(56.8084233,-8.6595765,25.0000000),(56.4027344,-9.1793505,25.0000000),(56.5021516,-9.1237880,25.0000000),(56.8084233,-8.6595765,25.0000000),(56.5021516,-9.1237880,25.0000000),(56.6054052,-9.0904505,25.0000000),(56.8084233,-8.6595765,25.0000000),(56.6054052,-9.0904505,25.0000000),(56.7124953,-9.0793380,25.0000000),(56.8084233,-8.6595765,25.0000000),(56.7124953,-9.0793380,25.0000000),(56.8181964,-9.0904505,25.0000000),(56.8084233,-8.6595765,25.0000000),(56.8181964,-9.0904505,25.0000000),(56.9204578,-9.1237880,25.0000000),(56.8084233,-8.6595765,25.0000000),(56.9204578,-9.1237880,25.0000000),(57.0192797,-9.1793505,25.0000000),(56.8084233,-8.6595765,25.0000000),(57.0192797,-9.1793505,25.0000000),(57.1146620,-9.2571380,25.0000000),(56.8084233,-8.6595765,25.0000000),(57.1146620,-9.2571380,25.0000000),(57.2030990,-9.3857255,25.0000000),(57.7390291,-10.2531619,25.0000000),(56.8084233,-8.6595765,25.0000000),(57.2030990,-9.3857255,25.0000000),(57.7390291,-10.2531619,25.0000000),(57.2030990,-9.3857255,25.0000000),(57.2378421,-9.4718474,25.0000000),(57.7390291,-10.2531619,25.0000000),(57.2378421,-9.4718474,25.0000000),(57.2662683,-9.5725213,25.0000000),(57.7390291,-10.2531619,25.0000000),(57.2662683,-9.5725213,25.0000000),(57.2883775,-9.6877474,25.0000000),(57.7390291,-10.2531619,25.0000000),(57.2883775,-9.6877474,25.0000000),(57.3041698,-9.8175255,25.0000000),(57.7390291,-10.2531619,25.0000000),(57.3041698,-9.8175255,25.0000000),(57.3136452,-9.9618557,25.0000000),(57.7390291,-10.2531619,25.0000000),(57.3136452,-9.9618557,25.0000000),(57.3168037,-10.1207380,25.0000000),(57.7390291,-10.2531619,25.0000000),(57.3168037,-10.1207380,25.0000000),(57.3134302,-10.2121846,25.0000000),(57.7390291,-10.2531619,25.0000000),(57.3134302,-10.2121846,25.0000000),(57.3033099,-10.2986703,25.0000000),(57.7390291,-10.2531619,25.0000000),(57.3033099,-10.2986703,25.0000000),(57.2864427,-10.3801950,25.0000000),(57.7390291,-10.2531619,25.0000000),(57.2864427,-10.3801950,25.0000000),(57.2628287,-10.4567588,25.0000000),(57.7390291,-10.2531619,25.0000000),(57.2628287,-10.4567588,25.0000000),(57.1953599,-10.5950036,25.0000000),(57.7390291,-10.2531619,25.0000000),(57.1953599,-10.5950036,25.0000000),(57.1009037,-10.7134047,25.0000000),(57.7390291,-10.2531619,25.0000000),(57.1009037,-10.7134047,25.0000000),(57.0096224,-10.7893401,25.0000000),(56.0604339,-9.8341777,25.0000000),(56.0595037,-9.7439713,25.0000000),(55.6636870,-9.7503213,25.0000000),(56.0632244,-9.9203823,25.0000000),(56.0604339,-9.8341777,25.0000000),(55.6636870,-9.7503213,25.0000000),(56.0743865,-10.0807859,25.0000000),(56.0632244,-9.9203823,25.0000000),(55.6636870,-9.7503213,25.0000000),(56.0929900,-10.2251823,25.0000000),(56.0743865,-10.0807859,25.0000000),(55.6636870,-9.7503213,25.0000000),(56.1190349,-10.3535713,25.0000000),(56.0929900,-10.2251823,25.0000000),(55.6636870,-9.7503213,25.0000000),(56.1525213,-10.4659531,25.0000000),(56.1190349,-10.3535713,25.0000000),(55.6636870,-9.7503213,25.0000000),(56.1934490,-10.5623276,25.0000000),(56.1525213,-10.4659531,25.0000000),(55.6636870,-9.7503213,25.0000000),(56.2418181,-10.6426948,25.0000000),(56.1934490,-10.5623276,25.0000000),(55.6636870,-9.7503213,25.0000000),(56.2418181,-10.6426948,25.0000000),(55.6636870,-9.7503213,25.0000000),(55.6650265,-9.8660145,25.0000000),(56.2418181,-10.6426948,25.0000000),(55.6650265,-9.8660145,25.0000000),(55.6690448,-9.9768212,25.0000000),(56.2418181,-10.6426948,25.0000000),(55.6690448,-9.9768212,25.0000000),(55.6757421,-10.0827413,25.0000000),(56.2976287,-10.7070547,25.0000000),(56.2418181,-10.6426948,25.0000000),(55.6757421,-10.0827413,25.0000000),(56.2976287,-10.7070547,25.0000000),(55.6757421,-10.0827413,25.0000000),(55.6851183,-10.1837750,25.0000000),(56.2976287,-10.7070547,25.0000000),(55.6851183,-10.1837750,25.0000000),(55.6971733,-10.2799221,25.0000000),(56.3946646,-10.7857682,25.0000000),(56.2976287,-10.7070547,25.0000000),(55.6971733,-10.2799221,25.0000000),(56.3946646,-10.7857682,25.0000000),(55.6971733,-10.2799221,25.0000000),(55.7119073,-10.3711827,25.0000000),(56.3946646,-10.7857682,25.0000000),(55.7119073,-10.3711827,25.0000000),(55.7293202,-10.4575567,25.0000000),(56.4952724,-10.8419922,25.0000000),(56.3946646,-10.7857682,25.0000000),(55.7293202,-10.4575567,25.0000000),(56.4952724,-10.8419922,25.0000000),(55.7293202,-10.4575567,25.0000000),(55.7494120,-10.5390442,25.0000000),(56.4952724,-10.8419922,25.0000000),(55.7494120,-10.5390442,25.0000000),(55.7721827,-10.6156452,25.0000000),(56.5994521,-10.8757265,25.0000000),(56.4952724,-10.8419922,25.0000000),(55.7721827,-10.6156452,25.0000000),(56.5994521,-10.8757265,25.0000000),(55.7721827,-10.6156452,25.0000000),(55.7976323,-10.6873597,25.0000000),(56.5994521,-10.8757265,25.0000000),(55.7976323,-10.6873597,25.0000000),(55.8565683,-10.8161291,25.0000000),(56.7072037,-10.8869713,25.0000000),(56.5994521,-10.8757265,25.0000000),(55.8565683,-10.8161291,25.0000000),(56.7072037,-10.8869713,25.0000000),(55.8565683,-10.8161291,25.0000000),(55.9262198,-10.9253524,25.0000000),(56.7072037,-10.8869713,25.0000000),(55.9262198,-10.9253524,25.0000000),(56.0065870,-11.0150297,25.0000000),(56.8127724,-10.8761234,25.0000000),(56.7072037,-10.8869713,25.0000000),(56.0065870,-11.0150297,25.0000000),(56.8127724,-10.8761234,25.0000000),(56.0065870,-11.0150297,25.0000000),(56.0859455,-11.0844828,25.0000000),(56.8127724,-10.8761234,25.0000000),(56.0859455,-11.0844828,25.0000000),(56.1679167,-11.1446755,25.0000000),(56.9135787,-10.8435797,25.0000000),(56.8127724,-10.8761234,25.0000000),(56.1679167,-11.1446755,25.0000000),(56.9135787,-10.8435797,25.0000000),(56.1679167,-11.1446755,25.0000000),(56.2525007,-11.1956078,25.0000000),(56.9135787,-10.8435797,25.0000000),(56.2525007,-11.1956078,25.0000000),(56.3396974,-11.2372797,25.0000000),(57.0096224,-10.7893401,25.0000000),(56.9135787,-10.8435797,25.0000000),(56.3396974,-11.2372797,25.0000000),(57.0096224,-10.7893401,25.0000000),(56.3396974,-11.2372797,25.0000000),(56.4295069,-11.2696911,25.0000000),(57.7390291,-10.2531619,25.0000000),(57.0096224,-10.7893401,25.0000000),(56.4295069,-11.2696911,25.0000000),(57.7390291,-10.2531619,25.0000000),(56.4295069,-11.2696911,25.0000000),(56.5219292,-11.2928422,25.0000000),(57.7390291,-10.2531619,25.0000000),(56.5219292,-11.2928422,25.0000000),(56.6169642,-11.3067328,25.0000000),(57.7390291,-10.2531619,25.0000000),(56.6169642,-11.3067328,25.0000000),(56.7146120,-11.3113630,25.0000000),(57.7390291,-10.2531619,25.0000000),(56.7146120,-11.3113630,25.0000000),(56.8098620,-11.3066501,25.0000000),(57.7390291,-10.2531619,25.0000000),(56.8098620,-11.3066501,25.0000000),(56.9024662,-11.2925114,25.0000000),(57.7390291,-10.2531619,25.0000000),(56.9024662,-11.2925114,25.0000000),(56.9924245,-11.2689470,25.0000000),(57.7390291,-10.2531619,25.0000000),(56.9924245,-11.2689470,25.0000000),(57.0797370,-11.2359567,25.0000000),(57.7390291,-10.2531619,25.0000000),(57.0797370,-11.2359567,25.0000000),(57.1644037,-11.1935407,25.0000000),(57.7390291,-10.2531619,25.0000000),(57.1644037,-11.1935407,25.0000000),(57.2464245,-11.1416989,25.0000000),(57.7390291,-10.2531619,25.0000000),(57.2464245,-11.1416989,25.0000000),(57.3257995,-11.0804313,25.0000000),(57.7390291,-10.2531619,25.0000000),(57.3257995,-11.0804313,25.0000000),(57.4025287,-11.0097380,25.0000000),(57.7390291,-10.2531619,25.0000000),(57.4025287,-11.0097380,25.0000000),(57.4826478,-10.9214994,25.0000000),(57.7390291,-10.2531619,25.0000000),(57.4826478,-10.9214994,25.0000000),(57.5520844,-10.8266463,25.0000000),(57.7390291,-10.2531619,25.0000000),(57.5520844,-10.8266463,25.0000000),(57.6108384,-10.7251786,25.0000000),(57.7390291,-10.2531619,25.0000000),(57.6108384,-10.7251786,25.0000000),(57.6589099,-10.6170963,25.0000000),(57.7390291,-10.2531619,25.0000000),(57.6589099,-10.6170963,25.0000000),(57.6962989,-10.5023994,25.0000000),(57.7390291,-10.2531619,25.0000000),(57.6962989,-10.5023994,25.0000000),(57.7230052,-10.3810880,25.0000000),(68.1320953,-9.5286005,25.0000000),(69.5142787,-11.3182422,25.0000000),(69.5865099,-11.3801547,25.0000000),(68.1320953,-9.5286005,25.0000000),(69.5865099,-11.3801547,25.0000000),(69.6783203,-11.4007922,25.0000000),(68.1320953,-9.5286005,25.0000000),(69.6783203,-11.4007922,25.0000000),(69.8106120,-11.3552838,25.0000000),(68.1320953,-9.5286005,25.0000000),(69.8106120,-11.3552838,25.0000000),(69.8749058,-11.2817297,25.0000000),(68.1320953,-9.5286005,25.0000000),(69.8749058,-11.2817297,25.0000000),(69.8963370,-11.1859505,25.0000000),(68.1320953,-9.5286005,25.0000000),(69.8963370,-11.1859505,25.0000000),(69.8518870,-11.0536588,25.0000000),(68.1320953,-9.5286005,25.0000000),(69.8518870,-11.0536588,25.0000000),(68.6760787,-9.5286005,25.0000000),(68.6760787,-9.5286005,25.0000000),(68.7618037,-9.5286005,25.0000000),(68.8810481,-9.5234907,25.0000000),(68.1320953,-9.5286005,25.0000000),(68.6760787,-9.5286005,25.0000000),(68.8810481,-9.5234907,25.0000000),(67.2684953,-9.5286005,25.0000000),(68.1320953,-9.5286005,25.0000000),(68.8810481,-9.5234907,25.0000000),(67.2684953,-9.5286005,25.0000000),(68.8810481,-9.5234907,25.0000000),(68.9948354,-9.5081614,25.0000000),(67.2684953,-9.5286005,25.0000000),(68.9948354,-9.5081614,25.0000000),(69.1031658,-9.4826126,25.0000000),(67.2684953,-9.5286005,25.0000000),(69.1031658,-9.4826126,25.0000000),(69.2060391,-9.4468442,25.0000000),(67.2684953,-9.5286005,25.0000000),(69.2060391,-9.4468442,25.0000000),(69.3034554,-9.4008563,25.0000000),(67.2684953,-9.5286005,25.0000000),(69.3034554,-9.4008563,25.0000000),(69.3954146,-9.3446489,25.0000000),(67.2684953,-9.5286005,25.0000000),(69.3954146,-9.3446489,25.0000000),(69.4819168,-9.2782220,25.0000000),(67.2684953,-9.5286005,25.0000000),(69.4819168,-9.2782220,25.0000000),(69.5629620,-9.2015755,25.0000000),(67.2684953,-9.5286005,25.0000000),(69.5629620,-9.2015755,25.0000000),(69.6393604,-9.1118487,25.0000000),(67.2684953,-9.5286005,25.0000000),(69.6393604,-9.1118487,25.0000000),(69.7055724,-9.0194099,25.0000000),(67.2684953,-9.5286005,25.0000000),(69.7055724,-9.0194099,25.0000000),(69.7615979,-8.9242591,25.0000000),(69.7615979,-8.9242591,25.0000000),(69.8074370,-8.8263963,25.0000000),(69.4118849,-8.6771713,25.0000000),(69.7615979,-8.9242591,25.0000000),(69.4118849,-8.6771713,25.0000000),(69.3473927,-8.7947786,25.0000000),(69.7615979,-8.9242591,25.0000000),(69.3473927,-8.7947786,25.0000000),(69.2571037,-8.9010088,25.0000000),(69.7615979,-8.9242591,25.0000000),(69.2571037,-8.9010088,25.0000000),(69.1471693,-8.9889828,25.0000000),(69.7615979,-8.9242591,25.0000000),(69.1471693,-8.9889828,25.0000000),(69.0279745,-9.0518213,25.0000000),(69.7615979,-8.9242591,25.0000000),(69.0279745,-9.0518213,25.0000000),(68.8995193,-9.0895244,25.0000000),(67.2684953,-9.5286005,25.0000000),(69.7615979,-8.9242591,25.0000000),(68.8995193,-9.0895244,25.0000000),(67.2684953,-9.5286005,25.0000000),(68.8995193,-9.0895244,25.0000000),(68.7618037,-9.1020922,25.0000000),(67.2684953,-9.5286005,25.0000000),(68.7618037,-9.1020922,25.0000000),(67.2684953,-9.1020922,25.0000000),(69.4505802,-8.5481869,25.0000000),(69.4118849,-8.6771713,25.0000000),(69.8074370,-8.8263963,25.0000000),(69.4634787,-8.4078255,25.0000000),(69.4505802,-8.5481869,25.0000000),(69.8074370,-8.8263963,25.0000000),(69.4505802,-8.2687869,25.0000000),(69.4634787,-8.4078255,25.0000000),(69.8074370,-8.8263963,25.0000000),(69.4118849,-8.1405963,25.0000000),(69.4505802,-8.2687869,25.0000000),(69.8074370,-8.8263963,25.0000000),(69.3473927,-8.0232536,25.0000000),(69.4118849,-8.1405963,25.0000000),(69.8074370,-8.8263963,25.0000000),(69.3473927,-8.0232536,25.0000000),(69.8074370,-8.8263963,25.0000000),(69.8430896,-8.7258216,25.0000000),(69.3473927,-8.0232536,25.0000000),(69.8430896,-8.7258216,25.0000000),(69.8685558,-8.6225349,25.0000000),(69.2571037,-7.9167588,25.0000000),(69.3473927,-8.0232536,25.0000000),(69.8685558,-8.6225349,25.0000000),(69.2571037,-7.9167588,25.0000000),(69.8685558,-8.6225349,25.0000000),(69.8838354,-8.5165362,25.0000000),(69.2571037,-7.9167588,25.0000000),(69.8838354,-8.5165362,25.0000000),(69.8889287,-8.4078255,25.0000000),(69.1499474,-7.8287849,25.0000000),(69.2571037,-7.9167588,25.0000000),(69.8889287,-8.4078255,25.0000000),(69.1499474,-7.8287849,25.0000000),(69.8889287,-8.4078255,25.0000000),(69.8838354,-8.2952122,25.0000000),(69.1499474,-7.8287849,25.0000000),(69.8838354,-8.2952122,25.0000000),(69.8685558,-8.1865015,25.0000000),(69.0327370,-7.7659463,25.0000000),(69.1499474,-7.8287849,25.0000000),(69.8685558,-8.1865015,25.0000000),(69.0327370,-7.7659463,25.0000000),(69.8685558,-8.1865015,25.0000000),(69.8430896,-8.0816935,25.0000000),(69.0327370,-7.7659463,25.0000000),(69.8430896,-8.0816935,25.0000000),(69.8074370,-7.9807880,25.0000000),(68.9054724,-7.7282432,25.0000000),(69.0327370,-7.7659463,25.0000000),(69.8074370,-7.9807880,25.0000000),(68.9054724,-7.7282432,25.0000000),(69.8074370,-7.9807880,25.0000000),(69.7615979,-7.8837851,25.0000000),(68.9054724,-7.7282432,25.0000000),(69.7615979,-7.8837851,25.0000000),(69.7055724,-7.7906849,25.0000000),(68.7681537,-7.7156755,25.0000000),(68.9054724,-7.7282432,25.0000000),(69.7055724,-7.7906849,25.0000000),(68.7681537,-7.7156755,25.0000000),(69.7055724,-7.7906849,25.0000000),(69.6393604,-7.7014872,25.0000000),(67.2684953,-7.7156755,25.0000000),(68.7681537,-7.7156755,25.0000000),(69.6393604,-7.7014872,25.0000000),(67.2684953,-7.7156755,25.0000000),(69.6393604,-7.7014872,25.0000000),(69.5629620,-7.6161922,25.0000000),(67.2684953,-7.7156755,25.0000000),(69.5629620,-7.6161922,25.0000000),(69.4758976,-7.5380574,25.0000000),(67.2684953,-7.7156755,25.0000000),(69.4758976,-7.5380574,25.0000000),(69.3850959,-7.4703406,25.0000000),(67.2684953,-7.7156755,25.0000000),(69.3850959,-7.4703406,25.0000000),(69.2905569,-7.4130418,25.0000000),(67.2684953,-7.7156755,25.0000000),(69.2905569,-7.4130418,25.0000000),(69.1922808,-7.3661609,25.0000000),(67.2684953,-7.7156755,25.0000000),(69.1922808,-7.3661609,25.0000000),(69.0902673,-7.3296980,25.0000000),(67.2684953,-7.7156755,25.0000000),(69.0902673,-7.3296980,25.0000000),(68.9845167,-7.3036531,25.0000000),(67.2684953,-7.7156755,25.0000000),(68.9845167,-7.3036531,25.0000000),(68.8750288,-7.2880261,25.0000000),(67.2684953,-7.7156755,25.0000000),(68.8750288,-7.2880261,25.0000000),(68.7618037,-7.2828172,25.0000000),(67.2684953,-7.7156755,25.0000000),(68.7618037,-7.2828172,25.0000000),(67.0557703,-7.2828172,25.0000000),(67.2684953,-9.1020922,25.0000000),(67.2684953,-7.7156755,25.0000000),(67.0557703,-7.2828172,25.0000000),(67.2684953,-9.5286005,25.0000000),(67.2684953,-9.1020922,25.0000000),(67.0557703,-7.2828172,25.0000000),(67.2684953,-9.5286005,25.0000000),(67.0557703,-7.2828172,25.0000000),(66.9697808,-7.2994859,25.0000000),(67.2684953,-9.5286005,25.0000000),(66.9697808,-7.2994859,25.0000000),(66.8980787,-7.3494922,25.0000000),(67.2684953,-9.5286005,25.0000000),(66.8980787,-7.3494922,25.0000000),(66.8560099,-7.4238401,25.0000000),(67.2684953,-9.5286005,25.0000000),(66.8560099,-7.4238401,25.0000000),(66.8419870,-7.5029505,25.0000000),(67.2684953,-9.5286005,25.0000000),(66.8419870,-7.5029505,25.0000000),(66.8419870,-11.1298588,25.0000000),(67.2684953,-9.5286005,25.0000000),(66.8419870,-11.1298588,25.0000000),(66.8648735,-11.2132026,25.0000000),(67.2684953,-9.5286005,25.0000000),(66.8648735,-11.2132026,25.0000000),(66.9081328,-11.2727338,25.0000000),(67.2684953,-9.5286005,25.0000000),(66.9081328,-11.2727338,25.0000000),(67.0557703,-11.3203588,25.0000000),(67.2684953,-9.5286005,25.0000000),(67.0557703,-11.3203588,25.0000000),(67.1297875,-11.3084526,25.0000000),(67.2684953,-9.5286005,25.0000000),(67.1297875,-11.3084526,25.0000000),(67.1899141,-11.2727338,25.0000000),(67.2684953,-9.5286005,25.0000000),(67.1899141,-11.2727338,25.0000000),(67.2684953,-11.1298588,25.0000000),(65.8799620,-9.5233088,25.0000000),(65.8778453,-11.1298588,25.0000000),(65.8939849,-11.2118797,25.0000000),(65.8799620,-9.5233088,25.0000000),(65.8939849,-11.2118797,25.0000000),(65.9424037,-11.2801422,25.0000000),(65.8799620,-9.5233088,25.0000000),(65.9424037,-11.2801422,25.0000000),(66.0111953,-11.3261797,25.0000000),(65.8799620,-9.5233088,25.0000000),(66.0111953,-11.3261797,25.0000000),(66.0884537,-11.3415255,25.0000000),(65.8799620,-9.5233088,25.0000000),(66.0884537,-11.3415255,25.0000000),(66.1712683,-11.3261797,25.0000000),(65.8799620,-9.5233088,25.0000000),(66.1712683,-11.3261797,25.0000000),(66.2397953,-11.2801422,25.0000000),(65.8799620,-9.5233088,25.0000000),(66.2397953,-11.2801422,25.0000000),(66.2858328,-11.2118797,25.0000000),(65.8799620,-9.5233088,25.0000000),(66.2858328,-11.2118797,25.0000000),(66.3011787,-11.1298588,25.0000000),(65.8799620,-9.5233088,25.0000000),(66.3011787,-11.1298588,25.0000000),(66.3011787,-7.5029505,25.0000000),(65.8799620,-9.5233088,25.0000000),(66.3011787,-7.5029505,25.0000000),(66.2858328,-7.4214588,25.0000000),(65.8799620,-9.5233088,25.0000000),(66.2858328,-7.4214588,25.0000000),(66.2397953,-7.3526672,25.0000000),(65.8799620,-9.5233088,25.0000000),(66.2397953,-7.3526672,25.0000000),(66.1723266,-7.3050422,25.0000000),(65.8799620,-9.5233088,25.0000000),(66.1723266,-7.3050422,25.0000000),(66.0926870,-7.2891672,25.0000000),(65.8799620,-9.5233088,25.0000000),(66.0926870,-7.2891672,25.0000000),(66.0106662,-7.3055713,25.0000000),(65.8799620,-9.5233088,25.0000000),(66.0106662,-7.3055713,25.0000000),(65.9402870,-7.3547838,25.0000000),(65.8799620,-9.5233088,25.0000000),(65.9402870,-7.3547838,25.0000000),(65.8934558,-7.4193422,25.0000000),(65.8799620,-9.5233088,25.0000000),(65.8934558,-7.4193422,25.0000000),(65.8778453,-7.5029505,25.0000000),(65.8799620,-9.5233088,25.0000000),(65.8778453,-7.5029505,25.0000000),(65.8778453,-9.1020922,25.0000000),(63.6786287,-9.5233088,25.0000000),(65.8799620,-9.5233088,25.0000000),(65.8778453,-9.1020922,25.0000000),(63.6786287,-9.5233088,25.0000000),(65.8778453,-9.1020922,25.0000000),(63.6849787,-9.1020922,25.0000000),(63.6786287,-9.5233088,25.0000000),(63.6849787,-9.1020922,25.0000000),(63.6849787,-7.5029505,25.0000000),(63.6786287,-9.5233088,25.0000000),(63.6849787,-7.5029505,25.0000000),(63.6685745,-7.4214588,25.0000000),(63.6786287,-9.5233088,25.0000000),(63.6685745,-7.4214588,25.0000000),(63.6193620,-7.3526672,25.0000000),(63.6786287,-9.5233088,25.0000000),(63.6193620,-7.3526672,25.0000000),(63.5497766,-7.3050422,25.0000000),(63.6786287,-9.5233088,25.0000000),(63.5497766,-7.3050422,25.0000000),(63.4722537,-7.2891672,25.0000000),(63.6786287,-9.5233088,25.0000000),(63.4722537,-7.2891672,25.0000000),(63.3899683,-7.3050422,25.0000000),(63.6786287,-9.5233088,25.0000000),(63.3899683,-7.3050422,25.0000000),(63.3187953,-7.3526672,25.0000000),(63.6786287,-9.5233088,25.0000000),(63.3187953,-7.3526672,25.0000000),(63.2703766,-7.4214588,25.0000000),(63.6786287,-9.5233088,25.0000000),(63.2703766,-7.4214588,25.0000000),(63.2542370,-7.5029505,25.0000000),(63.6786287,-9.5233088,25.0000000),(63.2542370,-7.5029505,25.0000000),(63.2542370,-11.1298588,25.0000000),(63.6786287,-9.5233088,25.0000000),(63.2542370,-11.1298588,25.0000000),(63.2698474,-11.2118797,25.0000000),(63.6786287,-9.5233088,25.0000000),(63.2698474,-11.2118797,25.0000000),(63.3166787,-11.2801422,25.0000000),(63.6786287,-9.5233088,25.0000000),(63.3166787,-11.2801422,25.0000000),(63.3862641,-11.3261797,25.0000000),(63.6786287,-9.5233088,25.0000000),(63.3862641,-11.3261797,25.0000000),(63.4680203,-11.3415255,25.0000000),(63.6786287,-9.5233088,25.0000000),(63.4680203,-11.3415255,25.0000000),(63.5458078,-11.3264442,25.0000000),(63.6786287,-9.5233088,25.0000000),(63.5458078,-11.3264442,25.0000000),(63.6183037,-11.2812005,25.0000000),(63.6786287,-9.5233088,25.0000000),(63.6183037,-11.2812005,25.0000000),(63.6635474,-11.2163776,25.0000000),(63.6786287,-9.5233088,25.0000000),(63.6635474,-11.2163776,25.0000000),(63.6786287,-11.1298588,25.0000000),(70.8604787,-9.8111755,25.0000000),(70.8604787,-7.5029505,25.0000000),(70.8451328,-7.4214588,25.0000000),(70.8604787,-9.8111755,25.0000000),(70.8451328,-7.4214588,25.0000000),(70.7990953,-7.3526672,25.0000000),(70.8604787,-9.8111755,25.0000000),(70.7990953,-7.3526672,25.0000000),(70.7316266,-7.3050422,25.0000000),(70.8654562,-9.9236399,25.0000000),(70.8604787,-9.8111755,25.0000000),(70.7316266,-7.3050422,25.0000000),(70.8654562,-9.9236399,25.0000000),(70.7316266,-7.3050422,25.0000000),(70.6519870,-7.2891672,25.0000000),(70.8654562,-9.9236399,25.0000000),(70.6519870,-7.2891672,25.0000000),(70.5686433,-7.3055713,25.0000000),(70.8654562,-9.9236399,25.0000000),(70.5686433,-7.3055713,25.0000000),(70.4942953,-7.3547838,25.0000000),(70.8654562,-9.9236399,25.0000000),(70.4942953,-7.3547838,25.0000000),(70.4490516,-7.4193422,25.0000000),(70.8654562,-9.9236399,25.0000000),(70.4490516,-7.4193422,25.0000000),(70.4339703,-7.5029505,25.0000000),(70.8654562,-9.9236399,25.0000000),(70.4339703,-7.5029505,25.0000000),(70.4339703,-9.8111755,25.0000000),(70.8654562,-9.9236399,25.0000000),(70.4339703,-9.8111755,25.0000000),(70.4409157,-9.9662709,25.0000000),(70.8654562,-9.9236399,25.0000000),(70.4409157,-9.9662709,25.0000000),(70.4617516,-10.1156448,25.0000000),(70.8654562,-9.9236399,25.0000000),(70.4617516,-10.1156448,25.0000000),(70.4964782,-10.2592970,25.0000000),(70.8654562,-9.9236399,25.0000000),(70.4964782,-10.2592970,25.0000000),(70.5450953,-10.3972276,25.0000000),(70.8654562,-9.9236399,25.0000000),(70.5450953,-10.3972276,25.0000000),(70.6076032,-10.5294366,25.0000000),(70.8654562,-9.9236399,25.0000000),(70.6076032,-10.5294366,25.0000000),(70.6840016,-10.6559239,25.0000000),(70.8654562,-9.9236399,25.0000000),(70.6840016,-10.6559239,25.0000000),(70.7742907,-10.7766897,25.0000000),(70.8654562,-9.9236399,25.0000000),(70.7742907,-10.7766897,25.0000000),(70.8784703,-10.8917338,25.0000000),(70.8654562,-9.9236399,25.0000000),(70.8784703,-10.8917338,25.0000000),(70.9910506,-10.9971537,25.0000000),(70.9910506,-10.9971537,25.0000000),(71.1097162,-11.0885177,25.0000000),(71.2344672,-11.1658256,25.0000000),(70.9910506,-10.9971537,25.0000000),(71.2344672,-11.1658256,25.0000000),(71.3653037,-11.2290776,25.0000000),(70.9910506,-10.9971537,25.0000000),(71.3653037,-11.2290776,25.0000000),(71.5022256,-11.2782735,25.0000000),(70.9910506,-10.9971537,25.0000000),(71.5022256,-11.2782735,25.0000000),(71.6452328,-11.3134135,25.0000000),(70.9910506,-10.9971537,25.0000000),(71.6452328,-11.3134135,25.0000000),(71.7943256,-11.3344975,25.0000000),(70.9910506,-10.9971537,25.0000000),(71.7943256,-11.3344975,25.0000000),(71.9495037,-11.3415255,25.0000000),(70.9910506,-10.9971537,25.0000000),(71.9495037,-11.3415255,25.0000000),(72.1048968,-11.3344975,25.0000000),(70.9910506,-10.9971537,25.0000000),(72.1048968,-11.3344975,25.0000000),(72.2546344,-11.3134135,25.0000000),(70.9910506,-10.9971537,25.0000000),(72.2546344,-11.3134135,25.0000000),(72.3987166,-11.2782735,25.0000000),(70.9910506,-10.9971537,25.0000000),(72.3987166,-11.2782735,25.0000000),(72.5371433,-11.2290776,25.0000000),(70.9910506,-10.9971537,25.0000000),(72.5371433,-11.2290776,25.0000000),(72.6699145,-11.1658256,25.0000000),(70.9910506,-10.9971537,25.0000000),(72.6699145,-11.1658256,25.0000000),(72.7970302,-11.0885177,25.0000000),(70.9910506,-10.9971537,25.0000000),(72.7970302,-11.0885177,25.0000000),(72.9184905,-10.9971537,25.0000000),(70.9910506,-10.9971537,25.0000000),(72.9184905,-10.9971537,25.0000000),(73.0342953,-10.8917338,25.0000000),(73.0342953,-10.8917338,25.0000000),(73.1389711,-10.7780291,25.0000000),(73.2296901,-10.6581067,25.0000000),(73.0342953,-10.8917338,25.0000000),(73.2296901,-10.6581067,25.0000000),(73.3064524,-10.5319666,25.0000000),(73.0342953,-10.8917338,25.0000000),(73.3064524,-10.5319666,25.0000000),(73.3692578,-10.3996088,25.0000000),(73.0342953,-10.8917338,25.0000000),(73.3692578,-10.3996088,25.0000000),(73.4181065,-10.2610333,25.0000000),(73.0342953,-10.8917338,25.0000000),(73.4181065,-10.2610333,25.0000000),(73.4529985,-10.1162401,25.0000000),(73.0342953,-10.8917338,25.0000000),(73.4529985,-10.1162401,25.0000000),(73.4739336,-9.9652291,25.0000000),(73.0342953,-10.8917338,25.0000000),(73.4739336,-9.9652291,25.0000000),(73.4809120,-9.8080005,25.0000000),(73.0342953,-10.8917338,25.0000000),(73.4809120,-9.8080005,25.0000000),(73.4809120,-7.5029505,25.0000000),(73.0342953,-10.8917338,25.0000000),(73.4809120,-7.5029505,25.0000000),(73.4655662,-7.4214588,25.0000000),(73.0342953,-10.8917338,25.0000000),(73.4655662,-7.4214588,25.0000000),(73.4195287,-7.3526672,25.0000000),(73.0342953,-10.8917338,25.0000000),(73.4195287,-7.3526672,25.0000000),(73.3512662,-7.3050422,25.0000000),(73.0342953,-10.8917338,25.0000000),(73.3512662,-7.3050422,25.0000000),(73.2692453,-7.2891672,25.0000000),(73.0342953,-10.8917338,25.0000000),(73.2692453,-7.2891672,25.0000000),(73.1872245,-7.3050422,25.0000000),(73.0342953,-10.8917338,25.0000000),(73.1872245,-7.3050422,25.0000000),(73.1189620,-7.3526672,25.0000000),(73.1189620,-7.3526672,25.0000000),(73.0729245,-7.4214588,25.0000000),(73.0575787,-7.5029505,25.0000000),(73.1189620,-7.3526672,25.0000000),(73.0575787,-7.5029505,25.0000000),(73.0575787,-9.8080005,25.0000000),(73.0342953,-10.8917338,25.0000000),(73.1189620,-7.3526672,25.0000000),(73.0575787,-9.8080005,25.0000000),(73.0342953,-10.8917338,25.0000000),(73.0575787,-9.8080005,25.0000000),(73.0524689,-9.9200185,25.0000000),(73.0342953,-10.8917338,25.0000000),(73.0524689,-9.9200185,25.0000000),(73.0371396,-10.0280015,25.0000000),(73.0342953,-10.8917338,25.0000000),(73.0371396,-10.0280015,25.0000000),(73.0115908,-10.1319497,25.0000000),(73.0342953,-10.8917338,25.0000000),(73.0115908,-10.1319497,25.0000000),(72.9758224,-10.2318630,25.0000000),(73.0342953,-10.8917338,25.0000000),(72.9758224,-10.2318630,25.0000000),(72.9298345,-10.3277414,25.0000000),(73.0342953,-10.8917338,25.0000000),(72.9298345,-10.3277414,25.0000000),(72.8736271,-10.4195849,25.0000000),(73.0342953,-10.8917338,25.0000000),(72.8736271,-10.4195849,25.0000000),(72.8072002,-10.5073935,25.0000000),(73.0342953,-10.8917338,25.0000000),(72.8072002,-10.5073935,25.0000000),(72.7305537,-10.5911672,25.0000000),(73.0342953,-10.8917338,25.0000000),(72.7305537,-10.5911672,25.0000000),(72.6486817,-10.6675656,25.0000000),(73.0342953,-10.8917338,25.0000000),(72.6486817,-10.6675656,25.0000000),(72.5623448,-10.7337776,25.0000000),(73.0342953,-10.8917338,25.0000000),(72.5623448,-10.7337776,25.0000000),(72.4715431,-10.7898031,25.0000000),(73.0342953,-10.8917338,25.0000000),(72.4715431,-10.7898031,25.0000000),(72.3762766,-10.8356422,25.0000000),(73.0342953,-10.8917338,25.0000000),(72.3762766,-10.8356422,25.0000000),(72.2765452,-10.8712948,25.0000000),(73.0342953,-10.8917338,25.0000000),(72.2765452,-10.8712948,25.0000000),(72.1723490,-10.8967609,25.0000000),(73.0342953,-10.8917338,25.0000000),(72.1723490,-10.8967609,25.0000000),(72.0636879,-10.9120406,25.0000000),(70.9910506,-10.9971537,25.0000000),(73.0342953,-10.8917338,25.0000000),(72.0636879,-10.9120406,25.0000000),(70.9910506,-10.9971537,25.0000000),(72.0636879,-10.9120406,25.0000000),(71.9505620,-10.9171338,25.0000000),(70.9910506,-10.9971537,25.0000000),(71.9505620,-10.9171338,25.0000000),(71.8394205,-10.9120737,25.0000000),(70.9910506,-10.9971537,25.0000000),(71.8394205,-10.9120737,25.0000000),(71.7324792,-10.8968932,25.0000000),(70.9910506,-10.9971537,25.0000000),(71.7324792,-10.8968932,25.0000000),(71.6297382,-10.8715924,25.0000000),(70.9910506,-10.9971537,25.0000000),(71.6297382,-10.8715924,25.0000000),(71.5311974,-10.8361713,25.0000000),(70.9910506,-10.9971537,25.0000000),(71.5311974,-10.8361713,25.0000000),(71.4368569,-10.7906299,25.0000000),(70.9910506,-10.9971537,25.0000000),(71.4368569,-10.7906299,25.0000000),(71.3467167,-10.7349682,25.0000000),(70.9910506,-10.9971537,25.0000000),(71.3467167,-10.7349682,25.0000000),(71.2607767,-10.6691862,25.0000000),(70.9910506,-10.9971537,25.0000000),(71.2607767,-10.6691862,25.0000000),(71.1790370,-10.5932838,25.0000000),(70.9910506,-10.9971537,25.0000000),(71.1790370,-10.5932838,25.0000000),(71.1043749,-10.5102212,25.0000000),(70.9910506,-10.9971537,25.0000000),(71.1043749,-10.5102212,25.0000000),(71.0396677,-10.4229583,25.0000000),(70.9910506,-10.9971537,25.0000000),(71.0396677,-10.4229583,25.0000000),(70.9849155,-10.3314952,25.0000000),(70.9910506,-10.9971537,25.0000000),(70.9849155,-10.3314952,25.0000000),(70.9401183,-10.2358317,25.0000000),(70.9910506,-10.9971537,25.0000000),(70.9401183,-10.2358317,25.0000000),(70.9052759,-10.1359681,25.0000000),(70.9910506,-10.9971537,25.0000000),(70.9052759,-10.1359681,25.0000000),(70.8803886,-10.0319041,25.0000000),(70.8654562,-9.9236399,25.0000000),(70.9910506,-10.9971537,25.0000000),(70.8803886,-10.0319041,25.0000000),(62.6581308,-7.6624942,25.0000000),(62.7113120,-7.5029505,25.0000000),(62.6962308,-7.4230463,25.0000000),(62.6581308,-7.6624942,25.0000000),(62.6962308,-7.4230463,25.0000000),(62.6509870,-7.3547838,25.0000000),(62.6581308,-7.6624942,25.0000000),(62.6509870,-7.3547838,25.0000000),(62.5827245,-7.3055713,25.0000000),(62.6581308,-7.6624942,25.0000000),(62.5827245,-7.3055713,25.0000000),(62.4985870,-7.2891672,25.0000000),(62.6581308,-7.6624942,25.0000000),(62.4985870,-7.2891672,25.0000000),(59.8781537,-7.2891672,25.0000000),(62.6581308,-7.6624942,25.0000000),(59.8781537,-7.2891672,25.0000000),(59.7850203,-7.3095401,25.0000000),(62.6581308,-7.6624942,25.0000000),(59.7850203,-7.3095401,25.0000000),(59.7109370,-7.3706588,25.0000000),(62.6581308,-7.6624942,25.0000000),(59.7109370,-7.3706588,25.0000000),(59.6643703,-7.5029505,25.0000000),(62.6581308,-7.6624942,25.0000000),(59.6643703,-7.5029505,25.0000000),(59.6643703,-7.5188255,25.0000000),(62.6581308,-7.6624942,25.0000000),(59.6643703,-7.5188255,25.0000000),(59.7246953,-7.6479422,25.0000000),(62.6581308,-7.6624942,25.0000000),(59.7246953,-7.6479422,25.0000000),(59.7958683,-7.6987422,25.0000000),(62.6581308,-7.6624942,25.0000000),(59.7958683,-7.6987422,25.0000000),(59.8781537,-7.7156755,25.0000000),(62.6581308,-7.6624942,25.0000000),(59.8781537,-7.7156755,25.0000000),(60.9777620,-7.7156755,25.0000000),(60.9777620,-7.7156755,25.0000000),(60.9777620,-11.1298588,25.0000000),(60.9931078,-11.2118797,25.0000000),(60.9777620,-7.7156755,25.0000000),(60.9931078,-11.2118797,25.0000000),(61.0391453,-11.2801422,25.0000000),(60.9777620,-7.7156755,25.0000000),(61.0391453,-11.2801422,25.0000000),(61.1074078,-11.3261797,25.0000000),(60.9777620,-7.7156755,25.0000000),(61.1074078,-11.3261797,25.0000000),(61.1894287,-11.3415255,25.0000000),(60.9777620,-7.7156755,25.0000000),(61.1894287,-11.3415255,25.0000000),(61.2714495,-11.3261797,25.0000000),(60.9777620,-7.7156755,25.0000000),(61.2714495,-11.3261797,25.0000000),(61.3397120,-11.2801422,25.0000000),(60.9777620,-7.7156755,25.0000000),(61.3397120,-11.2801422,25.0000000),(61.3857495,-11.2118797,25.0000000),(60.9777620,-7.7156755,25.0000000),(61.3857495,-11.2118797,25.0000000),(61.4010953,-11.1298588,25.0000000),(60.9777620,-7.7156755,25.0000000),(61.4010953,-11.1298588,25.0000000),(61.4010953,-7.7156755,25.0000000),(62.6581308,-7.6624942,25.0000000),(60.9777620,-7.7156755,25.0000000),(61.4010953,-7.7156755,25.0000000),(62.6581308,-7.6624942,25.0000000),(61.4010953,-7.7156755,25.0000000),(62.4985870,-7.7156755,25.0000000),(62.6581308,-7.6624942,25.0000000),(62.4985870,-7.7156755,25.0000000),(62.5916542,-7.7023802,25.0000000)));
#771=COMPLEX_TRIANGULATED_SURFACE_SET('surface set',#770,1761,(),(),(),((1,2,3),(4,5,6),(7,8,9),(10,11,12),(13,14,15),(16,17,18),(19,20,21),(22,23,24),(25,26,27),(28,29,30),(31,32,33),(34,35,36),(37,38,39),(40,41,42),(43,44,45),(46,47,48),(49,50,51),(52,53,54),(55,56,57),(58,59,60),(61,62,63),(64,65,66),(67,68,69),(70,71,72),(73,74,75),(76,77,78),(79,80,81),(82,83,84),(85,86,87),(88,89,90),(91,92,93),(94,95,96),(97,98,99),(100,101,102),(103,104,105),(106,107,108),(109,110,111),(112,113,114),(115,116,117),(118,119,120),(121,122,123),(124,125,126),(127,128,129),(130,131,132),(133,134,135),(136,137,138),(139,140,141),(142,143,144),(145,146,147),(148,149,150),(151,152,153),(154,155,156),(157,158,159),(160,161,162),(163,164,165),(166,167,168),(169,170,171),(172,173,174),(175,176,177),(178,179,180),(181,182,183),(184,185,186),(187,188,189),(190,191,192),(193,194,195),(196,197,198),(199,200,201),(202,203,204),(205,206,207),(208,209,210),(211,212,213),(214,215,216),(217,218,219),(220,221,222),(223,224,225),(226,227,228),(229,230,231),(232,233,234),(235,236,237),(238,239,240),(241,242,243),(244,245,246),(247,248,249),(250,251,252),(253,254,255),(256,257,258),(259,260,261),(262,263,264),(265,266,267),(268,269,270),(271,272,273),(274,275,276),(277,278,279),(280,281,282),(283,284,285),(286,287,288),(289,290,291),(292,293,294),(295,296,297),(298,299,300),(301,302,303),(304,305,306),(307,308,309),(310,311,312),(313,314,315),(316,317,318),(319,320,321),(322,323,324),(325,326,327),(328,329,330),(331,332,333),(334,335,336),(337,338,339),(340,341,342),(343,344,345),(346,347,348),(349,350,351),(352,353,354),(355,356,357),(358,359,360),(361,362,363),(364,365,366),(367,368,369),(370,371,372),(373,374,375),(376,377,378),(379,380,381),(382,383,384),(385,386,387),(388,389,390),(391,392,393),(394,395,396),(397,398,399),(400,401,402),(403,404,405),(406,407,408),(409,410,411),(412,413,414),(415,416,417),(418,419,420),(421,422,423),(424,425,426),(427,428,429),(430,431,432),(433,434,435),(436,437,438),(439,440,441),(442,443,444),(445,446,447),(448,449,450),(451,452,453),(454,455,456),(457,458,459),(460,461,462),(463,464,465),(466,467,468),(469,470,471),(472,473,474),(475,476,477),(478,479,480),(481,482,483),(484,485,486),(487,488,489),(490,491,492),(493,494,495),(496,497,498),(499,500,501),(502,503,504),(505,506,507),(508,509,510),(511,512,513),(514,515,516),(517,518,519),(520,521,522),(523,524,525),(526,527,528),(529,530,531),(532,533,534),(535,536,537),(538,539,540),(541,542,543),(544,545,546),(547,548,549),(550,551,552),(553,554,555),(556,557,558),(559,560,561),(562,563,564),(565,566,567),(568,569,570),(571,572,573),(574,575,576),(577,578,579),(580,581,582),(583,584,585),(586,587,588),(589,590,591),(592,593,594),(595,596,597),(598,599,600),(601,602,603),(604,605,606),(607,608,609),(610,611,612),(613,614,615),(616,617,618),(619,620,621),(622,623,624),(625,626,627),(628,629,630),(631,632,633),(634,635,636),(637,638,639),(640,641,642),(643,644,645),(646,647,648),(649,650,651),(652,653,654),(655,656,657),(658,659,660),(661,662,663),(664,665,666),(667,668,669),(670,671,672),(673,674,675),(676,677,678),(679,680,681),(682,683,684),(685,686,687),(688,689,690),(691,692,693),(694,695,696),(697,698,699),(700,701,702),(703,704,705),(706,707,708),(709,710,711),(712,713,714),(715,716,717),(718,719,720),(721,722,723),(724,725,726),(727,728,729),(730,731,732),(733,734,735),(736,737,738),(739,740,741),(742,743,744),(745,746,747),(748,749,750),(751,752,753),(754,755,756),(757,758,759),(760,761,762),(763,764,765),(766,767,768),(769,770,771),(772,773,774),(775,776,777),(778,779,780),(781,782,783),(784,785,786),(787,788,789),(790,791,792),(793,794,795),(796,797,798),(799,800,801),(802,803,804),(805,806,807),(808,809,810),(811,812,813),(814,815,816),(817,818,819),(820,821,822),(823,824,825),(826,827,828),(829,830,831),(832,833,834),(835,836,837),(838,839,840),(841,842,843),(844,845,846),(847,848,849),(850,851,852),(853,854,855),(856,857,858),(859,860,861),(862,863,864),(865,866,867),(868,869,870),(871,872,873),(874,875,876),(877,878,879),(880,881,882),(883,884,885),(886,887,888),(889,890,891),(892,893,894),(895,896,897),(898,899,900),(901,902,903),(904,905,906),(907,908,909),(910,911,912),(913,914,915),(916,917,918),(919,920,921),(922,923,924),(925,926,927),(928,929,930),(931,932,933),(934,935,936),(937,938,939),(940,941,942),(943,944,945),(946,947,948),(949,950,951),(952,953,954),(955,956,957),(958,959,960),(961,962,963),(964,965,966),(967,968,969),(970,971,972),(973,974,975),(976,977,978),(979,980,981),(982,983,984),(985,986,987),(988,989,990),(991,992,993),(994,995,996),(997,998,999),(1000,1001,1002),(1003,1004,1005),(1006,1007,1008),(1009,1010,1011),(1012,1013,1014),(1015,1016,1017),(1018,1019,1020),(1021,1022,1023),(1024,1025,1026),(1027,1028,1029),(1030,1031,1032),(1033,1034,1035),(1036,1037,1038),(1039,1040,1041),(1042,1043,1044),(1045,1046,1047),(1048,1049,1050),(1051,1052,1053),(1054,1055,1056),(1057,1058,1059),(1060,1061,1062),(1063,1064,1065),(1066,1067,1068),(1069,1070,1071),(1072,1073,1074),(1075,1076,1077),(1078,1079,1080),(1081,1082,1083),(1084,1085,1086),(1087,1088,1089),(1090,1091,1092),(1093,1094,1095),(1096,1097,1098),(1099,1100,1101),(1102,1103,1104),(1105,1106,1107),(1108,1109,1110),(1111,1112,1113),(1114,1115,1116),(1117,1118,1119),(1120,1121,1122),(1123,1124,1125),(1126,1127,1128),(1129,1130,1131),(1132,1133,1134),(1135,1136,1137),(1138,1139,1140),(1141,1142,1143),(1144,1145,1146),(1147,1148,1149),(1150,1151,1152),(1153,1154,1155),(1156,1157,1158),(1159,1160,1161),(1162,1163,1164),(1165,1166,1167),(1168,1169,1170),(1171,1172,1173),(1174,1175,1176),(1177,1178,1179),(1180,1181,1182),(1183,1184,1185),(1186,1187,1188),(1189,1190,1191),(1192,1193,1194),(1195,1196,1197),(1198,1199,1200),(1201,1202,1203),(1204,1205,1206),(1207,1208,1209),(1210,1211,1212),(1213,1214,1215),(1216,1217,1218),(1219,1220,1221),(1222,1223,1224),(1225,1226,1227),(1228,1229,1230),(1231,1232,1233),(1234,1235,1236),(1237,1238,1239),(1240,1241,1242),(1243,1244,1245),(1246,1247,1248),(1249,1250,1251),(1252,1253,1254),(1255,1256,1257),(1258,1259,1260),(1261,1262,1263),(1264,1265,1266),(1267,1268,1269),(1270,1271,1272),(1273,1274,1275),(1276,1277,1278),(1279,1280,1281),(1282,1283,1284),(1285,1286,1287),(1288,1289,1290),(1291,1292,1293),(1294,1295,1296),(1297,1298,1299),(1300,1301,1302),(1303,1304,1305),(1306,1307,1308),(1309,1310,1311),(1312,1313,1314),(1315,1316,1317),(1318,1319,1320),(1321,1322,1323),(1324,1325,1326),(1327,1328,1329),(1330,1331,1332),(1333,1334,1335),(1336,1337,1338),(1339,1340,1341),(1342,1343,1344),(1345,1346,1347),(1348,1349,1350),(1351,1352,1353),(1354,1355,1356),(1357,1358,1359),(1360,1361,1362),(1363,1364,1365),(1366,1367,1368),(1369,1370,1371),(1372,1373,1374),(1375,1376,1377),(1378,1379,1380),(1381,1382,1383),(1384,1385,1386),(1387,1388,1389),(1390,1391,1392),(1393,1394,1395),(1396,1397,1398),(1399,1400,1401),(1402,1403,1404),(1405,1406,1407),(1408,1409,1410),(1411,1412,1413),(1414,1415,1416),(1417,1418,1419),(1420,1421,1422),(1423,1424,1425),(1426,1427,1428),(1429,1430,1431),(1432,1433,1434),(1435,1436,1437),(1438,1439,1440),(1441,1442,1443),(1444,1445,1446),(1447,1448,1449),(1450,1451,1452),(1453,1454,1455),(1456,1457,1458),(1459,1460,1461),(1462,1463,1464),(1465,1466,1467),(1468,1469,1470),(1471,1472,1473),(1474,1475,1476),(1477,1478,1479),(1480,1481,1482),(1483,1484,1485),(1486,1487,1488),(1489,1490,1491),(1492,1493,1494),(1495,1496,1497),(1498,1499,1500),(1501,1502,1503),(1504,1505,1506),(1507,1508,1509),(1510,1511,1512),(1513,1514,1515),(1516,1517,1518),(1519,1520,1521),(1522,1523,1524),(1525,1526,1527),(1528,1529,1530),(1531,1532,1533),(1534,1535,1536),(1537,1538,1539),(1540,1541,1542),(1543,1544,1545),(1546,1547,1548),(1549,1550,1551),(1552,1553,1554),(1555,1556,1557),(1558,1559,1560),(1561,1562,1563),(1564,1565,1566),(1567,1568,1569),(1570,1571,1572),(1573,1574,1575),(1576,1577,1578),(1579,1580,1581),(1582,1583,1584),(1585,1586,1587),(1588,1589,1590),(1591,1592,1593),(1594,1595,1596),(1597,1598,1599),(1600,1601,1602),(1603,1604,1605),(1606,1607,1608),(1609,1610,1611),(1612,1613,1614),(1615,1616,1617),(1618,1619,1620),(1621,1622,1623),(1624,1625,1626),(1627,1628,1629),(1630,1631,1632),(1633,1634,1635),(1636,1637,1638),(1639,1640,1641),(1642,1643,1644),(1645,1646,1647),(1648,1649,1650),(1651,1652,1653),(1654,1655,1656),(1657,1658,1659),(1660,1661,1662),(1663,1664,1665),(1666,1667,1668),(1669,1670,1671),(1672,1673,1674),(1675,1676,1677),(1678,1679,1680),(1681,1682,1683),(1684,1685,1686),(1687,1688,1689),(1690,1691,1692),(1693,1694,1695),(1696,1697,1698),(1699,1700,1701),(1702,1703,1704),(1705,1706,1707),(1708,1709,1710),(1711,1712,1713),(1714,1715,1716),(1717,1718,1719),(1720,1721,1722),(1723,1724,1725),(1726,1727,1728),(1729,1730,1731),(1732,1733,1734),(1735,1736,1737),(1738,1739,1740),(1741,1742,1743),(1744,1745,1746),(1747,1748,1749),(1750,1751,1752),(1753,1754,1755),(1756,1757,1758),(1759,1760,1761)));
#772=TESSELLATED_GEOMETRIC_SET('hole callout',(#771));
#773=COORDINATES_LIST('coordinates',5,((51.1213203,-13.8786797,25.0000000),(73.4809120,-13.8786797,25.0000000),(37.1213203,-22.8786797,25.0000000),(46.1213203,-13.8786797,25.0000000),(51.1213203,-13.8786797,25.0000000)));
#774=TESSELLATED_CURVE_SET('curve set',#773,((1,2),(3,4,5)));
#775=TESSELLATED_GEOMETRIC_SET('hole callout',(#774));
#776=TESSELLATED_ANNOTATION_OCCURRENCE('hole callout',(#769),#772);
#777=TESSELLATED_ANNOTATION_OCCURRENCE('hole callout',(#769),#775);
#778=DRAUGHTING_CALLOUT('hole callout',(#776,#777));
#779=DRAUGHTING_MODEL_ITEM_ASSOCIATION('','',#737,#765,#778);
#780=DRAUGHTING_MODEL_ITEM_ASSOCIATION('','',#724,#765,#778);
#781=COMPOSITE_SHAPE_ASPECT('hole_callout.Fbcs6bFblkU8CEB_1.JHD.2',$,#714,$);
#782=SHAPE_ASPECT('hole_callout.Fbcs6bFblkU8CEB_1.JHD.2',$,#714,.T.);
#783=GEOMETRIC_ITEM_SPECIFIC_USAGE('','',#782,#11,#412);
#784=SHAPE_ASPECT_RELATIONSHIP('','',#781,#782);
#785=SHAPE_ASPECT('hole_callout.Fbcs6bFblkU8CEB_1.JHD.2',$,#714,.T.);
#786=GEOMETRIC_ITEM_SPECIFIC_USAGE('','',#785,#11,#410);
#787=SHAPE_ASPECT_RELATIONSHIP('','',#781,#785);
#788=SHAPE_ASPECT('hole_callout.Fbcs6bFblkU8CEB_1.JHD.2',$,#714,.T.);
#789=GEOMETRIC_ITEM_SPECIFIC_USAGE('','',#788,#11,#411);
#790=SHAPE_ASPECT_RELATIONSHIP('','',#781,#788);
#791=SHAPE_ASPECT('hole_callout.Fbcs6bFblkU8CEB_1.JHD.2',$,#714,.T.);
#792=GEOMETRIC_ITEM_SPECIFIC_USAGE('','',#791,#11,#409);
#793=SHAPE_ASPECT_RELATIONSHIP('','',#781,#791);
#794=SHAPE_ASPECT('hole_callout.Fbcs6bFblkU8CEB_1.JHD.2',$,#714,.T.);
#795=GEOMETRIC_ITEM_SPECIFIC_USAGE('','',#794,#11,#407);
#796=SHAPE_ASPECT_RELATIONSHIP('','',#781,#794);
#797=SHAPE_ASPECT('hole_callout.Fbcs6bFblkU8CEB_1.JHD.2',$,#714,.T.);
#798=GEOMETRIC_ITEM_SPECIFIC_USAGE('','',#797,#11,#408);
#799=SHAPE_ASPECT_RELATIONSHIP('','',#781,#797);
#800=DIMENSIONAL_SIZE(#781,'diameter');
#801=(
LENGTH_UNIT()
NAMED_UNIT(*)
SI_UNIT(.MILLI.,.METRE.)
);
#803=PRECISION_QUALIFIER(3);
#802=(
LENGTH_MEASURE_WITH_UNIT()
MEASURE_REPRESENTATION_ITEM()
MEASURE_WITH_UNIT(POSITIVE_LENGTH_MEASURE(10.),#801)
QUALIFIED_REPRESENTATION_ITEM((#803))
REPRESENTATION_ITEM('nominal value')
);
#804=COMPOUND_REPRESENTATION_ITEM('modifiers',SET_REPRESENTATION_ITEM((#805)));
#805=DESCRIPTIVE_REPRESENTATION_ITEM('dimensional note','diameter');
#806=SHAPE_DIMENSION_REPRESENTATION('',(#802,#804),#709);
#807=DIMENSIONAL_CHARACTERISTIC_REPRESENTATION(#800,#806);
#808=DIMENSIONAL_SIZE(#781,'depth');
#809=(
LENGTH_UNIT()
NAMED_UNIT(*)
SI_UNIT(.MILLI.,.METRE.)
);
#811=PRECISION_QUALIFIER(3);
#810=(
LENGTH_MEASURE_WITH_UNIT()
MEASURE_REPRESENTATION_ITEM()
MEASURE_WITH_UNIT(POSITIVE_LENGTH_MEASURE(5.),#809)
QUALIFIED_REPRESENTATION_ITEM((#811))
REPRESENTATION_ITEM('nominal value')
);
#812=COMPOUND_REPRESENTATION_ITEM('modifiers',SET_REPRESENTATION_ITEM((#813)));
#813=DESCRIPTIVE_REPRESENTATION_ITEM('dimensional note','depth');
#814=SHAPE_DIMENSION_REPRESENTATION('',(#810,#812),#709);
#815=DIMENSIONAL_CHARACTERISTIC_REPRESENTATION(#808,#814);
#816=DIMENSIONAL_SIZE(#781,'diameter');
#817=(
LENGTH_UNIT()
NAMED_UNIT(*)
SI_UNIT(.MILLI.,.METRE.)
);
#819=PRECISION_QUALIFIER(3);
#818=(
LENGTH_MEASURE_WITH_UNIT()
MEASURE_REPRESENTATION_ITEM()
MEASURE_WITH_UNIT(POSITIVE_LENGTH_MEASURE(16.),#817)
QUALIFIED_REPRESENTATION_ITEM((#819))
REPRESENTATION_ITEM('nominal value')
);
#820=COMPOUND_REPRESENTATION_ITEM('modifiers',SET_REPRESENTATION_ITEM((#821,#822)));
#821=DESCRIPTIVE_REPRESENTATION_ITEM('dimensional note','counterbore');
#822=DESCRIPTIVE_REPRESENTATION_ITEM('dimensional note','diameter');
#823=SHAPE_DIMENSION_REPRESENTATION('',(#818,#820),#709);
#824=DIMENSIONAL_CHARACTERISTIC_REPRESENTATION(#816,#823);
#825=PRESENTATION_STYLE_ASSIGNMENT((NULL_STYLE(.NULL.)));
#826=CARTESIAN_POINT('',(-0.02,-5.59666816347111E-18,0.025));
#827=DIRECTION('',(0.,0.,1.));
#828=DIRECTION('',(1.,0.,0.));
#829=AXIS2_PLACEMENT_3D('',#826,#827,#828);
#830=PLANE('',#829);
#831=ANNOTATION_PLANE('',(#825),#830,(#857));
#832=CARTESIAN_POINT('',(0.,0.,0.));
#833=DIRECTION('',(0.,0.,1.));
#834=DIRECTION('',(1.,0.,0.));
#835=AXIS2_PLACEMENT_3D('',#832,#833,#834);
#836=CARTESIAN_POINT('',(0.,0.,0.));
#837=DIRECTION('',(0.,0.,1.));
#838=DIRECTION('',(1.,0.,0.));
#839=AXIS2_PLACEMENT_3D('',#836,#837,#838);
#840=SHAPE_REPRESENTATION('',(#839,#431),#709);
#841=REPRESENTATION_MAP(#835,#840);
#842=MAPPED_ITEM('',#841,#835);
#843=PRESENTATION_STYLE_ASSIGNMENT((NULL_STYLE(.NULL.)));
#844=STYLED_ITEM('',(#843),#842);
#845=DRAUGHTING_PRE_DEFINED_CURVE_FONT('continuous');
#846=COLOUR_RGB('',0.,0.,0.);
#847=CURVE_STYLE('',#845,POSITIVE_LENGTH_MEASURE(0.02),#846);
#848=PRESENTATION_STYLE_ASSIGNMENT((#847));
#849=COORDINATES_LIST('coordinates',3411,((-14.3431458,5.6568542,25.0000000),(-12.9289322,8.4852814,25.0000000),(-11.5147186,7.0710678,25.0000000),(15.0897126,32.5945876,25.0000000),(15.0897126,36.0077126,25.0000000),(15.0735730,36.0894688,25.0000000),(15.0897126,32.5945876,25.0000000),(15.0735730,36.0894688,25.0000000),(15.0251542,36.1590542,25.0000000),(15.0897126,32.5945876,25.0000000),(15.0251542,36.1590542,25.0000000),(14.9553042,36.2066792,25.0000000),(15.0897126,32.5945876,25.0000000),(14.9553042,36.2066792,25.0000000),(14.8727542,36.2225542,25.0000000),(15.0897126,32.5945876,25.0000000),(14.8727542,36.2225542,25.0000000),(14.7902042,36.2066792,25.0000000),(15.0897126,32.5945876,25.0000000),(14.7902042,36.2066792,25.0000000),(14.7203542,36.1590542,25.0000000),(15.0897126,32.5945876,25.0000000),(14.7203542,36.1590542,25.0000000),(14.6727292,36.0894688,25.0000000),(15.0897126,32.5945876,25.0000000),(14.6727292,36.0894688,25.0000000),(14.6568542,36.0077126,25.0000000),(15.0897126,32.5945876,25.0000000),(14.6568542,36.0077126,25.0000000),(14.6568542,32.3797459,25.0000000),(21.9117292,32.5945876,25.0000000),(15.0897126,32.5945876,25.0000000),(14.6568542,32.3797459,25.0000000),(21.9117292,32.5945876,25.0000000),(14.6568542,32.3797459,25.0000000),(14.6724647,32.2948147,25.0000000),(21.9117292,32.5945876,25.0000000),(14.6724647,32.2948147,25.0000000),(14.7192959,32.2262876,25.0000000),(21.9117292,32.5945876,25.0000000),(14.7192959,32.2262876,25.0000000),(14.7891459,32.1802501,25.0000000),(21.9117292,32.5945876,25.0000000),(14.7891459,32.1802501,25.0000000),(14.8738126,32.1649042,25.0000000),(21.9117292,32.5945876,25.0000000),(14.8738126,32.1649042,25.0000000),(22.1276292,32.1649042,25.0000000),(21.9117292,32.5945876,25.0000000),(22.1276292,32.1649042,25.0000000),(22.2120313,32.1802501,25.0000000),(21.9117292,32.5945876,25.0000000),(22.2120313,32.1802501,25.0000000),(22.2810876,32.2262876,25.0000000),(21.9117292,32.5945876,25.0000000),(22.2810876,32.2262876,25.0000000),(22.3271251,32.2948147,25.0000000),(21.9117292,32.5945876,25.0000000),(22.3271251,32.2948147,25.0000000),(22.3424709,32.3797459,25.0000000),(21.9117292,32.5945876,25.0000000),(22.3424709,32.3797459,25.0000000),(22.3424709,36.0077126,25.0000000),(21.9117292,32.5945876,25.0000000),(22.3424709,36.0077126,25.0000000),(22.3265959,36.0894688,25.0000000),(21.9117292,32.5945876,25.0000000),(22.3265959,36.0894688,25.0000000),(22.2789709,36.1590542,25.0000000),(21.9117292,32.5945876,25.0000000),(22.2789709,36.1590542,25.0000000),(22.2093855,36.2066792,25.0000000),(21.9117292,32.5945876,25.0000000),(22.2093855,36.2066792,25.0000000),(22.1276292,36.2225542,25.0000000),(21.9117292,32.5945876,25.0000000),(22.1276292,36.2225542,25.0000000),(22.0456084,36.2066792,25.0000000),(21.9117292,32.5945876,25.0000000),(22.0456084,36.2066792,25.0000000),(21.9752292,36.1590542,25.0000000),(21.9117292,32.5945876,25.0000000),(21.9752292,36.1590542,25.0000000),(21.9276042,36.0894688,25.0000000),(21.9117292,32.5945876,25.0000000),(21.9276042,36.0894688,25.0000000),(21.9117292,36.0077126,25.0000000),(24.1984959,32.3405876,25.0000000),(24.2955484,32.2999079,25.0000000),(24.3935600,32.2646522,25.0000000),(24.1984959,32.3405876,25.0000000),(24.3935600,32.2646522,25.0000000),(24.4925307,32.2348204,25.0000000),(24.1984959,32.3405876,25.0000000),(24.4925307,32.2348204,25.0000000),(24.5924605,32.2104126,25.0000000),(24.1984959,32.3405876,25.0000000),(24.5924605,32.2104126,25.0000000),(24.6933494,32.1914287,25.0000000),(24.1984959,32.3405876,25.0000000),(24.6933494,32.1914287,25.0000000),(24.7951975,32.1778688,25.0000000),(24.1984959,32.3405876,25.0000000),(24.7951975,32.1778688,25.0000000),(24.8980046,32.1697329,25.0000000),(24.1984959,32.3405876,25.0000000),(24.8980046,32.1697329,25.0000000),(25.0017709,32.1670209,25.0000000),(24.1984959,32.3405876,25.0000000),(25.0017709,32.1670209,25.0000000),(25.1375518,32.1713369,25.0000000),(24.1984959,32.3405876,25.0000000),(25.1375518,32.1713369,25.0000000),(25.2707860,32.1842850,25.0000000),(24.1984959,32.3405876,25.0000000),(25.2707860,32.1842850,25.0000000),(25.4014737,32.2058651,25.0000000),(24.1984959,32.3405876,25.0000000),(25.4014737,32.2058651,25.0000000),(25.5296147,32.2360772,25.0000000),(24.1984959,32.3405876,25.0000000),(25.5296147,32.2360772,25.0000000),(25.6552091,32.2749213,25.0000000),(24.1984959,32.3405876,25.0000000),(25.6552091,32.2749213,25.0000000),(25.7782569,32.3223975,25.0000000),(24.1984959,32.3405876,25.0000000),(25.7782569,32.3223975,25.0000000),(25.8987580,32.3785057,25.0000000),(24.1984959,32.3405876,25.0000000),(25.8987580,32.3785057,25.0000000),(26.0167126,32.4432459,25.0000000),(24.1984959,32.3405876,25.0000000),(26.0167126,32.4432459,25.0000000),(26.1302850,32.5156425,25.0000000),(24.1984959,32.3405876,25.0000000),(26.1302850,32.5156425,25.0000000),(26.2376397,32.5941907,25.0000000),(24.1984959,32.3405876,25.0000000),(26.2376397,32.5941907,25.0000000),(26.3387766,32.6788904,25.0000000),(24.1984959,32.3405876,25.0000000),(26.3387766,32.6788904,25.0000000),(26.4336959,32.7697417,25.0000000),(24.1984959,32.3405876,25.0000000),(26.4336959,32.7697417,25.0000000),(26.5223975,32.8667446,25.0000000),(26.5223975,32.8667446,25.0000000),(26.6048813,32.9698990,25.0000000),(26.6811475,33.0792050,25.0000000),(26.5223975,32.8667446,25.0000000),(26.6811475,33.0792050,25.0000000),(26.7511959,33.1946626,25.0000000),(26.5223975,32.8667446,25.0000000),(26.7511959,33.1946626,25.0000000),(26.8141998,33.3144362,25.0000000),(26.5223975,32.8667446,25.0000000),(26.8141998,33.3144362,25.0000000),(26.8688032,33.4366902,25.0000000),(26.5223975,32.8667446,25.0000000),(26.8688032,33.4366902,25.0000000),(26.9150061,33.5614247,25.0000000),(26.5223975,32.8667446,25.0000000),(26.9150061,33.5614247,25.0000000),(26.9528084,33.6886397,25.0000000),(26.5223975,32.8667446,25.0000000),(26.9528084,33.6886397,25.0000000),(26.9822102,33.8183351,25.0000000),(26.5223975,32.8667446,25.0000000),(26.9822102,33.8183351,25.0000000),(27.0032115,33.9505110,25.0000000),(26.5223975,32.8667446,25.0000000),(27.0032115,33.9505110,25.0000000),(27.0158123,34.0851674,25.0000000),(26.5223975,32.8667446,25.0000000),(27.0158123,34.0851674,25.0000000),(27.0200126,34.2223042,25.0000000),(26.5223975,32.8667446,25.0000000),(27.0200126,34.2223042,25.0000000),(27.0158123,34.3539345,25.0000000),(26.5223975,32.8667446,25.0000000),(27.0158123,34.3539345,25.0000000),(27.0032115,34.4847709,25.0000000),(26.5223975,32.8667446,25.0000000),(27.0032115,34.4847709,25.0000000),(26.9822102,34.6148136,25.0000000),(26.5223975,32.8667446,25.0000000),(26.9822102,34.6148136,25.0000000),(26.9528084,34.7440626,25.0000000),(26.5223975,32.8667446,25.0000000),(26.9528084,34.7440626,25.0000000),(26.9150061,34.8725178,25.0000000),(26.5223975,32.8667446,25.0000000),(26.9150061,34.8725178,25.0000000),(26.8688032,35.0001792,25.0000000),(26.8688032,35.0001792,25.0000000),(26.4770214,34.8586933,25.0000000),(26.5135835,34.7608140,25.0000000),(26.8688032,35.0001792,25.0000000),(26.5135835,34.7608140,25.0000000),(26.5434980,34.6596605,25.0000000),(26.8688032,35.0001792,25.0000000),(26.5434980,34.6596605,25.0000000),(26.5667648,34.5552328,25.0000000),(26.8688032,35.0001792,25.0000000),(26.5667648,34.5552328,25.0000000),(26.5833839,34.4475308,25.0000000),(26.8688032,35.0001792,25.0000000),(26.5833839,34.4475308,25.0000000),(26.5933554,34.3365546,25.0000000),(26.8688032,35.0001792,25.0000000),(26.5933554,34.3365546,25.0000000),(26.5966792,34.2223042,25.0000000),(26.8688032,35.0001792,25.0000000),(26.5966792,34.2223042,25.0000000),(26.5933223,34.1122707,25.0000000),(26.5223975,32.8667446,25.0000000),(26.8688032,35.0001792,25.0000000),(26.5933223,34.1122707,25.0000000),(26.5223975,32.8667446,25.0000000),(26.5933223,34.1122707,25.0000000),(26.5832516,34.0044199,25.0000000),(26.5223975,32.8667446,25.0000000),(26.5832516,34.0044199,25.0000000),(26.5664671,33.8987519,25.0000000),(26.5223975,32.8667446,25.0000000),(26.5664671,33.8987519,25.0000000),(26.5429688,33.7952667,25.0000000),(26.5223975,32.8667446,25.0000000),(26.5429688,33.7952667,25.0000000),(26.5127567,33.6939644,25.0000000),(26.5223975,32.8667446,25.0000000),(26.5127567,33.6939644,25.0000000),(26.4758308,33.5948449,25.0000000),(26.5223975,32.8667446,25.0000000),(26.4758308,33.5948449,25.0000000),(26.4321911,33.4979082,25.0000000),(26.5223975,32.8667446,25.0000000),(26.4321911,33.4979082,25.0000000),(26.3818376,33.4031542,25.0000000),(26.5223975,32.8667446,25.0000000),(26.3818376,33.4031542,25.0000000),(26.3259940,33.3119391,25.0000000),(26.5223975,32.8667446,25.0000000),(26.3259940,33.3119391,25.0000000),(26.2653548,33.2256188,25.0000000),(26.5223975,32.8667446,25.0000000),(26.2653548,33.2256188,25.0000000),(26.1999200,33.1441933,25.0000000),(26.5223975,32.8667446,25.0000000),(26.1999200,33.1441933,25.0000000),(26.1296897,33.0676626,25.0000000),(26.5223975,32.8667446,25.0000000),(26.1296897,33.0676626,25.0000000),(26.0546638,32.9960266,25.0000000),(26.5223975,32.8667446,25.0000000),(26.0546638,32.9960266,25.0000000),(25.9748423,32.9292855,25.0000000),(26.5223975,32.8667446,25.0000000),(25.9748423,32.9292855,25.0000000),(25.8902252,32.8674391,25.0000000),(26.5223975,32.8667446,25.0000000),(25.8902252,32.8674391,25.0000000),(25.8008126,32.8104876,25.0000000),(26.5223975,32.8667446,25.0000000),(25.8008126,32.8104876,25.0000000),(25.7082250,32.7593899,25.0000000),(26.5223975,32.8667446,25.0000000),(25.7082250,32.7593899,25.0000000),(25.6135537,32.7151053,25.0000000),(26.5223975,32.8667446,25.0000000),(25.6135537,32.7151053,25.0000000),(25.5167989,32.6776337,25.0000000),(26.5223975,32.8667446,25.0000000),(25.5167989,32.6776337,25.0000000),(25.4179605,32.6469751,25.0000000),(24.1984959,32.3405876,25.0000000),(26.5223975,32.8667446,25.0000000),(25.4179605,32.6469751,25.0000000),(24.1984959,32.3405876,25.0000000),(25.4179605,32.6469751,25.0000000),(25.3170385,32.6231295,25.0000000),(24.1984959,32.3405876,25.0000000),(25.3170385,32.6231295,25.0000000),(25.2140329,32.6060970,25.0000000),(24.1984959,32.3405876,25.0000000),(25.2140329,32.6060970,25.0000000),(25.1089437,32.5958774,25.0000000),(24.1984959,32.3405876,25.0000000),(25.1089437,32.5958774,25.0000000),(25.0017709,32.5924709,25.0000000),(24.1984959,32.3405876,25.0000000),(25.0017709,32.5924709,25.0000000),(24.8481803,32.5995485,25.0000000),(24.1984959,32.3405876,25.0000000),(24.8481803,32.5995485,25.0000000),(24.6985584,32.6207813,25.0000000),(24.1984959,32.3405876,25.0000000),(24.6985584,32.6207813,25.0000000),(24.5529053,32.6561694,25.0000000),(24.1984959,32.3405876,25.0000000),(24.5529053,32.6561694,25.0000000),(24.4112209,32.7057126,25.0000000),(24.1984959,32.3405876,25.0000000),(24.4112209,32.7057126,25.0000000),(26.0082459,35.4891292,25.0000000),(23.6375792,31.3658626,25.0000000),(24.1984959,32.3405876,25.0000000),(26.0082459,35.4891292,25.0000000),(26.4338117,34.9532984,25.0000000),(26.4770214,34.8586933,25.0000000),(26.8688032,35.0001792,25.0000000),(26.3839542,35.0446292,25.0000000),(26.4338117,34.9532984,25.0000000),(26.8688032,35.0001792,25.0000000),(26.3160225,35.1486105,25.0000000),(26.3839542,35.0446292,25.0000000),(26.8688032,35.0001792,25.0000000),(26.2307605,35.2573542,25.0000000),(26.3160225,35.1486105,25.0000000),(26.8688032,35.0001792,25.0000000),(26.1816307,35.3135121,25.0000000),(26.2307605,35.2573542,25.0000000),(26.8688032,35.0001792,25.0000000),(26.1281683,35.3708605,25.0000000),(26.1816307,35.3135121,25.0000000),(26.8688032,35.0001792,25.0000000),(26.0703734,35.4293996,25.0000000),(26.1281683,35.3708605,25.0000000),(26.8688032,35.0001792,25.0000000),(26.0082459,35.4891292,25.0000000),(26.0703734,35.4293996,25.0000000),(26.8688032,35.0001792,25.0000000),(26.0082459,35.4891292,25.0000000),(26.8688032,35.0001792,25.0000000),(26.8141998,35.1270470,25.0000000),(26.0082459,35.4891292,25.0000000),(26.8141998,35.1270470,25.0000000),(26.7511959,35.2531209,25.0000000),(26.0082459,35.4891292,25.0000000),(26.7511959,35.2531209,25.0000000),(26.7010078,35.3398381,25.0000000),(26.0082459,35.4891292,25.0000000),(26.7010078,35.3398381,25.0000000),(26.6462225,35.4232480,25.0000000),(26.0082459,35.4891292,25.0000000),(26.6462225,35.4232480,25.0000000),(26.5868401,35.5033506,25.0000000),(26.0082459,35.4891292,25.0000000),(26.5868401,35.5033506,25.0000000),(26.5228605,35.5801459,25.0000000),(26.0082459,35.4891292,25.0000000),(26.5228605,35.5801459,25.0000000),(26.4542838,35.6536339,25.0000000),(26.0082459,35.4891292,25.0000000),(26.4542838,35.6536339,25.0000000),(26.3811100,35.7238147,25.0000000),(26.0082459,35.4891292,25.0000000),(26.3811100,35.7238147,25.0000000),(26.3033390,35.7906881,25.0000000),(26.0082459,35.4891292,25.0000000),(26.3033390,35.7906881,25.0000000),(26.2209709,35.8542542,25.0000000),(26.0082459,35.4891292,25.0000000),(26.2209709,35.8542542,25.0000000),(26.7628376,36.8067542,25.0000000),(23.6375792,31.3658626,25.0000000),(26.0082459,35.4891292,25.0000000),(26.7628376,36.8067542,25.0000000),(23.6375792,31.3658626,25.0000000),(26.7628376,36.8067542,25.0000000),(26.7914126,36.9104709,25.0000000),(23.6375792,31.3658626,25.0000000),(26.7914126,36.9104709,25.0000000),(26.7840042,36.9707959,25.0000000),(23.6375792,31.3658626,25.0000000),(26.7840042,36.9707959,25.0000000),(26.7453751,37.0459376,25.0000000),(23.6375792,31.3658626,25.0000000),(26.7453751,37.0459376,25.0000000),(26.6802876,37.0999126,25.0000000),(23.6375792,31.3658626,25.0000000),(26.6802876,37.0999126,25.0000000),(26.5776292,37.1306042,25.0000000),(23.6375792,31.3658626,25.0000000),(26.5776292,37.1306042,25.0000000),(26.5173042,37.1231959,25.0000000),(23.6375792,31.3658626,25.0000000),(26.5173042,37.1231959,25.0000000),(26.4416334,37.0845667,25.0000000),(23.6375792,31.3658626,25.0000000),(26.4416334,37.0845667,25.0000000),(26.3860709,37.0194792,25.0000000),(23.6375792,31.3658626,25.0000000),(26.3860709,37.0194792,25.0000000),(25.8505542,36.0913209,25.0000000),(25.8505542,36.0913209,25.0000000),(25.7499464,36.1357213,25.0000000),(25.6460313,36.1742016,25.0000000),(25.8505542,36.0913209,25.0000000),(25.6460313,36.1742016,25.0000000),(25.5388089,36.2067619,25.0000000),(25.8505542,36.0913209,25.0000000),(25.5388089,36.2067619,25.0000000),(25.4282792,36.2334022,25.0000000),(25.8505542,36.0913209,25.0000000),(25.4282792,36.2334022,25.0000000),(25.3144423,36.2541223,25.0000000),(25.8505542,36.0913209,25.0000000),(25.3144423,36.2541223,25.0000000),(25.1972980,36.2689225,25.0000000),(25.8505542,36.0913209,25.0000000),(25.1972980,36.2689225,25.0000000),(25.0768464,36.2778026,25.0000000),(25.8505542,36.0913209,25.0000000),(25.0768464,36.2778026,25.0000000),(24.9530876,36.2807626,25.0000000),(25.8505542,36.0913209,25.0000000),(24.9530876,36.2807626,25.0000000),(24.8284854,36.2764300,25.0000000),(25.8505542,36.0913209,25.0000000),(24.8284854,36.2764300,25.0000000),(24.7049746,36.2634324,25.0000000),(25.8505542,36.0913209,25.0000000),(24.7049746,36.2634324,25.0000000),(24.5825552,36.2417696,25.0000000),(25.8505542,36.0913209,25.0000000),(24.5825552,36.2417696,25.0000000),(24.4612272,36.2114417,25.0000000),(25.8505542,36.0913209,25.0000000),(24.4612272,36.2114417,25.0000000),(24.3409906,36.1724488,25.0000000),(25.8505542,36.0913209,25.0000000),(24.3409906,36.1724488,25.0000000),(24.2218454,36.1247907,25.0000000),(25.8505542,36.0913209,25.0000000),(24.2218454,36.1247907,25.0000000),(24.1037916,36.0684675,25.0000000),(25.8505542,36.0913209,25.0000000),(24.1037916,36.0684675,25.0000000),(23.9868292,36.0034792,25.0000000),(25.8505542,36.0913209,25.0000000),(23.9868292,36.0034792,25.0000000),(23.8737199,35.9313141,25.0000000),(25.8505542,36.0913209,25.0000000),(23.8737199,35.9313141,25.0000000),(23.7666959,35.8529313,25.0000000),(25.8505542,36.0913209,25.0000000),(23.7666959,35.8529313,25.0000000),(23.6657574,35.7683308,25.0000000),(25.8505542,36.0913209,25.0000000),(23.6657574,35.7683308,25.0000000),(23.5709042,35.6775126,25.0000000),(25.8505542,36.0913209,25.0000000),(23.5709042,35.6775126,25.0000000),(23.4821365,35.5804766,25.0000000),(23.4821365,35.5804766,25.0000000),(23.3994542,35.4772230,25.0000000),(23.3228574,35.3677516,25.0000000),(23.4821365,35.5804766,25.0000000),(23.3228574,35.3677516,25.0000000),(23.2523459,35.2520626,25.0000000),(23.4821365,35.5804766,25.0000000),(23.2523459,35.2520626,25.0000000),(23.1890940,35.1322559,25.0000000),(23.4821365,35.5804766,25.0000000),(23.1890940,35.1322559,25.0000000),(23.1342756,35.0099027,25.0000000),(23.4821365,35.5804766,25.0000000),(23.1342756,35.0099027,25.0000000),(23.0878908,34.8850028,25.0000000),(23.4821365,35.5804766,25.0000000),(23.0878908,34.8850028,25.0000000),(23.0499397,34.7575563,25.0000000),(23.4821365,35.5804766,25.0000000),(23.0499397,34.7575563,25.0000000),(23.0204221,34.6275632,25.0000000),(23.4821365,35.5804766,25.0000000),(23.0204221,34.6275632,25.0000000),(22.9993381,34.4950235,25.0000000),(23.4821365,35.5804766,25.0000000),(22.9993381,34.4950235,25.0000000),(22.9866877,34.3599372,25.0000000),(23.4821365,35.5804766,25.0000000),(22.9866877,34.3599372,25.0000000),(22.9824709,34.2223042,25.0000000),(23.4821365,35.5804766,25.0000000),(22.9824709,34.2223042,25.0000000),(22.9866712,34.0842414,25.0000000),(23.4821365,35.5804766,25.0000000),(22.9866712,34.0842414,25.0000000),(22.9992720,33.9489235,25.0000000),(23.4821365,35.5804766,25.0000000),(22.9992720,33.9489235,25.0000000),(23.0202733,33.8163507,25.0000000),(23.4821365,35.5804766,25.0000000),(23.0202733,33.8163507,25.0000000),(23.0496751,33.6865230,25.0000000),(23.4821365,35.5804766,25.0000000),(23.0496751,33.6865230,25.0000000),(23.0874774,33.5594403,25.0000000),(23.4821365,35.5804766,25.0000000),(23.0874774,33.5594403,25.0000000),(23.1336803,33.4351027,25.0000000),(23.4821365,35.5804766,25.0000000),(23.1336803,33.4351027,25.0000000),(23.1882837,33.3135101,25.0000000),(23.4821365,35.5804766,25.0000000),(23.1882837,33.3135101,25.0000000),(23.2512876,33.1946626,25.0000000),(23.2512876,33.1946626,25.0000000),(23.6195876,33.4031542,25.0000000),(23.5702263,33.4978916,25.0000000),(23.2512876,33.1946626,25.0000000),(23.5702263,33.4978916,25.0000000),(23.5274464,33.5947787,25.0000000),(23.2512876,33.1946626,25.0000000),(23.5274464,33.5947787,25.0000000),(23.4912481,33.6938156,25.0000000),(23.2512876,33.1946626,25.0000000),(23.4912481,33.6938156,25.0000000),(23.4616313,33.7950022,25.0000000),(23.2512876,33.1946626,25.0000000),(23.4616313,33.7950022,25.0000000),(23.4385960,33.8983385,25.0000000),(23.2512876,33.1946626,25.0000000),(23.4385960,33.8983385,25.0000000),(23.4221423,34.0038246,25.0000000),(23.2512876,33.1946626,25.0000000),(23.4221423,34.0038246,25.0000000),(23.4122700,34.1114604,25.0000000),(23.2512876,33.1946626,25.0000000),(23.4122700,34.1114604,25.0000000),(23.4089792,34.2212459,25.0000000),(23.2512876,33.1946626,25.0000000),(23.4089792,34.2212459,25.0000000),(23.4123196,34.3310645,25.0000000),(23.4821365,35.5804766,25.0000000),(23.2512876,33.1946626,25.0000000),(23.4123196,34.3310645,25.0000000),(23.4821365,35.5804766,25.0000000),(23.4123196,34.3310645,25.0000000),(23.4223407,34.4387996,25.0000000),(23.4821365,35.5804766,25.0000000),(23.4223407,34.4387996,25.0000000),(23.4390425,34.5444510,25.0000000),(23.4821365,35.5804766,25.0000000),(23.4390425,34.5444510,25.0000000),(23.4624251,34.6480188,25.0000000),(23.4821365,35.5804766,25.0000000),(23.4624251,34.6480188,25.0000000),(23.4924884,34.7495031,25.0000000),(23.4821365,35.5804766,25.0000000),(23.4924884,34.7495031,25.0000000),(23.5292324,34.8489037,25.0000000),(23.4821365,35.5804766,25.0000000),(23.5292324,34.8489037,25.0000000),(23.5726571,34.9462208,25.0000000),(23.4821365,35.5804766,25.0000000),(23.5726571,34.9462208,25.0000000),(23.6227626,35.0414542,25.0000000),(23.4821365,35.5804766,25.0000000),(23.6227626,35.0414542,25.0000000),(23.6786062,35.1333970,25.0000000),(23.4821365,35.5804766,25.0000000),(23.6786062,35.1333970,25.0000000),(23.7392454,35.2203126,25.0000000),(23.4821365,35.5804766,25.0000000),(23.7392454,35.2203126,25.0000000),(23.8046802,35.3022011,25.0000000),(23.4821365,35.5804766,25.0000000),(23.8046802,35.3022011,25.0000000),(23.8749105,35.3790626,25.0000000),(23.4821365,35.5804766,25.0000000),(23.8749105,35.3790626,25.0000000),(23.9499364,35.4508970,25.0000000),(23.4821365,35.5804766,25.0000000),(23.9499364,35.4508970,25.0000000),(24.0297579,35.5177042,25.0000000),(23.4821365,35.5804766,25.0000000),(24.0297579,35.5177042,25.0000000),(24.1143750,35.5794845,25.0000000),(23.4821365,35.5804766,25.0000000),(24.1143750,35.5794845,25.0000000),(24.2037876,35.6362376,25.0000000),(23.4821365,35.5804766,25.0000000),(24.2037876,35.6362376,25.0000000),(24.2958626,35.6873352,25.0000000),(23.4821365,35.5804766,25.0000000),(24.2958626,35.6873352,25.0000000),(24.3884667,35.7316199,25.0000000),(23.4821365,35.5804766,25.0000000),(24.3884667,35.7316199,25.0000000),(24.4816001,35.7690915,25.0000000),(23.4821365,35.5804766,25.0000000),(24.4816001,35.7690915,25.0000000),(24.5752626,35.7997501,25.0000000),(23.4821365,35.5804766,25.0000000),(24.5752626,35.7997501,25.0000000),(24.6694542,35.8235957,25.0000000),(25.8505542,36.0913209,25.0000000),(23.4821365,35.5804766,25.0000000),(24.6694542,35.8235957,25.0000000),(25.8505542,36.0913209,25.0000000),(24.6694542,35.8235957,25.0000000),(24.7641751,35.8406282,25.0000000),(25.8505542,36.0913209,25.0000000),(24.7641751,35.8406282,25.0000000),(24.8594251,35.8508477,25.0000000),(25.8505542,36.0913209,25.0000000),(24.8594251,35.8508477,25.0000000),(24.9552042,35.8542542,25.0000000),(25.8505542,36.0913209,25.0000000),(24.9552042,35.8542542,25.0000000),(24.9615542,35.8542542,25.0000000),(25.8505542,36.0913209,25.0000000),(24.9615542,35.8542542,25.0000000),(25.0552664,35.8521707,25.0000000),(25.8505542,36.0913209,25.0000000),(25.0552664,35.8521707,25.0000000),(25.1464319,35.8459199,25.0000000),(25.8505542,36.0913209,25.0000000),(25.1464319,35.8459199,25.0000000),(25.2350507,35.8355019,25.0000000),(25.8505542,36.0913209,25.0000000),(25.2350507,35.8355019,25.0000000),(25.3211230,35.8209167,25.0000000),(25.8505542,36.0913209,25.0000000),(25.3211230,35.8209167,25.0000000),(25.4046487,35.8021644,25.0000000),(25.8505542,36.0913209,25.0000000),(25.4046487,35.8021644,25.0000000),(25.4856277,35.7792449,25.0000000),(25.8505542,36.0913209,25.0000000),(25.4856277,35.7792449,25.0000000),(25.5640601,35.7521582,25.0000000),(25.8505542,36.0913209,25.0000000),(25.5640601,35.7521582,25.0000000),(25.6399459,35.7209042,25.0000000),(23.6375792,31.3658626,25.0000000),(25.8505542,36.0913209,25.0000000),(25.6399459,35.7209042,25.0000000),(23.6375792,31.3658626,25.0000000),(25.6399459,35.7209042,25.0000000),(24.0355126,32.9258459,25.0000000),(23.6375792,31.3658626,25.0000000),(24.0355126,32.9258459,25.0000000),(23.9150610,33.0287027,25.0000000),(23.6619705,33.3338830,25.0000000),(23.6195876,33.4031542,25.0000000),(23.2512876,33.1946626,25.0000000),(23.7070985,33.2673569,25.0000000),(23.6619705,33.3338830,25.0000000),(23.2512876,33.1946626,25.0000000),(23.8055897,33.1425397,25.0000000),(23.7070985,33.2673569,25.0000000),(23.2512876,33.1946626,25.0000000),(23.9150610,33.0287027,25.0000000),(23.8055897,33.1425397,25.0000000),(23.2512876,33.1946626,25.0000000),(23.9150610,33.0287027,25.0000000),(23.2512876,33.1946626,25.0000000),(23.3092313,33.0996110,25.0000000),(23.9150610,33.0287027,25.0000000),(23.3092313,33.0996110,25.0000000),(23.3708792,33.0086605,25.0000000),(23.9150610,33.0287027,25.0000000),(23.3708792,33.0086605,25.0000000),(23.4362313,32.9218110,25.0000000),(23.9150610,33.0287027,25.0000000),(23.4362313,32.9218110,25.0000000),(23.5052876,32.8390626,25.0000000),(23.9150610,33.0287027,25.0000000),(23.5052876,32.8390626,25.0000000),(23.5780480,32.7604152,25.0000000),(23.9150610,33.0287027,25.0000000),(23.5780480,32.7604152,25.0000000),(23.6545126,32.6858688,25.0000000),(23.9150610,33.0287027,25.0000000),(23.6545126,32.6858688,25.0000000),(23.7346813,32.6154235,25.0000000),(23.9150610,33.0287027,25.0000000),(23.7346813,32.6154235,25.0000000),(23.8185542,32.5490792,25.0000000),(23.6375792,31.3658626,25.0000000),(23.9150610,33.0287027,25.0000000),(23.8185542,32.5490792,25.0000000),(23.6375792,31.3658626,25.0000000),(23.8185542,32.5490792,25.0000000),(23.2629292,31.5785876,25.0000000),(23.6375792,31.3658626,25.0000000),(23.2629292,31.5785876,25.0000000),(23.2354126,31.4769876,25.0000000),(23.6375792,31.3658626,25.0000000),(23.2354126,31.4769876,25.0000000),(23.2417626,31.4166626,25.0000000),(23.6375792,31.3658626,25.0000000),(23.2417626,31.4166626,25.0000000),(23.2809209,31.3396688,25.0000000),(23.6375792,31.3658626,25.0000000),(23.2809209,31.3396688,25.0000000),(23.3433626,31.2843709,25.0000000),(23.6375792,31.3658626,25.0000000),(23.3433626,31.2843709,25.0000000),(23.4481376,31.2568542,25.0000000),(23.6375792,31.3658626,25.0000000),(23.4481376,31.2568542,25.0000000),(23.5084626,31.2642626,25.0000000),(23.6375792,31.3658626,25.0000000),(23.5084626,31.2642626,25.0000000),(23.5809584,31.2997167,25.0000000),(32.3095130,33.2823720,25.0000000),(32.3148542,33.4169126,25.0000000),(32.3135644,33.5201952,25.0000000),(32.3095130,33.2823720,25.0000000),(32.3135644,33.5201952,25.0000000),(32.3096949,33.6194346,25.0000000),(32.3095130,33.2823720,25.0000000),(32.3096949,33.6194346,25.0000000),(32.3032457,33.7146308,25.0000000),(32.3095130,33.2823720,25.0000000),(32.3032457,33.7146308,25.0000000),(32.2942167,33.8057839,25.0000000),(32.3095130,33.2823720,25.0000000),(32.2942167,33.8057839,25.0000000),(32.2826082,33.8928939,25.0000000),(32.3095130,33.2823720,25.0000000),(32.2826082,33.8928939,25.0000000),(32.2684199,33.9759606,25.0000000),(32.3095130,33.2823720,25.0000000),(32.2684199,33.9759606,25.0000000),(32.2516519,34.0549842,25.0000000),(32.3095130,33.2823720,25.0000000),(32.2516519,34.0549842,25.0000000),(32.2323042,34.1299647,25.0000000),(32.3095130,33.2823720,25.0000000),(32.2323042,34.1299647,25.0000000),(32.1858699,34.2677960,25.0000000),(32.3095130,33.2823720,25.0000000),(32.1858699,34.2677960,25.0000000),(32.1291167,34.3894548,25.0000000),(32.3095130,33.2823720,25.0000000),(32.1291167,34.3894548,25.0000000),(32.0620449,34.4949408,25.0000000),(32.3095130,33.2823720,25.0000000),(32.0620449,34.4949408,25.0000000),(31.9846542,34.5842542,25.0000000),(32.3095130,33.2823720,25.0000000),(31.9846542,34.5842542,25.0000000),(31.9051635,34.6537074,25.0000000),(32.3095130,33.2823720,25.0000000),(31.9051635,34.6537074,25.0000000),(31.8233246,34.7139001,25.0000000),(32.3095130,33.2823720,25.0000000),(31.8233246,34.7139001,25.0000000),(31.7391375,34.7648324,25.0000000),(32.3095130,33.2823720,25.0000000),(31.7391375,34.7648324,25.0000000),(31.6526022,34.8065042,25.0000000),(32.3095130,33.2823720,25.0000000),(31.6526022,34.8065042,25.0000000),(31.5637187,34.8389157,25.0000000),(32.3095130,33.2823720,25.0000000),(31.5637187,34.8389157,25.0000000),(31.4724871,34.8620667,25.0000000),(32.3095130,33.2823720,25.0000000),(31.4724871,34.8620667,25.0000000),(31.3789072,34.8759574,25.0000000),(31.3789072,34.8759574,25.0000000),(31.2829792,34.8805876,25.0000000),(31.1943438,34.8770322,25.0000000),(31.3789072,34.8759574,25.0000000),(31.1943438,34.8770322,25.0000000),(31.1088834,34.8663662,25.0000000),(31.3789072,34.8759574,25.0000000),(31.1088834,34.8663662,25.0000000),(31.0265980,34.8485895,25.0000000),(31.3789072,34.8759574,25.0000000),(31.0265980,34.8485895,25.0000000),(30.9474876,34.8237022,25.0000000),(31.3789072,34.8759574,25.0000000),(30.9474876,34.8237022,25.0000000),(30.8715522,34.7917041,25.0000000),(31.3789072,34.8759574,25.0000000),(30.8715522,34.7917041,25.0000000),(30.7987917,34.7525954,25.0000000),(31.3789072,34.8759574,25.0000000),(30.7987917,34.7525954,25.0000000),(30.7292063,34.7063760,25.0000000),(31.3789072,34.8759574,25.0000000),(30.7292063,34.7063760,25.0000000),(30.6627959,34.6530459,25.0000000),(31.7737813,35.5539522,25.0000000),(31.8407209,35.4150459,25.0000000),(31.9238001,35.3197959,25.0000000),(31.7737813,35.5539522,25.0000000),(31.9238001,35.3197959,25.0000000),(32.0396876,35.2668792,25.0000000),(31.6787959,35.6743376,25.0000000),(31.7737813,35.5539522,25.0000000),(32.0396876,35.2668792,25.0000000),(31.6787959,35.6743376,25.0000000),(32.0396876,35.2668792,25.0000000),(32.1156891,35.2984308,25.0000000),(31.6787959,35.6743376,25.0000000),(32.1156891,35.2984308,25.0000000),(32.1764772,35.3444022,25.0000000),(31.5857287,35.7530511,25.0000000),(31.6787959,35.6743376,25.0000000),(32.1764772,35.3444022,25.0000000),(31.5857287,35.7530511,25.0000000),(32.1764772,35.3444022,25.0000000),(32.2524126,35.4796042,25.0000000),(31.4875022,35.8092751,25.0000000),(31.5857287,35.7530511,25.0000000),(32.2524126,35.4796042,25.0000000),(31.4875022,35.8092751,25.0000000),(32.2524126,35.4796042,25.0000000),(32.2460626,35.5536876,25.0000000),(31.4875022,35.8092751,25.0000000),(32.2460626,35.5536876,25.0000000),(32.1969824,35.6705011,25.0000000),(31.3841162,35.8430095,25.0000000),(31.4875022,35.8092751,25.0000000),(32.1969824,35.6705011,25.0000000),(31.3841162,35.8430095,25.0000000),(32.1969824,35.6705011,25.0000000),(32.1354667,35.7796417,25.0000000),(31.2755709,35.8542542,25.0000000),(31.3841162,35.8430095,25.0000000),(32.1354667,35.7796417,25.0000000),(31.2755709,35.8542542,25.0000000),(32.1354667,35.7796417,25.0000000),(32.0615157,35.8811095,25.0000000),(31.2755709,35.8542542,25.0000000),(32.0615157,35.8811095,25.0000000),(31.9751292,35.9749042,25.0000000),(31.1802548,35.8422819,25.0000000),(31.2755709,35.8542542,25.0000000),(31.9751292,35.9749042,25.0000000),(31.1802548,35.8422819,25.0000000),(31.9751292,35.9749042,25.0000000),(31.8984497,36.0465898,25.0000000),(31.1802548,35.8422819,25.0000000),(31.8984497,36.0465898,25.0000000),(31.8186944,36.1087173,25.0000000),(31.0795147,35.8063647,25.0000000),(31.1802548,35.8422819,25.0000000),(31.8186944,36.1087173,25.0000000),(31.0795147,35.8063647,25.0000000),(31.8186944,36.1087173,25.0000000),(31.7358632,36.1612867,25.0000000),(31.0795147,35.8063647,25.0000000),(31.7358632,36.1612867,25.0000000),(31.6499563,36.2042980,25.0000000),(30.9733506,35.7465027,25.0000000),(31.0795147,35.8063647,25.0000000),(31.6499563,36.2042980,25.0000000),(30.9733506,35.7465027,25.0000000),(31.6499563,36.2042980,25.0000000),(31.5609737,36.2377513,25.0000000),(30.8617626,35.6626959,25.0000000),(30.9733506,35.7465027,25.0000000),(31.5609737,36.2377513,25.0000000),(30.8617626,35.6626959,25.0000000),(31.5609737,36.2377513,25.0000000),(31.4689152,36.2616464,25.0000000),(30.8617626,35.6626959,25.0000000),(31.4689152,36.2616464,25.0000000),(31.3737809,36.2759835,25.0000000),(30.7747147,35.5663876,25.0000000),(30.8617626,35.6626959,25.0000000),(31.3737809,36.2759835,25.0000000),(30.7747147,35.5663876,25.0000000),(31.3737809,36.2759835,25.0000000),(31.2755709,36.2807626,25.0000000),(30.7747147,35.5663876,25.0000000),(31.2755709,36.2807626,25.0000000),(31.1904412,36.2761654,25.0000000),(30.7747147,35.5663876,25.0000000),(31.1904412,36.2761654,25.0000000),(31.1049147,36.2623740,25.0000000),(30.7125376,35.4393876,25.0000000),(30.7747147,35.5663876,25.0000000),(31.1049147,36.2623740,25.0000000),(30.7125376,35.4393876,25.0000000),(31.1049147,36.2623740,25.0000000),(31.0189912,36.2393884,25.0000000),(30.7125376,35.4393876,25.0000000),(31.0189912,36.2393884,25.0000000),(30.9326709,36.2072084,25.0000000),(30.6907756,35.3643782,25.0000000),(30.7125376,35.4393876,25.0000000),(30.9326709,36.2072084,25.0000000),(30.6907756,35.3643782,25.0000000),(30.9326709,36.2072084,25.0000000),(30.8459537,36.1658342,25.0000000),(30.6907756,35.3643782,25.0000000),(30.8459537,36.1658342,25.0000000),(30.7588397,36.1152657,25.0000000),(30.6752313,35.2816959,25.0000000),(30.6907756,35.3643782,25.0000000),(30.7588397,36.1152657,25.0000000),(30.6659048,35.1913407,25.0000000),(30.6752313,35.2816959,25.0000000),(30.7588397,36.1152657,25.0000000),(30.6659048,35.1913407,25.0000000),(30.7588397,36.1152657,25.0000000),(30.6713287,36.0555029,25.0000000),(30.6627959,35.0933126,25.0000000),(30.6659048,35.1913407,25.0000000),(30.6713287,36.0555029,25.0000000),(30.6627959,35.0933126,25.0000000),(30.6713287,36.0555029,25.0000000),(30.5834209,35.9865459,25.0000000),(30.6627959,34.6530459,25.0000000),(30.6627959,35.0933126,25.0000000),(30.5834209,35.9865459,25.0000000),(30.6627959,34.6530459,25.0000000),(30.5834209,35.9865459,25.0000000),(30.5015654,35.9100317,25.0000000),(30.6627959,34.6530459,25.0000000),(30.5015654,35.9100317,25.0000000),(30.4306240,35.8238933,25.0000000),(30.6627959,34.6530459,25.0000000),(30.4306240,35.8238933,25.0000000),(30.3705967,35.7281307,25.0000000),(30.6627959,34.6530459,25.0000000),(30.3705967,35.7281307,25.0000000),(30.3214834,35.6227438,25.0000000),(30.6627959,34.6530459,25.0000000),(30.3214834,35.6227438,25.0000000),(30.2832842,35.5077328,25.0000000),(30.6627959,34.6530459,25.0000000),(30.2832842,35.5077328,25.0000000),(30.2559990,35.3830975,25.0000000),(30.6627959,34.6530459,25.0000000),(30.2559990,35.3830975,25.0000000),(30.2396279,35.2488380,25.0000000),(30.6627959,34.6530459,25.0000000),(30.2396279,35.2488380,25.0000000),(30.2341709,35.1049542,25.0000000),(30.6627959,34.6530459,25.0000000),(30.2341709,35.1049542,25.0000000),(30.2341709,33.7852126,25.0000000),(31.3789072,34.8759574,25.0000000),(30.6627959,34.6530459,25.0000000),(30.2341709,33.7852126,25.0000000),(30.2341709,33.7852126,25.0000000),(30.6299876,33.7915626,25.0000000),(30.6454657,33.9168428,25.0000000),(30.2341709,33.7852126,25.0000000),(30.6454657,33.9168428,25.0000000),(30.6919001,34.0397417,25.0000000),(30.2341709,33.7852126,25.0000000),(30.6919001,34.0397417,25.0000000),(30.7692907,34.1602595,25.0000000),(31.3789072,34.8759574,25.0000000),(30.2341709,33.7852126,25.0000000),(30.7692907,34.1602595,25.0000000),(31.3789072,34.8759574,25.0000000),(30.7692907,34.1602595,25.0000000),(30.8776376,34.2783959,25.0000000),(31.3789072,34.8759574,25.0000000),(30.8776376,34.2783959,25.0000000),(30.9732183,34.3561834,25.0000000),(31.3789072,34.8759574,25.0000000),(30.9732183,34.3561834,25.0000000),(31.0726355,34.4117459,25.0000000),(31.3789072,34.8759574,25.0000000),(31.0726355,34.4117459,25.0000000),(31.1758891,34.4450834,25.0000000),(31.3789072,34.8759574,25.0000000),(31.1758891,34.4450834,25.0000000),(31.2829792,34.4561959,25.0000000),(31.3789072,34.8759574,25.0000000),(31.2829792,34.4561959,25.0000000),(31.3886803,34.4450834,25.0000000),(31.3789072,34.8759574,25.0000000),(31.3886803,34.4450834,25.0000000),(31.4909417,34.4117459,25.0000000),(31.3789072,34.8759574,25.0000000),(31.4909417,34.4117459,25.0000000),(31.5897636,34.3561834,25.0000000),(31.3789072,34.8759574,25.0000000),(31.5897636,34.3561834,25.0000000),(31.6851459,34.2783959,25.0000000),(31.3789072,34.8759574,25.0000000),(31.6851459,34.2783959,25.0000000),(31.7735829,34.1498084,25.0000000),(32.3095130,33.2823720,25.0000000),(31.3789072,34.8759574,25.0000000),(31.7735829,34.1498084,25.0000000),(32.3095130,33.2823720,25.0000000),(31.7735829,34.1498084,25.0000000),(31.8083260,34.0636865,25.0000000),(32.3095130,33.2823720,25.0000000),(31.8083260,34.0636865,25.0000000),(31.8367522,33.9630126,25.0000000),(32.3095130,33.2823720,25.0000000),(31.8367522,33.9630126,25.0000000),(31.8588614,33.8477865,25.0000000),(32.3095130,33.2823720,25.0000000),(31.8588614,33.8477865,25.0000000),(31.8746537,33.7180084,25.0000000),(32.3095130,33.2823720,25.0000000),(31.8746537,33.7180084,25.0000000),(31.8841291,33.5736782,25.0000000),(32.3095130,33.2823720,25.0000000),(31.8841291,33.5736782,25.0000000),(31.8872876,33.4147959,25.0000000),(32.3095130,33.2823720,25.0000000),(31.8872876,33.4147959,25.0000000),(31.8839141,33.3233493,25.0000000),(32.3095130,33.2823720,25.0000000),(31.8839141,33.3233493,25.0000000),(31.8737938,33.2368636,25.0000000),(32.3095130,33.2823720,25.0000000),(31.8737938,33.2368636,25.0000000),(31.8569266,33.1553389,25.0000000),(32.3095130,33.2823720,25.0000000),(31.8569266,33.1553389,25.0000000),(31.8333126,33.0787751,25.0000000),(32.3095130,33.2823720,25.0000000),(31.8333126,33.0787751,25.0000000),(31.7658438,32.9405303,25.0000000),(32.3095130,33.2823720,25.0000000),(31.7658438,32.9405303,25.0000000),(31.6713876,32.8221292,25.0000000),(32.3095130,33.2823720,25.0000000),(31.6713876,32.8221292,25.0000000),(31.5801063,32.7461938,25.0000000),(30.6309178,33.7013562,25.0000000),(30.6299876,33.7915626,25.0000000),(30.2341709,33.7852126,25.0000000),(30.6337083,33.6151516,25.0000000),(30.6309178,33.7013562,25.0000000),(30.2341709,33.7852126,25.0000000),(30.6448704,33.4547480,25.0000000),(30.6337083,33.6151516,25.0000000),(30.2341709,33.7852126,25.0000000),(30.6634739,33.3103516,25.0000000),(30.6448704,33.4547480,25.0000000),(30.2341709,33.7852126,25.0000000),(30.6895188,33.1819626,25.0000000),(30.6634739,33.3103516,25.0000000),(30.2341709,33.7852126,25.0000000),(30.7230052,33.0695808,25.0000000),(30.6895188,33.1819626,25.0000000),(30.2341709,33.7852126,25.0000000),(30.7639329,32.9732063,25.0000000),(30.7230052,33.0695808,25.0000000),(30.2341709,33.7852126,25.0000000),(30.8123020,32.8928391,25.0000000),(30.7639329,32.9732063,25.0000000),(30.2341709,33.7852126,25.0000000),(30.8123020,32.8928391,25.0000000),(30.2341709,33.7852126,25.0000000),(30.2355104,33.6695194,25.0000000),(30.8123020,32.8928391,25.0000000),(30.2355104,33.6695194,25.0000000),(30.2395287,33.5587127,25.0000000),(30.8123020,32.8928391,25.0000000),(30.2395287,33.5587127,25.0000000),(30.2462260,33.4527926,25.0000000),(30.8681126,32.8284792,25.0000000),(30.8123020,32.8928391,25.0000000),(30.2462260,33.4527926,25.0000000),(30.8681126,32.8284792,25.0000000),(30.2462260,33.4527926,25.0000000),(30.2556022,33.3517589,25.0000000),(30.8681126,32.8284792,25.0000000),(30.2556022,33.3517589,25.0000000),(30.2676572,33.2556118,25.0000000),(30.9651485,32.7497657,25.0000000),(30.8681126,32.8284792,25.0000000),(30.2676572,33.2556118,25.0000000),(30.9651485,32.7497657,25.0000000),(30.2676572,33.2556118,25.0000000),(30.2823912,33.1643513,25.0000000),(30.9651485,32.7497657,25.0000000),(30.2823912,33.1643513,25.0000000),(30.2998041,33.0779772,25.0000000),(31.0657563,32.6935417,25.0000000),(30.9651485,32.7497657,25.0000000),(30.2998041,33.0779772,25.0000000),(31.0657563,32.6935417,25.0000000),(30.2998041,33.0779772,25.0000000),(30.3198959,32.9964897,25.0000000),(31.0657563,32.6935417,25.0000000),(30.3198959,32.9964897,25.0000000),(30.3426666,32.9198887,25.0000000),(31.1699360,32.6598074,25.0000000),(31.0657563,32.6935417,25.0000000),(30.3426666,32.9198887,25.0000000),(31.1699360,32.6598074,25.0000000),(30.3426666,32.9198887,25.0000000),(30.3681162,32.8481742,25.0000000),(31.1699360,32.6598074,25.0000000),(30.3681162,32.8481742,25.0000000),(30.4270522,32.7194048,25.0000000),(31.2776876,32.6485626,25.0000000),(31.1699360,32.6598074,25.0000000),(30.4270522,32.7194048,25.0000000),(31.2776876,32.6485626,25.0000000),(30.4270522,32.7194048,25.0000000),(30.4967037,32.6101815,25.0000000),(31.2776876,32.6485626,25.0000000),(30.4967037,32.6101815,25.0000000),(30.5770709,32.5205042,25.0000000),(31.3832563,32.6594105,25.0000000),(31.2776876,32.6485626,25.0000000),(30.5770709,32.5205042,25.0000000),(31.3832563,32.6594105,25.0000000),(30.5770709,32.5205042,25.0000000),(30.6564294,32.4510511,25.0000000),(31.3832563,32.6594105,25.0000000),(30.6564294,32.4510511,25.0000000),(30.7384006,32.3908584,25.0000000),(31.4840626,32.6919542,25.0000000),(31.3832563,32.6594105,25.0000000),(30.7384006,32.3908584,25.0000000),(31.4840626,32.6919542,25.0000000),(30.7384006,32.3908584,25.0000000),(30.8229846,32.3399261,25.0000000),(31.4840626,32.6919542,25.0000000),(30.8229846,32.3399261,25.0000000),(30.9101813,32.2982542,25.0000000),(31.5801063,32.7461938,25.0000000),(31.4840626,32.6919542,25.0000000),(30.9101813,32.2982542,25.0000000),(31.5801063,32.7461938,25.0000000),(30.9101813,32.2982542,25.0000000),(30.9999908,32.2658428,25.0000000),(32.3095130,33.2823720,25.0000000),(31.5801063,32.7461938,25.0000000),(30.9999908,32.2658428,25.0000000),(32.3095130,33.2823720,25.0000000),(30.9999908,32.2658428,25.0000000),(31.0924131,32.2426917,25.0000000),(32.3095130,33.2823720,25.0000000),(31.0924131,32.2426917,25.0000000),(31.1874481,32.2288011,25.0000000),(32.3095130,33.2823720,25.0000000),(31.1874481,32.2288011,25.0000000),(31.2850959,32.2241709,25.0000000),(32.3095130,33.2823720,25.0000000),(31.2850959,32.2241709,25.0000000),(31.3803459,32.2288838,25.0000000),(32.3095130,33.2823720,25.0000000),(31.3803459,32.2288838,25.0000000),(31.4729501,32.2430225,25.0000000),(32.3095130,33.2823720,25.0000000),(31.4729501,32.2430225,25.0000000),(31.5629084,32.2665869,25.0000000),(32.3095130,33.2823720,25.0000000),(31.5629084,32.2665869,25.0000000),(31.6502209,32.2995772,25.0000000),(32.3095130,33.2823720,25.0000000),(31.6502209,32.2995772,25.0000000),(31.7348876,32.3419932,25.0000000),(32.3095130,33.2823720,25.0000000),(31.7348876,32.3419932,25.0000000),(31.8169084,32.3938350,25.0000000),(32.3095130,33.2823720,25.0000000),(31.8169084,32.3938350,25.0000000),(31.8962834,32.4551026,25.0000000),(32.3095130,33.2823720,25.0000000),(31.8962834,32.4551026,25.0000000),(31.9730126,32.5257959,25.0000000),(32.3095130,33.2823720,25.0000000),(31.9730126,32.5257959,25.0000000),(32.0531317,32.6140345,25.0000000),(32.3095130,33.2823720,25.0000000),(32.0531317,32.6140345,25.0000000),(32.1225683,32.7088876,25.0000000),(32.3095130,33.2823720,25.0000000),(32.1225683,32.7088876,25.0000000),(32.1813223,32.8103553,25.0000000),(32.3095130,33.2823720,25.0000000),(32.1813223,32.8103553,25.0000000),(32.2293938,32.9184376,25.0000000),(32.3095130,33.2823720,25.0000000),(32.2293938,32.9184376,25.0000000),(32.2667828,33.0331345,25.0000000),(32.3095130,33.2823720,25.0000000),(32.2667828,33.0331345,25.0000000),(32.2934891,33.1544459,25.0000000),(28.8604542,36.2828792,25.0000000),(28.7429792,36.2363126,25.0000000),(28.1354959,35.7346626,25.0000000),(28.8604542,36.2828792,25.0000000),(28.1354959,35.7346626,25.0000000),(28.0778167,35.6669292,25.0000000),(28.8604542,36.2828792,25.0000000),(28.0778167,35.6669292,25.0000000),(28.0529459,35.5949626,25.0000000),(28.8604542,36.2828792,25.0000000),(28.0529459,35.5949626,25.0000000),(28.0529459,35.5610959,25.0000000),(28.8604542,36.2828792,25.0000000),(28.0529459,35.5610959,25.0000000),(28.0868126,35.4330376,25.0000000),(28.8604542,36.2828792,25.0000000),(28.0868126,35.4330376,25.0000000),(28.1460792,35.3761522,25.0000000),(28.8604542,36.2828792,25.0000000),(28.1460792,35.3761522,25.0000000),(28.2265126,35.3473126,25.0000000),(28.8604542,36.2828792,25.0000000),(28.2265126,35.3473126,25.0000000),(28.2677876,35.3451959,25.0000000),(28.8604542,36.2828792,25.0000000),(28.2677876,35.3451959,25.0000000),(28.3831459,35.3822376,25.0000000),(28.8604542,36.2828792,25.0000000),(28.3831459,35.3822376,25.0000000),(28.6540792,35.6214209,25.0000000),(28.8604542,36.2828792,25.0000000),(28.6540792,35.6214209,25.0000000),(28.6540792,32.4358376,25.0000000),(28.8604542,36.2828792,25.0000000),(28.6540792,32.4358376,25.0000000),(28.6694251,32.3538167,25.0000000),(28.8604542,36.2828792,25.0000000),(28.6694251,32.3538167,25.0000000),(28.7154626,32.2855542,25.0000000),(28.8604542,36.2828792,25.0000000),(28.7154626,32.2855542,25.0000000),(28.7837251,32.2395167,25.0000000),(28.8604542,36.2828792,25.0000000),(28.7837251,32.2395167,25.0000000),(28.8657459,32.2241709,25.0000000),(28.8604542,36.2828792,25.0000000),(28.8657459,32.2241709,25.0000000),(28.9485605,32.2395167,25.0000000),(28.8604542,36.2828792,25.0000000),(28.9485605,32.2395167,25.0000000),(29.0170876,32.2855542,25.0000000),(28.8604542,36.2828792,25.0000000),(29.0170876,32.2855542,25.0000000),(29.0631251,32.3538167,25.0000000),(28.8604542,36.2828792,25.0000000),(29.0631251,32.3538167,25.0000000),(29.0784709,32.4358376,25.0000000),(28.8604542,36.2828792,25.0000000),(29.0784709,32.4358376,25.0000000),(29.0784709,36.0627459,25.0000000),(28.8604542,36.2828792,25.0000000),(29.0784709,36.0627459,25.0000000),(29.0501605,36.1759876,25.0000000),(28.8604542,36.2828792,25.0000000),(29.0501605,36.1759876,25.0000000),(28.9652292,36.2511292,25.0000000),(36.0477792,32.2744417,25.0000000),(36.1472626,32.1654334,25.0000000),(36.2605042,32.1379167,25.0000000),(36.0477792,32.2744417,25.0000000),(36.2605042,32.1379167,25.0000000),(36.3615751,32.1633167,25.0000000),(36.0477792,32.2744417,25.0000000),(36.3615751,32.1633167,25.0000000),(36.4383042,32.2395167,25.0000000),(36.0477792,32.2744417,25.0000000),(36.4383042,32.2395167,25.0000000),(36.4457126,32.2458667,25.0000000),(36.0477792,32.2744417,25.0000000),(36.4457126,32.2458667,25.0000000),(37.6913709,34.4133334,25.0000000),(36.0477792,32.2744417,25.0000000),(37.6913709,34.4133334,25.0000000),(37.7188876,34.5202251,25.0000000),(36.0477792,32.2744417,25.0000000),(37.7188876,34.5202251,25.0000000),(37.6911063,34.6294980,25.0000000),(36.0477792,32.2744417,25.0000000),(37.6911063,34.6294980,25.0000000),(37.6077626,34.7075501,25.0000000),(36.0477792,32.2744417,25.0000000),(37.6077626,34.7075501,25.0000000),(37.5008709,34.7371834,25.0000000),(36.0477792,32.2744417,25.0000000),(37.5008709,34.7371834,25.0000000),(37.3921272,34.7094022,25.0000000),(36.0477792,32.2744417,25.0000000),(37.3921272,34.7094022,25.0000000),(37.3156626,34.6260584,25.0000000),(36.0477792,32.2744417,25.0000000),(37.3156626,34.6260584,25.0000000),(36.4732292,33.1602667,25.0000000),(36.0477792,32.2744417,25.0000000),(36.4732292,33.1602667,25.0000000),(36.4732292,35.7680001,25.0000000),(36.4732292,35.7680001,25.0000000),(38.0596709,35.7680001,25.0000000),(38.1446022,35.7838751,25.0000000),(36.4732292,35.7680001,25.0000000),(38.1446022,35.7838751,25.0000000),(38.2152459,35.8315001,25.0000000),(36.4732292,35.7680001,25.0000000),(38.2152459,35.8315001,25.0000000),(38.2628709,35.9010855,25.0000000),(36.4732292,35.7680001,25.0000000),(38.2628709,35.9010855,25.0000000),(38.2787459,35.9828417,25.0000000),(36.4732292,35.7680001,25.0000000),(38.2787459,35.9828417,25.0000000),(38.2628709,36.0648626,25.0000000),(36.4732292,35.7680001,25.0000000),(38.2628709,36.0648626,25.0000000),(38.2152459,36.1352417,25.0000000),(36.4732292,35.7680001,25.0000000),(38.2152459,36.1352417,25.0000000),(38.1446022,36.1844542,25.0000000),(36.4732292,35.7680001,25.0000000),(38.1446022,36.1844542,25.0000000),(38.0596709,36.2008584,25.0000000),(36.4732292,35.7680001,25.0000000),(38.0596709,36.2008584,25.0000000),(36.2530959,36.2008584,25.0000000),(36.0477792,32.2744417,25.0000000),(36.4732292,35.7680001,25.0000000),(36.2530959,36.2008584,25.0000000),(36.2530959,36.2008584,25.0000000),(34.4475792,36.2008584,25.0000000),(34.3647647,36.1844542,25.0000000),(36.2530959,36.2008584,25.0000000),(34.3647647,36.1844542,25.0000000),(34.2962376,36.1352417,25.0000000),(36.2530959,36.2008584,25.0000000),(34.2962376,36.1352417,25.0000000),(34.2502001,36.0648626,25.0000000),(36.2530959,36.2008584,25.0000000),(34.2502001,36.0648626,25.0000000),(34.2348542,35.9828417,25.0000000),(36.2530959,36.2008584,25.0000000),(34.2348542,35.9828417,25.0000000),(34.2502001,35.9010855,25.0000000),(36.2530959,36.2008584,25.0000000),(34.2502001,35.9010855,25.0000000),(34.2962376,35.8315001,25.0000000),(36.2530959,36.2008584,25.0000000),(34.2962376,35.8315001,25.0000000),(34.3647647,35.7838751,25.0000000),(36.2530959,36.2008584,25.0000000),(34.3647647,35.7838751,25.0000000),(34.4475792,35.7680001,25.0000000),(36.2530959,36.2008584,25.0000000),(34.4475792,35.7680001,25.0000000),(36.0403709,35.7680001,25.0000000),(36.0477792,32.2744417,25.0000000),(36.2530959,36.2008584,25.0000000),(36.0403709,35.7680001,25.0000000),(36.0477792,32.2744417,25.0000000),(36.0403709,35.7680001,25.0000000),(36.0403709,33.1560334,25.0000000),(36.0477792,32.2744417,25.0000000),(36.0403709,33.1560334,25.0000000),(35.1841792,34.6451084,25.0000000),(36.0477792,32.2744417,25.0000000),(35.1841792,34.6451084,25.0000000),(35.1045397,34.7244834,25.0000000),(36.0477792,32.2744417,25.0000000),(35.1045397,34.7244834,25.0000000),(34.9968542,34.7509417,25.0000000),(36.0477792,32.2744417,25.0000000),(34.9968542,34.7509417,25.0000000),(34.8857292,34.7234251,25.0000000),(36.0477792,32.2744417,25.0000000),(34.8857292,34.7234251,25.0000000),(34.8039730,34.6437855,25.0000000),(36.0477792,32.2744417,25.0000000),(34.8039730,34.6437855,25.0000000),(34.7767209,34.5339834,25.0000000),(36.0477792,32.2744417,25.0000000),(34.7767209,34.5339834,25.0000000),(34.8084709,34.4249751,25.0000000),(39.3106209,33.1168751,25.0000000),(39.3127376,33.0681917,25.0000000),(39.3366658,32.9761002,25.0000000),(39.3106209,33.1168751,25.0000000),(39.3366658,32.9761002,25.0000000),(39.3645298,32.8897964,25.0000000),(39.3106209,33.1168751,25.0000000),(39.3645298,32.8897964,25.0000000),(39.3963294,32.8092804,25.0000000),(39.3106209,33.1168751,25.0000000),(39.3963294,32.8092804,25.0000000),(39.4320647,32.7345522,25.0000000),(39.3106209,33.1168751,25.0000000),(39.4320647,32.7345522,25.0000000),(39.4717356,32.6656117,25.0000000),(39.3106209,33.1168751,25.0000000),(39.4717356,32.6656117,25.0000000),(39.5153423,32.6024589,25.0000000),(39.3106209,33.1168751,25.0000000),(39.5153423,32.6024589,25.0000000),(39.6143626,32.4935167,25.0000000),(39.3106209,33.1168751,25.0000000),(39.6143626,32.4935167,25.0000000),(39.6953416,32.4240636,25.0000000),(39.3106209,33.1168751,25.0000000),(39.6953416,32.4240636,25.0000000),(39.7784704,32.3638709,25.0000000),(39.3106209,33.1168751,25.0000000),(39.7784704,32.3638709,25.0000000),(39.8637489,32.3129386,25.0000000),(39.3106209,33.1168751,25.0000000),(39.8637489,32.3129386,25.0000000),(39.9511772,32.2712667,25.0000000),(39.3106209,33.1168751,25.0000000),(39.9511772,32.2712667,25.0000000),(40.0407552,32.2388553,25.0000000),(39.3106209,33.1168751,25.0000000),(40.0407552,32.2388553,25.0000000),(40.1324829,32.2157042,25.0000000),(39.3106209,33.1168751,25.0000000),(40.1324829,32.2157042,25.0000000),(40.2263604,32.2018136,25.0000000),(39.3106209,33.1168751,25.0000000),(40.2263604,32.2018136,25.0000000),(40.3223876,32.1971834,25.0000000),(39.3106209,33.1168751,25.0000000),(40.3223876,32.1971834,25.0000000),(40.4176376,32.2018963,25.0000000),(39.3106209,33.1168751,25.0000000),(40.4176376,32.2018963,25.0000000),(40.5102417,32.2160350,25.0000000),(39.3106209,33.1168751,25.0000000),(40.5102417,32.2160350,25.0000000),(40.6002001,32.2395994,25.0000000),(39.3106209,33.1168751,25.0000000),(40.6002001,32.2395994,25.0000000),(40.6875126,32.2725897,25.0000000),(40.6875126,32.2725897,25.0000000),(40.7721792,32.3150057,25.0000000),(40.8542001,32.3668475,25.0000000),(40.6875126,32.2725897,25.0000000),(40.8542001,32.3668475,25.0000000),(40.9335751,32.4281151,25.0000000),(40.6875126,32.2725897,25.0000000),(40.9335751,32.4281151,25.0000000),(41.0103042,32.4988084,25.0000000),(40.6875126,32.2725897,25.0000000),(41.0103042,32.4988084,25.0000000),(41.0904234,32.5870470,25.0000000),(40.6875126,32.2725897,25.0000000),(41.0904234,32.5870470,25.0000000),(41.1598600,32.6819001,25.0000000),(40.6875126,32.2725897,25.0000000),(41.1598600,32.6819001,25.0000000),(41.2186140,32.7833678,25.0000000),(40.6875126,32.2725897,25.0000000),(41.2186140,32.7833678,25.0000000),(41.2666855,32.8914501,25.0000000),(40.6875126,32.2725897,25.0000000),(41.2666855,32.8914501,25.0000000),(41.3040744,33.0061470,25.0000000),(40.6875126,32.2725897,25.0000000),(41.3040744,33.0061470,25.0000000),(41.3307808,33.1274584,25.0000000),(40.6875126,32.2725897,25.0000000),(41.3307808,33.1274584,25.0000000),(41.3468046,33.2553845,25.0000000),(40.6875126,32.2725897,25.0000000),(41.3468046,33.2553845,25.0000000),(41.3521459,33.3899251,25.0000000),(40.6875126,32.2725897,25.0000000),(41.3521459,33.3899251,25.0000000),(41.3508561,33.4932077,25.0000000),(40.6875126,32.2725897,25.0000000),(41.3508561,33.4932077,25.0000000),(41.3469865,33.5924471,25.0000000),(40.6875126,32.2725897,25.0000000),(41.3469865,33.5924471,25.0000000),(41.3405373,33.6876433,25.0000000),(40.6875126,32.2725897,25.0000000),(41.3405373,33.6876433,25.0000000),(41.3315084,33.7787964,25.0000000),(40.6875126,32.2725897,25.0000000),(41.3315084,33.7787964,25.0000000),(41.3198998,33.8659064,25.0000000),(40.6875126,32.2725897,25.0000000),(41.3198998,33.8659064,25.0000000),(41.3057115,33.9489731,25.0000000),(40.6875126,32.2725897,25.0000000),(41.3057115,33.9489731,25.0000000),(41.2889436,34.0279967,25.0000000),(40.6875126,32.2725897,25.0000000),(41.2889436,34.0279967,25.0000000),(41.2695959,34.1029772,25.0000000),(40.6875126,32.2725897,25.0000000),(41.2695959,34.1029772,25.0000000),(41.2231615,34.2408085,25.0000000),(41.2231615,34.2408085,25.0000000),(41.1664084,34.3624673,25.0000000),(41.0993365,34.4679533,25.0000000),(41.2231615,34.2408085,25.0000000),(41.0993365,34.4679533,25.0000000),(41.0219459,34.5572667,25.0000000),(41.2231615,34.2408085,25.0000000),(41.0219459,34.5572667,25.0000000),(40.9424552,34.6267199,25.0000000),(41.2231615,34.2408085,25.0000000),(40.9424552,34.6267199,25.0000000),(40.8606162,34.6869126,25.0000000),(41.2231615,34.2408085,25.0000000),(40.8606162,34.6869126,25.0000000),(40.7764291,34.7378449,25.0000000),(41.2231615,34.2408085,25.0000000),(40.7764291,34.7378449,25.0000000),(40.6898938,34.7795167,25.0000000),(41.2231615,34.2408085,25.0000000),(40.6898938,34.7795167,25.0000000),(40.6010104,34.8119282,25.0000000),(41.2231615,34.2408085,25.0000000),(40.6010104,34.8119282,25.0000000),(40.5097787,34.8350792,25.0000000),(41.2231615,34.2408085,25.0000000),(40.5097787,34.8350792,25.0000000),(40.4161989,34.8489699,25.0000000),(41.2231615,34.2408085,25.0000000),(40.4161989,34.8489699,25.0000000),(40.3202709,34.8536001,25.0000000),(41.2231615,34.2408085,25.0000000),(40.3202709,34.8536001,25.0000000),(40.2349593,34.8503424,25.0000000),(41.2231615,34.2408085,25.0000000),(40.2349593,34.8503424,25.0000000),(40.1525912,34.8405694,25.0000000),(41.2231615,34.2408085,25.0000000),(40.1525912,34.8405694,25.0000000),(40.0731666,34.8242809,25.0000000),(41.2231615,34.2408085,25.0000000),(40.0731666,34.8242809,25.0000000),(39.9966855,34.8014772,25.0000000),(41.2231615,34.2408085,25.0000000),(39.9966855,34.8014772,25.0000000),(39.8525537,34.7363235,25.0000000),(41.2231615,34.2408085,25.0000000),(39.8525537,34.7363235,25.0000000),(39.7201959,34.6451084,25.0000000),(39.7625292,35.8230334,25.0000000),(41.0378209,35.8230334,25.0000000),(41.1193126,35.8389084,25.0000000),(39.7625292,35.8230334,25.0000000),(41.1193126,35.8389084,25.0000000),(41.1881042,35.8865334,25.0000000),(39.7625292,35.8230334,25.0000000),(41.1881042,35.8865334,25.0000000),(41.2349355,35.9558542,25.0000000),(39.7625292,35.8230334,25.0000000),(41.2349355,35.9558542,25.0000000),(41.2505459,36.0368167,25.0000000),(39.7625292,35.8230334,25.0000000),(41.2505459,36.0368167,25.0000000),(41.2349355,36.1175147,25.0000000),(39.7625292,35.8230334,25.0000000),(41.2349355,36.1175147,25.0000000),(41.1881042,36.1860417,25.0000000),(39.7625292,35.8230334,25.0000000),(41.1881042,36.1860417,25.0000000),(41.1193126,36.2336667,25.0000000),(39.7625292,35.8230334,25.0000000),(41.1193126,36.2336667,25.0000000),(41.0378209,36.2495417,25.0000000),(39.7625292,35.8230334,25.0000000),(41.0378209,36.2495417,25.0000000),(39.5656792,36.2495417,25.0000000),(39.7201959,34.6451084,25.0000000),(39.7625292,35.8230334,25.0000000),(39.5656792,36.2495417,25.0000000),(39.7201959,34.6451084,25.0000000),(39.5656792,36.2495417,25.0000000),(39.4852459,36.2355188,25.0000000),(39.7201959,34.6451084,25.0000000),(39.4852459,36.2355188,25.0000000),(39.4153959,36.1934501,25.0000000),(39.7201959,34.6451084,25.0000000),(39.4153959,36.1934501,25.0000000),(39.3677709,36.1283626,25.0000000),(39.7201959,34.6451084,25.0000000),(39.3677709,36.1283626,25.0000000),(39.3518959,36.0495167,25.0000000),(39.7201959,34.6451084,25.0000000),(39.3518959,36.0495167,25.0000000),(39.2714626,33.9847084,25.0000000),(39.7201959,34.6451084,25.0000000),(39.2714626,33.9847084,25.0000000),(39.2846917,33.9053334,25.0000000),(39.7201959,34.6451084,25.0000000),(39.2846917,33.9053334,25.0000000),(39.3243792,33.8344251,25.0000000),(39.7201959,34.6451084,25.0000000),(39.3243792,33.8344251,25.0000000),(39.3894667,33.7804501,25.0000000),(39.7201959,34.6451084,25.0000000),(39.3894667,33.7804501,25.0000000),(39.4725459,33.7624584,25.0000000),(39.7201959,34.6451084,25.0000000),(39.4725459,33.7624584,25.0000000),(39.5537730,33.7759522,25.0000000),(39.7201959,34.6451084,25.0000000),(39.5537730,33.7759522,25.0000000),(39.6260042,33.8164334,25.0000000),(39.7201959,34.6451084,25.0000000),(39.6260042,33.8164334,25.0000000),(39.6884459,33.9180334,25.0000000),(39.7201959,34.6451084,25.0000000),(39.6884459,33.9180334,25.0000000),(39.7224449,34.0031631,25.0000000),(39.7201959,34.6451084,25.0000000),(39.7224449,34.0031631,25.0000000),(39.7715251,34.0871022,25.0000000),(39.7201959,34.6451084,25.0000000),(39.7715251,34.0871022,25.0000000),(39.8356865,34.1698506,25.0000000),(39.7201959,34.6451084,25.0000000),(39.8356865,34.1698506,25.0000000),(39.9149292,34.2514084,25.0000000),(39.7201959,34.6451084,25.0000000),(39.9149292,34.2514084,25.0000000),(40.0105100,34.3291959,25.0000000),(39.7201959,34.6451084,25.0000000),(40.0105100,34.3291959,25.0000000),(40.1099272,34.3847584,25.0000000),(39.7201959,34.6451084,25.0000000),(40.1099272,34.3847584,25.0000000),(40.2131808,34.4180959,25.0000000),(39.7201959,34.6451084,25.0000000),(40.2131808,34.4180959,25.0000000),(40.3202709,34.4292084,25.0000000),(39.7201959,34.6451084,25.0000000),(40.3202709,34.4292084,25.0000000),(40.4267657,34.4180959,25.0000000),(41.2231615,34.2408085,25.0000000),(39.7201959,34.6451084,25.0000000),(40.4267657,34.4180959,25.0000000),(41.2231615,34.2408085,25.0000000),(40.4267657,34.4180959,25.0000000),(40.5292917,34.3847584,25.0000000),(41.2231615,34.2408085,25.0000000),(40.5292917,34.3847584,25.0000000),(40.6278490,34.3291959,25.0000000),(41.2231615,34.2408085,25.0000000),(40.6278490,34.3291959,25.0000000),(40.7224376,34.2514084,25.0000000),(41.2231615,34.2408085,25.0000000),(40.7224376,34.2514084,25.0000000),(40.8127266,34.1228209,25.0000000),(41.2231615,34.2408085,25.0000000),(40.8127266,34.1228209,25.0000000),(40.8481973,34.0366990,25.0000000),(41.2231615,34.2408085,25.0000000),(40.8481973,34.0366990,25.0000000),(40.8772188,33.9360251,25.0000000),(41.2231615,34.2408085,25.0000000),(40.8772188,33.9360251,25.0000000),(40.8997911,33.8207990,25.0000000),(41.2231615,34.2408085,25.0000000),(40.8997911,33.8207990,25.0000000),(40.9159141,33.6910209,25.0000000),(41.2231615,34.2408085,25.0000000),(40.9159141,33.6910209,25.0000000),(40.9255880,33.5466907,25.0000000),(41.2231615,34.2408085,25.0000000),(40.9255880,33.5466907,25.0000000),(40.9288126,33.3878084,25.0000000),(41.2231615,34.2408085,25.0000000),(40.9288126,33.3878084,25.0000000),(40.9253730,33.2963618,25.0000000),(41.2231615,34.2408085,25.0000000),(40.9253730,33.2963618,25.0000000),(40.9150542,33.2098761,25.0000000),(41.2231615,34.2408085,25.0000000),(40.9150542,33.2098761,25.0000000),(40.8978563,33.1283514,25.0000000),(40.6875126,32.2725897,25.0000000),(41.2231615,34.2408085,25.0000000),(40.8978563,33.1283514,25.0000000),(40.6875126,32.2725897,25.0000000),(40.8978563,33.1283514,25.0000000),(40.8737792,33.0517876,25.0000000),(40.6875126,32.2725897,25.0000000),(40.8737792,33.0517876,25.0000000),(40.8049876,32.9135428,25.0000000),(40.6875126,32.2725897,25.0000000),(40.8049876,32.9135428,25.0000000),(40.7086792,32.7951417,25.0000000),(40.6875126,32.2725897,25.0000000),(40.7086792,32.7951417,25.0000000),(40.6173980,32.7192063,25.0000000),(40.6875126,32.2725897,25.0000000),(40.6173980,32.7192063,25.0000000),(40.5213542,32.6649667,25.0000000),(40.6875126,32.2725897,25.0000000),(40.5213542,32.6649667,25.0000000),(40.4205480,32.6324230,25.0000000),(40.6875126,32.2725897,25.0000000),(40.4205480,32.6324230,25.0000000),(40.3149792,32.6215751,25.0000000),(40.6875126,32.2725897,25.0000000),(40.3149792,32.6215751,25.0000000),(40.2123871,32.6328199,25.0000000),(40.6875126,32.2725897,25.0000000),(40.2123871,32.6328199,25.0000000),(40.1099272,32.6665542,25.0000000),(40.6875126,32.2725897,25.0000000),(40.1099272,32.6665542,25.0000000),(40.0075996,32.7227782,25.0000000),(39.3106209,33.1168751,25.0000000),(40.6875126,32.2725897,25.0000000),(40.0075996,32.7227782,25.0000000),(39.3106209,33.1168751,25.0000000),(40.0075996,32.7227782,25.0000000),(39.9054042,32.8014917,25.0000000),(39.3106209,33.1168751,25.0000000),(39.9054042,32.8014917,25.0000000),(39.8032751,32.9443667,25.0000000),(39.3106209,33.1168751,25.0000000),(39.8032751,32.9443667,25.0000000),(39.7637199,33.0443792,25.0000000),(39.3106209,33.1168751,25.0000000),(39.7637199,33.0443792,25.0000000),(39.7318376,33.1634417,25.0000000),(39.3106209,33.1168751,25.0000000),(39.7318376,33.1634417,25.0000000),(39.6877845,33.2361360,25.0000000),(39.3106209,33.1168751,25.0000000),(39.6877845,33.2361360,25.0000000),(39.6392334,33.2880605,25.0000000),(39.3106209,33.1168751,25.0000000),(39.6392334,33.2880605,25.0000000),(39.5286376,33.3296001,25.0000000),(39.3106209,33.1168751,25.0000000),(39.5286376,33.3296001,25.0000000),(39.5212292,33.3296001,25.0000000),(39.3106209,33.1168751,25.0000000),(39.5212292,33.3296001,25.0000000),(39.4473444,33.3139235,25.0000000),(39.3106209,33.1168751,25.0000000),(39.4473444,33.3139235,25.0000000),(39.3876147,33.2732438,25.0000000),(17.0060626,39.0143376,25.0000000),(17.1031151,38.9736579,25.0000000),(17.2011266,38.9384022,25.0000000),(17.0060626,39.0143376,25.0000000),(17.2011266,38.9384022,25.0000000),(17.3000973,38.9085704,25.0000000),(17.0060626,39.0143376,25.0000000),(17.3000973,38.9085704,25.0000000),(17.4000272,38.8841626,25.0000000),(17.0060626,39.0143376,25.0000000),(17.4000272,38.8841626,25.0000000),(17.5009161,38.8651787,25.0000000),(17.0060626,39.0143376,25.0000000),(17.5009161,38.8651787,25.0000000),(17.6027641,38.8516188,25.0000000),(17.0060626,39.0143376,25.0000000),(17.6027641,38.8516188,25.0000000),(17.7055713,38.8434829,25.0000000),(17.0060626,39.0143376,25.0000000),(17.7055713,38.8434829,25.0000000),(17.8093376,38.8407709,25.0000000),(17.0060626,39.0143376,25.0000000),(17.8093376,38.8407709,25.0000000),(17.9451184,38.8450869,25.0000000),(17.0060626,39.0143376,25.0000000),(17.9451184,38.8450869,25.0000000),(18.0783527,38.8580350,25.0000000),(17.0060626,39.0143376,25.0000000),(18.0783527,38.8580350,25.0000000),(18.2090403,38.8796151,25.0000000),(17.0060626,39.0143376,25.0000000),(18.2090403,38.8796151,25.0000000),(18.3371813,38.9098272,25.0000000),(17.0060626,39.0143376,25.0000000),(18.3371813,38.9098272,25.0000000),(18.4627757,38.9486713,25.0000000),(17.0060626,39.0143376,25.0000000),(18.4627757,38.9486713,25.0000000),(18.5858235,38.9961475,25.0000000),(17.0060626,39.0143376,25.0000000),(18.5858235,38.9961475,25.0000000),(18.7063247,39.0522557,25.0000000),(17.0060626,39.0143376,25.0000000),(18.7063247,39.0522557,25.0000000),(18.8242792,39.1169959,25.0000000),(17.0060626,39.0143376,25.0000000),(18.8242792,39.1169959,25.0000000),(18.9378516,39.1893925,25.0000000),(17.0060626,39.0143376,25.0000000),(18.9378516,39.1893925,25.0000000),(19.0452063,39.2679407,25.0000000),(17.0060626,39.0143376,25.0000000),(19.0452063,39.2679407,25.0000000),(19.1463433,39.3526404,25.0000000),(17.0060626,39.0143376,25.0000000),(19.1463433,39.3526404,25.0000000),(19.2412626,39.4434917,25.0000000),(17.0060626,39.0143376,25.0000000),(19.2412626,39.4434917,25.0000000),(19.3299641,39.5404946,25.0000000),(19.3299641,39.5404946,25.0000000),(19.4124480,39.6436490,25.0000000),(19.4887141,39.7529550,25.0000000),(19.3299641,39.5404946,25.0000000),(19.4887141,39.7529550,25.0000000),(19.5587626,39.8684126,25.0000000),(19.3299641,39.5404946,25.0000000),(19.5587626,39.8684126,25.0000000),(19.6217665,39.9881862,25.0000000),(19.3299641,39.5404946,25.0000000),(19.6217665,39.9881862,25.0000000),(19.6763699,40.1104402,25.0000000),(19.3299641,39.5404946,25.0000000),(19.6763699,40.1104402,25.0000000),(19.7225727,40.2351747,25.0000000),(19.3299641,39.5404946,25.0000000),(19.7225727,40.2351747,25.0000000),(19.7603751,40.3623897,25.0000000),(19.3299641,39.5404946,25.0000000),(19.7603751,40.3623897,25.0000000),(19.7897769,40.4920851,25.0000000),(19.3299641,39.5404946,25.0000000),(19.7897769,40.4920851,25.0000000),(19.8107782,40.6242610,25.0000000),(19.3299641,39.5404946,25.0000000),(19.8107782,40.6242610,25.0000000),(19.8233790,40.7589174,25.0000000),(19.3299641,39.5404946,25.0000000),(19.8233790,40.7589174,25.0000000),(19.8275792,40.8960542,25.0000000),(19.3299641,39.5404946,25.0000000),(19.8275792,40.8960542,25.0000000),(19.8233790,41.0276845,25.0000000),(19.3299641,39.5404946,25.0000000),(19.8233790,41.0276845,25.0000000),(19.8107782,41.1585209,25.0000000),(19.3299641,39.5404946,25.0000000),(19.8107782,41.1585209,25.0000000),(19.7897769,41.2885636,25.0000000),(19.3299641,39.5404946,25.0000000),(19.7897769,41.2885636,25.0000000),(19.7603751,41.4178126,25.0000000),(19.3299641,39.5404946,25.0000000),(19.7603751,41.4178126,25.0000000),(19.7225727,41.5462678,25.0000000),(19.3299641,39.5404946,25.0000000),(19.7225727,41.5462678,25.0000000),(19.6763699,41.6739292,25.0000000),(19.6763699,41.6739292,25.0000000),(19.2845881,41.5324433,25.0000000),(19.3211502,41.4345640,25.0000000),(19.6763699,41.6739292,25.0000000),(19.3211502,41.4345640,25.0000000),(19.3510647,41.3334105,25.0000000),(19.6763699,41.6739292,25.0000000),(19.3510647,41.3334105,25.0000000),(19.3743315,41.2289828,25.0000000),(19.6763699,41.6739292,25.0000000),(19.3743315,41.2289828,25.0000000),(19.3909506,41.1212808,25.0000000),(19.6763699,41.6739292,25.0000000),(19.3909506,41.1212808,25.0000000),(19.4009221,41.0103046,25.0000000),(19.6763699,41.6739292,25.0000000),(19.4009221,41.0103046,25.0000000),(19.4042459,40.8960542,25.0000000),(19.6763699,41.6739292,25.0000000),(19.4042459,40.8960542,25.0000000),(19.4008890,40.7860207,25.0000000),(19.3299641,39.5404946,25.0000000),(19.6763699,41.6739292,25.0000000),(19.4008890,40.7860207,25.0000000),(19.3299641,39.5404946,25.0000000),(19.4008890,40.7860207,25.0000000),(19.3908183,40.6781699,25.0000000),(19.3299641,39.5404946,25.0000000),(19.3908183,40.6781699,25.0000000),(19.3740338,40.5725019,25.0000000),(19.3299641,39.5404946,25.0000000),(19.3740338,40.5725019,25.0000000),(19.3505355,40.4690167,25.0000000),(19.3299641,39.5404946,25.0000000),(19.3505355,40.4690167,25.0000000),(19.3203234,40.3677144,25.0000000),(19.3299641,39.5404946,25.0000000),(19.3203234,40.3677144,25.0000000),(19.2833975,40.2685949,25.0000000),(19.3299641,39.5404946,25.0000000),(19.2833975,40.2685949,25.0000000),(19.2397578,40.1716582,25.0000000),(19.3299641,39.5404946,25.0000000),(19.2397578,40.1716582,25.0000000),(19.1894042,40.0769042,25.0000000),(19.3299641,39.5404946,25.0000000),(19.1894042,40.0769042,25.0000000),(19.1335606,39.9856891,25.0000000),(19.3299641,39.5404946,25.0000000),(19.1335606,39.9856891,25.0000000),(19.0729214,39.8993688,25.0000000),(19.3299641,39.5404946,25.0000000),(19.0729214,39.8993688,25.0000000),(19.0074867,39.8179433,25.0000000),(19.3299641,39.5404946,25.0000000),(19.0074867,39.8179433,25.0000000),(18.9372563,39.7414126,25.0000000),(19.3299641,39.5404946,25.0000000),(18.9372563,39.7414126,25.0000000),(18.8622304,39.6697766,25.0000000),(19.3299641,39.5404946,25.0000000),(18.8622304,39.6697766,25.0000000),(18.7824089,39.6030355,25.0000000),(19.3299641,39.5404946,25.0000000),(18.7824089,39.6030355,25.0000000),(18.6977919,39.5411891,25.0000000),(19.3299641,39.5404946,25.0000000),(18.6977919,39.5411891,25.0000000),(18.6083792,39.4842376,25.0000000),(19.3299641,39.5404946,25.0000000),(18.6083792,39.4842376,25.0000000),(18.5157916,39.4331399,25.0000000),(19.3299641,39.5404946,25.0000000),(18.5157916,39.4331399,25.0000000),(18.4211204,39.3888553,25.0000000),(19.3299641,39.5404946,25.0000000),(18.4211204,39.3888553,25.0000000),(18.3243656,39.3513837,25.0000000),(19.3299641,39.5404946,25.0000000),(18.3243656,39.3513837,25.0000000),(18.2255272,39.3207251,25.0000000),(17.0060626,39.0143376,25.0000000),(19.3299641,39.5404946,25.0000000),(18.2255272,39.3207251,25.0000000),(17.0060626,39.0143376,25.0000000),(18.2255272,39.3207251,25.0000000),(18.1246052,39.2968795,25.0000000),(17.0060626,39.0143376,25.0000000),(18.1246052,39.2968795,25.0000000),(18.0215996,39.2798470,25.0000000),(17.0060626,39.0143376,25.0000000),(18.0215996,39.2798470,25.0000000),(17.9165104,39.2696274,25.0000000),(17.0060626,39.0143376,25.0000000),(17.9165104,39.2696274,25.0000000),(17.8093376,39.2662209,25.0000000),(17.0060626,39.0143376,25.0000000),(17.8093376,39.2662209,25.0000000),(17.6557470,39.2732985,25.0000000),(17.0060626,39.0143376,25.0000000),(17.6557470,39.2732985,25.0000000),(17.5061251,39.2945313,25.0000000),(17.0060626,39.0143376,25.0000000),(17.5061251,39.2945313,25.0000000),(17.3604720,39.3299194,25.0000000),(17.0060626,39.0143376,25.0000000),(17.3604720,39.3299194,25.0000000),(17.2187876,39.3794626,25.0000000),(17.0060626,39.0143376,25.0000000),(17.2187876,39.3794626,25.0000000),(18.8158126,42.1628792,25.0000000),(16.4451459,38.0396126,25.0000000),(17.0060626,39.0143376,25.0000000),(18.8158126,42.1628792,25.0000000),(19.2413783,41.6270484,25.0000000),(19.2845881,41.5324433,25.0000000),(19.6763699,41.6739292,25.0000000),(19.1915209,41.7183792,25.0000000),(19.2413783,41.6270484,25.0000000),(19.6763699,41.6739292,25.0000000),(19.1235891,41.8223605,25.0000000),(19.1915209,41.7183792,25.0000000),(19.6763699,41.6739292,25.0000000),(19.0383272,41.9311042,25.0000000),(19.1235891,41.8223605,25.0000000),(19.6763699,41.6739292,25.0000000),(18.9891973,41.9872621,25.0000000),(19.0383272,41.9311042,25.0000000),(19.6763699,41.6739292,25.0000000),(18.9357350,42.0446105,25.0000000),(18.9891973,41.9872621,25.0000000),(19.6763699,41.6739292,25.0000000),(18.8779401,42.1031496,25.0000000),(18.9357350,42.0446105,25.0000000),(19.6763699,41.6739292,25.0000000),(18.8158126,42.1628792,25.0000000),(18.8779401,42.1031496,25.0000000),(19.6763699,41.6739292,25.0000000),(18.8158126,42.1628792,25.0000000),(19.6763699,41.6739292,25.0000000),(19.6217665,41.8007970,25.0000000),(18.8158126,42.1628792,25.0000000),(19.6217665,41.8007970,25.0000000),(19.5587626,41.9268709,25.0000000),(18.8158126,42.1628792,25.0000000),(19.5587626,41.9268709,25.0000000),(19.5085744,42.0135881,25.0000000),(18.8158126,42.1628792,25.0000000),(19.5085744,42.0135881,25.0000000),(19.4537891,42.0969980,25.0000000),(18.8158126,42.1628792,25.0000000),(19.4537891,42.0969980,25.0000000),(19.3944067,42.1771006,25.0000000),(18.8158126,42.1628792,25.0000000),(19.3944067,42.1771006,25.0000000),(19.3304272,42.2538959,25.0000000),(18.8158126,42.1628792,25.0000000),(19.3304272,42.2538959,25.0000000),(19.2618505,42.3273839,25.0000000),(18.8158126,42.1628792,25.0000000),(19.2618505,42.3273839,25.0000000),(19.1886766,42.3975647,25.0000000),(18.8158126,42.1628792,25.0000000),(19.1886766,42.3975647,25.0000000),(19.1109057,42.4644381,25.0000000),(18.8158126,42.1628792,25.0000000),(19.1109057,42.4644381,25.0000000),(19.0285376,42.5280042,25.0000000),(18.8158126,42.1628792,25.0000000),(19.0285376,42.5280042,25.0000000),(19.5704042,43.4805042,25.0000000),(16.4451459,38.0396126,25.0000000),(18.8158126,42.1628792,25.0000000),(19.5704042,43.4805042,25.0000000),(16.4451459,38.0396126,25.0000000),(19.5704042,43.4805042,25.0000000),(19.5989792,43.5842209,25.0000000),(16.4451459,38.0396126,25.0000000),(19.5989792,43.5842209,25.0000000),(19.5915709,43.6445459,25.0000000),(16.4451459,38.0396126,25.0000000),(19.5915709,43.6445459,25.0000000),(19.5529417,43.7196876,25.0000000),(16.4451459,38.0396126,25.0000000),(19.5529417,43.7196876,25.0000000),(19.4878542,43.7736626,25.0000000),(16.4451459,38.0396126,25.0000000),(19.4878542,43.7736626,25.0000000),(19.3851959,43.8043542,25.0000000),(16.4451459,38.0396126,25.0000000),(19.3851959,43.8043542,25.0000000),(19.3248709,43.7969459,25.0000000),(16.4451459,38.0396126,25.0000000),(19.3248709,43.7969459,25.0000000),(19.2492001,43.7583167,25.0000000),(16.4451459,38.0396126,25.0000000),(19.2492001,43.7583167,25.0000000),(19.1936376,43.6932292,25.0000000),(16.4451459,38.0396126,25.0000000),(19.1936376,43.6932292,25.0000000),(18.6581209,42.7650709,25.0000000),(18.6581209,42.7650709,25.0000000),(18.5575131,42.8094713,25.0000000),(18.4535980,42.8479516,25.0000000),(18.6581209,42.7650709,25.0000000),(18.4535980,42.8479516,25.0000000),(18.3463756,42.8805119,25.0000000),(18.6581209,42.7650709,25.0000000),(18.3463756,42.8805119,25.0000000),(18.2358459,42.9071522,25.0000000),(18.6581209,42.7650709,25.0000000),(18.2358459,42.9071522,25.0000000),(18.1220089,42.9278723,25.0000000),(18.6581209,42.7650709,25.0000000),(18.1220089,42.9278723,25.0000000),(18.0048647,42.9426725,25.0000000),(18.6581209,42.7650709,25.0000000),(18.0048647,42.9426725,25.0000000),(17.8844131,42.9515526,25.0000000),(18.6581209,42.7650709,25.0000000),(17.8844131,42.9515526,25.0000000),(17.7606542,42.9545126,25.0000000),(18.6581209,42.7650709,25.0000000),(17.7606542,42.9545126,25.0000000),(17.6360520,42.9501800,25.0000000),(18.6581209,42.7650709,25.0000000),(17.6360520,42.9501800,25.0000000),(17.5125412,42.9371824,25.0000000),(18.6581209,42.7650709,25.0000000),(17.5125412,42.9371824,25.0000000),(17.3901218,42.9155196,25.0000000),(18.6581209,42.7650709,25.0000000),(17.3901218,42.9155196,25.0000000),(17.2687938,42.8851917,25.0000000),(18.6581209,42.7650709,25.0000000),(17.2687938,42.8851917,25.0000000),(17.1485572,42.8461988,25.0000000),(18.6581209,42.7650709,25.0000000),(17.1485572,42.8461988,25.0000000),(17.0294121,42.7985407,25.0000000),(18.6581209,42.7650709,25.0000000),(17.0294121,42.7985407,25.0000000),(16.9113583,42.7422175,25.0000000),(18.6581209,42.7650709,25.0000000),(16.9113583,42.7422175,25.0000000),(16.7943959,42.6772292,25.0000000),(18.6581209,42.7650709,25.0000000),(16.7943959,42.6772292,25.0000000),(16.6812865,42.6050641,25.0000000),(18.6581209,42.7650709,25.0000000),(16.6812865,42.6050641,25.0000000),(16.5742626,42.5266813,25.0000000),(18.6581209,42.7650709,25.0000000),(16.5742626,42.5266813,25.0000000),(16.4733240,42.4420808,25.0000000),(18.6581209,42.7650709,25.0000000),(16.4733240,42.4420808,25.0000000),(16.3784709,42.3512626,25.0000000),(18.6581209,42.7650709,25.0000000),(16.3784709,42.3512626,25.0000000),(16.2897032,42.2542266,25.0000000),(16.2897032,42.2542266,25.0000000),(16.2070209,42.1509730,25.0000000),(16.1304240,42.0415016,25.0000000),(16.2897032,42.2542266,25.0000000),(16.1304240,42.0415016,25.0000000),(16.0599126,41.9258126,25.0000000),(16.2897032,42.2542266,25.0000000),(16.0599126,41.9258126,25.0000000),(15.9966606,41.8060059,25.0000000),(16.2897032,42.2542266,25.0000000),(15.9966606,41.8060059,25.0000000),(15.9418423,41.6836527,25.0000000),(16.2897032,42.2542266,25.0000000),(15.9418423,41.6836527,25.0000000),(15.8954575,41.5587528,25.0000000),(16.2897032,42.2542266,25.0000000),(15.8954575,41.5587528,25.0000000),(15.8575063,41.4313063,25.0000000),(16.2897032,42.2542266,25.0000000),(15.8575063,41.4313063,25.0000000),(15.8279888,41.3013132,25.0000000),(16.2897032,42.2542266,25.0000000),(15.8279888,41.3013132,25.0000000),(15.8069048,41.1687735,25.0000000),(16.2897032,42.2542266,25.0000000),(15.8069048,41.1687735,25.0000000),(15.7942544,41.0336872,25.0000000),(16.2897032,42.2542266,25.0000000),(15.7942544,41.0336872,25.0000000),(15.7900376,40.8960542,25.0000000),(16.2897032,42.2542266,25.0000000),(15.7900376,40.8960542,25.0000000),(15.7942378,40.7579914,25.0000000),(16.2897032,42.2542266,25.0000000),(15.7942378,40.7579914,25.0000000),(15.8068386,40.6226735,25.0000000),(16.2897032,42.2542266,25.0000000),(15.8068386,40.6226735,25.0000000),(15.8278399,40.4901007,25.0000000),(16.2897032,42.2542266,25.0000000),(15.8278399,40.4901007,25.0000000),(15.8572417,40.3602730,25.0000000),(16.2897032,42.2542266,25.0000000),(15.8572417,40.3602730,25.0000000),(15.8950441,40.2331903,25.0000000),(16.2897032,42.2542266,25.0000000),(15.8950441,40.2331903,25.0000000),(15.9412470,40.1088527,25.0000000),(16.2897032,42.2542266,25.0000000),(15.9412470,40.1088527,25.0000000),(15.9958503,39.9872601,25.0000000),(16.2897032,42.2542266,25.0000000),(15.9958503,39.9872601,25.0000000),(16.0588542,39.8684126,25.0000000),(16.0588542,39.8684126,25.0000000),(16.4271542,40.0769042,25.0000000),(16.3777929,40.1716416,25.0000000),(16.0588542,39.8684126,25.0000000),(16.3777929,40.1716416,25.0000000),(16.3350131,40.2685287,25.0000000),(16.0588542,39.8684126,25.0000000),(16.3350131,40.2685287,25.0000000),(16.2988148,40.3675656,25.0000000),(16.0588542,39.8684126,25.0000000),(16.2988148,40.3675656,25.0000000),(16.2691980,40.4687522,25.0000000),(16.0588542,39.8684126,25.0000000),(16.2691980,40.4687522,25.0000000),(16.2461627,40.5720885,25.0000000),(16.0588542,39.8684126,25.0000000),(16.2461627,40.5720885,25.0000000),(16.2297089,40.6775746,25.0000000),(16.0588542,39.8684126,25.0000000),(16.2297089,40.6775746,25.0000000),(16.2198367,40.7852104,25.0000000),(16.0588542,39.8684126,25.0000000),(16.2198367,40.7852104,25.0000000),(16.2165459,40.8949959,25.0000000),(16.0588542,39.8684126,25.0000000),(16.2165459,40.8949959,25.0000000),(16.2198863,41.0048145,25.0000000),(16.2897032,42.2542266,25.0000000),(16.0588542,39.8684126,25.0000000),(16.2198863,41.0048145,25.0000000),(16.2897032,42.2542266,25.0000000),(16.2198863,41.0048145,25.0000000),(16.2299074,41.1125496,25.0000000),(16.2897032,42.2542266,25.0000000),(16.2299074,41.1125496,25.0000000),(16.2466092,41.2182010,25.0000000),(16.2897032,42.2542266,25.0000000),(16.2466092,41.2182010,25.0000000),(16.2699917,41.3217688,25.0000000),(16.2897032,42.2542266,25.0000000),(16.2699917,41.3217688,25.0000000),(16.3000550,41.4232531,25.0000000),(16.2897032,42.2542266,25.0000000),(16.3000550,41.4232531,25.0000000),(16.3367990,41.5226537,25.0000000),(16.2897032,42.2542266,25.0000000),(16.3367990,41.5226537,25.0000000),(16.3802238,41.6199708,25.0000000),(16.2897032,42.2542266,25.0000000),(16.3802238,41.6199708,25.0000000),(16.4303292,41.7152042,25.0000000),(16.2897032,42.2542266,25.0000000),(16.4303292,41.7152042,25.0000000),(16.4861729,41.8071470,25.0000000),(16.2897032,42.2542266,25.0000000),(16.4861729,41.8071470,25.0000000),(16.5468121,41.8940626,25.0000000),(16.2897032,42.2542266,25.0000000),(16.5468121,41.8940626,25.0000000),(16.6122468,41.9759511,25.0000000),(16.2897032,42.2542266,25.0000000),(16.6122468,41.9759511,25.0000000),(16.6824772,42.0528126,25.0000000),(16.2897032,42.2542266,25.0000000),(16.6824772,42.0528126,25.0000000),(16.7575031,42.1246470,25.0000000),(16.2897032,42.2542266,25.0000000),(16.7575031,42.1246470,25.0000000),(16.8373246,42.1914542,25.0000000),(16.2897032,42.2542266,25.0000000),(16.8373246,42.1914542,25.0000000),(16.9219416,42.2532345,25.0000000),(16.2897032,42.2542266,25.0000000),(16.9219416,42.2532345,25.0000000),(17.0113542,42.3099876,25.0000000),(16.2897032,42.2542266,25.0000000),(17.0113542,42.3099876,25.0000000),(17.1034292,42.3610852,25.0000000),(16.2897032,42.2542266,25.0000000),(17.1034292,42.3610852,25.0000000),(17.1960334,42.4053699,25.0000000),(16.2897032,42.2542266,25.0000000),(17.1960334,42.4053699,25.0000000),(17.2891667,42.4428415,25.0000000),(16.2897032,42.2542266,25.0000000),(17.2891667,42.4428415,25.0000000),(17.3828292,42.4735001,25.0000000),(16.2897032,42.2542266,25.0000000),(17.3828292,42.4735001,25.0000000),(17.4770209,42.4973457,25.0000000),(18.6581209,42.7650709,25.0000000),(16.2897032,42.2542266,25.0000000),(17.4770209,42.4973457,25.0000000),(18.6581209,42.7650709,25.0000000),(17.4770209,42.4973457,25.0000000),(17.5717417,42.5143782,25.0000000),(18.6581209,42.7650709,25.0000000),(17.5717417,42.5143782,25.0000000),(17.6669917,42.5245977,25.0000000),(18.6581209,42.7650709,25.0000000),(17.6669917,42.5245977,25.0000000),(17.7627709,42.5280042,25.0000000),(18.6581209,42.7650709,25.0000000),(17.7627709,42.5280042,25.0000000),(17.7691209,42.5280042,25.0000000),(18.6581209,42.7650709,25.0000000),(17.7691209,42.5280042,25.0000000),(17.8628330,42.5259207,25.0000000),(18.6581209,42.7650709,25.0000000),(17.8628330,42.5259207,25.0000000),(17.9539985,42.5196699,25.0000000),(18.6581209,42.7650709,25.0000000),(17.9539985,42.5196699,25.0000000),(18.0426174,42.5092519,25.0000000),(18.6581209,42.7650709,25.0000000),(18.0426174,42.5092519,25.0000000),(18.1286897,42.4946667,25.0000000),(18.6581209,42.7650709,25.0000000),(18.1286897,42.4946667,25.0000000),(18.2122153,42.4759144,25.0000000),(18.6581209,42.7650709,25.0000000),(18.2122153,42.4759144,25.0000000),(18.2931944,42.4529949,25.0000000),(18.6581209,42.7650709,25.0000000),(18.2931944,42.4529949,25.0000000),(18.3716268,42.4259082,25.0000000),(18.6581209,42.7650709,25.0000000),(18.3716268,42.4259082,25.0000000),(18.4475126,42.3946542,25.0000000),(16.4451459,38.0396126,25.0000000),(18.6581209,42.7650709,25.0000000),(18.4475126,42.3946542,25.0000000),(16.4451459,38.0396126,25.0000000),(18.4475126,42.3946542,25.0000000),(16.8430792,39.5995959,25.0000000),(16.4451459,38.0396126,25.0000000),(16.8430792,39.5995959,25.0000000),(16.7226277,39.7024527,25.0000000),(16.4695372,40.0076330,25.0000000),(16.4271542,40.0769042,25.0000000),(16.0588542,39.8684126,25.0000000),(16.5146652,39.9411069,25.0000000),(16.4695372,40.0076330,25.0000000),(16.0588542,39.8684126,25.0000000),(16.6131563,39.8162897,25.0000000),(16.5146652,39.9411069,25.0000000),(16.0588542,39.8684126,25.0000000),(16.7226277,39.7024527,25.0000000),(16.6131563,39.8162897,25.0000000),(16.0588542,39.8684126,25.0000000),(16.7226277,39.7024527,25.0000000),(16.0588542,39.8684126,25.0000000),(16.1167980,39.7733610,25.0000000),(16.7226277,39.7024527,25.0000000),(16.1167980,39.7733610,25.0000000),(16.1784459,39.6824105,25.0000000),(16.7226277,39.7024527,25.0000000),(16.1784459,39.6824105,25.0000000),(16.2437980,39.5955610,25.0000000),(16.7226277,39.7024527,25.0000000),(16.2437980,39.5955610,25.0000000),(16.3128542,39.5128126,25.0000000),(16.7226277,39.7024527,25.0000000),(16.3128542,39.5128126,25.0000000),(16.3856147,39.4341652,25.0000000),(16.7226277,39.7024527,25.0000000),(16.3856147,39.4341652,25.0000000),(16.4620792,39.3596188,25.0000000),(16.7226277,39.7024527,25.0000000),(16.4620792,39.3596188,25.0000000),(16.5422480,39.2891735,25.0000000),(16.7226277,39.7024527,25.0000000),(16.5422480,39.2891735,25.0000000),(16.6261209,39.2228292,25.0000000),(16.4451459,38.0396126,25.0000000),(16.7226277,39.7024527,25.0000000),(16.6261209,39.2228292,25.0000000),(16.4451459,38.0396126,25.0000000),(16.6261209,39.2228292,25.0000000),(16.0704959,38.2523376,25.0000000),(16.4451459,38.0396126,25.0000000),(16.0704959,38.2523376,25.0000000),(16.0429792,38.1507376,25.0000000),(16.4451459,38.0396126,25.0000000),(16.0429792,38.1507376,25.0000000),(16.0493292,38.0904126,25.0000000),(16.4451459,38.0396126,25.0000000),(16.0493292,38.0904126,25.0000000),(16.0884876,38.0134188,25.0000000),(16.4451459,38.0396126,25.0000000),(16.0884876,38.0134188,25.0000000),(16.1509292,37.9581209,25.0000000),(16.4451459,38.0396126,25.0000000),(16.1509292,37.9581209,25.0000000),(16.2557042,37.9306042,25.0000000),(16.4451459,38.0396126,25.0000000),(16.2557042,37.9306042,25.0000000),(16.3160292,37.9380126,25.0000000),(16.4451459,38.0396126,25.0000000),(16.3160292,37.9380126,25.0000000),(16.3885251,37.9734667,25.0000000),(25.1170796,39.9487467,25.0000000),(25.1224209,40.0811376,25.0000000),(25.1224209,41.7712959,25.0000000),(25.1170796,39.9487467,25.0000000),(25.1224209,41.7712959,25.0000000),(25.1171127,41.9019174,25.0000000),(25.1170796,39.9487467,25.0000000),(25.1171127,41.9019174,25.0000000),(25.1011881,42.0265527,25.0000000),(25.1170796,39.9487467,25.0000000),(25.1011881,42.0265527,25.0000000),(25.0746471,42.1452018,25.0000000),(25.1170796,39.9487467,25.0000000),(25.0746471,42.1452018,25.0000000),(25.0374897,42.2578647,25.0000000),(25.1170796,39.9487467,25.0000000),(25.0374897,42.2578647,25.0000000),(24.9897158,42.3645414,25.0000000),(25.1170796,39.9487467,25.0000000),(24.9897158,42.3645414,25.0000000),(24.9313256,42.4652319,25.0000000),(25.1170796,39.9487467,25.0000000),(24.9313256,42.4652319,25.0000000),(24.8623190,42.5599362,25.0000000),(25.1170796,39.9487467,25.0000000),(24.8623190,42.5599362,25.0000000),(24.7826959,42.6486542,25.0000000),(25.1170796,39.9487467,25.0000000),(24.7826959,42.6486542,25.0000000),(24.7060164,42.7203398,25.0000000),(25.1170796,39.9487467,25.0000000),(24.7060164,42.7203398,25.0000000),(24.6262610,42.7824673,25.0000000),(25.1170796,39.9487467,25.0000000),(24.6262610,42.7824673,25.0000000),(24.5434299,42.8350367,25.0000000),(24.5434299,42.8350367,25.0000000),(24.4575230,42.8780480,25.0000000),(24.3685403,42.9115013,25.0000000),(24.5434299,42.8350367,25.0000000),(24.3685403,42.9115013,25.0000000),(24.2764819,42.9353964,25.0000000),(24.5434299,42.8350367,25.0000000),(24.2764819,42.9353964,25.0000000),(24.1813476,42.9497335,25.0000000),(24.5434299,42.8350367,25.0000000),(24.1813476,42.9497335,25.0000000),(24.0831376,42.9545126,25.0000000),(24.5434299,42.8350367,25.0000000),(24.0831376,42.9545126,25.0000000),(23.9860520,42.9497335,25.0000000),(24.5434299,42.8350367,25.0000000),(23.9860520,42.9497335,25.0000000),(23.8916454,42.9353964,25.0000000),(24.5434299,42.8350367,25.0000000),(23.8916454,42.9353964,25.0000000),(23.7999177,42.9115013,25.0000000),(24.5434299,42.8350367,25.0000000),(23.7999177,42.9115013,25.0000000),(23.7108688,42.8780480,25.0000000),(24.5434299,42.8350367,25.0000000),(23.7108688,42.8780480,25.0000000),(23.6244989,42.8350367,25.0000000),(24.5434299,42.8350367,25.0000000),(23.6244989,42.8350367,25.0000000),(23.5408079,42.7824673,25.0000000),(24.5434299,42.8350367,25.0000000),(23.5408079,42.7824673,25.0000000),(23.4597958,42.7203398,25.0000000),(24.5434299,42.8350367,25.0000000),(23.4597958,42.7203398,25.0000000),(23.3814626,42.6486542,25.0000000),(24.5434299,42.8350367,25.0000000),(23.3814626,42.6486542,25.0000000),(23.3018395,42.5616725,25.0000000),(24.5434299,42.8350367,25.0000000),(23.3018395,42.5616725,25.0000000),(23.2328329,42.4684730,25.0000000),(24.5434299,42.8350367,25.0000000),(23.2328329,42.4684730,25.0000000),(23.1744427,42.3690558,25.0000000),(24.5434299,42.8350367,25.0000000),(23.1744427,42.3690558,25.0000000),(23.1266688,42.2634209,25.0000000),(24.5434299,42.8350367,25.0000000),(23.1266688,42.2634209,25.0000000),(23.0895114,42.1515683,25.0000000),(23.0895114,42.1515683,25.0000000),(23.0629704,42.0334980,25.0000000),(23.0470458,41.9092100,25.0000000),(23.0895114,42.1515683,25.0000000),(23.0470458,41.9092100,25.0000000),(23.0417376,41.7787042,25.0000000),(23.0895114,42.1515683,25.0000000),(23.0417376,41.7787042,25.0000000),(23.0417376,41.7712959,25.0000000),(23.0895114,42.1515683,25.0000000),(23.0417376,41.7712959,25.0000000),(23.0417376,40.0769042,25.0000000),(23.0895114,42.1515683,25.0000000),(23.0417376,40.0769042,25.0000000),(23.0470458,39.9455882,25.0000000),(23.0895114,42.1515683,25.0000000),(23.0470458,39.9455882,25.0000000),(23.0629704,39.8204569,25.0000000),(23.0895114,42.1515683,25.0000000),(23.0629704,39.8204569,25.0000000),(23.0895114,39.7015101,25.0000000),(23.0895114,42.1515683,25.0000000),(23.0895114,39.7015101,25.0000000),(23.1266688,39.5887480,25.0000000),(23.0895114,42.1515683,25.0000000),(23.1266688,39.5887480,25.0000000),(23.1744427,39.4821705,25.0000000),(23.0895114,42.1515683,25.0000000),(23.1744427,39.4821705,25.0000000),(23.2328329,39.3817777,25.0000000),(23.0895114,42.1515683,25.0000000),(23.2328329,39.3817777,25.0000000),(23.3018395,39.2875695,25.0000000),(23.0895114,42.1515683,25.0000000),(23.3018395,39.2875695,25.0000000),(23.3814626,39.1995459,25.0000000),(23.3814626,39.1995459,25.0000000),(23.6852042,39.4958792,25.0000000),(23.5912110,39.6122298,25.0000000),(23.3814626,39.1995459,25.0000000),(23.5912110,39.6122298,25.0000000),(23.5240730,39.7485563,25.0000000),(23.3814626,39.1995459,25.0000000),(23.5240730,39.7485563,25.0000000),(23.4837902,39.9048589,25.0000000),(23.0895114,42.1515683,25.0000000),(23.3814626,39.1995459,25.0000000),(23.4837902,39.9048589,25.0000000),(23.0895114,42.1515683,25.0000000),(23.4837902,39.9048589,25.0000000),(23.4737195,39.9905013,25.0000000),(23.0895114,42.1515683,25.0000000),(23.4737195,39.9905013,25.0000000),(23.4703626,40.0811376,25.0000000),(23.0895114,42.1515683,25.0000000),(23.4703626,40.0811376,25.0000000),(23.4703626,41.7787042,25.0000000),(23.0895114,42.1515683,25.0000000),(23.4703626,41.7787042,25.0000000),(23.4736864,41.8670089,25.0000000),(23.0895114,42.1515683,25.0000000),(23.4736864,41.8670089,25.0000000),(23.4836579,41.9504188,25.0000000),(23.0895114,42.1515683,25.0000000),(23.4836579,41.9504188,25.0000000),(23.5002770,42.0289339,25.0000000),(23.0895114,42.1515683,25.0000000),(23.5002770,42.0289339,25.0000000),(23.5235438,42.1025542,25.0000000),(23.0895114,42.1515683,25.0000000),(23.5235438,42.1025542,25.0000000),(23.5900204,42.2351105,25.0000000),(23.0895114,42.1515683,25.0000000),(23.5900204,42.2351105,25.0000000),(23.6830876,42.3480876,25.0000000),(23.0895114,42.1515683,25.0000000),(23.6830876,42.3480876,25.0000000),(23.7783376,42.4268011,25.0000000),(23.0895114,42.1515683,25.0000000),(23.7783376,42.4268011,25.0000000),(23.8767626,42.4830251,25.0000000),(24.5434299,42.8350367,25.0000000),(23.0895114,42.1515683,25.0000000),(23.8767626,42.4830251,25.0000000),(24.5434299,42.8350367,25.0000000),(23.8767626,42.4830251,25.0000000),(23.9783626,42.5167595,25.0000000),(24.5434299,42.8350367,25.0000000),(23.9783626,42.5167595,25.0000000),(24.0831376,42.5280042,25.0000000),(24.5434299,42.8350367,25.0000000),(24.0831376,42.5280042,25.0000000),(24.1922121,42.5167595,25.0000000),(24.5434299,42.8350367,25.0000000),(24.1922121,42.5167595,25.0000000),(24.2950688,42.4830251,25.0000000),(24.5434299,42.8350367,25.0000000),(24.2950688,42.4830251,25.0000000),(24.3917079,42.4268011,25.0000000),(24.5434299,42.8350367,25.0000000),(24.3917079,42.4268011,25.0000000),(24.4821292,42.3480876,25.0000000),(24.5434299,42.8350367,25.0000000),(24.4821292,42.3480876,25.0000000),(24.5751964,42.2294881,25.0000000),(24.5434299,42.8350367,25.0000000),(24.5751964,42.2294881,25.0000000),(24.6416730,42.0938230,25.0000000),(24.5434299,42.8350367,25.0000000),(24.6416730,42.0938230,25.0000000),(24.6815589,41.9410923,25.0000000),(25.1170796,39.9487467,25.0000000),(24.5434299,42.8350367,25.0000000),(24.6815589,41.9410923,25.0000000),(25.1170796,39.9487467,25.0000000),(24.6815589,41.9410923,25.0000000),(24.6915304,41.8583273,25.0000000),(25.1170796,39.9487467,25.0000000),(24.6915304,41.8583273,25.0000000),(24.6948542,41.7712959,25.0000000),(25.1170796,39.9487467,25.0000000),(24.6948542,41.7712959,25.0000000),(24.6948542,40.0811376,25.0000000),(25.1170796,39.9487467,25.0000000),(24.6948542,40.0811376,25.0000000),(24.6915304,39.9914934,25.0000000),(25.1170796,39.9487467,25.0000000),(24.6915304,39.9914934,25.0000000),(24.6815589,39.9067110,25.0000000),(25.1170796,39.9487467,25.0000000),(24.6815589,39.9067110,25.0000000),(24.6649398,39.8267903,25.0000000),(25.1170796,39.9487467,25.0000000),(24.6649398,39.8267903,25.0000000),(24.6416730,39.7517313,25.0000000),(25.1170796,39.9487467,25.0000000),(24.6416730,39.7517313,25.0000000),(24.5751964,39.6161985,25.0000000),(25.1170796,39.9487467,25.0000000),(24.5751964,39.6161985,25.0000000),(24.4821292,39.5001126,25.0000000),(25.1170796,39.9487467,25.0000000),(24.4821292,39.5001126,25.0000000),(24.3909141,39.4223251,25.0000000),(23.7767501,39.4199438,25.0000000),(23.6852042,39.4958792,25.0000000),(23.3814626,39.1995459,25.0000000),(23.8735876,39.3657042,25.0000000),(23.7767501,39.4199438,25.0000000),(23.3814626,39.1995459,25.0000000),(23.9757167,39.3331605,25.0000000),(23.8735876,39.3657042,25.0000000),(23.3814626,39.1995459,25.0000000),(24.0831376,39.3223126,25.0000000),(23.9757167,39.3331605,25.0000000),(23.3814626,39.1995459,25.0000000),(24.1914183,39.3334251,25.0000000),(24.0831376,39.3223126,25.0000000),(23.3814626,39.1995459,25.0000000),(24.1914183,39.3334251,25.0000000),(23.3814626,39.1995459,25.0000000),(23.4583406,39.1288526,25.0000000),(24.1914183,39.3334251,25.0000000),(23.4583406,39.1288526,25.0000000),(23.5381621,39.0675850,25.0000000),(24.2940105,39.3667626,25.0000000),(24.1914183,39.3334251,25.0000000),(23.5381621,39.0675850,25.0000000),(24.2940105,39.3667626,25.0000000),(23.5381621,39.0675850,25.0000000),(23.6209270,39.0157432,25.0000000),(24.2940105,39.3667626,25.0000000),(23.6209270,39.0157432,25.0000000),(23.7066355,38.9733272,25.0000000),(24.3909141,39.4223251,25.0000000),(24.2940105,39.3667626,25.0000000),(23.7066355,38.9733272,25.0000000),(24.3909141,39.4223251,25.0000000),(23.7066355,38.9733272,25.0000000),(23.7952875,38.9403369,25.0000000),(25.1170796,39.9487467,25.0000000),(24.3909141,39.4223251,25.0000000),(23.7952875,38.9403369,25.0000000),(25.1170796,39.9487467,25.0000000),(23.7952875,38.9403369,25.0000000),(23.8868829,38.9167725,25.0000000),(25.1170796,39.9487467,25.0000000),(23.8868829,38.9167725,25.0000000),(23.9814218,38.9026338,25.0000000),(25.1170796,39.9487467,25.0000000),(23.9814218,38.9026338,25.0000000),(24.0789042,38.8979209,25.0000000),(25.1170796,39.9487467,25.0000000),(24.0789042,38.8979209,25.0000000),(24.1780734,38.9025511,25.0000000),(25.1170796,39.9487467,25.0000000),(24.1780734,38.9025511,25.0000000),(24.2739683,38.9164417,25.0000000),(25.1170796,39.9487467,25.0000000),(24.2739683,38.9164417,25.0000000),(24.3665890,38.9395928,25.0000000),(25.1170796,39.9487467,25.0000000),(24.3665890,38.9395928,25.0000000),(24.4559355,38.9720042,25.0000000),(25.1170796,39.9487467,25.0000000),(24.4559355,38.9720042,25.0000000),(24.5420078,39.0136761,25.0000000),(25.1170796,39.9487467,25.0000000),(24.5420078,39.0136761,25.0000000),(24.6248058,39.0646084,25.0000000),(25.1170796,39.9487467,25.0000000),(24.6248058,39.0646084,25.0000000),(24.7043296,39.1248011,25.0000000),(25.1170796,39.9487467,25.0000000),(24.7043296,39.1248011,25.0000000),(24.7805792,39.1942542,25.0000000),(25.1170796,39.9487467,25.0000000),(24.7805792,39.1942542,25.0000000),(24.8606984,39.2835842,25.0000000),(25.1170796,39.9487467,25.0000000),(24.8606984,39.2835842,25.0000000),(24.9301350,39.3790657,25.0000000),(25.1170796,39.9487467,25.0000000),(24.9301350,39.3790657,25.0000000),(24.9888890,39.4806988,25.0000000),(25.1170796,39.9487467,25.0000000),(24.9888890,39.4806988,25.0000000),(25.0369605,39.5884834,25.0000000),(25.1170796,39.9487467,25.0000000),(25.0369605,39.5884834,25.0000000),(25.0743494,39.7024196,25.0000000),(25.1170796,39.9487467,25.0000000),(25.0743494,39.7024196,25.0000000),(25.1010558,39.8225074,25.0000000),(21.6680209,42.9566292,25.0000000),(21.5505459,42.9100626,25.0000000),(20.9430626,42.4084126,25.0000000),(21.6680209,42.9566292,25.0000000),(20.9430626,42.4084126,25.0000000),(20.8853834,42.3406792,25.0000000),(21.6680209,42.9566292,25.0000000),(20.8853834,42.3406792,25.0000000),(20.8605126,42.2687126,25.0000000),(21.6680209,42.9566292,25.0000000),(20.8605126,42.2687126,25.0000000),(20.8605126,42.2348459,25.0000000),(21.6680209,42.9566292,25.0000000),(20.8605126,42.2348459,25.0000000),(20.8943792,42.1067876,25.0000000),(21.6680209,42.9566292,25.0000000),(20.8943792,42.1067876,25.0000000),(20.9536459,42.0499022,25.0000000),(21.6680209,42.9566292,25.0000000),(20.9536459,42.0499022,25.0000000),(21.0340792,42.0210626,25.0000000),(21.6680209,42.9566292,25.0000000),(21.0340792,42.0210626,25.0000000),(21.0753542,42.0189459,25.0000000),(21.6680209,42.9566292,25.0000000),(21.0753542,42.0189459,25.0000000),(21.1907126,42.0559876,25.0000000),(21.6680209,42.9566292,25.0000000),(21.1907126,42.0559876,25.0000000),(21.4616459,42.2951709,25.0000000),(21.6680209,42.9566292,25.0000000),(21.4616459,42.2951709,25.0000000),(21.4616459,39.1095876,25.0000000),(21.6680209,42.9566292,25.0000000),(21.4616459,39.1095876,25.0000000),(21.4769917,39.0275667,25.0000000),(21.6680209,42.9566292,25.0000000),(21.4769917,39.0275667,25.0000000),(21.5230292,38.9593042,25.0000000),(21.6680209,42.9566292,25.0000000),(21.5230292,38.9593042,25.0000000),(21.5912917,38.9132667,25.0000000),(21.6680209,42.9566292,25.0000000),(21.5912917,38.9132667,25.0000000),(21.6733126,38.8979209,25.0000000),(21.6680209,42.9566292,25.0000000),(21.6733126,38.8979209,25.0000000),(21.7561272,38.9132667,25.0000000),(21.6680209,42.9566292,25.0000000),(21.7561272,38.9132667,25.0000000),(21.8246542,38.9593042,25.0000000),(21.6680209,42.9566292,25.0000000),(21.8246542,38.9593042,25.0000000),(21.8706917,39.0275667,25.0000000),(21.6680209,42.9566292,25.0000000),(21.8706917,39.0275667,25.0000000),(21.8860376,39.1095876,25.0000000),(21.6680209,42.9566292,25.0000000),(21.8860376,39.1095876,25.0000000),(21.8860376,42.7364959,25.0000000),(21.6680209,42.9566292,25.0000000),(21.8860376,42.7364959,25.0000000),(21.8577272,42.8497376,25.0000000),(21.6680209,42.9566292,25.0000000),(21.8577272,42.8497376,25.0000000),(21.7727959,42.9248792,25.0000000),(35.5101459,40.6806834,25.0000000),(36.8923292,38.8910417,25.0000000),(36.9645605,38.8291292,25.0000000),(35.5101459,40.6806834,25.0000000),(36.9645605,38.8291292,25.0000000),(37.0563709,38.8084917,25.0000000),(35.5101459,40.6806834,25.0000000),(37.0563709,38.8084917,25.0000000),(37.1886626,38.8540001,25.0000000),(35.5101459,40.6806834,25.0000000),(37.1886626,38.8540001,25.0000000),(37.2529563,38.9275542,25.0000000),(35.5101459,40.6806834,25.0000000),(37.2529563,38.9275542,25.0000000),(37.2743876,39.0233334,25.0000000),(35.5101459,40.6806834,25.0000000),(37.2743876,39.0233334,25.0000000),(37.2299376,39.1556251,25.0000000),(35.5101459,40.6806834,25.0000000),(37.2299376,39.1556251,25.0000000),(36.0541292,40.6806834,25.0000000),(36.0541292,40.6806834,25.0000000),(36.1398542,40.6806834,25.0000000),(36.2590987,40.6857932,25.0000000),(35.5101459,40.6806834,25.0000000),(36.0541292,40.6806834,25.0000000),(36.2590987,40.6857932,25.0000000),(34.6465459,40.6806834,25.0000000),(35.5101459,40.6806834,25.0000000),(36.2590987,40.6857932,25.0000000),(34.6465459,40.6806834,25.0000000),(36.2590987,40.6857932,25.0000000),(36.3728860,40.7011225,25.0000000),(34.6465459,40.6806834,25.0000000),(36.3728860,40.7011225,25.0000000),(36.4812164,40.7266713,25.0000000),(34.6465459,40.6806834,25.0000000),(36.4812164,40.7266713,25.0000000),(36.5840897,40.7624397,25.0000000),(34.6465459,40.6806834,25.0000000),(36.5840897,40.7624397,25.0000000),(36.6815059,40.8084276,25.0000000),(34.6465459,40.6806834,25.0000000),(36.6815059,40.8084276,25.0000000),(36.7734652,40.8646350,25.0000000),(34.6465459,40.6806834,25.0000000),(36.7734652,40.8646350,25.0000000),(36.8599674,40.9310619,25.0000000),(34.6465459,40.6806834,25.0000000),(36.8599674,40.9310619,25.0000000),(36.9410126,41.0077084,25.0000000),(34.6465459,40.6806834,25.0000000),(36.9410126,41.0077084,25.0000000),(37.0174110,41.0974352,25.0000000),(34.6465459,40.6806834,25.0000000),(37.0174110,41.0974352,25.0000000),(37.0836230,41.1898740,25.0000000),(34.6465459,40.6806834,25.0000000),(37.0836230,41.1898740,25.0000000),(37.1396485,41.2850248,25.0000000),(37.1396485,41.2850248,25.0000000),(37.1854876,41.3828876,25.0000000),(36.7899355,41.5321126,25.0000000),(37.1396485,41.2850248,25.0000000),(36.7899355,41.5321126,25.0000000),(36.7254433,41.4145053,25.0000000),(37.1396485,41.2850248,25.0000000),(36.7254433,41.4145053,25.0000000),(36.6351542,41.3082751,25.0000000),(37.1396485,41.2850248,25.0000000),(36.6351542,41.3082751,25.0000000),(36.5252199,41.2203011,25.0000000),(37.1396485,41.2850248,25.0000000),(36.5252199,41.2203011,25.0000000),(36.4060251,41.1574626,25.0000000),(37.1396485,41.2850248,25.0000000),(36.4060251,41.1574626,25.0000000),(36.2775699,41.1197595,25.0000000),(34.6465459,40.6806834,25.0000000),(37.1396485,41.2850248,25.0000000),(36.2775699,41.1197595,25.0000000),(34.6465459,40.6806834,25.0000000),(36.2775699,41.1197595,25.0000000),(36.1398542,41.1071917,25.0000000),(34.6465459,40.6806834,25.0000000),(36.1398542,41.1071917,25.0000000),(34.6465459,41.1071917,25.0000000),(36.8286308,41.6610970,25.0000000),(36.7899355,41.5321126,25.0000000),(37.1854876,41.3828876,25.0000000),(36.8415292,41.8014584,25.0000000),(36.8286308,41.6610970,25.0000000),(37.1854876,41.3828876,25.0000000),(36.8286308,41.9404970,25.0000000),(36.8415292,41.8014584,25.0000000),(37.1854876,41.3828876,25.0000000),(36.7899355,42.0686876,25.0000000),(36.8286308,41.9404970,25.0000000),(37.1854876,41.3828876,25.0000000),(36.7254433,42.1860303,25.0000000),(36.7899355,42.0686876,25.0000000),(37.1854876,41.3828876,25.0000000),(36.7254433,42.1860303,25.0000000),(37.1854876,41.3828876,25.0000000),(37.2211402,41.4834623,25.0000000),(36.7254433,42.1860303,25.0000000),(37.2211402,41.4834623,25.0000000),(37.2466063,41.5867490,25.0000000),(36.6351542,42.2925251,25.0000000),(36.7254433,42.1860303,25.0000000),(37.2466063,41.5867490,25.0000000),(36.6351542,42.2925251,25.0000000),(37.2466063,41.5867490,25.0000000),(37.2618860,41.6927477,25.0000000),(36.6351542,42.2925251,25.0000000),(37.2618860,41.6927477,25.0000000),(37.2669792,41.8014584,25.0000000),(36.5279980,42.3804990,25.0000000),(36.6351542,42.2925251,25.0000000),(37.2669792,41.8014584,25.0000000),(36.5279980,42.3804990,25.0000000),(37.2669792,41.8014584,25.0000000),(37.2618860,41.9140717,25.0000000),(36.5279980,42.3804990,25.0000000),(37.2618860,41.9140717,25.0000000),(37.2466063,42.0227824,25.0000000),(36.4107876,42.4433376,25.0000000),(36.5279980,42.3804990,25.0000000),(37.2466063,42.0227824,25.0000000),(36.4107876,42.4433376,25.0000000),(37.2466063,42.0227824,25.0000000),(37.2211402,42.1275904,25.0000000),(36.4107876,42.4433376,25.0000000),(37.2211402,42.1275904,25.0000000),(37.1854876,42.2284959,25.0000000),(36.2835230,42.4810407,25.0000000),(36.4107876,42.4433376,25.0000000),(37.1854876,42.2284959,25.0000000),(36.2835230,42.4810407,25.0000000),(37.1854876,42.2284959,25.0000000),(37.1396485,42.3254988,25.0000000),(36.2835230,42.4810407,25.0000000),(37.1396485,42.3254988,25.0000000),(37.0836230,42.4185990,25.0000000),(36.1462042,42.4936084,25.0000000),(36.2835230,42.4810407,25.0000000),(37.0836230,42.4185990,25.0000000),(36.1462042,42.4936084,25.0000000),(37.0836230,42.4185990,25.0000000),(37.0174110,42.5077967,25.0000000),(34.6465459,42.4936084,25.0000000),(36.1462042,42.4936084,25.0000000),(37.0174110,42.5077967,25.0000000),(34.6465459,42.4936084,25.0000000),(37.0174110,42.5077967,25.0000000),(36.9410126,42.5930917,25.0000000),(34.6465459,42.4936084,25.0000000),(36.9410126,42.5930917,25.0000000),(36.8539481,42.6712265,25.0000000),(34.6465459,42.4936084,25.0000000),(36.8539481,42.6712265,25.0000000),(36.7631464,42.7389433,25.0000000),(34.6465459,42.4936084,25.0000000),(36.7631464,42.7389433,25.0000000),(36.6686075,42.7962421,25.0000000),(34.6465459,42.4936084,25.0000000),(36.6686075,42.7962421,25.0000000),(36.5703313,42.8431230,25.0000000),(34.6465459,42.4936084,25.0000000),(36.5703313,42.8431230,25.0000000),(36.4683179,42.8795859,25.0000000),(34.6465459,42.4936084,25.0000000),(36.4683179,42.8795859,25.0000000),(36.3625673,42.9056308,25.0000000),(34.6465459,42.4936084,25.0000000),(36.3625673,42.9056308,25.0000000),(36.2530794,42.9212578,25.0000000),(34.6465459,42.4936084,25.0000000),(36.2530794,42.9212578,25.0000000),(36.1398542,42.9264667,25.0000000),(34.6465459,42.4936084,25.0000000),(36.1398542,42.9264667,25.0000000),(34.4338209,42.9264667,25.0000000),(34.6465459,41.1071917,25.0000000),(34.6465459,42.4936084,25.0000000),(34.4338209,42.9264667,25.0000000),(34.6465459,40.6806834,25.0000000),(34.6465459,41.1071917,25.0000000),(34.4338209,42.9264667,25.0000000),(34.6465459,40.6806834,25.0000000),(34.4338209,42.9264667,25.0000000),(34.3478313,42.9097980,25.0000000),(34.6465459,40.6806834,25.0000000),(34.3478313,42.9097980,25.0000000),(34.2761292,42.8597917,25.0000000),(34.6465459,40.6806834,25.0000000),(34.2761292,42.8597917,25.0000000),(34.2340605,42.7854438,25.0000000),(34.6465459,40.6806834,25.0000000),(34.2340605,42.7854438,25.0000000),(34.2200376,42.7063334,25.0000000),(34.6465459,40.6806834,25.0000000),(34.2200376,42.7063334,25.0000000),(34.2200376,39.0794251,25.0000000),(34.6465459,40.6806834,25.0000000),(34.2200376,39.0794251,25.0000000),(34.2429240,38.9960813,25.0000000),(34.6465459,40.6806834,25.0000000),(34.2429240,38.9960813,25.0000000),(34.2861834,38.9365501,25.0000000),(34.6465459,40.6806834,25.0000000),(34.2861834,38.9365501,25.0000000),(34.4338209,38.8889251,25.0000000),(34.6465459,40.6806834,25.0000000),(34.4338209,38.8889251,25.0000000),(34.5078381,38.9008313,25.0000000),(34.6465459,40.6806834,25.0000000),(34.5078381,38.9008313,25.0000000),(34.5679647,38.9365501,25.0000000),(34.6465459,40.6806834,25.0000000),(34.5679647,38.9365501,25.0000000),(34.6465459,39.0794251,25.0000000),(33.2580126,40.6859751,25.0000000),(33.2558959,39.0794251,25.0000000),(33.2720355,38.9974042,25.0000000),(33.2580126,40.6859751,25.0000000),(33.2720355,38.9974042,25.0000000),(33.3204542,38.9291417,25.0000000),(33.2580126,40.6859751,25.0000000),(33.3204542,38.9291417,25.0000000),(33.3892459,38.8831042,25.0000000),(33.2580126,40.6859751,25.0000000),(33.3892459,38.8831042,25.0000000),(33.4665042,38.8677584,25.0000000),(33.2580126,40.6859751,25.0000000),(33.4665042,38.8677584,25.0000000),(33.5493188,38.8831042,25.0000000),(33.2580126,40.6859751,25.0000000),(33.5493188,38.8831042,25.0000000),(33.6178459,38.9291417,25.0000000),(33.2580126,40.6859751,25.0000000),(33.6178459,38.9291417,25.0000000),(33.6638834,38.9974042,25.0000000),(33.2580126,40.6859751,25.0000000),(33.6638834,38.9974042,25.0000000),(33.6792292,39.0794251,25.0000000),(33.2580126,40.6859751,25.0000000),(33.6792292,39.0794251,25.0000000),(33.6792292,42.7063334,25.0000000),(33.2580126,40.6859751,25.0000000),(33.6792292,42.7063334,25.0000000),(33.6638834,42.7878251,25.0000000),(33.2580126,40.6859751,25.0000000),(33.6638834,42.7878251,25.0000000),(33.6178459,42.8566167,25.0000000),(33.2580126,40.6859751,25.0000000),(33.6178459,42.8566167,25.0000000),(33.5503772,42.9042417,25.0000000),(33.2580126,40.6859751,25.0000000),(33.5503772,42.9042417,25.0000000),(33.4707376,42.9201167,25.0000000),(33.2580126,40.6859751,25.0000000),(33.4707376,42.9201167,25.0000000),(33.3887167,42.9037126,25.0000000),(33.2580126,40.6859751,25.0000000),(33.3887167,42.9037126,25.0000000),(33.3183376,42.8545001,25.0000000),(33.2580126,40.6859751,25.0000000),(33.3183376,42.8545001,25.0000000),(33.2715063,42.7899417,25.0000000),(33.2580126,40.6859751,25.0000000),(33.2715063,42.7899417,25.0000000),(33.2558959,42.7063334,25.0000000),(33.2580126,40.6859751,25.0000000),(33.2558959,42.7063334,25.0000000),(33.2558959,41.1071917,25.0000000),(31.0566792,40.6859751,25.0000000),(33.2580126,40.6859751,25.0000000),(33.2558959,41.1071917,25.0000000),(31.0566792,40.6859751,25.0000000),(33.2558959,41.1071917,25.0000000),(31.0630292,41.1071917,25.0000000),(31.0566792,40.6859751,25.0000000),(31.0630292,41.1071917,25.0000000),(31.0630292,42.7063334,25.0000000),(31.0566792,40.6859751,25.0000000),(31.0630292,42.7063334,25.0000000),(31.0466251,42.7878251,25.0000000),(31.0566792,40.6859751,25.0000000),(31.0466251,42.7878251,25.0000000),(30.9974126,42.8566167,25.0000000),(31.0566792,40.6859751,25.0000000),(30.9974126,42.8566167,25.0000000),(30.9278272,42.9042417,25.0000000),(31.0566792,40.6859751,25.0000000),(30.9278272,42.9042417,25.0000000),(30.8503042,42.9201167,25.0000000),(31.0566792,40.6859751,25.0000000),(30.8503042,42.9201167,25.0000000),(30.7680188,42.9042417,25.0000000),(31.0566792,40.6859751,25.0000000),(30.7680188,42.9042417,25.0000000),(30.6968459,42.8566167,25.0000000),(31.0566792,40.6859751,25.0000000),(30.6968459,42.8566167,25.0000000),(30.6484272,42.7878251,25.0000000),(31.0566792,40.6859751,25.0000000),(30.6484272,42.7878251,25.0000000),(30.6322876,42.7063334,25.0000000),(31.0566792,40.6859751,25.0000000),(30.6322876,42.7063334,25.0000000),(30.6322876,39.0794251,25.0000000),(31.0566792,40.6859751,25.0000000),(30.6322876,39.0794251,25.0000000),(30.6478980,38.9974042,25.0000000),(31.0566792,40.6859751,25.0000000),(30.6478980,38.9974042,25.0000000),(30.6947292,38.9291417,25.0000000),(31.0566792,40.6859751,25.0000000),(30.6947292,38.9291417,25.0000000),(30.7643147,38.8831042,25.0000000),(31.0566792,40.6859751,25.0000000),(30.7643147,38.8831042,25.0000000),(30.8460709,38.8677584,25.0000000),(31.0566792,40.6859751,25.0000000),(30.8460709,38.8677584,25.0000000),(30.9238584,38.8828397,25.0000000),(31.0566792,40.6859751,25.0000000),(30.9238584,38.8828397,25.0000000),(30.9963542,38.9280834,25.0000000),(31.0566792,40.6859751,25.0000000),(30.9963542,38.9280834,25.0000000),(31.0415980,38.9929063,25.0000000),(31.0566792,40.6859751,25.0000000),(31.0415980,38.9929063,25.0000000),(31.0566792,39.0794251,25.0000000),(38.2385292,40.3981084,25.0000000),(38.2385292,42.7063334,25.0000000),(38.2231834,42.7878251,25.0000000),(38.2385292,40.3981084,25.0000000),(38.2231834,42.7878251,25.0000000),(38.1771459,42.8566167,25.0000000),(38.2385292,40.3981084,25.0000000),(38.1771459,42.8566167,25.0000000),(38.1096772,42.9042417,25.0000000),(38.2435067,40.2856440,25.0000000),(38.2385292,40.3981084,25.0000000),(38.1096772,42.9042417,25.0000000),(38.2435067,40.2856440,25.0000000),(38.1096772,42.9042417,25.0000000),(38.0300376,42.9201167,25.0000000),(38.2435067,40.2856440,25.0000000),(38.0300376,42.9201167,25.0000000),(37.9466938,42.9037126,25.0000000),(38.2435067,40.2856440,25.0000000),(37.9466938,42.9037126,25.0000000),(37.8723459,42.8545001,25.0000000),(38.2435067,40.2856440,25.0000000),(37.8723459,42.8545001,25.0000000),(37.8271022,42.7899417,25.0000000),(38.2435067,40.2856440,25.0000000),(37.8271022,42.7899417,25.0000000),(37.8120209,42.7063334,25.0000000),(38.2435067,40.2856440,25.0000000),(37.8120209,42.7063334,25.0000000),(37.8120209,40.3981084,25.0000000),(38.2435067,40.2856440,25.0000000),(37.8120209,40.3981084,25.0000000),(37.8189662,40.2430130,25.0000000),(38.2435067,40.2856440,25.0000000),(37.8189662,40.2430130,25.0000000),(37.8398022,40.0936391,25.0000000),(38.2435067,40.2856440,25.0000000),(37.8398022,40.0936391,25.0000000),(37.8745287,39.9499869,25.0000000),(38.2435067,40.2856440,25.0000000),(37.8745287,39.9499869,25.0000000),(37.9231459,39.8120563,25.0000000),(38.2435067,40.2856440,25.0000000),(37.9231459,39.8120563,25.0000000),(37.9856537,39.6798473,25.0000000),(38.2435067,40.2856440,25.0000000),(37.9856537,39.6798473,25.0000000),(38.0620522,39.5533600,25.0000000),(38.2435067,40.2856440,25.0000000),(38.0620522,39.5533600,25.0000000),(38.1523412,39.4325942,25.0000000),(38.2435067,40.2856440,25.0000000),(38.1523412,39.4325942,25.0000000),(38.2565209,39.3175501,25.0000000),(38.2435067,40.2856440,25.0000000),(38.2565209,39.3175501,25.0000000),(38.3691011,39.2121302,25.0000000),(38.3691011,39.2121302,25.0000000),(38.4877667,39.1207662,25.0000000),(38.6125178,39.0434583,25.0000000),(38.3691011,39.2121302,25.0000000),(38.6125178,39.0434583,25.0000000),(38.7433542,38.9802063,25.0000000),(38.3691011,39.2121302,25.0000000),(38.7433542,38.9802063,25.0000000),(38.8802761,38.9310104,25.0000000),(38.3691011,39.2121302,25.0000000),(38.8802761,38.9310104,25.0000000),(39.0232834,38.8958704,25.0000000),(38.3691011,39.2121302,25.0000000),(39.0232834,38.8958704,25.0000000),(39.1723761,38.8747864,25.0000000),(38.3691011,39.2121302,25.0000000),(39.1723761,38.8747864,25.0000000),(39.3275542,38.8677584,25.0000000),(38.3691011,39.2121302,25.0000000),(39.3275542,38.8677584,25.0000000),(39.4829473,38.8747864,25.0000000),(38.3691011,39.2121302,25.0000000),(39.4829473,38.8747864,25.0000000),(39.6326850,38.8958704,25.0000000),(38.3691011,39.2121302,25.0000000),(39.6326850,38.8958704,25.0000000),(39.7767671,38.9310104,25.0000000),(38.3691011,39.2121302,25.0000000),(39.7767671,38.9310104,25.0000000),(39.9151938,38.9802063,25.0000000),(38.3691011,39.2121302,25.0000000),(39.9151938,38.9802063,25.0000000),(40.0479651,39.0434583,25.0000000),(38.3691011,39.2121302,25.0000000),(40.0479651,39.0434583,25.0000000),(40.1750808,39.1207662,25.0000000),(38.3691011,39.2121302,25.0000000),(40.1750808,39.1207662,25.0000000),(40.2965411,39.2121302,25.0000000),(38.3691011,39.2121302,25.0000000),(40.2965411,39.2121302,25.0000000),(40.4123459,39.3175501,25.0000000),(40.4123459,39.3175501,25.0000000),(40.5170217,39.4312548,25.0000000),(40.6077407,39.5511772,25.0000000),(40.4123459,39.3175501,25.0000000),(40.6077407,39.5511772,25.0000000),(40.6845029,39.6773173,25.0000000),(40.4123459,39.3175501,25.0000000),(40.6845029,39.6773173,25.0000000),(40.7473084,39.8096751,25.0000000),(40.4123459,39.3175501,25.0000000),(40.7473084,39.8096751,25.0000000),(40.7961571,39.9482506,25.0000000),(40.4123459,39.3175501,25.0000000),(40.7961571,39.9482506,25.0000000),(40.8310490,40.0930438,25.0000000),(40.4123459,39.3175501,25.0000000),(40.8310490,40.0930438,25.0000000),(40.8519842,40.2440548,25.0000000),(40.4123459,39.3175501,25.0000000),(40.8519842,40.2440548,25.0000000),(40.8589626,40.4012834,25.0000000),(40.4123459,39.3175501,25.0000000),(40.8589626,40.4012834,25.0000000),(40.8589626,42.7063334,25.0000000),(40.4123459,39.3175501,25.0000000),(40.8589626,42.7063334,25.0000000),(40.8436167,42.7878251,25.0000000),(40.4123459,39.3175501,25.0000000),(40.8436167,42.7878251,25.0000000),(40.7975792,42.8566167,25.0000000),(40.4123459,39.3175501,25.0000000),(40.7975792,42.8566167,25.0000000),(40.7293167,42.9042417,25.0000000),(40.4123459,39.3175501,25.0000000),(40.7293167,42.9042417,25.0000000),(40.6472959,42.9201167,25.0000000),(40.4123459,39.3175501,25.0000000),(40.6472959,42.9201167,25.0000000),(40.5652751,42.9042417,25.0000000),(40.4123459,39.3175501,25.0000000),(40.5652751,42.9042417,25.0000000),(40.4970126,42.8566167,25.0000000),(40.4970126,42.8566167,25.0000000),(40.4509751,42.7878251,25.0000000),(40.4356292,42.7063334,25.0000000),(40.4970126,42.8566167,25.0000000),(40.4356292,42.7063334,25.0000000),(40.4356292,40.4012834,25.0000000),(40.4123459,39.3175501,25.0000000),(40.4970126,42.8566167,25.0000000),(40.4356292,40.4012834,25.0000000),(40.4123459,39.3175501,25.0000000),(40.4356292,40.4012834,25.0000000),(40.4305195,40.2892654,25.0000000),(40.4123459,39.3175501,25.0000000),(40.4305195,40.2892654,25.0000000),(40.4151902,40.1812824,25.0000000),(40.4123459,39.3175501,25.0000000),(40.4151902,40.1812824,25.0000000),(40.3896414,40.0773342,25.0000000),(40.4123459,39.3175501,25.0000000),(40.3896414,40.0773342,25.0000000),(40.3538730,39.9774209,25.0000000),(40.4123459,39.3175501,25.0000000),(40.3538730,39.9774209,25.0000000),(40.3078851,39.8815425,25.0000000),(40.4123459,39.3175501,25.0000000),(40.3078851,39.8815425,25.0000000),(40.2516777,39.7896990,25.0000000),(40.4123459,39.3175501,25.0000000),(40.2516777,39.7896990,25.0000000),(40.1852507,39.7018904,25.0000000),(40.4123459,39.3175501,25.0000000),(40.1852507,39.7018904,25.0000000),(40.1086042,39.6181167,25.0000000),(40.4123459,39.3175501,25.0000000),(40.1086042,39.6181167,25.0000000),(40.0267322,39.5417183,25.0000000),(40.4123459,39.3175501,25.0000000),(40.0267322,39.5417183,25.0000000),(39.9403954,39.4755063,25.0000000),(40.4123459,39.3175501,25.0000000),(39.9403954,39.4755063,25.0000000),(39.8495937,39.4194808,25.0000000),(40.4123459,39.3175501,25.0000000),(39.8495937,39.4194808,25.0000000),(39.7543272,39.3736417,25.0000000),(40.4123459,39.3175501,25.0000000),(39.7543272,39.3736417,25.0000000),(39.6545958,39.3379891,25.0000000),(40.4123459,39.3175501,25.0000000),(39.6545958,39.3379891,25.0000000),(39.5503996,39.3125230,25.0000000),(40.4123459,39.3175501,25.0000000),(39.5503996,39.3125230,25.0000000),(39.4417385,39.2972433,25.0000000),(38.3691011,39.2121302,25.0000000),(40.4123459,39.3175501,25.0000000),(39.4417385,39.2972433,25.0000000),(38.3691011,39.2121302,25.0000000),(39.4417385,39.2972433,25.0000000),(39.3286126,39.2921501,25.0000000),(38.3691011,39.2121302,25.0000000),(39.3286126,39.2921501,25.0000000),(39.2174710,39.2972102,25.0000000),(38.3691011,39.2121302,25.0000000),(39.2174710,39.2972102,25.0000000),(39.1105298,39.3123907,25.0000000),(38.3691011,39.2121302,25.0000000),(39.1105298,39.3123907,25.0000000),(39.0077888,39.3376915,25.0000000),(38.3691011,39.2121302,25.0000000),(39.0077888,39.3376915,25.0000000),(38.9092480,39.3731126,25.0000000),(38.3691011,39.2121302,25.0000000),(38.9092480,39.3731126,25.0000000),(38.8149075,39.4186540,25.0000000),(38.3691011,39.2121302,25.0000000),(38.8149075,39.4186540,25.0000000),(38.7247673,39.4743157,25.0000000),(38.3691011,39.2121302,25.0000000),(38.7247673,39.4743157,25.0000000),(38.6388273,39.5400977,25.0000000),(38.3691011,39.2121302,25.0000000),(38.6388273,39.5400977,25.0000000),(38.5570876,39.6160001,25.0000000),(38.3691011,39.2121302,25.0000000),(38.5570876,39.6160001,25.0000000),(38.4824255,39.6990627,25.0000000),(38.3691011,39.2121302,25.0000000),(38.4824255,39.6990627,25.0000000),(38.4177183,39.7863256,25.0000000),(38.3691011,39.2121302,25.0000000),(38.4177183,39.7863256,25.0000000),(38.3629661,39.8777888,25.0000000),(38.3691011,39.2121302,25.0000000),(38.3629661,39.8777888,25.0000000),(38.3181688,39.9734522,25.0000000),(38.3691011,39.2121302,25.0000000),(38.3181688,39.9734522,25.0000000),(38.2833265,40.0733158,25.0000000),(38.3691011,39.2121302,25.0000000),(38.2833265,40.0733158,25.0000000),(38.2584391,40.1773798,25.0000000),(38.2435067,40.2856440,25.0000000),(38.3691011,39.2121302,25.0000000),(38.2584391,40.1773798,25.0000000),(30.0361813,42.5467897,25.0000000),(30.0893626,42.7063334,25.0000000),(30.0742813,42.7862376,25.0000000),(30.0361813,42.5467897,25.0000000),(30.0742813,42.7862376,25.0000000),(30.0290376,42.8545001,25.0000000),(30.0361813,42.5467897,25.0000000),(30.0290376,42.8545001,25.0000000),(29.9607751,42.9037126,25.0000000),(30.0361813,42.5467897,25.0000000),(29.9607751,42.9037126,25.0000000),(29.8766376,42.9201167,25.0000000),(30.0361813,42.5467897,25.0000000),(29.8766376,42.9201167,25.0000000),(27.2562042,42.9201167,25.0000000),(30.0361813,42.5467897,25.0000000),(27.2562042,42.9201167,25.0000000),(27.1630709,42.8997438,25.0000000),(30.0361813,42.5467897,25.0000000),(27.1630709,42.8997438,25.0000000),(27.0889876,42.8386251,25.0000000),(30.0361813,42.5467897,25.0000000),(27.0889876,42.8386251,25.0000000),(27.0424209,42.7063334,25.0000000),(30.0361813,42.5467897,25.0000000),(27.0424209,42.7063334,25.0000000),(27.0424209,42.6904584,25.0000000),(30.0361813,42.5467897,25.0000000),(27.0424209,42.6904584,25.0000000),(27.1027459,42.5613417,25.0000000),(30.0361813,42.5467897,25.0000000),(27.1027459,42.5613417,25.0000000),(27.1739188,42.5105417,25.0000000),(30.0361813,42.5467897,25.0000000),(27.1739188,42.5105417,25.0000000),(27.2562042,42.4936084,25.0000000),(30.0361813,42.5467897,25.0000000),(27.2562042,42.4936084,25.0000000),(28.3558126,42.4936084,25.0000000),(28.3558126,42.4936084,25.0000000),(28.3558126,39.0794251,25.0000000),(28.3711584,38.9974042,25.0000000),(28.3558126,42.4936084,25.0000000),(28.3711584,38.9974042,25.0000000),(28.4171959,38.9291417,25.0000000),(28.3558126,42.4936084,25.0000000),(28.4171959,38.9291417,25.0000000),(28.4854584,38.8831042,25.0000000),(28.3558126,42.4936084,25.0000000),(28.4854584,38.8831042,25.0000000),(28.5674792,38.8677584,25.0000000),(28.3558126,42.4936084,25.0000000),(28.5674792,38.8677584,25.0000000),(28.6495001,38.8831042,25.0000000),(28.3558126,42.4936084,25.0000000),(28.6495001,38.8831042,25.0000000),(28.7177626,38.9291417,25.0000000),(28.3558126,42.4936084,25.0000000),(28.7177626,38.9291417,25.0000000),(28.7638001,38.9974042,25.0000000),(28.3558126,42.4936084,25.0000000),(28.7638001,38.9974042,25.0000000),(28.7791459,39.0794251,25.0000000),(28.3558126,42.4936084,25.0000000),(28.7791459,39.0794251,25.0000000),(28.7791459,42.4936084,25.0000000),(30.0361813,42.5467897,25.0000000),(28.3558126,42.4936084,25.0000000),(28.7791459,42.4936084,25.0000000),(30.0361813,42.5467897,25.0000000),(28.7791459,42.4936084,25.0000000),(29.8766376,42.4936084,25.0000000),(30.0361813,42.5467897,25.0000000),(29.8766376,42.4936084,25.0000000),(29.9697048,42.5069037,25.0000000)));
#850=COMPLEX_TRIANGULATED_SURFACE_SET('surface set',#849,3411,(),(),(),((1,2,3),(4,5,6),(7,8,9),(10,11,12),(13,14,15),(16,17,18),(19,20,21),(22,23,24),(25,26,27),(28,29,30),(31,32,33),(34,35,36),(37,38,39),(40,41,42),(43,44,45),(46,47,48),(49,50,51),(52,53,54),(55,56,57),(58,59,60),(61,62,63),(64,65,66),(67,68,69),(70,71,72),(73,74,75),(76,77,78),(79,80,81),(82,83,84),(85,86,87),(88,89,90),(91,92,93),(94,95,96),(97,98,99),(100,101,102),(103,104,105),(106,107,108),(109,110,111),(112,113,114),(115,116,117),(118,119,120),(121,122,123),(124,125,126),(127,128,129),(130,131,132),(133,134,135),(136,137,138),(139,140,141),(142,143,144),(145,146,147),(148,149,150),(151,152,153),(154,155,156),(157,158,159),(160,161,162),(163,164,165),(166,167,168),(169,170,171),(172,173,174),(175,176,177),(178,179,180),(181,182,183),(184,185,186),(187,188,189),(190,191,192),(193,194,195),(196,197,198),(199,200,201),(202,203,204),(205,206,207),(208,209,210),(211,212,213),(214,215,216),(217,218,219),(220,221,222),(223,224,225),(226,227,228),(229,230,231),(232,233,234),(235,236,237),(238,239,240),(241,242,243),(244,245,246),(247,248,249),(250,251,252),(253,254,255),(256,257,258),(259,260,261),(262,263,264),(265,266,267),(268,269,270),(271,272,273),(274,275,276),(277,278,279),(280,281,282),(283,284,285),(286,287,288),(289,290,291),(292,293,294),(295,296,297),(298,299,300),(301,302,303),(304,305,306),(307,308,309),(310,311,312),(313,314,315),(316,317,318),(319,320,321),(322,323,324),(325,326,327),(328,329,330),(331,332,333),(334,335,336),(337,338,339),(340,341,342),(343,344,345),(346,347,348),(349,350,351),(352,353,354),(355,356,357),(358,359,360),(361,362,363),(364,365,366),(367,368,369),(370,371,372),(373,374,375),(376,377,378),(379,380,381),(382,383,384),(385,386,387),(388,389,390),(391,392,393),(394,395,396),(397,398,399),(400,401,402),(403,404,405),(406,407,408),(409,410,411),(412,413,414),(415,416,417),(418,419,420),(421,422,423),(424,425,426),(427,428,429),(430,431,432),(433,434,435),(436,437,438),(439,440,441),(442,443,444),(445,446,447),(448,449,450),(451,452,453),(454,455,456),(457,458,459),(460,461,462),(463,464,465),(466,467,468),(469,470,471),(472,473,474),(475,476,477),(478,479,480),(481,482,483),(484,485,486),(487,488,489),(490,491,492),(493,494,495),(496,497,498),(499,500,501),(502,503,504),(505,506,507),(508,509,510),(511,512,513),(514,515,516),(517,518,519),(520,521,522),(523,524,525),(526,527,528),(529,530,531),(532,533,534),(535,536,537),(538,539,540),(541,542,543),(544,545,546),(547,548,549),(550,551,552),(553,554,555),(556,557,558),(559,560,561),(562,563,564),(565,566,567),(568,569,570),(571,572,573),(574,575,576),(577,578,579),(580,581,582),(583,584,585),(586,587,588),(589,590,591),(592,593,594),(595,596,597),(598,599,600),(601,602,603),(604,605,606),(607,608,609),(610,611,612),(613,614,615),(616,617,618),(619,620,621),(622,623,624),(625,626,627),(628,629,630),(631,632,633),(634,635,636),(637,638,639),(640,641,642),(643,644,645),(646,647,648),(649,650,651),(652,653,654),(655,656,657),(658,659,660),(661,662,663),(664,665,666),(667,668,669),(670,671,672),(673,674,675),(676,677,678),(679,680,681),(682,683,684),(685,686,687),(688,689,690),(691,692,693),(694,695,696),(697,698,699),(700,701,702),(703,704,705),(706,707,708),(709,710,711),(712,713,714),(715,716,717),(718,719,720),(721,722,723),(724,725,726),(727,728,729),(730,731,732),(733,734,735),(736,737,738),(739,740,741),(742,743,744),(745,746,747),(748,749,750),(751,752,753),(754,755,756),(757,758,759),(760,761,762),(763,764,765),(766,767,768),(769,770,771),(772,773,774),(775,776,777),(778,779,780),(781,782,783),(784,785,786),(787,788,789),(790,791,792),(793,794,795),(796,797,798),(799,800,801),(802,803,804),(805,806,807),(808,809,810),(811,812,813),(814,815,816),(817,818,819),(820,821,822),(823,824,825),(826,827,828),(829,830,831),(832,833,834),(835,836,837),(838,839,840),(841,842,843),(844,845,846),(847,848,849),(850,851,852),(853,854,855),(856,857,858),(859,860,861),(862,863,864),(865,866,867),(868,869,870),(871,872,873),(874,875,876),(877,878,879),(880,881,882),(883,884,885),(886,887,888),(889,890,891),(892,893,894),(895,896,897),(898,899,900),(901,902,903),(904,905,906),(907,908,909),(910,911,912),(913,914,915),(916,917,918),(919,920,921),(922,923,924),(925,926,927),(928,929,930),(931,932,933),(934,935,936),(937,938,939),(940,941,942),(943,944,945),(946,947,948),(949,950,951),(952,953,954),(955,956,957),(958,959,960),(961,962,963),(964,965,966),(967,968,969),(970,971,972),(973,974,975),(976,977,978),(979,980,981),(982,983,984),(985,986,987),(988,989,990),(991,992,993),(994,995,996),(997,998,999),(1000,1001,1002),(1003,1004,1005),(1006,1007,1008),(1009,1010,1011),(1012,1013,1014),(1015,1016,1017),(1018,1019,1020),(1021,1022,1023),(1024,1025,1026),(1027,1028,1029),(1030,1031,1032),(1033,1034,1035),(1036,1037,1038),(1039,1040,1041),(1042,1043,1044),(1045,1046,1047),(1048,1049,1050),(1051,1052,1053),(1054,1055,1056),(1057,1058,1059),(1060,1061,1062),(1063,1064,1065),(1066,1067,1068),(1069,1070,1071),(1072,1073,1074),(1075,1076,1077),(1078,1079,1080),(1081,1082,1083),(1084,1085,1086),(1087,1088,1089),(1090,1091,1092),(1093,1094,1095),(1096,1097,1098),(1099,1100,1101),(1102,1103,1104),(1105,1106,1107),(1108,1109,1110),(1111,1112,1113),(1114,1115,1116),(1117,1118,1119),(1120,1121,1122),(1123,1124,1125),(1126,1127,1128),(1129,1130,1131),(1132,1133,1134),(1135,1136,1137),(1138,1139,1140),(1141,1142,1143),(1144,1145,1146),(1147,1148,1149),(1150,1151,1152),(1153,1154,1155),(1156,1157,1158),(1159,1160,1161),(1162,1163,1164),(1165,1166,1167),(1168,1169,1170),(1171,1172,1173),(1174,1175,1176),(1177,1178,1179),(1180,1181,1182),(1183,1184,1185),(1186,1187,1188),(1189,1190,1191),(1192,1193,1194),(1195,1196,1197),(1198,1199,1200),(1201,1202,1203),(1204,1205,1206),(1207,1208,1209),(1210,1211,1212),(1213,1214,1215),(1216,1217,1218),(1219,1220,1221),(1222,1223,1224),(1225,1226,1227),(1228,1229,1230),(1231,1232,1233),(1234,1235,1236),(1237,1238,1239),(1240,1241,1242),(1243,1244,1245),(1246,1247,1248),(1249,1250,1251),(1252,1253,1254),(1255,1256,1257),(1258,1259,1260),(1261,1262,1263),(1264,1265,1266),(1267,1268,1269),(1270,1271,1272),(1273,1274,1275),(1276,1277,1278),(1279,1280,1281),(1282,1283,1284),(1285,1286,1287),(1288,1289,1290),(1291,1292,1293),(1294,1295,1296),(1297,1298,1299),(1300,1301,1302),(1303,1304,1305),(1306,1307,1308),(1309,1310,1311),(1312,1313,1314),(1315,1316,1317),(1318,1319,1320),(1321,1322,1323),(1324,1325,1326),(1327,1328,1329),(1330,1331,1332),(1333,1334,1335),(1336,1337,1338),(1339,1340,1341),(1342,1343,1344),(1345,1346,1347),(1348,1349,1350),(1351,1352,1353),(1354,1355,1356),(1357,1358,1359),(1360,1361,1362),(1363,1364,1365),(1366,1367,1368),(1369,1370,1371),(1372,1373,1374),(1375,1376,1377),(1378,1379,1380),(1381,1382,1383),(1384,1385,1386),(1387,1388,1389),(1390,1391,1392),(1393,1394,1395),(1396,1397,1398),(1399,1400,1401),(1402,1403,1404),(1405,1406,1407),(1408,1409,1410),(1411,1412,1413),(1414,1415,1416),(1417,1418,1419),(1420,1421,1422),(1423,1424,1425),(1426,1427,1428),(1429,1430,1431),(1432,1433,1434),(1435,1436,1437),(1438,1439,1440),(1441,1442,1443),(1444,1445,1446),(1447,1448,1449),(1450,1451,1452),(1453,1454,1455),(1456,1457,1458),(1459,1460,1461),(1462,1463,1464),(1465,1466,1467),(1468,1469,1470),(1471,1472,1473),(1474,1475,1476),(1477,1478,1479),(1480,1481,1482),(1483,1484,1485),(1486,1487,1488),(1489,1490,1491),(1492,1493,1494),(1495,1496,1497),(1498,1499,1500),(1501,1502,1503),(1504,1505,1506),(1507,1508,1509),(1510,1511,1512),(1513,1514,1515),(1516,1517,1518),(1519,1520,1521),(1522,1523,1524),(1525,1526,1527),(1528,1529,1530),(1531,1532,1533),(1534,1535,1536),(1537,1538,1539),(1540,1541,1542),(1543,1544,1545),(1546,1547,1548),(1549,1550,1551),(1552,1553,1554),(1555,1556,1557),(1558,1559,1560),(1561,1562,1563),(1564,1565,1566),(1567,1568,1569),(1570,1571,1572),(1573,1574,1575),(1576,1577,1578),(1579,1580,1581),(1582,1583,1584),(1585,1586,1587),(1588,1589,1590),(1591,1592,1593),(1594,1595,1596),(1597,1598,1599),(1600,1601,1602),(1603,1604,1605),(1606,1607,1608),(1609,1610,1611),(1612,1613,1614),(1615,1616,1617),(1618,1619,1620),(1621,1622,1623),(1624,1625,1626),(1627,1628,1629),(1630,1631,1632),(1633,1634,1635),(1636,1637,1638),(1639,1640,1641),(1642,1643,1644),(1645,1646,1647),(1648,1649,1650),(1651,1652,1653),(1654,1655,1656),(1657,1658,1659),(1660,1661,1662),(1663,1664,1665),(1666,1667,1668),(1669,1670,1671),(1672,1673,1674),(1675,1676,1677),(1678,1679,1680),(1681,1682,1683),(1684,1685,1686),(1687,1688,1689),(1690,1691,1692),(1693,1694,1695),(1696,1697,1698),(1699,1700,1701),(1702,1703,1704),(1705,1706,1707),(1708,1709,1710),(1711,1712,1713),(1714,1715,1716),(1717,1718,1719),(1720,1721,1722),(1723,1724,1725),(1726,1727,1728),(1729,1730,1731),(1732,1733,1734),(1735,1736,1737),(1738,1739,1740),(1741,1742,1743),(1744,1745,1746),(1747,1748,1749),(1750,1751,1752),(1753,1754,1755),(1756,1757,1758),(1759,1760,1761),(1762,1763,1764),(1765,1766,1767),(1768,1769,1770),(1771,1772,1773),(1774,1775,1776),(1777,1778,1779),(1780,1781,1782),(1783,1784,1785),(1786,1787,1788),(1789,1790,1791),(1792,1793,1794),(1795,1796,1797),(1798,1799,1800),(1801,1802,1803),(1804,1805,1806),(1807,1808,1809),(1810,1811,1812),(1813,1814,1815),(1816,1817,1818),(1819,1820,1821),(1822,1823,1824),(1825,1826,1827),(1828,1829,1830),(1831,1832,1833),(1834,1835,1836),(1837,1838,1839),(1840,1841,1842),(1843,1844,1845),(1846,1847,1848),(1849,1850,1851),(1852,1853,1854),(1855,1856,1857),(1858,1859,1860),(1861,1862,1863),(1864,1865,1866),(1867,1868,1869),(1870,1871,1872),(1873,1874,1875),(1876,1877,1878),(1879,1880,1881),(1882,1883,1884),(1885,1886,1887),(1888,1889,1890),(1891,1892,1893),(1894,1895,1896),(1897,1898,1899),(1900,1901,1902),(1903,1904,1905),(1906,1907,1908),(1909,1910,1911),(1912,1913,1914),(1915,1916,1917),(1918,1919,1920),(1921,1922,1923),(1924,1925,1926),(1927,1928,1929),(1930,1931,1932),(1933,1934,1935),(1936,1937,1938),(1939,1940,1941),(1942,1943,1944),(1945,1946,1947),(1948,1949,1950),(1951,1952,1953),(1954,1955,1956),(1957,1958,1959),(1960,1961,1962),(1963,1964,1965),(1966,1967,1968),(1969,1970,1971),(1972,1973,1974),(1975,1976,1977),(1978,1979,1980),(1981,1982,1983),(1984,1985,1986),(1987,1988,1989),(1990,1991,1992),(1993,1994,1995),(1996,1997,1998),(1999,2000,2001),(2002,2003,2004),(2005,2006,2007),(2008,2009,2010),(2011,2012,2013),(2014,2015,2016),(2017,2018,2019),(2020,2021,2022),(2023,2024,2025),(2026,2027,2028),(2029,2030,2031),(2032,2033,2034),(2035,2036,2037),(2038,2039,2040),(2041,2042,2043),(2044,2045,2046),(2047,2048,2049),(2050,2051,2052),(2053,2054,2055),(2056,2057,2058),(2059,2060,2061),(2062,2063,2064),(2065,2066,2067),(2068,2069,2070),(2071,2072,2073),(2074,2075,2076),(2077,2078,2079),(2080,2081,2082),(2083,2084,2085),(2086,2087,2088),(2089,2090,2091),(2092,2093,2094),(2095,2096,2097),(2098,2099,2100),(2101,2102,2103),(2104,2105,2106),(2107,2108,2109),(2110,2111,2112),(2113,2114,2115),(2116,2117,2118),(2119,2120,2121),(2122,2123,2124),(2125,2126,2127),(2128,2129,2130),(2131,2132,2133),(2134,2135,2136),(2137,2138,2139),(2140,2141,2142),(2143,2144,2145),(2146,2147,2148),(2149,2150,2151),(2152,2153,2154),(2155,2156,2157),(2158,2159,2160),(2161,2162,2163),(2164,2165,2166),(2167,2168,2169),(2170,2171,2172),(2173,2174,2175),(2176,2177,2178),(2179,2180,2181),(2182,2183,2184),(2185,2186,2187),(2188,2189,2190),(2191,2192,2193),(2194,2195,2196),(2197,2198,2199),(2200,2201,2202),(2203,2204,2205),(2206,2207,2208),(2209,2210,2211),(2212,2213,2214),(2215,2216,2217),(2218,2219,2220),(2221,2222,2223),(2224,2225,2226),(2227,2228,2229),(2230,2231,2232),(2233,2234,2235),(2236,2237,2238),(2239,2240,2241),(2242,2243,2244),(2245,2246,2247),(2248,2249,2250),(2251,2252,2253),(2254,2255,2256),(2257,2258,2259),(2260,2261,2262),(2263,2264,2265),(2266,2267,2268),(2269,2270,2271),(2272,2273,2274),(2275,2276,2277),(2278,2279,2280),(2281,2282,2283),(2284,2285,2286),(2287,2288,2289),(2290,2291,2292),(2293,2294,2295),(2296,2297,2298),(2299,2300,2301),(2302,2303,2304),(2305,2306,2307),(2308,2309,2310),(2311,2312,2313),(2314,2315,2316),(2317,2318,2319),(2320,2321,2322),(2323,2324,2325),(2326,2327,2328),(2329,2330,2331),(2332,2333,2334),(2335,2336,2337),(2338,2339,2340),(2341,2342,2343),(2344,2345,2346),(2347,2348,2349),(2350,2351,2352),(2353,2354,2355),(2356,2357,2358),(2359,2360,2361),(2362,2363,2364),(2365,2366,2367),(2368,2369,2370),(2371,2372,2373),(2374,2375,2376),(2377,2378,2379),(2380,2381,2382),(2383,2384,2385),(2386,2387,2388),(2389,2390,2391),(2392,2393,2394),(2395,2396,2397),(2398,2399,2400),(2401,2402,2403),(2404,2405,2406),(2407,2408,2409),(2410,2411,2412),(2413,2414,2415),(2416,2417,2418),(2419,2420,2421),(2422,2423,2424),(2425,2426,2427),(2428,2429,2430),(2431,2432,2433),(2434,2435,2436),(2437,2438,2439),(2440,2441,2442),(2443,2444,2445),(2446,2447,2448),(2449,2450,2451),(2452,2453,2454),(2455,2456,2457),(2458,2459,2460),(2461,2462,2463),(2464,2465,2466),(2467,2468,2469),(2470,2471,2472),(2473,2474,2475),(2476,2477,2478),(2479,2480,2481),(2482,2483,2484),(2485,2486,2487),(2488,2489,2490),(2491,2492,2493),(2494,2495,2496),(2497,2498,2499),(2500,2501,2502),(2503,2504,2505),(2506,2507,2508),(2509,2510,2511),(2512,2513,2514),(2515,2516,2517),(2518,2519,2520),(2521,2522,2523),(2524,2525,2526),(2527,2528,2529),(2530,2531,2532),(2533,2534,2535),(2536,2537,2538),(2539,2540,2541),(2542,2543,2544),(2545,2546,2547),(2548,2549,2550),(2551,2552,2553),(2554,2555,2556),(2557,2558,2559),(2560,2561,2562),(2563,2564,2565),(2566,2567,2568),(2569,2570,2571),(2572,2573,2574),(2575,2576,2577),(2578,2579,2580),(2581,2582,2583),(2584,2585,2586),(2587,2588,2589),(2590,2591,2592),(2593,2594,2595),(2596,2597,2598),(2599,2600,2601),(2602,2603,2604),(2605,2606,2607),(2608,2609,2610),(2611,2612,2613),(2614,2615,2616),(2617,2618,2619),(2620,2621,2622),(2623,2624,2625),(2626,2627,2628),(2629,2630,2631),(2632,2633,2634),(2635,2636,2637),(2638,2639,2640),(2641,2642,2643),(2644,2645,2646),(2647,2648,2649),(2650,2651,2652),(2653,2654,2655),(2656,2657,2658),(2659,2660,2661),(2662,2663,2664),(2665,2666,2667),(2668,2669,2670),(2671,2672,2673),(2674,2675,2676),(2677,2678,2679),(2680,2681,2682),(2683,2684,2685),(2686,2687,2688),(2689,2690,2691),(2692,2693,2694),(2695,2696,2697),(2698,2699,2700),(2701,2702,2703),(2704,2705,2706),(2707,2708,2709),(2710,2711,2712),(2713,2714,2715),(2716,2717,2718),(2719,2720,2721),(2722,2723,2724),(2725,2726,2727),(2728,2729,2730),(2731,2732,2733),(2734,2735,2736),(2737,2738,2739),(2740,2741,2742),(2743,2744,2745),(2746,2747,2748),(2749,2750,2751),(2752,2753,2754),(2755,2756,2757),(2758,2759,2760),(2761,2762,2763),(2764,2765,2766),(2767,2768,2769),(2770,2771,2772),(2773,2774,2775),(2776,2777,2778),(2779,2780,2781),(2782,2783,2784),(2785,2786,2787),(2788,2789,2790),(2791,2792,2793),(2794,2795,2796),(2797,2798,2799),(2800,2801,2802),(2803,2804,2805),(2806,2807,2808),(2809,2810,2811),(2812,2813,2814),(2815,2816,2817),(2818,2819,2820),(2821,2822,2823),(2824,2825,2826),(2827,2828,2829),(2830,2831,2832),(2833,2834,2835),(2836,2837,2838),(2839,2840,2841),(2842,2843,2844),(2845,2846,2847),(2848,2849,2850),(2851,2852,2853),(2854,2855,2856),(2857,2858,2859),(2860,2861,2862),(2863,2864,2865),(2866,2867,2868),(2869,2870,2871),(2872,2873,2874),(2875,2876,2877),(2878,2879,2880),(2881,2882,2883),(2884,2885,2886),(2887,2888,2889),(2890,2891,2892),(2893,2894,2895),(2896,2897,2898),(2899,2900,2901),(2902,2903,2904),(2905,2906,2907),(2908,2909,2910),(2911,2912,2913),(2914,2915,2916),(2917,2918,2919),(2920,2921,2922),(2923,2924,2925),(2926,2927,2928),(2929,2930,2931),(2932,2933,2934),(2935,2936,2937),(2938,2939,2940),(2941,2942,2943),(2944,2945,2946),(2947,2948,2949),(2950,2951,2952),(2953,2954,2955),(2956,2957,2958),(2959,2960,2961),(2962,2963,2964),(2965,2966,2967),(2968,2969,2970),(2971,2972,2973),(2974,2975,2976),(2977,2978,2979),(2980,2981,2982),(2983,2984,2985),(2986,2987,2988),(2989,2990,2991),(2992,2993,2994),(2995,2996,2997),(2998,2999,3000),(3001,3002,3003),(3004,3005,3006),(3007,3008,3009),(3010,3011,3012),(3013,3014,3015),(3016,3017,3018),(3019,3020,3021),(3022,3023,3024),(3025,3026,3027),(3028,3029,3030),(3031,3032,3033),(3034,3035,3036),(3037,3038,3039),(3040,3041,3042),(3043,3044,3045),(3046,3047,3048),(3049,3050,3051),(3052,3053,3054),(3055,3056,3057),(3058,3059,3060),(3061,3062,3063),(3064,3065,3066),(3067,3068,3069),(3070,3071,3072),(3073,3074,3075),(3076,3077,3078),(3079,3080,3081),(3082,3083,3084),(3085,3086,3087),(3088,3089,3090),(3091,3092,3093),(3094,3095,3096),(3097,3098,3099),(3100,3101,3102),(3103,3104,3105),(3106,3107,3108),(3109,3110,3111),(3112,3113,3114),(3115,3116,3117),(3118,3119,3120),(3121,3122,3123),(3124,3125,3126),(3127,3128,3129),(3130,3131,3132),(3133,3134,3135),(3136,3137,3138),(3139,3140,3141),(3142,3143,3144),(3145,3146,3147),(3148,3149,3150),(3151,3152,3153),(3154,3155,3156),(3157,3158,3159),(3160,3161,3162),(3163,3164,3165),(3166,3167,3168),(3169,3170,3171),(3172,3173,3174),(3175,3176,3177),(3178,3179,3180),(3181,3182,3183),(3184,3185,3186),(3187,3188,3189),(3190,3191,3192),(3193,3194,3195),(3196,3197,3198),(3199,3200,3201),(3202,3203,3204),(3205,3206,3207),(3208,3209,3210),(3211,3212,3213),(3214,3215,3216),(3217,3218,3219),(3220,3221,3222),(3223,3224,3225),(3226,3227,3228),(3229,3230,3231),(3232,3233,3234),(3235,3236,3237),(3238,3239,3240),(3241,3242,3243),(3244,3245,3246),(3247,3248,3249),(3250,3251,3252),(3253,3254,3255),(3256,3257,3258),(3259,3260,3261),(3262,3263,3264),(3265,3266,3267),(3268,3269,3270),(3271,3272,3273),(3274,3275,3276),(3277,3278,3279),(3280,3281,3282),(3283,3284,3285),(3286,3287,3288),(3289,3290,3291),(3292,3293,3294),(3295,3296,3297),(3298,3299,3300),(3301,3302,3303),(3304,3305,3306),(3307,3308,3309),(3310,3311,3312),(3313,3314,3315),(3316,3317,3318),(3319,3320,3321),(3322,3323,3324),(3325,3326,3327),(3328,3329,3330),(3331,3332,3333),(3334,3335,3336),(3337,3338,3339),(3340,3341,3342),(3343,3344,3345),(3346,3347,3348),(3349,3350,3351),(3352,3353,3354),(3355,3356,3357),(3358,3359,3360),(3361,3362,3363),(3364,3365,3366),(3367,3368,3369),(3370,3371,3372),(3373,3374,3375),(3376,3377,3378),(3379,3380,3381),(3382,3383,3384),(3385,3386,3387),(3388,3389,3390),(3391,3392,3393),(3394,3395,3396),(3397,3398,3399),(3400,3401,3402),(3403,3404,3405),(3406,3407,3408),(3409,3410,3411)));
#851=TESSELLATED_GEOMETRIC_SET('hole callout',(#850));
#852=COORDINATES_LIST('coordinates',5,((14.6568542,29.6568542,25.0000000),(41.9921459,29.6568542,25.0000000),(-14.3431458,5.6568542,25.0000000),(9.6568542,29.6568542,25.0000000),(14.6568542,29.6568542,25.0000000)));
#853=TESSELLATED_CURVE_SET('curve set',#852,((1,2),(3,4,5)));
#854=TESSELLATED_GEOMETRIC_SET('hole callout',(#853));
#855=TESSELLATED_ANNOTATION_OCCURRENCE('hole callout',(#848),#851);
#856=TESSELLATED_ANNOTATION_OCCURRENCE('hole callout',(#848),#854);
#857=DRAUGHTING_CALLOUT('hole callout',(#855,#856));
#858=DRAUGHTING_MODEL_ITEM_ASSOCIATION('','',#800,#765,#857);
#859=DRAUGHTING_MODEL_ITEM_ASSOCIATION('','',#808,#765,#857);
#860=DRAUGHTING_MODEL_ITEM_ASSOCIATION('','',#816,#765,#857);
#861=DRAUGHTING_MODEL_ITEM_ASSOCIATION('','',#781,#765,#857);
#862=COMPOSITE_SHAPE_ASPECT('hole_callout.FbwOzTGfdAYX0QM_1.JHD.1',$,#714,$);
#863=SHAPE_ASPECT('hole_callout.FbwOzTGfdAYX0QM_1.JHD.1',$,#714,.T.);
#864=GEOMETRIC_ITEM_SPECIFIC_USAGE('','',#863,#11,#421);
#865=SHAPE_ASPECT_RELATIONSHIP('','',#862,#863);
#866=SHAPE_ASPECT('hole_callout.FbwOzTGfdAYX0QM_1.JHD.1',$,#714,.T.);
#867=GEOMETRIC_ITEM_SPECIFIC_USAGE('','',#866,#11,#420);
#868=SHAPE_ASPECT_RELATIONSHIP('','',#862,#866);
#869=DIMENSIONAL_SIZE(#862,'depth');
#870=(
LENGTH_UNIT()
NAMED_UNIT(*)
SI_UNIT(.MILLI.,.METRE.)
);
#872=PRECISION_QUALIFIER(3);
#871=(
LENGTH_MEASURE_WITH_UNIT()
MEASURE_REPRESENTATION_ITEM()
MEASURE_WITH_UNIT(POSITIVE_LENGTH_MEASURE(15.),#870)
QUALIFIED_REPRESENTATION_ITEM((#872))
REPRESENTATION_ITEM('nominal value')
);
#873=COMPOUND_REPRESENTATION_ITEM('modifiers',SET_REPRESENTATION_ITEM((#874)));
#874=DESCRIPTIVE_REPRESENTATION_ITEM('dimensional note','depth');
#875=SHAPE_DIMENSION_REPRESENTATION('',(#871,#873),#709);
#876=DIMENSIONAL_CHARACTERISTIC_REPRESENTATION(#869,#875);
#877=DIMENSIONAL_SIZE(#862,'diameter');
#878=(
LENGTH_UNIT()
NAMED_UNIT(*)
SI_UNIT(.MILLI.,.METRE.)
);
#880=PRECISION_QUALIFIER(3);
#879=(
LENGTH_MEASURE_WITH_UNIT()
MEASURE_REPRESENTATION_ITEM()
MEASURE_WITH_UNIT(POSITIVE_LENGTH_MEASURE(8.),#878)
QUALIFIED_REPRESENTATION_ITEM((#880))
REPRESENTATION_ITEM('nominal value')
);
#881=COMPOUND_REPRESENTATION_ITEM('modifiers',SET_REPRESENTATION_ITEM((#882)));
#882=DESCRIPTIVE_REPRESENTATION_ITEM('dimensional note','diameter');
#883=SHAPE_DIMENSION_REPRESENTATION('',(#879,#881),#709);
#884=DIMENSIONAL_CHARACTERISTIC_REPRESENTATION(#877,#883);
#885=PRESENTATION_STYLE_ASSIGNMENT((NULL_STYLE(.NULL.)));
#886=CARTESIAN_POINT('',(0.,0.,0.025));
#887=DIRECTION('',(0.,0.,1.));
#888=DIRECTION('',(1.,0.,0.));
#889=AXIS2_PLACEMENT_3D('',#886,#887,#888);
#890=PLANE('',#889);
#891=ANNOTATION_PLANE('',(#885),#890,(#917));
#892=CARTESIAN_POINT('',(0.,0.,0.));
#893=DIRECTION('',(0.,0.,1.));
#894=DIRECTION('',(1.,0.,0.));
#895=AXIS2_PLACEMENT_3D('',#892,#893,#894);
#896=CARTESIAN_POINT('',(0.,0.,0.));
#897=DIRECTION('',(0.,0.,1.));
#898=DIRECTION('',(1.,0.,0.));
#899=AXIS2_PLACEMENT_3D('',#896,#897,#898);
#900=SHAPE_REPRESENTATION('',(#899,#431),#709);
#901=REPRESENTATION_MAP(#895,#900);
#902=MAPPED_ITEM('',#901,#895);
#903=PRESENTATION_STYLE_ASSIGNMENT((NULL_STYLE(.NULL.)));
#904=STYLED_ITEM('',(#903),#902);
#905=DRAUGHTING_PRE_DEFINED_CURVE_FONT('continuous');
#906=COLOUR_RGB('',0.,0.,0.);
#907=CURVE_STYLE('',#905,POSITIVE_LENGTH_MEASURE(0.02),#906);
#908=PRESENTATION_STYLE_ASSIGNMENT((#907));
#909=COORDINATES_LIST('coordinates',1707,((2.8284271,2.8284271,25.0000000),(4.2426407,5.6568542,25.0000000),(5.6568542,4.2426407,25.0000000),(21.0444521,17.5121605,25.0000000),(21.1415046,17.4714808,25.0000000),(21.2395162,17.4362250,25.0000000),(21.0444521,17.5121605,25.0000000),(21.2395162,17.4362250,25.0000000),(21.3384869,17.4063933,25.0000000),(21.0444521,17.5121605,25.0000000),(21.3384869,17.4063933,25.0000000),(21.4384167,17.3819855,25.0000000),(21.0444521,17.5121605,25.0000000),(21.4384167,17.3819855,25.0000000),(21.5393056,17.3630016,25.0000000),(21.0444521,17.5121605,25.0000000),(21.5393056,17.3630016,25.0000000),(21.6411537,17.3494417,25.0000000),(21.0444521,17.5121605,25.0000000),(21.6411537,17.3494417,25.0000000),(21.7439608,17.3413058,25.0000000),(21.0444521,17.5121605,25.0000000),(21.7439608,17.3413058,25.0000000),(21.8477271,17.3385938,25.0000000),(21.0444521,17.5121605,25.0000000),(21.8477271,17.3385938,25.0000000),(21.9835080,17.3429098,25.0000000),(21.0444521,17.5121605,25.0000000),(21.9835080,17.3429098,25.0000000),(22.1167422,17.3558579,25.0000000),(21.0444521,17.5121605,25.0000000),(22.1167422,17.3558579,25.0000000),(22.2474299,17.3774379,25.0000000),(21.0444521,17.5121605,25.0000000),(22.2474299,17.3774379,25.0000000),(22.3755709,17.4076500,25.0000000),(21.0444521,17.5121605,25.0000000),(22.3755709,17.4076500,25.0000000),(22.5011653,17.4464942,25.0000000),(21.0444521,17.5121605,25.0000000),(22.5011653,17.4464942,25.0000000),(22.6242131,17.4939704,25.0000000),(21.0444521,17.5121605,25.0000000),(22.6242131,17.4939704,25.0000000),(22.7447142,17.5500786,25.0000000),(21.0444521,17.5121605,25.0000000),(22.7447142,17.5500786,25.0000000),(22.8626688,17.6148188,25.0000000),(21.0444521,17.5121605,25.0000000),(22.8626688,17.6148188,25.0000000),(22.9762412,17.6872154,25.0000000),(21.0444521,17.5121605,25.0000000),(22.9762412,17.6872154,25.0000000),(23.0835959,17.7657636,25.0000000),(21.0444521,17.5121605,25.0000000),(23.0835959,17.7657636,25.0000000),(23.1847329,17.8504633,25.0000000),(21.0444521,17.5121605,25.0000000),(23.1847329,17.8504633,25.0000000),(23.2796521,17.9413146,25.0000000),(21.0444521,17.5121605,25.0000000),(23.2796521,17.9413146,25.0000000),(23.3683537,18.0383175,25.0000000),(23.3683537,18.0383175,25.0000000),(23.4508375,18.1414719,25.0000000),(23.5271037,18.2507779,25.0000000),(23.3683537,18.0383175,25.0000000),(23.5271037,18.2507779,25.0000000),(23.5971521,18.3662355,25.0000000),(23.3683537,18.0383175,25.0000000),(23.5971521,18.3662355,25.0000000),(23.6601560,18.4860090,25.0000000),(23.3683537,18.0383175,25.0000000),(23.6601560,18.4860090,25.0000000),(23.7147594,18.6082631,25.0000000),(23.3683537,18.0383175,25.0000000),(23.7147594,18.6082631,25.0000000),(23.7609623,18.7329976,25.0000000),(23.3683537,18.0383175,25.0000000),(23.7609623,18.7329976,25.0000000),(23.7987646,18.8602125,25.0000000),(23.3683537,18.0383175,25.0000000),(23.7987646,18.8602125,25.0000000),(23.8281664,18.9899080,25.0000000),(23.3683537,18.0383175,25.0000000),(23.8281664,18.9899080,25.0000000),(23.8491677,19.1220839,25.0000000),(23.3683537,18.0383175,25.0000000),(23.8491677,19.1220839,25.0000000),(23.8617685,19.2567403,25.0000000),(23.3683537,18.0383175,25.0000000),(23.8617685,19.2567403,25.0000000),(23.8659688,19.3938771,25.0000000),(23.3683537,18.0383175,25.0000000),(23.8659688,19.3938771,25.0000000),(23.8617685,19.5255073,25.0000000),(23.3683537,18.0383175,25.0000000),(23.8617685,19.5255073,25.0000000),(23.8491677,19.6563438,25.0000000),(23.3683537,18.0383175,25.0000000),(23.8491677,19.6563438,25.0000000),(23.8281664,19.7863865,25.0000000),(23.3683537,18.0383175,25.0000000),(23.8281664,19.7863865,25.0000000),(23.7987646,19.9156355,25.0000000),(23.3683537,18.0383175,25.0000000),(23.7987646,19.9156355,25.0000000),(23.7609623,20.0440907,25.0000000),(23.3683537,18.0383175,25.0000000),(23.7609623,20.0440907,25.0000000),(23.7147594,20.1717521,25.0000000),(23.7147594,20.1717521,25.0000000),(23.3229776,20.0302662,25.0000000),(23.3595398,19.9323869,25.0000000),(23.7147594,20.1717521,25.0000000),(23.3595398,19.9323869,25.0000000),(23.3894542,19.8312334,25.0000000),(23.7147594,20.1717521,25.0000000),(23.3894542,19.8312334,25.0000000),(23.4127210,19.7268056,25.0000000),(23.7147594,20.1717521,25.0000000),(23.4127210,19.7268056,25.0000000),(23.4293401,19.6191037,25.0000000),(23.7147594,20.1717521,25.0000000),(23.4293401,19.6191037,25.0000000),(23.4393116,19.5081275,25.0000000),(23.7147594,20.1717521,25.0000000),(23.4393116,19.5081275,25.0000000),(23.4426355,19.3938771,25.0000000),(23.7147594,20.1717521,25.0000000),(23.4426355,19.3938771,25.0000000),(23.4392786,19.2838435,25.0000000),(23.3683537,18.0383175,25.0000000),(23.7147594,20.1717521,25.0000000),(23.4392786,19.2838435,25.0000000),(23.3683537,18.0383175,25.0000000),(23.4392786,19.2838435,25.0000000),(23.4292079,19.1759927,25.0000000),(23.3683537,18.0383175,25.0000000),(23.4292079,19.1759927,25.0000000),(23.4124233,19.0703248,25.0000000),(23.3683537,18.0383175,25.0000000),(23.4124233,19.0703248,25.0000000),(23.3889250,18.9668396,25.0000000),(23.3683537,18.0383175,25.0000000),(23.3889250,18.9668396,25.0000000),(23.3587129,18.8655373,25.0000000),(23.3683537,18.0383175,25.0000000),(23.3587129,18.8655373,25.0000000),(23.3217870,18.7664177,25.0000000),(23.3683537,18.0383175,25.0000000),(23.3217870,18.7664177,25.0000000),(23.2781473,18.6694810,25.0000000),(23.3683537,18.0383175,25.0000000),(23.2781473,18.6694810,25.0000000),(23.2277938,18.5747271,25.0000000),(23.3683537,18.0383175,25.0000000),(23.2277938,18.5747271,25.0000000),(23.1719502,18.4835120,25.0000000),(23.3683537,18.0383175,25.0000000),(23.1719502,18.4835120,25.0000000),(23.1113110,18.3971917,25.0000000),(23.3683537,18.0383175,25.0000000),(23.1113110,18.3971917,25.0000000),(23.0458762,18.3157662,25.0000000),(23.3683537,18.0383175,25.0000000),(23.0458762,18.3157662,25.0000000),(22.9756459,18.2392355,25.0000000),(23.3683537,18.0383175,25.0000000),(22.9756459,18.2392355,25.0000000),(22.9006200,18.1675995,25.0000000),(23.3683537,18.0383175,25.0000000),(22.9006200,18.1675995,25.0000000),(22.8207985,18.1008584,25.0000000),(23.3683537,18.0383175,25.0000000),(22.8207985,18.1008584,25.0000000),(22.7361814,18.0390120,25.0000000),(23.3683537,18.0383175,25.0000000),(22.7361814,18.0390120,25.0000000),(22.6467688,17.9820605,25.0000000),(23.3683537,18.0383175,25.0000000),(22.6467688,17.9820605,25.0000000),(22.5541812,17.9309628,25.0000000),(23.3683537,18.0383175,25.0000000),(22.5541812,17.9309628,25.0000000),(22.4595099,17.8866782,25.0000000),(23.3683537,18.0383175,25.0000000),(22.4595099,17.8866782,25.0000000),(22.3627551,17.8492066,25.0000000),(23.3683537,18.0383175,25.0000000),(22.3627551,17.8492066,25.0000000),(22.2639167,17.8185480,25.0000000),(21.0444521,17.5121605,25.0000000),(23.3683537,18.0383175,25.0000000),(22.2639167,17.8185480,25.0000000),(21.0444521,17.5121605,25.0000000),(22.2639167,17.8185480,25.0000000),(22.1629947,17.7947024,25.0000000),(21.0444521,17.5121605,25.0000000),(22.1629947,17.7947024,25.0000000),(22.0599891,17.7776698,25.0000000),(21.0444521,17.5121605,25.0000000),(22.0599891,17.7776698,25.0000000),(21.9548999,17.7674503,25.0000000),(21.0444521,17.5121605,25.0000000),(21.9548999,17.7674503,25.0000000),(21.8477271,17.7640438,25.0000000),(21.0444521,17.5121605,25.0000000),(21.8477271,17.7640438,25.0000000),(21.6941365,17.7711214,25.0000000),(21.0444521,17.5121605,25.0000000),(21.6941365,17.7711214,25.0000000),(21.5445146,17.7923542,25.0000000),(21.0444521,17.5121605,25.0000000),(21.5445146,17.7923542,25.0000000),(21.3988615,17.8277422,25.0000000),(21.0444521,17.5121605,25.0000000),(21.3988615,17.8277422,25.0000000),(21.2571771,17.8772855,25.0000000),(21.0444521,17.5121605,25.0000000),(21.2571771,17.8772855,25.0000000),(22.8542021,20.6607021,25.0000000),(20.4835355,16.5374355,25.0000000),(21.0444521,17.5121605,25.0000000),(22.8542021,20.6607021,25.0000000),(23.2797679,20.1248713,25.0000000),(23.3229776,20.0302662,25.0000000),(23.7147594,20.1717521,25.0000000),(23.2299105,20.2162021,25.0000000),(23.2797679,20.1248713,25.0000000),(23.7147594,20.1717521,25.0000000),(23.1619787,20.3201834,25.0000000),(23.2299105,20.2162021,25.0000000),(23.7147594,20.1717521,25.0000000),(23.0767167,20.4289271,25.0000000),(23.1619787,20.3201834,25.0000000),(23.7147594,20.1717521,25.0000000),(23.0275869,20.4850849,25.0000000),(23.0767167,20.4289271,25.0000000),(23.7147594,20.1717521,25.0000000),(22.9741245,20.5424334,25.0000000),(23.0275869,20.4850849,25.0000000),(23.7147594,20.1717521,25.0000000),(22.9163296,20.6009724,25.0000000),(22.9741245,20.5424334,25.0000000),(23.7147594,20.1717521,25.0000000),(22.8542021,20.6607021,25.0000000),(22.9163296,20.6009724,25.0000000),(23.7147594,20.1717521,25.0000000),(22.8542021,20.6607021,25.0000000),(23.7147594,20.1717521,25.0000000),(23.6601560,20.2986198,25.0000000),(22.8542021,20.6607021,25.0000000),(23.6601560,20.2986198,25.0000000),(23.5971521,20.4246938,25.0000000),(22.8542021,20.6607021,25.0000000),(23.5971521,20.4246938,25.0000000),(23.5469640,20.5114110,25.0000000),(22.8542021,20.6607021,25.0000000),(23.5469640,20.5114110,25.0000000),(23.4921787,20.5948209,25.0000000),(22.8542021,20.6607021,25.0000000),(23.4921787,20.5948209,25.0000000),(23.4327963,20.6749235,25.0000000),(22.8542021,20.6607021,25.0000000),(23.4327963,20.6749235,25.0000000),(23.3688167,20.7517188,25.0000000),(22.8542021,20.6607021,25.0000000),(23.3688167,20.7517188,25.0000000),(23.3002400,20.8252068,25.0000000),(22.8542021,20.6607021,25.0000000),(23.3002400,20.8252068,25.0000000),(23.2270662,20.8953875,25.0000000),(22.8542021,20.6607021,25.0000000),(23.2270662,20.8953875,25.0000000),(23.1492952,20.9622610,25.0000000),(22.8542021,20.6607021,25.0000000),(23.1492952,20.9622610,25.0000000),(23.0669271,21.0258271,25.0000000),(22.8542021,20.6607021,25.0000000),(23.0669271,21.0258271,25.0000000),(23.6087938,21.9783271,25.0000000),(20.4835355,16.5374355,25.0000000),(22.8542021,20.6607021,25.0000000),(23.6087938,21.9783271,25.0000000),(20.4835355,16.5374355,25.0000000),(23.6087938,21.9783271,25.0000000),(23.6373688,22.0820438,25.0000000),(20.4835355,16.5374355,25.0000000),(23.6373688,22.0820438,25.0000000),(23.6299605,22.1423688,25.0000000),(20.4835355,16.5374355,25.0000000),(23.6299605,22.1423688,25.0000000),(23.5913313,22.2175105,25.0000000),(20.4835355,16.5374355,25.0000000),(23.5913313,22.2175105,25.0000000),(23.5262438,22.2714855,25.0000000),(20.4835355,16.5374355,25.0000000),(23.5262438,22.2714855,25.0000000),(23.4235855,22.3021771,25.0000000),(20.4835355,16.5374355,25.0000000),(23.4235855,22.3021771,25.0000000),(23.3632605,22.2947688,25.0000000),(20.4835355,16.5374355,25.0000000),(23.3632605,22.2947688,25.0000000),(23.2875896,22.2561396,25.0000000),(20.4835355,16.5374355,25.0000000),(23.2875896,22.2561396,25.0000000),(23.2320271,22.1910521,25.0000000),(20.4835355,16.5374355,25.0000000),(23.2320271,22.1910521,25.0000000),(22.6965105,21.2628938,25.0000000),(22.6965105,21.2628938,25.0000000),(22.5959026,21.3072942,25.0000000),(22.4919875,21.3457745,25.0000000),(22.6965105,21.2628938,25.0000000),(22.4919875,21.3457745,25.0000000),(22.3847651,21.3783348,25.0000000),(22.6965105,21.2628938,25.0000000),(22.3847651,21.3783348,25.0000000),(22.2742355,21.4049750,25.0000000),(22.6965105,21.2628938,25.0000000),(22.2742355,21.4049750,25.0000000),(22.1603985,21.4256952,25.0000000),(22.6965105,21.2628938,25.0000000),(22.1603985,21.4256952,25.0000000),(22.0432542,21.4404954,25.0000000),(22.6965105,21.2628938,25.0000000),(22.0432542,21.4404954,25.0000000),(21.9228026,21.4493754,25.0000000),(22.6965105,21.2628938,25.0000000),(21.9228026,21.4493754,25.0000000),(21.7990438,21.4523355,25.0000000),(22.6965105,21.2628938,25.0000000),(21.7990438,21.4523355,25.0000000),(21.6744416,21.4480029,25.0000000),(22.6965105,21.2628938,25.0000000),(21.6744416,21.4480029,25.0000000),(21.5509308,21.4350052,25.0000000),(22.6965105,21.2628938,25.0000000),(21.5509308,21.4350052,25.0000000),(21.4285114,21.4133425,25.0000000),(22.6965105,21.2628938,25.0000000),(21.4285114,21.4133425,25.0000000),(21.3071834,21.3830146,25.0000000),(22.6965105,21.2628938,25.0000000),(21.3071834,21.3830146,25.0000000),(21.1869468,21.3440217,25.0000000),(22.6965105,21.2628938,25.0000000),(21.1869468,21.3440217,25.0000000),(21.0678016,21.2963636,25.0000000),(22.6965105,21.2628938,25.0000000),(21.0678016,21.2963636,25.0000000),(20.9497478,21.2400404,25.0000000),(22.6965105,21.2628938,25.0000000),(20.9497478,21.2400404,25.0000000),(20.8327855,21.1750521,25.0000000),(22.6965105,21.2628938,25.0000000),(20.8327855,21.1750521,25.0000000),(20.7196761,21.1028870,25.0000000),(22.6965105,21.2628938,25.0000000),(20.7196761,21.1028870,25.0000000),(20.6126521,21.0245042,25.0000000),(22.6965105,21.2628938,25.0000000),(20.6126521,21.0245042,25.0000000),(20.5117136,20.9399037,25.0000000),(22.6965105,21.2628938,25.0000000),(20.5117136,20.9399037,25.0000000),(20.4168605,20.8490855,25.0000000),(22.6965105,21.2628938,25.0000000),(20.4168605,20.8490855,25.0000000),(20.3280927,20.7520495,25.0000000),(20.3280927,20.7520495,25.0000000),(20.2454105,20.6487959,25.0000000),(20.1688136,20.5393245,25.0000000),(20.3280927,20.7520495,25.0000000),(20.1688136,20.5393245,25.0000000),(20.0983021,20.4236355,25.0000000),(20.3280927,20.7520495,25.0000000),(20.0983021,20.4236355,25.0000000),(20.0350502,20.3038288,25.0000000),(20.3280927,20.7520495,25.0000000),(20.0350502,20.3038288,25.0000000),(19.9802318,20.1814756,25.0000000),(20.3280927,20.7520495,25.0000000),(19.9802318,20.1814756,25.0000000),(19.9338470,20.0565757,25.0000000),(20.3280927,20.7520495,25.0000000),(19.9338470,20.0565757,25.0000000),(19.8958959,19.9291292,25.0000000),(20.3280927,20.7520495,25.0000000),(19.8958959,19.9291292,25.0000000),(19.8663783,19.7991361,25.0000000),(20.3280927,20.7520495,25.0000000),(19.8663783,19.7991361,25.0000000),(19.8452943,19.6665964,25.0000000),(20.3280927,20.7520495,25.0000000),(19.8452943,19.6665964,25.0000000),(19.8326439,19.5315101,25.0000000),(20.3280927,20.7520495,25.0000000),(19.8326439,19.5315101,25.0000000),(19.8284271,19.3938771,25.0000000),(20.3280927,20.7520495,25.0000000),(19.8284271,19.3938771,25.0000000),(19.8326274,19.2558142,25.0000000),(20.3280927,20.7520495,25.0000000),(19.8326274,19.2558142,25.0000000),(19.8452282,19.1204964,25.0000000),(20.3280927,20.7520495,25.0000000),(19.8452282,19.1204964,25.0000000),(19.8662295,18.9879236,25.0000000),(20.3280927,20.7520495,25.0000000),(19.8662295,18.9879236,25.0000000),(19.8956313,18.8580959,25.0000000),(20.3280927,20.7520495,25.0000000),(19.8956313,18.8580959,25.0000000),(19.9334336,18.7310132,25.0000000),(20.3280927,20.7520495,25.0000000),(19.9334336,18.7310132,25.0000000),(19.9796365,18.6066756,25.0000000),(20.3280927,20.7520495,25.0000000),(19.9796365,18.6066756,25.0000000),(20.0342399,18.4850830,25.0000000),(20.3280927,20.7520495,25.0000000),(20.0342399,18.4850830,25.0000000),(20.0972438,18.3662355,25.0000000),(20.0972438,18.3662355,25.0000000),(20.4655438,18.5747271,25.0000000),(20.4161825,18.6694645,25.0000000),(20.0972438,18.3662355,25.0000000),(20.4161825,18.6694645,25.0000000),(20.3734026,18.7663516,25.0000000),(20.0972438,18.3662355,25.0000000),(20.3734026,18.7663516,25.0000000),(20.3372043,18.8653885,25.0000000),(20.0972438,18.3662355,25.0000000),(20.3372043,18.8653885,25.0000000),(20.3075875,18.9665750,25.0000000),(20.0972438,18.3662355,25.0000000),(20.3075875,18.9665750,25.0000000),(20.2845523,19.0699114,25.0000000),(20.0972438,18.3662355,25.0000000),(20.2845523,19.0699114,25.0000000),(20.2680985,19.1753974,25.0000000),(20.0972438,18.3662355,25.0000000),(20.2680985,19.1753974,25.0000000),(20.2582262,19.2830332,25.0000000),(20.0972438,18.3662355,25.0000000),(20.2582262,19.2830332,25.0000000),(20.2549355,19.3928188,25.0000000),(20.0972438,18.3662355,25.0000000),(20.2549355,19.3928188,25.0000000),(20.2582758,19.5026374,25.0000000),(20.3280927,20.7520495,25.0000000),(20.0972438,18.3662355,25.0000000),(20.2582758,19.5026374,25.0000000),(20.3280927,20.7520495,25.0000000),(20.2582758,19.5026374,25.0000000),(20.2682969,19.6103724,25.0000000),(20.3280927,20.7520495,25.0000000),(20.2682969,19.6103724,25.0000000),(20.2849987,19.7160239,25.0000000),(20.3280927,20.7520495,25.0000000),(20.2849987,19.7160239,25.0000000),(20.3083813,19.8195917,25.0000000),(20.3280927,20.7520495,25.0000000),(20.3083813,19.8195917,25.0000000),(20.3384446,19.9210760,25.0000000),(20.3280927,20.7520495,25.0000000),(20.3384446,19.9210760,25.0000000),(20.3751886,20.0204766,25.0000000),(20.3280927,20.7520495,25.0000000),(20.3751886,20.0204766,25.0000000),(20.4186133,20.1177937,25.0000000),(20.3280927,20.7520495,25.0000000),(20.4186133,20.1177937,25.0000000),(20.4687188,20.2130271,25.0000000),(20.3280927,20.7520495,25.0000000),(20.4687188,20.2130271,25.0000000),(20.5245624,20.3049698,25.0000000),(20.3280927,20.7520495,25.0000000),(20.5245624,20.3049698,25.0000000),(20.5852016,20.3918855,25.0000000),(20.3280927,20.7520495,25.0000000),(20.5852016,20.3918855,25.0000000),(20.6506364,20.4737740,25.0000000),(20.3280927,20.7520495,25.0000000),(20.6506364,20.4737740,25.0000000),(20.7208667,20.5506355,25.0000000),(20.3280927,20.7520495,25.0000000),(20.7208667,20.5506355,25.0000000),(20.7958926,20.6224698,25.0000000),(20.3280927,20.7520495,25.0000000),(20.7958926,20.6224698,25.0000000),(20.8757141,20.6892771,25.0000000),(20.3280927,20.7520495,25.0000000),(20.8757141,20.6892771,25.0000000),(20.9603312,20.7510573,25.0000000),(20.3280927,20.7520495,25.0000000),(20.9603312,20.7510573,25.0000000),(21.0497438,20.8078105,25.0000000),(20.3280927,20.7520495,25.0000000),(21.0497438,20.8078105,25.0000000),(21.1418188,20.8589081,25.0000000),(20.3280927,20.7520495,25.0000000),(21.1418188,20.8589081,25.0000000),(21.2344230,20.9031927,25.0000000),(20.3280927,20.7520495,25.0000000),(21.2344230,20.9031927,25.0000000),(21.3275563,20.9406644,25.0000000),(20.3280927,20.7520495,25.0000000),(21.3275563,20.9406644,25.0000000),(21.4212188,20.9713230,25.0000000),(20.3280927,20.7520495,25.0000000),(21.4212188,20.9713230,25.0000000),(21.5154105,20.9951685,25.0000000),(22.6965105,21.2628938,25.0000000),(20.3280927,20.7520495,25.0000000),(21.5154105,20.9951685,25.0000000),(22.6965105,21.2628938,25.0000000),(21.5154105,20.9951685,25.0000000),(21.6101313,21.0122011,25.0000000),(22.6965105,21.2628938,25.0000000),(21.6101313,21.0122011,25.0000000),(21.7053813,21.0224206,25.0000000),(22.6965105,21.2628938,25.0000000),(21.7053813,21.0224206,25.0000000),(21.8011605,21.0258271,25.0000000),(22.6965105,21.2628938,25.0000000),(21.8011605,21.0258271,25.0000000),(21.8075105,21.0258271,25.0000000),(22.6965105,21.2628938,25.0000000),(21.8075105,21.0258271,25.0000000),(21.9012226,21.0237435,25.0000000),(22.6965105,21.2628938,25.0000000),(21.9012226,21.0237435,25.0000000),(21.9923881,21.0174927,25.0000000),(22.6965105,21.2628938,25.0000000),(21.9923881,21.0174927,25.0000000),(22.0810069,21.0070748,25.0000000),(22.6965105,21.2628938,25.0000000),(22.0810069,21.0070748,25.0000000),(22.1670792,20.9924896,25.0000000),(22.6965105,21.2628938,25.0000000),(22.1670792,20.9924896,25.0000000),(22.2506049,20.9737373,25.0000000),(22.6965105,21.2628938,25.0000000),(22.2506049,20.9737373,25.0000000),(22.3315839,20.9508177,25.0000000),(22.6965105,21.2628938,25.0000000),(22.3315839,20.9508177,25.0000000),(22.4100163,20.9237310,25.0000000),(22.6965105,21.2628938,25.0000000),(22.4100163,20.9237310,25.0000000),(22.4859021,20.8924771,25.0000000),(20.4835355,16.5374355,25.0000000),(22.6965105,21.2628938,25.0000000),(22.4859021,20.8924771,25.0000000),(20.4835355,16.5374355,25.0000000),(22.4859021,20.8924771,25.0000000),(20.8814688,18.0974188,25.0000000),(20.4835355,16.5374355,25.0000000),(20.8814688,18.0974188,25.0000000),(20.7610172,18.2002756,25.0000000),(20.5079267,18.5054559,25.0000000),(20.4655438,18.5747271,25.0000000),(20.0972438,18.3662355,25.0000000),(20.5530547,18.4389297,25.0000000),(20.5079267,18.5054559,25.0000000),(20.0972438,18.3662355,25.0000000),(20.6515459,18.3141125,25.0000000),(20.5530547,18.4389297,25.0000000),(20.0972438,18.3662355,25.0000000),(20.7610172,18.2002756,25.0000000),(20.6515459,18.3141125,25.0000000),(20.0972438,18.3662355,25.0000000),(20.7610172,18.2002756,25.0000000),(20.0972438,18.3662355,25.0000000),(20.1551875,18.2711839,25.0000000),(20.7610172,18.2002756,25.0000000),(20.1551875,18.2711839,25.0000000),(20.2168355,18.1802334,25.0000000),(20.7610172,18.2002756,25.0000000),(20.2168355,18.1802334,25.0000000),(20.2821875,18.0933839,25.0000000),(20.7610172,18.2002756,25.0000000),(20.2821875,18.0933839,25.0000000),(20.3512438,18.0106355,25.0000000),(20.7610172,18.2002756,25.0000000),(20.3512438,18.0106355,25.0000000),(20.4240042,17.9319881,25.0000000),(20.7610172,18.2002756,25.0000000),(20.4240042,17.9319881,25.0000000),(20.5004688,17.8574417,25.0000000),(20.7610172,18.2002756,25.0000000),(20.5004688,17.8574417,25.0000000),(20.5806375,17.7869964,25.0000000),(20.7610172,18.2002756,25.0000000),(20.5806375,17.7869964,25.0000000),(20.6645105,17.7206521,25.0000000),(20.4835355,16.5374355,25.0000000),(20.7610172,18.2002756,25.0000000),(20.6645105,17.7206521,25.0000000),(20.4835355,16.5374355,25.0000000),(20.6645105,17.7206521,25.0000000),(20.1088855,16.7501605,25.0000000),(20.4835355,16.5374355,25.0000000),(20.1088855,16.7501605,25.0000000),(20.0813688,16.6485605,25.0000000),(20.4835355,16.5374355,25.0000000),(20.0813688,16.6485605,25.0000000),(20.0877188,16.5882355,25.0000000),(20.4835355,16.5374355,25.0000000),(20.0877188,16.5882355,25.0000000),(20.1268771,16.5112417,25.0000000),(20.4835355,16.5374355,25.0000000),(20.1268771,16.5112417,25.0000000),(20.1893188,16.4559438,25.0000000),(20.4835355,16.5374355,25.0000000),(20.1893188,16.4559438,25.0000000),(20.2940938,16.4284271,25.0000000),(20.4835355,16.5374355,25.0000000),(20.2940938,16.4284271,25.0000000),(20.3544188,16.4358355,25.0000000),(20.4835355,16.5374355,25.0000000),(20.3544188,16.4358355,25.0000000),(20.4269146,16.4712896,25.0000000),(24.8415041,21.2325659,25.0000000),(24.7793105,21.1665855,25.0000000),(24.7232519,21.0939573,25.0000000),(24.8415041,21.2325659,25.0000000),(24.7232519,21.0939573,25.0000000),(24.6746677,21.0168313,25.0000000),(24.8415041,21.2325659,25.0000000),(24.6746677,21.0168313,25.0000000),(24.6335581,20.9352073,25.0000000),(24.8415041,21.2325659,25.0000000),(24.6335581,20.9352073,25.0000000),(24.5999230,20.8490855,25.0000000),(24.8415041,21.2325659,25.0000000),(24.5999230,20.8490855,25.0000000),(24.5737623,20.7584657,25.0000000),(24.8415041,21.2325659,25.0000000),(24.5737623,20.7584657,25.0000000),(24.5550761,20.6633480,25.0000000),(24.8415041,21.2325659,25.0000000),(24.5550761,20.6633480,25.0000000),(24.5438644,20.5637323,25.0000000),(24.8415041,21.2325659,25.0000000),(24.5438644,20.5637323,25.0000000),(24.5401271,20.4596188,25.0000000),(24.8415041,21.2325659,25.0000000),(24.5401271,20.4596188,25.0000000),(24.5438478,20.3554226,25.0000000),(24.8415041,21.2325659,25.0000000),(24.5438478,20.3554226,25.0000000),(24.5550099,20.2550297,25.0000000),(24.8415041,21.2325659,25.0000000),(24.5550099,20.2550297,25.0000000),(24.5736135,20.1584403,25.0000000),(24.8415041,21.2325659,25.0000000),(24.5736135,20.1584403,25.0000000),(24.5996584,20.0656542,25.0000000),(24.8415041,21.2325659,25.0000000),(24.5996584,20.0656542,25.0000000),(24.6331447,19.9766715,25.0000000),(24.8415041,21.2325659,25.0000000),(24.6331447,19.9766715,25.0000000),(24.6740724,19.8914922,25.0000000),(24.6740724,19.8914922,25.0000000),(25.0346334,20.1135438,25.0000000),(24.9962688,20.2162021,25.0000000),(24.6740724,19.8914922,25.0000000),(24.9962688,20.2162021,25.0000000),(24.9732500,20.3315605,25.0000000),(24.8415041,21.2325659,25.0000000),(24.6740724,19.8914922,25.0000000),(24.9732500,20.3315605,25.0000000),(24.8415041,21.2325659,25.0000000),(24.9732500,20.3315605,25.0000000),(24.9655771,20.4596188,25.0000000),(24.8415041,21.2325659,25.0000000),(24.9655771,20.4596188,25.0000000),(24.9733162,20.5850974,25.0000000),(24.8415041,21.2325659,25.0000000),(24.9733162,20.5850974,25.0000000),(24.9965334,20.6958917,25.0000000),(24.8415041,21.2325659,25.0000000),(24.9965334,20.6958917,25.0000000),(25.0352287,20.7920016,25.0000000),(24.8415041,21.2325659,25.0000000),(25.0352287,20.7920016,25.0000000),(25.0894021,20.8734271,25.0000000),(24.8415041,21.2325659,25.0000000),(25.0894021,20.8734271,25.0000000),(25.1559448,20.9382500,25.0000000),(24.8415041,21.2325659,25.0000000),(25.1559448,20.9382500,25.0000000),(25.2317480,20.9845521,25.0000000),(24.8415041,21.2325659,25.0000000),(25.2317480,20.9845521,25.0000000),(25.3168115,21.0123334,25.0000000),(24.8415041,21.2325659,25.0000000),(25.3168115,21.0123334,25.0000000),(25.4111355,21.0215938,25.0000000),(24.8415041,21.2325659,25.0000000),(25.4111355,21.0215938,25.0000000),(25.5054594,21.0123334,25.0000000),(24.8415041,21.2325659,25.0000000),(25.5054594,21.0123334,25.0000000),(25.5905230,20.9845521,25.0000000),(25.0883438,20.0235855,25.0000000),(25.0346334,20.1135438,25.0000000),(24.6740724,19.8914922,25.0000000),(25.1510500,19.9587625,25.0000000),(25.0883438,20.0235855,25.0000000),(24.6740724,19.8914922,25.0000000),(25.2206355,19.9124605,25.0000000),(25.1510500,19.9587625,25.0000000),(24.6740724,19.8914922,25.0000000),(25.2971000,19.8846792,25.0000000),(25.2206355,19.9124605,25.0000000),(24.6740724,19.8914922,25.0000000),(25.3804438,19.8754188,25.0000000),(25.2971000,19.8846792,25.0000000),(24.6740724,19.8914922,25.0000000),(25.3804438,19.8754188,25.0000000),(24.6740724,19.8914922,25.0000000),(24.7224416,19.8101163,25.0000000),(25.4428855,19.8754188,25.0000000),(25.3804438,19.8754188,25.0000000),(24.7224416,19.8101163,25.0000000),(25.4428855,19.8754188,25.0000000),(24.7224416,19.8101163,25.0000000),(24.7782521,19.7325438,25.0000000),(25.5277506,19.8846792,25.0000000),(25.4428855,19.8754188,25.0000000),(24.7782521,19.7325438,25.0000000),(25.5277506,19.8846792,25.0000000),(24.7782521,19.7325438,25.0000000),(24.8269355,19.6838605,25.0000000),(25.5277506,19.8846792,25.0000000),(24.8269355,19.6838605,25.0000000),(24.7417396,19.6076605,25.0000000),(25.5277506,19.8846792,25.0000000),(24.7417396,19.6076605,25.0000000),(24.6576021,19.5145271,25.0000000),(25.6045459,19.9124605,25.0000000),(25.5277506,19.8846792,25.0000000),(24.6576021,19.5145271,25.0000000),(25.6045459,19.9124605,25.0000000),(24.6576021,19.5145271,25.0000000),(24.5903814,19.4221875,25.0000000),(25.6045459,19.9124605,25.0000000),(24.5903814,19.4221875,25.0000000),(24.5321235,19.3245563,25.0000000),(25.6045459,19.9124605,25.0000000),(24.5321235,19.3245563,25.0000000),(24.4828283,19.2216334,25.0000000),(25.6045459,19.9124605,25.0000000),(24.4828283,19.2216334,25.0000000),(24.4424959,19.1134188,25.0000000),(25.6732714,19.9587625,25.0000000),(25.6045459,19.9124605,25.0000000),(24.4424959,19.1134188,25.0000000),(25.6732714,19.9587625,25.0000000),(24.4424959,19.1134188,25.0000000),(24.4111262,18.9999125,25.0000000),(25.6732714,19.9587625,25.0000000),(24.4111262,18.9999125,25.0000000),(24.3887193,18.8811146,25.0000000),(25.6732714,19.9587625,25.0000000),(24.3887193,18.8811146,25.0000000),(24.3752752,18.7570250,25.0000000),(25.6732714,19.9587625,25.0000000),(24.3752752,18.7570250,25.0000000),(24.3707938,18.6276438,25.0000000),(24.3707938,18.6276438,25.0000000),(24.3753082,18.4995689,25.0000000),(24.3888516,18.3767526,25.0000000),(24.3707938,18.6276438,25.0000000),(24.3888516,18.3767526,25.0000000),(24.4114239,18.2591950,25.0000000),(24.3707938,18.6276438,25.0000000),(24.4114239,18.2591950,25.0000000),(24.4430250,18.1468959,25.0000000),(24.3707938,18.6276438,25.0000000),(24.4430250,18.1468959,25.0000000),(24.4836551,18.0398554,25.0000000),(24.3707938,18.6276438,25.0000000),(24.4836551,18.0398554,25.0000000),(24.5333141,17.9380735,25.0000000),(24.3707938,18.6276438,25.0000000),(24.5333141,17.9380735,25.0000000),(24.5920020,17.8415502,25.0000000),(24.3707938,18.6276438,25.0000000),(24.5920020,17.8415502,25.0000000),(24.6597188,17.7502855,25.0000000),(24.3707938,18.6276438,25.0000000),(24.6597188,17.7502855,25.0000000),(24.7344305,17.6679339,25.0000000),(24.3707938,18.6276438,25.0000000),(24.7344305,17.6679339,25.0000000),(24.8146323,17.5965625,25.0000000),(24.3707938,18.6276438,25.0000000),(24.8146323,17.5965625,25.0000000),(24.9003243,17.5361714,25.0000000),(24.3707938,18.6276438,25.0000000),(24.9003243,17.5361714,25.0000000),(24.9915063,17.4867605,25.0000000),(24.3707938,18.6276438,25.0000000),(24.9915063,17.4867605,25.0000000),(25.0881784,17.4483297,25.0000000),(24.3707938,18.6276438,25.0000000),(25.0881784,17.4483297,25.0000000),(25.1903407,17.4208792,25.0000000),(24.3707938,18.6276438,25.0000000),(25.1903407,17.4208792,25.0000000),(25.2979930,17.4044089,25.0000000),(24.3707938,18.6276438,25.0000000),(25.2979930,17.4044089,25.0000000),(25.4111355,17.3989188,25.0000000),(24.3707938,18.6276438,25.0000000),(25.4111355,17.3989188,25.0000000),(25.5245094,17.4044089,25.0000000),(25.5245094,17.4044089,25.0000000),(25.6323271,17.4208792,25.0000000),(25.7345886,17.4483297,25.0000000),(25.5245094,17.4044089,25.0000000),(25.7345886,17.4483297,25.0000000),(25.8312938,17.4867605,25.0000000),(25.5245094,17.4044089,25.0000000),(25.8312938,17.4867605,25.0000000),(25.9224427,17.5361714,25.0000000),(25.5245094,17.4044089,25.0000000),(25.9224427,17.5361714,25.0000000),(26.0080355,17.5965625,25.0000000),(25.5245094,17.4044089,25.0000000),(26.0080355,17.5965625,25.0000000),(26.0880719,17.6679339,25.0000000),(25.5245094,17.4044089,25.0000000),(26.0880719,17.6679339,25.0000000),(26.1625521,17.7502855,25.0000000),(25.5245094,17.4044089,25.0000000),(26.1625521,17.7502855,25.0000000),(26.2302689,17.8415502,25.0000000),(25.5245094,17.4044089,25.0000000),(26.2302689,17.8415502,25.0000000),(26.2889568,17.9380735,25.0000000),(25.5245094,17.4044089,25.0000000),(26.2889568,17.9380735,25.0000000),(26.3386158,18.0398554,25.0000000),(25.5245094,17.4044089,25.0000000),(26.3386158,18.0398554,25.0000000),(26.3792459,18.1468959,25.0000000),(25.5245094,17.4044089,25.0000000),(26.3792459,18.1468959,25.0000000),(26.4108470,18.2591950,25.0000000),(25.5245094,17.4044089,25.0000000),(26.4108470,18.2591950,25.0000000),(26.4334193,18.3767526,25.0000000),(25.5245094,17.4044089,25.0000000),(26.4334193,18.3767526,25.0000000),(26.4469627,18.4995689,25.0000000),(25.5245094,17.4044089,25.0000000),(26.4469627,18.4995689,25.0000000),(26.4514771,18.6276438,25.0000000),(25.5245094,17.4044089,25.0000000),(26.4514771,18.6276438,25.0000000),(26.4469957,18.7570250,25.0000000),(25.5245094,17.4044089,25.0000000),(26.4469957,18.7570250,25.0000000),(26.4335516,18.8811146,25.0000000),(25.5245094,17.4044089,25.0000000),(26.4335516,18.8811146,25.0000000),(26.4111447,18.9999125,25.0000000),(26.4111447,18.9999125,25.0000000),(26.3797750,19.1134188,25.0000000),(26.3394426,19.2216334,25.0000000),(26.4111447,18.9999125,25.0000000),(26.3394426,19.2216334,25.0000000),(26.2901474,19.3245563,25.0000000),(26.4111447,18.9999125,25.0000000),(26.2901474,19.3245563,25.0000000),(25.9262792,19.1048860,25.0000000),(26.4111447,18.9999125,25.0000000),(25.9262792,19.1048860,25.0000000),(25.9805188,18.9639292,25.0000000),(26.4111447,18.9999125,25.0000000),(25.9805188,18.9639292,25.0000000),(26.0130625,18.8048485,25.0000000),(26.4111447,18.9999125,25.0000000),(26.0130625,18.8048485,25.0000000),(26.0211985,18.7185116,25.0000000),(26.4111447,18.9999125,25.0000000),(26.0211985,18.7185116,25.0000000),(26.0239105,18.6276438,25.0000000),(26.4111447,18.9999125,25.0000000),(26.0239105,18.6276438,25.0000000),(26.0211323,18.5369579,25.0000000),(26.4111447,18.9999125,25.0000000),(26.0211323,18.5369579,25.0000000),(26.0127980,18.4511667,25.0000000),(26.4111447,18.9999125,25.0000000),(26.0127980,18.4511667,25.0000000),(25.9989073,18.3702704,25.0000000),(26.4111447,18.9999125,25.0000000),(25.9989073,18.3702704,25.0000000),(25.9794605,18.2942688,25.0000000),(26.4111447,18.9999125,25.0000000),(25.9794605,18.2942688,25.0000000),(25.9238980,18.1569500,25.0000000),(25.5245094,17.4044089,25.0000000),(26.4111447,18.9999125,25.0000000),(25.9238980,18.1569500,25.0000000),(25.5245094,17.4044089,25.0000000),(25.9238980,18.1569500,25.0000000),(25.8461105,18.0392105,25.0000000),(25.5245094,17.4044089,25.0000000),(25.8461105,18.0392105,25.0000000),(25.7526464,17.9452172,25.0000000),(25.5245094,17.4044089,25.0000000),(25.7526464,17.9452172,25.0000000),(25.6489959,17.8780792,25.0000000),(25.5245094,17.4044089,25.0000000),(25.6489959,17.8780792,25.0000000),(25.5351589,17.8377964,25.0000000),(25.5245094,17.4044089,25.0000000),(25.5351589,17.8377964,25.0000000),(25.4111355,17.8243688,25.0000000),(25.5245094,17.4044089,25.0000000),(25.4111355,17.8243688,25.0000000),(25.2871120,17.8377964,25.0000000),(25.5245094,17.4044089,25.0000000),(25.2871120,17.8377964,25.0000000),(25.1732750,17.8780792,25.0000000),(25.5245094,17.4044089,25.0000000),(25.1732750,17.8780792,25.0000000),(25.0696245,17.9452172,25.0000000),(24.3707938,18.6276438,25.0000000),(25.5245094,17.4044089,25.0000000),(25.0696245,17.9452172,25.0000000),(24.3707938,18.6276438,25.0000000),(25.0696245,17.9452172,25.0000000),(24.9761605,18.0392105,25.0000000),(24.3707938,18.6276438,25.0000000),(24.9761605,18.0392105,25.0000000),(24.8988360,18.1569500,25.0000000),(24.3707938,18.6276438,25.0000000),(24.8988360,18.1569500,25.0000000),(24.8436042,18.2942688,25.0000000),(24.3707938,18.6276438,25.0000000),(24.8436042,18.2942688,25.0000000),(24.8104651,18.4511667,25.0000000),(24.3707938,18.6276438,25.0000000),(24.8104651,18.4511667,25.0000000),(24.8021804,18.5369579,25.0000000),(24.3707938,18.6276438,25.0000000),(24.8021804,18.5369579,25.0000000),(24.7994188,18.6276438,25.0000000),(24.3707938,18.6276438,25.0000000),(24.7994188,18.6276438,25.0000000),(24.8021308,18.7185116,25.0000000),(24.3707938,18.6276438,25.0000000),(24.8021308,18.7185116,25.0000000),(24.8102667,18.8048485,25.0000000),(24.3707938,18.6276438,25.0000000),(24.8102667,18.8048485,25.0000000),(24.8238266,18.8866543,25.0000000),(24.3707938,18.6276438,25.0000000),(24.8238266,18.8866543,25.0000000),(24.8428105,18.9639292,25.0000000),(24.3707938,18.6276438,25.0000000),(24.8428105,18.9639292,25.0000000),(24.8970500,19.1048860,25.0000000),(24.3707938,18.6276438,25.0000000),(24.8970500,19.1048860,25.0000000),(24.9729855,19.2277188,25.0000000),(24.3707938,18.6276438,25.0000000),(24.9729855,19.2277188,25.0000000),(25.0654573,19.3249532,25.0000000),(25.6732714,19.9587625,25.0000000),(24.3707938,18.6276438,25.0000000),(25.0654573,19.3249532,25.0000000),(25.6732714,19.9587625,25.0000000),(25.0654573,19.3249532,25.0000000),(25.1693063,19.3944063,25.0000000),(25.7339271,20.0235855,25.0000000),(25.6732714,19.9587625,25.0000000),(25.1693063,19.3944063,25.0000000),(25.7339271,20.0235855,25.0000000),(25.1693063,19.3944063,25.0000000),(25.2845323,19.4360782,25.0000000),(25.7339271,20.0235855,25.0000000),(25.2845323,19.4360782,25.0000000),(25.4111355,19.4499688,25.0000000),(25.7876375,20.1135438,25.0000000),(25.7339271,20.0235855,25.0000000),(25.4111355,19.4499688,25.0000000),(25.7876375,20.1135438,25.0000000),(25.4111355,19.4499688,25.0000000),(25.5382016,19.4360782,25.0000000),(25.8260021,20.2162021,25.0000000),(25.7876375,20.1135438,25.0000000),(25.5382016,19.4360782,25.0000000),(25.8260021,20.2162021,25.0000000),(25.5382016,19.4360782,25.0000000),(25.6537584,19.3944063,25.0000000),(25.8260021,20.2162021,25.0000000),(25.6537584,19.3944063,25.0000000),(25.7578058,19.3249532,25.0000000),(25.8490209,20.3315605,25.0000000),(25.8260021,20.2162021,25.0000000),(25.7578058,19.3249532,25.0000000),(25.8490209,20.3315605,25.0000000),(25.7578058,19.3249532,25.0000000),(25.8503438,19.2277188,25.0000000),(25.8566938,20.4596188,25.0000000),(25.8490209,20.3315605,25.0000000),(25.8503438,19.2277188,25.0000000),(25.8566938,20.4596188,25.0000000),(25.8503438,19.2277188,25.0000000),(25.9262792,19.1048860,25.0000000),(25.9262792,19.1048860,25.0000000),(26.2901474,19.3245563,25.0000000),(26.2318895,19.4221875,25.0000000),(25.9262792,19.1048860,25.0000000),(26.2318895,19.4221875,25.0000000),(26.1646688,19.5145271,25.0000000),(25.9262792,19.1048860,25.0000000),(26.1646688,19.5145271,25.0000000),(26.0807959,19.6076605,25.0000000),(25.9262792,19.1048860,25.0000000),(26.0807959,19.6076605,25.0000000),(25.9963938,19.6838605,25.0000000),(25.8566938,20.4596188,25.0000000),(25.9262792,19.1048860,25.0000000),(25.9963938,19.6838605,25.0000000),(25.8489547,20.5850974,25.0000000),(25.8566938,20.4596188,25.0000000),(25.9963938,19.6838605,25.0000000),(25.8489547,20.5850974,25.0000000),(25.9963938,19.6838605,25.0000000),(26.0440188,19.7325438,25.0000000),(25.8257375,20.6958917,25.0000000),(25.8489547,20.5850974,25.0000000),(26.0440188,19.7325438,25.0000000),(25.8257375,20.6958917,25.0000000),(26.0440188,19.7325438,25.0000000),(26.1000774,19.8101163,25.0000000),(25.8257375,20.6958917,25.0000000),(26.1000774,19.8101163,25.0000000),(26.1486615,19.8914922,25.0000000),(25.8257375,20.6958917,25.0000000),(26.1486615,19.8914922,25.0000000),(26.1897711,19.9766715,25.0000000),(25.7870422,20.7920016,25.0000000),(25.8257375,20.6958917,25.0000000),(26.1897711,19.9766715,25.0000000),(25.7870422,20.7920016,25.0000000),(26.1897711,19.9766715,25.0000000),(26.2234063,20.0656542,25.0000000),(25.7870422,20.7920016,25.0000000),(26.2234063,20.0656542,25.0000000),(26.2495670,20.1584403,25.0000000),(25.7328688,20.8734271,25.0000000),(25.7870422,20.7920016,25.0000000),(26.2495670,20.1584403,25.0000000),(25.7328688,20.8734271,25.0000000),(26.2495670,20.1584403,25.0000000),(26.2682532,20.2550297,25.0000000),(25.7328688,20.8734271,25.0000000),(26.2682532,20.2550297,25.0000000),(26.2794649,20.3554226,25.0000000),(25.6663261,20.9382500,25.0000000),(25.7328688,20.8734271,25.0000000),(26.2794649,20.3554226,25.0000000),(25.6663261,20.9382500,25.0000000),(26.2794649,20.3554226,25.0000000),(26.2832021,20.4596188,25.0000000),(25.6663261,20.9382500,25.0000000),(26.2832021,20.4596188,25.0000000),(26.2794483,20.5637323,25.0000000),(25.6663261,20.9382500,25.0000000),(26.2794483,20.5637323,25.0000000),(26.2681870,20.6633480,25.0000000),(25.5905230,20.9845521,25.0000000),(25.6663261,20.9382500,25.0000000),(26.2681870,20.6633480,25.0000000),(25.5905230,20.9845521,25.0000000),(26.2681870,20.6633480,25.0000000),(26.2494181,20.7584657,25.0000000),(25.5905230,20.9845521,25.0000000),(26.2494181,20.7584657,25.0000000),(26.2231417,20.8490855,25.0000000),(24.8415041,21.2325659,25.0000000),(25.5905230,20.9845521,25.0000000),(26.2231417,20.8490855,25.0000000),(24.8415041,21.2325659,25.0000000),(26.2231417,20.8490855,25.0000000),(26.1893577,20.9352073,25.0000000),(24.8415041,21.2325659,25.0000000),(26.1893577,20.9352073,25.0000000),(26.1480662,21.0168313,25.0000000),(24.8415041,21.2325659,25.0000000),(26.1480662,21.0168313,25.0000000),(26.0992671,21.0939573,25.0000000),(24.8415041,21.2325659,25.0000000),(26.0992671,21.0939573,25.0000000),(26.0429605,21.1665855,25.0000000),(24.8415041,21.2325659,25.0000000),(26.0429605,21.1665855,25.0000000),(25.9807668,21.2325659,25.0000000),(24.8415041,21.2325659,25.0000000),(25.9807668,21.2325659,25.0000000),(25.9137776,21.2897490,25.0000000),(24.8415041,21.2325659,25.0000000),(25.9137776,21.2897490,25.0000000),(25.8419929,21.3381347,25.0000000),(24.8415041,21.2325659,25.0000000),(25.8419929,21.3381347,25.0000000),(25.7654125,21.3777230,25.0000000),(24.8415041,21.2325659,25.0000000),(25.7654125,21.3777230,25.0000000),(25.6840366,21.4085138,25.0000000),(24.8415041,21.2325659,25.0000000),(25.6840366,21.4085138,25.0000000),(25.5978651,21.4305073,25.0000000),(24.8415041,21.2325659,25.0000000),(25.5978651,21.4305073,25.0000000),(25.5068981,21.4437034,25.0000000),(24.8415041,21.2325659,25.0000000),(25.5068981,21.4437034,25.0000000),(25.4111355,21.4481021,25.0000000),(24.8415041,21.2325659,25.0000000),(25.4111355,21.4481021,25.0000000),(25.3153728,21.4437034,25.0000000),(24.8415041,21.2325659,25.0000000),(25.3153728,21.4437034,25.0000000),(25.2244058,21.4305073,25.0000000),(24.8415041,21.2325659,25.0000000),(25.2244058,21.4305073,25.0000000),(25.1382343,21.4085138,25.0000000),(24.8415041,21.2325659,25.0000000),(25.1382343,21.4085138,25.0000000),(25.0568584,21.3777230,25.0000000),(24.8415041,21.2325659,25.0000000),(25.0568584,21.3777230,25.0000000),(24.9802780,21.3381347,25.0000000),(24.8415041,21.2325659,25.0000000),(24.9802780,21.3381347,25.0000000),(24.9084933,21.2897490,25.0000000),(30.1844021,17.4428396,25.0000000),(30.2838855,17.3338313,25.0000000),(30.3971271,17.3063146,25.0000000),(30.1844021,17.4428396,25.0000000),(30.3971271,17.3063146,25.0000000),(30.4981980,17.3317146,25.0000000),(30.1844021,17.4428396,25.0000000),(30.4981980,17.3317146,25.0000000),(30.5749271,17.4079146,25.0000000),(30.1844021,17.4428396,25.0000000),(30.5749271,17.4079146,25.0000000),(30.5823355,17.4142646,25.0000000),(30.1844021,17.4428396,25.0000000),(30.5823355,17.4142646,25.0000000),(31.8279938,19.5817313,25.0000000),(30.1844021,17.4428396,25.0000000),(31.8279938,19.5817313,25.0000000),(31.8555105,19.6886230,25.0000000),(30.1844021,17.4428396,25.0000000),(31.8555105,19.6886230,25.0000000),(31.8277292,19.7978959,25.0000000),(30.1844021,17.4428396,25.0000000),(31.8277292,19.7978959,25.0000000),(31.7443855,19.8759480,25.0000000),(30.1844021,17.4428396,25.0000000),(31.7443855,19.8759480,25.0000000),(31.6374938,19.9055813,25.0000000),(30.1844021,17.4428396,25.0000000),(31.6374938,19.9055813,25.0000000),(31.5287500,19.8778000,25.0000000),(30.1844021,17.4428396,25.0000000),(31.5287500,19.8778000,25.0000000),(31.4522855,19.7944563,25.0000000),(30.1844021,17.4428396,25.0000000),(31.4522855,19.7944563,25.0000000),(30.6098521,18.3286646,25.0000000),(30.1844021,17.4428396,25.0000000),(30.6098521,18.3286646,25.0000000),(30.6098521,20.9363980,25.0000000),(30.6098521,20.9363980,25.0000000),(32.1962938,20.9363980,25.0000000),(32.2812250,20.9522730,25.0000000),(30.6098521,20.9363980,25.0000000),(32.2812250,20.9522730,25.0000000),(32.3518688,20.9998980,25.0000000),(30.6098521,20.9363980,25.0000000),(32.3518688,20.9998980,25.0000000),(32.3994938,21.0694834,25.0000000),(30.6098521,20.9363980,25.0000000),(32.3994938,21.0694834,25.0000000),(32.4153688,21.1512396,25.0000000),(30.6098521,20.9363980,25.0000000),(32.4153688,21.1512396,25.0000000),(32.3994938,21.2332605,25.0000000),(30.6098521,20.9363980,25.0000000),(32.3994938,21.2332605,25.0000000),(32.3518688,21.3036396,25.0000000),(30.6098521,20.9363980,25.0000000),(32.3518688,21.3036396,25.0000000),(32.2812250,21.3528521,25.0000000),(30.6098521,20.9363980,25.0000000),(32.2812250,21.3528521,25.0000000),(32.1962938,21.3692563,25.0000000),(30.6098521,20.9363980,25.0000000),(32.1962938,21.3692563,25.0000000),(30.3897188,21.3692563,25.0000000),(30.1844021,17.4428396,25.0000000),(30.6098521,20.9363980,25.0000000),(30.3897188,21.3692563,25.0000000),(30.3897188,21.3692563,25.0000000),(28.5842021,21.3692563,25.0000000),(28.5013875,21.3528521,25.0000000),(30.3897188,21.3692563,25.0000000),(28.5013875,21.3528521,25.0000000),(28.4328605,21.3036396,25.0000000),(30.3897188,21.3692563,25.0000000),(28.4328605,21.3036396,25.0000000),(28.3868230,21.2332605,25.0000000),(30.3897188,21.3692563,25.0000000),(28.3868230,21.2332605,25.0000000),(28.3714771,21.1512396,25.0000000),(30.3897188,21.3692563,25.0000000),(28.3714771,21.1512396,25.0000000),(28.3868230,21.0694834,25.0000000),(30.3897188,21.3692563,25.0000000),(28.3868230,21.0694834,25.0000000),(28.4328605,20.9998980,25.0000000),(30.3897188,21.3692563,25.0000000),(28.4328605,20.9998980,25.0000000),(28.5013875,20.9522730,25.0000000),(30.3897188,21.3692563,25.0000000),(28.5013875,20.9522730,25.0000000),(28.5842021,20.9363980,25.0000000),(30.3897188,21.3692563,25.0000000),(28.5842021,20.9363980,25.0000000),(30.1769938,20.9363980,25.0000000),(30.1844021,17.4428396,25.0000000),(30.3897188,21.3692563,25.0000000),(30.1769938,20.9363980,25.0000000),(30.1844021,17.4428396,25.0000000),(30.1769938,20.9363980,25.0000000),(30.1769938,18.3244313,25.0000000),(30.1844021,17.4428396,25.0000000),(30.1769938,18.3244313,25.0000000),(29.3208021,19.8135063,25.0000000),(30.1844021,17.4428396,25.0000000),(29.3208021,19.8135063,25.0000000),(29.2411625,19.8928813,25.0000000),(30.1844021,17.4428396,25.0000000),(29.2411625,19.8928813,25.0000000),(29.1334771,19.9193396,25.0000000),(30.1844021,17.4428396,25.0000000),(29.1334771,19.9193396,25.0000000),(29.0223521,19.8918230,25.0000000),(30.1844021,17.4428396,25.0000000),(29.0223521,19.8918230,25.0000000),(28.9405959,19.8121834,25.0000000),(30.1844021,17.4428396,25.0000000),(28.9405959,19.8121834,25.0000000),(28.9133438,19.7023813,25.0000000),(30.1844021,17.4428396,25.0000000),(28.9133438,19.7023813,25.0000000),(28.9450938,19.5933730,25.0000000),(36.1565771,18.2852730,25.0000000),(36.1586938,18.2365896,25.0000000),(36.1826220,18.1444981,25.0000000),(36.1565771,18.2852730,25.0000000),(36.1826220,18.1444981,25.0000000),(36.2104860,18.0581943,25.0000000),(36.1565771,18.2852730,25.0000000),(36.2104860,18.0581943,25.0000000),(36.2422856,17.9776783,25.0000000),(36.1565771,18.2852730,25.0000000),(36.2422856,17.9776783,25.0000000),(36.2780209,17.9029500,25.0000000),(36.1565771,18.2852730,25.0000000),(36.2780209,17.9029500,25.0000000),(36.3176918,17.8340095,25.0000000),(36.1565771,18.2852730,25.0000000),(36.3176918,17.8340095,25.0000000),(36.3612985,17.7708568,25.0000000),(36.1565771,18.2852730,25.0000000),(36.3612985,17.7708568,25.0000000),(36.4603188,17.6619146,25.0000000),(36.1565771,18.2852730,25.0000000),(36.4603188,17.6619146,25.0000000),(36.5412978,17.5924615,25.0000000),(36.1565771,18.2852730,25.0000000),(36.5412978,17.5924615,25.0000000),(36.6244266,17.5322688,25.0000000),(36.1565771,18.2852730,25.0000000),(36.6244266,17.5322688,25.0000000),(36.7097051,17.4813365,25.0000000),(36.1565771,18.2852730,25.0000000),(36.7097051,17.4813365,25.0000000),(36.7971334,17.4396646,25.0000000),(36.1565771,18.2852730,25.0000000),(36.7971334,17.4396646,25.0000000),(36.8867114,17.4072532,25.0000000),(36.1565771,18.2852730,25.0000000),(36.8867114,17.4072532,25.0000000),(36.9784391,17.3841021,25.0000000),(36.1565771,18.2852730,25.0000000),(36.9784391,17.3841021,25.0000000),(37.0723166,17.3702115,25.0000000),(36.1565771,18.2852730,25.0000000),(37.0723166,17.3702115,25.0000000),(37.1683438,17.3655813,25.0000000),(36.1565771,18.2852730,25.0000000),(37.1683438,17.3655813,25.0000000),(37.2635938,17.3702942,25.0000000),(36.1565771,18.2852730,25.0000000),(37.2635938,17.3702942,25.0000000),(37.3561980,17.3844329,25.0000000),(36.1565771,18.2852730,25.0000000),(37.3561980,17.3844329,25.0000000),(37.4461563,17.4079973,25.0000000),(36.1565771,18.2852730,25.0000000),(37.4461563,17.4079973,25.0000000),(37.5334688,17.4409875,25.0000000),(37.5334688,17.4409875,25.0000000),(37.6181355,17.4834036,25.0000000),(37.7001563,17.5352454,25.0000000),(37.5334688,17.4409875,25.0000000),(37.7001563,17.5352454,25.0000000),(37.7795313,17.5965129,25.0000000),(37.5334688,17.4409875,25.0000000),(37.7795313,17.5965129,25.0000000),(37.8562605,17.6672063,25.0000000),(37.5334688,17.4409875,25.0000000),(37.8562605,17.6672063,25.0000000),(37.9363796,17.7554448,25.0000000),(37.5334688,17.4409875,25.0000000),(37.9363796,17.7554448,25.0000000),(38.0058162,17.8502980,25.0000000),(37.5334688,17.4409875,25.0000000),(38.0058162,17.8502980,25.0000000),(38.0645702,17.9517657,25.0000000),(37.5334688,17.4409875,25.0000000),(38.0645702,17.9517657,25.0000000),(38.1126417,18.0598480,25.0000000),(37.5334688,17.4409875,25.0000000),(38.1126417,18.0598480,25.0000000),(38.1500306,18.1745448,25.0000000),(37.5334688,17.4409875,25.0000000),(38.1500306,18.1745448,25.0000000),(38.1767370,18.2958563,25.0000000),(37.5334688,17.4409875,25.0000000),(38.1767370,18.2958563,25.0000000),(38.1927608,18.4237823,25.0000000),(37.5334688,17.4409875,25.0000000),(38.1927608,18.4237823,25.0000000),(38.1981021,18.5583230,25.0000000),(37.5334688,17.4409875,25.0000000),(38.1981021,18.5583230,25.0000000),(38.1968123,18.6616055,25.0000000),(37.5334688,17.4409875,25.0000000),(38.1968123,18.6616055,25.0000000),(38.1929427,18.7608450,25.0000000),(37.5334688,17.4409875,25.0000000),(38.1929427,18.7608450,25.0000000),(38.1864935,18.8560412,25.0000000),(37.5334688,17.4409875,25.0000000),(38.1864935,18.8560412,25.0000000),(38.1774646,18.9471943,25.0000000),(37.5334688,17.4409875,25.0000000),(38.1774646,18.9471943,25.0000000),(38.1658560,19.0343042,25.0000000),(37.5334688,17.4409875,25.0000000),(38.1658560,19.0343042,25.0000000),(38.1516677,19.1173710,25.0000000),(37.5334688,17.4409875,25.0000000),(38.1516677,19.1173710,25.0000000),(38.1348998,19.1963946,25.0000000),(37.5334688,17.4409875,25.0000000),(38.1348998,19.1963946,25.0000000),(38.1155521,19.2713750,25.0000000),(37.5334688,17.4409875,25.0000000),(38.1155521,19.2713750,25.0000000),(38.0691177,19.4092064,25.0000000),(38.0691177,19.4092064,25.0000000),(38.0123646,19.5308651,25.0000000),(37.9452927,19.6363512,25.0000000),(38.0691177,19.4092064,25.0000000),(37.9452927,19.6363512,25.0000000),(37.8679021,19.7256646,25.0000000),(38.0691177,19.4092064,25.0000000),(37.8679021,19.7256646,25.0000000),(37.7884114,19.7951177,25.0000000),(38.0691177,19.4092064,25.0000000),(37.7884114,19.7951177,25.0000000),(37.7065724,19.8553105,25.0000000),(38.0691177,19.4092064,25.0000000),(37.7065724,19.8553105,25.0000000),(37.6223853,19.9062427,25.0000000),(38.0691177,19.4092064,25.0000000),(37.6223853,19.9062427,25.0000000),(37.5358500,19.9479146,25.0000000),(38.0691177,19.4092064,25.0000000),(37.5358500,19.9479146,25.0000000),(37.4469666,19.9803261,25.0000000),(38.0691177,19.4092064,25.0000000),(37.4469666,19.9803261,25.0000000),(37.3557349,20.0034771,25.0000000),(38.0691177,19.4092064,25.0000000),(37.3557349,20.0034771,25.0000000),(37.2621551,20.0173677,25.0000000),(38.0691177,19.4092064,25.0000000),(37.2621551,20.0173677,25.0000000),(37.1662271,20.0219980,25.0000000),(38.0691177,19.4092064,25.0000000),(37.1662271,20.0219980,25.0000000),(37.0809155,20.0187403,25.0000000),(38.0691177,19.4092064,25.0000000),(37.0809155,20.0187403,25.0000000),(36.9985474,20.0089672,25.0000000),(38.0691177,19.4092064,25.0000000),(36.9985474,20.0089672,25.0000000),(36.9191228,19.9926788,25.0000000),(38.0691177,19.4092064,25.0000000),(36.9191228,19.9926788,25.0000000),(36.8426417,19.9698750,25.0000000),(38.0691177,19.4092064,25.0000000),(36.8426417,19.9698750,25.0000000),(36.6985099,19.9047214,25.0000000),(38.0691177,19.4092064,25.0000000),(36.6985099,19.9047214,25.0000000),(36.5661521,19.8135063,25.0000000),(36.6084855,20.9914313,25.0000000),(37.8837771,20.9914313,25.0000000),(37.9652688,21.0073063,25.0000000),(36.6084855,20.9914313,25.0000000),(37.9652688,21.0073063,25.0000000),(38.0340605,21.0549313,25.0000000),(36.6084855,20.9914313,25.0000000),(38.0340605,21.0549313,25.0000000),(38.0808917,21.1242521,25.0000000),(36.6084855,20.9914313,25.0000000),(38.0808917,21.1242521,25.0000000),(38.0965021,21.2052146,25.0000000),(36.6084855,20.9914313,25.0000000),(38.0965021,21.2052146,25.0000000),(38.0808917,21.2859125,25.0000000),(36.6084855,20.9914313,25.0000000),(38.0808917,21.2859125,25.0000000),(38.0340605,21.3544396,25.0000000),(36.6084855,20.9914313,25.0000000),(38.0340605,21.3544396,25.0000000),(37.9652688,21.4020646,25.0000000),(36.6084855,20.9914313,25.0000000),(37.9652688,21.4020646,25.0000000),(37.8837771,21.4179396,25.0000000),(36.6084855,20.9914313,25.0000000),(37.8837771,21.4179396,25.0000000),(36.4116355,21.4179396,25.0000000),(36.5661521,19.8135063,25.0000000),(36.6084855,20.9914313,25.0000000),(36.4116355,21.4179396,25.0000000),(36.5661521,19.8135063,25.0000000),(36.4116355,21.4179396,25.0000000),(36.3312021,21.4039167,25.0000000),(36.5661521,19.8135063,25.0000000),(36.3312021,21.4039167,25.0000000),(36.2613521,21.3618480,25.0000000),(36.5661521,19.8135063,25.0000000),(36.2613521,21.3618480,25.0000000),(36.2137271,21.2967605,25.0000000),(36.5661521,19.8135063,25.0000000),(36.2137271,21.2967605,25.0000000),(36.1978521,21.2179146,25.0000000),(36.5661521,19.8135063,25.0000000),(36.1978521,21.2179146,25.0000000),(36.1174188,19.1531063,25.0000000),(36.5661521,19.8135063,25.0000000),(36.1174188,19.1531063,25.0000000),(36.1306480,19.0737313,25.0000000),(36.5661521,19.8135063,25.0000000),(36.1306480,19.0737313,25.0000000),(36.1703355,19.0028230,25.0000000),(36.5661521,19.8135063,25.0000000),(36.1703355,19.0028230,25.0000000),(36.2354230,18.9488480,25.0000000),(36.5661521,19.8135063,25.0000000),(36.2354230,18.9488480,25.0000000),(36.3185021,18.9308563,25.0000000),(36.5661521,19.8135063,25.0000000),(36.3185021,18.9308563,25.0000000),(36.3997292,18.9443500,25.0000000),(36.5661521,19.8135063,25.0000000),(36.3997292,18.9443500,25.0000000),(36.4719605,18.9848313,25.0000000),(36.5661521,19.8135063,25.0000000),(36.4719605,18.9848313,25.0000000),(36.5344021,19.0864313,25.0000000),(36.5661521,19.8135063,25.0000000),(36.5344021,19.0864313,25.0000000),(36.5684011,19.1715610,25.0000000),(36.5661521,19.8135063,25.0000000),(36.5684011,19.1715610,25.0000000),(36.6174813,19.2555000,25.0000000),(36.5661521,19.8135063,25.0000000),(36.6174813,19.2555000,25.0000000),(36.6816427,19.3382485,25.0000000),(36.5661521,19.8135063,25.0000000),(36.6816427,19.3382485,25.0000000),(36.7608855,19.4198063,25.0000000),(36.5661521,19.8135063,25.0000000),(36.7608855,19.4198063,25.0000000),(36.8564662,19.4975938,25.0000000),(36.5661521,19.8135063,25.0000000),(36.8564662,19.4975938,25.0000000),(36.9558834,19.5531563,25.0000000),(36.5661521,19.8135063,25.0000000),(36.9558834,19.5531563,25.0000000),(37.0591370,19.5864938,25.0000000),(36.5661521,19.8135063,25.0000000),(37.0591370,19.5864938,25.0000000),(37.1662271,19.5976063,25.0000000),(36.5661521,19.8135063,25.0000000),(37.1662271,19.5976063,25.0000000),(37.2727219,19.5864938,25.0000000),(38.0691177,19.4092064,25.0000000),(36.5661521,19.8135063,25.0000000),(37.2727219,19.5864938,25.0000000),(38.0691177,19.4092064,25.0000000),(37.2727219,19.5864938,25.0000000),(37.3752480,19.5531563,25.0000000),(38.0691177,19.4092064,25.0000000),(37.3752480,19.5531563,25.0000000),(37.4738052,19.4975938,25.0000000),(38.0691177,19.4092064,25.0000000),(37.4738052,19.4975938,25.0000000),(37.5683938,19.4198063,25.0000000),(38.0691177,19.4092064,25.0000000),(37.5683938,19.4198063,25.0000000),(37.6586829,19.2912188,25.0000000),(38.0691177,19.4092064,25.0000000),(37.6586829,19.2912188,25.0000000),(37.6941536,19.2050969,25.0000000),(38.0691177,19.4092064,25.0000000),(37.6941536,19.2050969,25.0000000),(37.7231750,19.1044230,25.0000000),(38.0691177,19.4092064,25.0000000),(37.7231750,19.1044230,25.0000000),(37.7457473,18.9891969,25.0000000),(38.0691177,19.4092064,25.0000000),(37.7457473,18.9891969,25.0000000),(37.7618704,18.8594188,25.0000000),(38.0691177,19.4092064,25.0000000),(37.7618704,18.8594188,25.0000000),(37.7715442,18.7150886,25.0000000),(38.0691177,19.4092064,25.0000000),(37.7715442,18.7150886,25.0000000),(37.7747688,18.5562063,25.0000000),(38.0691177,19.4092064,25.0000000),(37.7747688,18.5562063,25.0000000),(37.7713292,18.4647597,25.0000000),(38.0691177,19.4092064,25.0000000),(37.7713292,18.4647597,25.0000000),(37.7610105,18.3782740,25.0000000),(38.0691177,19.4092064,25.0000000),(37.7610105,18.3782740,25.0000000),(37.7438125,18.2967493,25.0000000),(37.5334688,17.4409875,25.0000000),(38.0691177,19.4092064,25.0000000),(37.7438125,18.2967493,25.0000000),(37.5334688,17.4409875,25.0000000),(37.7438125,18.2967493,25.0000000),(37.7197355,18.2201855,25.0000000),(37.5334688,17.4409875,25.0000000),(37.7197355,18.2201855,25.0000000),(37.6509438,18.0819407,25.0000000),(37.5334688,17.4409875,25.0000000),(37.6509438,18.0819407,25.0000000),(37.5546355,17.9635396,25.0000000),(37.5334688,17.4409875,25.0000000),(37.5546355,17.9635396,25.0000000),(37.4633542,17.8876042,25.0000000),(37.5334688,17.4409875,25.0000000),(37.4633542,17.8876042,25.0000000),(37.3673105,17.8333646,25.0000000),(37.5334688,17.4409875,25.0000000),(37.3673105,17.8333646,25.0000000),(37.2665042,17.8008209,25.0000000),(37.5334688,17.4409875,25.0000000),(37.2665042,17.8008209,25.0000000),(37.1609355,17.7899730,25.0000000),(37.5334688,17.4409875,25.0000000),(37.1609355,17.7899730,25.0000000),(37.0583433,17.8012177,25.0000000),(37.5334688,17.4409875,25.0000000),(37.0583433,17.8012177,25.0000000),(36.9558834,17.8349521,25.0000000),(37.5334688,17.4409875,25.0000000),(36.9558834,17.8349521,25.0000000),(36.8535558,17.8911761,25.0000000),(36.1565771,18.2852730,25.0000000),(37.5334688,17.4409875,25.0000000),(36.8535558,17.8911761,25.0000000),(36.1565771,18.2852730,25.0000000),(36.8535558,17.8911761,25.0000000),(36.7513605,17.9698896,25.0000000),(36.1565771,18.2852730,25.0000000),(36.7513605,17.9698896,25.0000000),(36.6492313,18.1127646,25.0000000),(36.1565771,18.2852730,25.0000000),(36.6492313,18.1127646,25.0000000),(36.6096761,18.2127771,25.0000000),(36.1565771,18.2852730,25.0000000),(36.6096761,18.2127771,25.0000000),(36.5777938,18.3318396,25.0000000),(36.1565771,18.2852730,25.0000000),(36.5777938,18.3318396,25.0000000),(36.5337407,18.4045339,25.0000000),(36.1565771,18.2852730,25.0000000),(36.5337407,18.4045339,25.0000000),(36.4851896,18.4564584,25.0000000),(36.1565771,18.2852730,25.0000000),(36.4851896,18.4564584,25.0000000),(36.3745938,18.4979980,25.0000000),(36.1565771,18.2852730,25.0000000),(36.3745938,18.4979980,25.0000000),(36.3671855,18.4979980,25.0000000),(36.1565771,18.2852730,25.0000000),(36.3671855,18.4979980,25.0000000),(36.2933006,18.4823214,25.0000000),(36.1565771,18.2852730,25.0000000),(36.2933006,18.4823214,25.0000000),(36.2335709,18.4416417,25.0000000),(34.7437021,21.4242896,25.0000000),(34.6262271,21.3777230,25.0000000),(34.0187438,20.8760730,25.0000000),(34.7437021,21.4242896,25.0000000),(34.0187438,20.8760730,25.0000000),(33.9610646,20.8083396,25.0000000),(34.7437021,21.4242896,25.0000000),(33.9610646,20.8083396,25.0000000),(33.9361938,20.7363730,25.0000000),(34.7437021,21.4242896,25.0000000),(33.9361938,20.7363730,25.0000000),(33.9361938,20.7025063,25.0000000),(34.7437021,21.4242896,25.0000000),(33.9361938,20.7025063,25.0000000),(33.9700605,20.5744480,25.0000000),(34.7437021,21.4242896,25.0000000),(33.9700605,20.5744480,25.0000000),(34.0293271,20.5175625,25.0000000),(34.7437021,21.4242896,25.0000000),(34.0293271,20.5175625,25.0000000),(34.1097605,20.4887230,25.0000000),(34.7437021,21.4242896,25.0000000),(34.1097605,20.4887230,25.0000000),(34.1510355,20.4866063,25.0000000),(34.7437021,21.4242896,25.0000000),(34.1510355,20.4866063,25.0000000),(34.2663938,20.5236480,25.0000000),(34.7437021,21.4242896,25.0000000),(34.2663938,20.5236480,25.0000000),(34.5373271,20.7628313,25.0000000),(34.7437021,21.4242896,25.0000000),(34.5373271,20.7628313,25.0000000),(34.5373271,17.5772480,25.0000000),(34.7437021,21.4242896,25.0000000),(34.5373271,17.5772480,25.0000000),(34.5526730,17.4952271,25.0000000),(34.7437021,21.4242896,25.0000000),(34.5526730,17.4952271,25.0000000),(34.5987105,17.4269646,25.0000000),(34.7437021,21.4242896,25.0000000),(34.5987105,17.4269646,25.0000000),(34.6669730,17.3809271,25.0000000),(34.7437021,21.4242896,25.0000000),(34.6669730,17.3809271,25.0000000),(34.7489938,17.3655813,25.0000000),(34.7437021,21.4242896,25.0000000),(34.7489938,17.3655813,25.0000000),(34.8318084,17.3809271,25.0000000),(34.7437021,21.4242896,25.0000000),(34.8318084,17.3809271,25.0000000),(34.9003355,17.4269646,25.0000000),(34.7437021,21.4242896,25.0000000),(34.9003355,17.4269646,25.0000000),(34.9463730,17.4952271,25.0000000),(34.7437021,21.4242896,25.0000000),(34.9463730,17.4952271,25.0000000),(34.9617188,17.5772480,25.0000000),(34.7437021,21.4242896,25.0000000),(34.9617188,17.5772480,25.0000000),(34.9617188,21.2041563,25.0000000),(34.7437021,21.4242896,25.0000000),(34.9617188,21.2041563,25.0000000),(34.9334084,21.3173980,25.0000000),(34.7437021,21.4242896,25.0000000),(34.9334084,21.3173980,25.0000000),(34.8484771,21.3925396,25.0000000)));
#910=COMPLEX_TRIANGULATED_SURFACE_SET('surface set',#909,1707,(),(),(),((1,2,3),(4,5,6),(7,8,9),(10,11,12),(13,14,15),(16,17,18),(19,20,21),(22,23,24),(25,26,27),(28,29,30),(31,32,33),(34,35,36),(37,38,39),(40,41,42),(43,44,45),(46,47,48),(49,50,51),(52,53,54),(55,56,57),(58,59,60),(61,62,63),(64,65,66),(67,68,69),(70,71,72),(73,74,75),(76,77,78),(79,80,81),(82,83,84),(85,86,87),(88,89,90),(91,92,93),(94,95,96),(97,98,99),(100,101,102),(103,104,105),(106,107,108),(109,110,111),(112,113,114),(115,116,117),(118,119,120),(121,122,123),(124,125,126),(127,128,129),(130,131,132),(133,134,135),(136,137,138),(139,140,141),(142,143,144),(145,146,147),(148,149,150),(151,152,153),(154,155,156),(157,158,159),(160,161,162),(163,164,165),(166,167,168),(169,170,171),(172,173,174),(175,176,177),(178,179,180),(181,182,183),(184,185,186),(187,188,189),(190,191,192),(193,194,195),(196,197,198),(199,200,201),(202,203,204),(205,206,207),(208,209,210),(211,212,213),(214,215,216),(217,218,219),(220,221,222),(223,224,225),(226,227,228),(229,230,231),(232,233,234),(235,236,237),(238,239,240),(241,242,243),(244,245,246),(247,248,249),(250,251,252),(253,254,255),(256,257,258),(259,260,261),(262,263,264),(265,266,267),(268,269,270),(271,272,273),(274,275,276),(277,278,279),(280,281,282),(283,284,285),(286,287,288),(289,290,291),(292,293,294),(295,296,297),(298,299,300),(301,302,303),(304,305,306),(307,308,309),(310,311,312),(313,314,315),(316,317,318),(319,320,321),(322,323,324),(325,326,327),(328,329,330),(331,332,333),(334,335,336),(337,338,339),(340,341,342),(343,344,345),(346,347,348),(349,350,351),(352,353,354),(355,356,357),(358,359,360),(361,362,363),(364,365,366),(367,368,369),(370,371,372),(373,374,375),(376,377,378),(379,380,381),(382,383,384),(385,386,387),(388,389,390),(391,392,393),(394,395,396),(397,398,399),(400,401,402),(403,404,405),(406,407,408),(409,410,411),(412,413,414),(415,416,417),(418,419,420),(421,422,423),(424,425,426),(427,428,429),(430,431,432),(433,434,435),(436,437,438),(439,440,441),(442,443,444),(445,446,447),(448,449,450),(451,452,453),(454,455,456),(457,458,459),(460,461,462),(463,464,465),(466,467,468),(469,470,471),(472,473,474),(475,476,477),(478,479,480),(481,482,483),(484,485,486),(487,488,489),(490,491,492),(493,494,495),(496,497,498),(499,500,501),(502,503,504),(505,506,507),(508,509,510),(511,512,513),(514,515,516),(517,518,519),(520,521,522),(523,524,525),(526,527,528),(529,530,531),(532,533,534),(535,536,537),(538,539,540),(541,542,543),(544,545,546),(547,548,549),(550,551,552),(553,554,555),(556,557,558),(559,560,561),(562,563,564),(565,566,567),(568,569,570),(571,572,573),(574,575,576),(577,578,579),(580,581,582),(583,584,585),(586,587,588),(589,590,591),(592,593,594),(595,596,597),(598,599,600),(601,602,603),(604,605,606),(607,608,609),(610,611,612),(613,614,615),(616,617,618),(619,620,621),(622,623,624),(625,626,627),(628,629,630),(631,632,633),(634,635,636),(637,638,639),(640,641,642),(643,644,645),(646,647,648),(649,650,651),(652,653,654),(655,656,657),(658,659,660),(661,662,663),(664,665,666),(667,668,669),(670,671,672),(673,674,675),(676,677,678),(679,680,681),(682,683,684),(685,686,687),(688,689,690),(691,692,693),(694,695,696),(697,698,699),(700,701,702),(703,704,705),(706,707,708),(709,710,711),(712,713,714),(715,716,717),(718,719,720),(721,722,723),(724,725,726),(727,728,729),(730,731,732),(733,734,735),(736,737,738),(739,740,741),(742,743,744),(745,746,747),(748,749,750),(751,752,753),(754,755,756),(757,758,759),(760,761,762),(763,764,765),(766,767,768),(769,770,771),(772,773,774),(775,776,777),(778,779,780),(781,782,783),(784,785,786),(787,788,789),(790,791,792),(793,794,795),(796,797,798),(799,800,801),(802,803,804),(805,806,807),(808,809,810),(811,812,813),(814,815,816),(817,818,819),(820,821,822),(823,824,825),(826,827,828),(829,830,831),(832,833,834),(835,836,837),(838,839,840),(841,842,843),(844,845,846),(847,848,849),(850,851,852),(853,854,855),(856,857,858),(859,860,861),(862,863,864),(865,866,867),(868,869,870),(871,872,873),(874,875,876),(877,878,879),(880,881,882),(883,884,885),(886,887,888),(889,890,891),(892,893,894),(895,896,897),(898,899,900),(901,902,903),(904,905,906),(907,908,909),(910,911,912),(913,914,915),(916,917,918),(919,920,921),(922,923,924),(925,926,927),(928,929,930),(931,932,933),(934,935,936),(937,938,939),(940,941,942),(943,944,945),(946,947,948),(949,950,951),(952,953,954),(955,956,957),(958,959,960),(961,962,963),(964,965,966),(967,968,969),(970,971,972),(973,974,975),(976,977,978),(979,980,981),(982,983,984),(985,986,987),(988,989,990),(991,992,993),(994,995,996),(997,998,999),(1000,1001,1002),(1003,1004,1005),(1006,1007,1008),(1009,1010,1011),(1012,1013,1014),(1015,1016,1017),(1018,1019,1020),(1021,1022,1023),(1024,1025,1026),(1027,1028,1029),(1030,1031,1032),(1033,1034,1035),(1036,1037,1038),(1039,1040,1041),(1042,1043,1044),(1045,1046,1047),(1048,1049,1050),(1051,1052,1053),(1054,1055,1056),(1057,1058,1059),(1060,1061,1062),(1063,1064,1065),(1066,1067,1068),(1069,1070,1071),(1072,1073,1074),(1075,1076,1077),(1078,1079,1080),(1081,1082,1083),(1084,1085,1086),(1087,1088,1089),(1090,1091,1092),(1093,1094,1095),(1096,1097,1098),(1099,1100,1101),(1102,1103,1104),(1105,1106,1107),(1108,1109,1110),(1111,1112,1113),(1114,1115,1116),(1117,1118,1119),(1120,1121,1122),(1123,1124,1125),(1126,1127,1128),(1129,1130,1131),(1132,1133,1134),(1135,1136,1137),(1138,1139,1140),(1141,1142,1143),(1144,1145,1146),(1147,1148,1149),(1150,1151,1152),(1153,1154,1155),(1156,1157,1158),(1159,1160,1161),(1162,1163,1164),(1165,1166,1167),(1168,1169,1170),(1171,1172,1173),(1174,1175,1176),(1177,1178,1179),(1180,1181,1182),(1183,1184,1185),(1186,1187,1188),(1189,1190,1191),(1192,1193,1194),(1195,1196,1197),(1198,1199,1200),(1201,1202,1203),(1204,1205,1206),(1207,1208,1209),(1210,1211,1212),(1213,1214,1215),(1216,1217,1218),(1219,1220,1221),(1222,1223,1224),(1225,1226,1227),(1228,1229,1230),(1231,1232,1233),(1234,1235,1236),(1237,1238,1239),(1240,1241,1242),(1243,1244,1245),(1246,1247,1248),(1249,1250,1251),(1252,1253,1254),(1255,1256,1257),(1258,1259,1260),(1261,1262,1263),(1264,1265,1266),(1267,1268,1269),(1270,1271,1272),(1273,1274,1275),(1276,1277,1278),(1279,1280,1281),(1282,1283,1284),(1285,1286,1287),(1288,1289,1290),(1291,1292,1293),(1294,1295,1296),(1297,1298,1299),(1300,1301,1302),(1303,1304,1305),(1306,1307,1308),(1309,1310,1311),(1312,1313,1314),(1315,1316,1317),(1318,1319,1320),(1321,1322,1323),(1324,1325,1326),(1327,1328,1329),(1330,1331,1332),(1333,1334,1335),(1336,1337,1338),(1339,1340,1341),(1342,1343,1344),(1345,1346,1347),(1348,1349,1350),(1351,1352,1353),(1354,1355,1356),(1357,1358,1359),(1360,1361,1362),(1363,1364,1365),(1366,1367,1368),(1369,1370,1371),(1372,1373,1374),(1375,1376,1377),(1378,1379,1380),(1381,1382,1383),(1384,1385,1386),(1387,1388,1389),(1390,1391,1392),(1393,1394,1395),(1396,1397,1398),(1399,1400,1401),(1402,1403,1404),(1405,1406,1407),(1408,1409,1410),(1411,1412,1413),(1414,1415,1416),(1417,1418,1419),(1420,1421,1422),(1423,1424,1425),(1426,1427,1428),(1429,1430,1431),(1432,1433,1434),(1435,1436,1437),(1438,1439,1440),(1441,1442,1443),(1444,1445,1446),(1447,1448,1449),(1450,1451,1452),(1453,1454,1455),(1456,1457,1458),(1459,1460,1461),(1462,1463,1464),(1465,1466,1467),(1468,1469,1470),(1471,1472,1473),(1474,1475,1476),(1477,1478,1479),(1480,1481,1482),(1483,1484,1485),(1486,1487,1488),(1489,1490,1491),(1492,1493,1494),(1495,1496,1497),(1498,1499,1500),(1501,1502,1503),(1504,1505,1506),(1507,1508,1509),(1510,1511,1512),(1513,1514,1515),(1516,1517,1518),(1519,1520,1521),(1522,1523,1524),(1525,1526,1527),(1528,1529,1530),(1531,1532,1533),(1534,1535,1536),(1537,1538,1539),(1540,1541,1542),(1543,1544,1545),(1546,1547,1548),(1549,1550,1551),(1552,1553,1554),(1555,1556,1557),(1558,1559,1560),(1561,1562,1563),(1564,1565,1566),(1567,1568,1569),(1570,1571,1572),(1573,1574,1575),(1576,1577,1578),(1579,1580,1581),(1582,1583,1584),(1585,1586,1587),(1588,1589,1590),(1591,1592,1593),(1594,1595,1596),(1597,1598,1599),(1600,1601,1602),(1603,1604,1605),(1606,1607,1608),(1609,1610,1611),(1612,1613,1614),(1615,1616,1617),(1618,1619,1620),(1621,1622,1623),(1624,1625,1626),(1627,1628,1629),(1630,1631,1632),(1633,1634,1635),(1636,1637,1638),(1639,1640,1641),(1642,1643,1644),(1645,1646,1647),(1648,1649,1650),(1651,1652,1653),(1654,1655,1656),(1657,1658,1659),(1660,1661,1662),(1663,1664,1665),(1666,1667,1668),(1669,1670,1671),(1672,1673,1674),(1675,1676,1677),(1678,1679,1680),(1681,1682,1683),(1684,1685,1686),(1687,1688,1689),(1690,1691,1692),(1693,1694,1695),(1696,1697,1698),(1699,1700,1701),(1702,1703,1704),(1705,1706,1707)));
#911=TESSELLATED_GEOMETRIC_SET('hole callout',(#910));
#912=COORDINATES_LIST('coordinates',5,((19.8284271,14.8284271,25.0000000),(38.8381021,14.8284271,25.0000000),(2.8284271,2.8284271,25.0000000),(14.8284271,14.8284271,25.0000000),(19.8284271,14.8284271,25.0000000)));
#913=TESSELLATED_CURVE_SET('curve set',#912,((1,2),(3,4,5)));
#914=TESSELLATED_GEOMETRIC_SET('hole callout',(#913));
#915=TESSELLATED_ANNOTATION_OCCURRENCE('hole callout',(#908),#911);
#916=TESSELLATED_ANNOTATION_OCCURRENCE('hole callout',(#908),#914);
#917=DRAUGHTING_CALLOUT('hole callout',(#915,#916));
#918=DRAUGHTING_MODEL_ITEM_ASSOCIATION('','',#869,#765,#917);
#919=DRAUGHTING_MODEL_ITEM_ASSOCIATION('','',#877,#765,#917);
#920=DRAUGHTING_MODEL_ITEM_ASSOCIATION('','',#862,#765,#917);
ENDSEC;
END-ISO-10303-21;
